faostat,m49 code,Country,Item Code,Item,Year,Stocks (Head),Stocks (Head) flag,Stocks (1000 Head),Stocks (1000 Head) flag,Stocks (No),Stocks (No) flag
195,686,Senegal,1126,Camels,1961,2800,A,,,,
41,156,"China, mainland",1126,Camels,1961,381000,A,,,,
103,368,Iraq,1126,Camels,1961,200000,E,,,,
114,404,Kenya,1126,Camels,1961,350000,E,,,,
124,434,Libya,1126,Camels,1961,248692,A,,,,
223,792,Türkiye,1126,Camels,1961,65390,A,,,,
158,562,Niger,1126,Camels,1961,359000,A,,,,
201,706,Somalia,1126,Camels,1961,2900000,E,,,,
143,504,Morocco,1126,Camels,1961,235000,A,,,,
165,586,Pakistan,1126,Camels,1961,600898,A,,,,
249,887,Yemen,1126,Camels,1961,221000,A,,,,
62,230,Ethiopia PDR,1126,Camels,1961,930000,A,,,,
136,478,Mauritania,1126,Camels,1961,550000,E,,,,
179,634,Qatar,1126,Camels,1961,5900,E,,,,
206,736,Sudan (former),1126,Camels,1961,2000000,A,,,,
2,4,Afghanistan,1126,Camels,1961,250000,E,,,,
159,566,Nigeria,1126,Camels,1961,14000,E,,,,
194,682,Saudi Arabia,1126,Camels,1961,80000,E,,,,
221,512,Oman,1126,Camels,1961,10000,E,,,,
222,788,Tunisia,1126,Camels,1961,172000,A,,,,
141,496,Mongolia,1126,Camels,1961,859100,A,,,,
228,810,USSR,1126,Camels,1961,283600,E,,,,
13,48,Bahrain,1126,Camels,1961,700,E,,,,
100,356,India,1126,Camels,1961,902881,A,,,,
118,414,Kuwait,1126,Camels,1961,13000,E,,,,
225,784,United Arab Emirates,1126,Camels,1961,100000,E,,,,
4,12,Algeria,1126,Camels,1961,154000,A,,,,
59,818,Egypt,1126,Camels,1961,172000,A,,,,
212,760,Syrian Arab Republic,1126,Camels,1961,13000,A,,,,
121,422,Lebanon,1126,Camels,1961,1300,E,,,,
233,854,Burkina Faso,1126,Camels,1961,12000,E,,,,
39,148,Chad,1126,Camels,1961,300000,A,,,,
102,364,Iran (Islamic Republic of),1126,Camels,1961,283000,A,,,,
105,376,Israel,1126,Camels,1961,9000,A,,,,
72,262,Djibouti,1126,Camels,1961,18000,A,,,,
112,400,Jordan,1126,Camels,1961,20529,A,,,,
133,466,Mali,1126,Camels,1961,159000,A,,,,
222,788,Tunisia,1126,Camels,1962,157000,A,,,,
39,148,Chad,1126,Camels,1962,320000,E,,,,
62,230,Ethiopia PDR,1126,Camels,1962,935000,A,,,,
105,376,Israel,1126,Camels,1962,10000,A,,,,
212,760,Syrian Arab Republic,1126,Camels,1962,12000,A,,,,
41,156,"China, mainland",1126,Camels,1962,378000,A,,,,
159,566,Nigeria,1126,Camels,1962,14500,E,,,,
201,706,Somalia,1126,Camels,1962,3100000,E,,,,
121,422,Lebanon,1126,Camels,1962,1000,E,,,,
206,736,Sudan (former),1126,Camels,1962,2002000,A,,,,
195,686,Senegal,1126,Camels,1962,9500,A,,,,
4,12,Algeria,1126,Camels,1962,158000,A,,,,
102,364,Iran (Islamic Republic of),1126,Camels,1962,286000,A,,,,
103,368,Iraq,1126,Camels,1962,200000,E,,,,
59,818,Egypt,1126,Camels,1962,173000,A,,,,
100,356,India,1126,Camels,1962,928000,E,,,,
112,400,Jordan,1126,Camels,1962,19504,A,,,,
118,414,Kuwait,1126,Camels,1962,12500,E,,,,
124,434,Libya,1126,Camels,1962,255692,A,,,,
143,504,Morocco,1126,Camels,1962,215000,A,,,,
194,682,Saudi Arabia,1126,Camels,1962,82000,E,,,,
233,854,Burkina Faso,1126,Camels,1962,12000,E,,,,
133,466,Mali,1126,Camels,1962,155000,A,,,,
141,496,Mongolia,1126,Camels,1962,752000,A,,,,
165,586,Pakistan,1126,Camels,1962,640000,E,,,,
221,512,Oman,1126,Camels,1962,10000,E,,,,
114,404,Kenya,1126,Camels,1962,360000,E,,,,
2,4,Afghanistan,1126,Camels,1962,279910,A,,,,
179,634,Qatar,1126,Camels,1962,6100,E,,,,
228,810,USSR,1126,Camels,1962,286400,E,,,,
13,48,Bahrain,1126,Camels,1962,680,E,,,,
136,478,Mauritania,1126,Camels,1962,570000,E,,,,
225,784,United Arab Emirates,1126,Camels,1962,100000,E,,,,
72,262,Djibouti,1126,Camels,1962,18400,E,,,,
158,562,Niger,1126,Camels,1962,400000,E,,,,
223,792,Türkiye,1126,Camels,1962,56460,A,,,,
249,887,Yemen,1126,Camels,1962,221000,A,,,,
212,760,Syrian Arab Republic,1126,Camels,1963,11000,A,,,,
221,512,Oman,1126,Camels,1963,10000,E,,,,
228,810,USSR,1126,Camels,1963,289300,E,,,,
225,784,United Arab Emirates,1126,Camels,1963,102000,E,,,,
62,230,Ethiopia PDR,1126,Camels,1963,940600,A,,,,
2,4,Afghanistan,1126,Camels,1963,349405,A,,,,
59,818,Egypt,1126,Camels,1963,174000,A,,,,
112,400,Jordan,1126,Camels,1963,12400,A,,,,
114,404,Kenya,1126,Camels,1963,380000,E,,,,
118,414,Kuwait,1126,Camels,1963,12000,E,,,,
133,466,Mali,1126,Camels,1963,168104,A,,,,
143,504,Morocco,1126,Camels,1963,214000,A,,,,
100,356,India,1126,Camels,1963,953000,E,,,,
105,376,Israel,1126,Camels,1963,10000,A,,,,
121,422,Lebanon,1126,Camels,1963,900,E,,,,
201,706,Somalia,1126,Camels,1963,3400000,E,,,,
222,788,Tunisia,1126,Camels,1963,141000,A,,,,
159,566,Nigeria,1126,Camels,1963,14500,E,,,,
165,586,Pakistan,1126,Camels,1963,680000,E,,,,
249,887,Yemen,1126,Camels,1963,224000,A,,,,
41,156,"China, mainland",1126,Camels,1963,386000,A,,,,
136,478,Mauritania,1126,Camels,1963,590000,E,,,,
195,686,Senegal,1126,Camels,1963,2700,A,,,,
223,792,Türkiye,1126,Camels,1963,52680,A,,,,
233,854,Burkina Faso,1126,Camels,1963,12000,E,,,,
13,48,Bahrain,1126,Camels,1963,680,E,,,,
103,368,Iraq,1126,Camels,1963,200000,E,,,,
141,496,Mongolia,1126,Camels,1963,707000,A,,,,
179,634,Qatar,1126,Camels,1963,6300,E,,,,
39,148,Chad,1126,Camels,1963,350000,X,,,,
72,262,Djibouti,1126,Camels,1963,18700,E,,,,
124,434,Libya,1126,Camels,1963,263692,A,,,,
158,562,Niger,1126,Camels,1963,450000,E,,,,
194,682,Saudi Arabia,1126,Camels,1963,84000,E,,,,
4,12,Algeria,1126,Camels,1963,161000,A,,,,
102,364,Iran (Islamic Republic of),1126,Camels,1963,220000,A,,,,
206,736,Sudan (former),1126,Camels,1963,2000000,E,,,,
62,230,Ethiopia PDR,1126,Camels,1964,945000,A,,,,
118,414,Kuwait,1126,Camels,1964,12000,E,,,,
158,562,Niger,1126,Camels,1964,550000,E,,,,
133,466,Mali,1126,Camels,1964,168000,A,,,,
228,810,USSR,1126,Camels,1964,292200,E,,,,
13,48,Bahrain,1126,Camels,1964,680,E,,,,
136,478,Mauritania,1126,Camels,1964,610000,E,,,,
222,788,Tunisia,1126,Camels,1964,150000,A,,,,
72,262,Djibouti,1126,Camels,1964,19100,E,,,,
194,682,Saudi Arabia,1126,Camels,1964,85700,E,,,,
249,887,Yemen,1126,Camels,1964,225000,A,,,,
159,566,Nigeria,1126,Camels,1964,15000,E,,,,
225,784,United Arab Emirates,1126,Camels,1964,105000,E,,,,
100,356,India,1126,Camels,1964,978000,E,,,,
103,368,Iraq,1126,Camels,1964,200000,E,,,,
221,512,Oman,1126,Camels,1964,10000,E,,,,
102,364,Iran (Islamic Republic of),1126,Camels,1964,190000,A,,,,
105,376,Israel,1126,Camels,1964,10000,A,,,,
143,504,Morocco,1126,Camels,1964,225000,A,,,,
195,686,Senegal,1126,Camels,1964,27000,X,,,,
201,706,Somalia,1126,Camels,1964,3700000,E,,,,
114,404,Kenya,1126,Camels,1964,400000,E,,,,
59,818,Egypt,1126,Camels,1964,175000,A,,,,
39,148,Chad,1126,Camels,1964,350000,X,,,,
165,586,Pakistan,1126,Camels,1964,720000,E,,,,
179,634,Qatar,1126,Camels,1964,6500,E,,,,
41,156,"China, mainland",1126,Camels,1964,402000,A,,,,
112,400,Jordan,1126,Camels,1964,12800,A,,,,
121,422,Lebanon,1126,Camels,1964,844,A,,,,
124,434,Libya,1126,Camels,1964,274692,A,,,,
2,4,Afghanistan,1126,Camels,1964,325000,E,,,,
141,496,Mongolia,1126,Camels,1964,703000,A,,,,
206,736,Sudan (former),1126,Camels,1964,2000000,A,,,,
212,760,Syrian Arab Republic,1126,Camels,1964,11000,A,,,,
223,792,Türkiye,1126,Camels,1964,48320,A,,,,
4,12,Algeria,1126,Camels,1964,175000,A,,,,
233,854,Burkina Faso,1126,Camels,1964,12000,E,,,,
41,156,"China, mainland",1126,Camels,1965,425000,A,,,,
165,586,Pakistan,1126,Camels,1965,763000,A,,,,
223,792,Türkiye,1126,Camels,1965,46400,A,,,,
62,230,Ethiopia PDR,1126,Camels,1965,951200,A,,,,
118,414,Kuwait,1126,Camels,1965,11500,E,,,,
133,466,Mali,1126,Camels,1965,208569,A,,,,
221,512,Oman,1126,Camels,1965,10000,E,,,,
206,736,Sudan (former),1126,Camels,1965,2000000,A,,,,
179,634,Qatar,1126,Camels,1965,6600,E,,,,
158,562,Niger,1126,Camels,1965,650000,E,,,,
201,706,Somalia,1126,Camels,1965,3900000,E,,,,
212,760,Syrian Arab Republic,1126,Camels,1965,8000,A,,,,
39,148,Chad,1126,Camels,1965,350000,A,,,,
72,262,Djibouti,1126,Camels,1965,19500,E,,,,
100,356,India,1126,Camels,1965,1003000,E,,,,
103,368,Iraq,1126,Camels,1965,202000,A,,,,
124,434,Libya,1126,Camels,1965,286427,A,,,,
114,404,Kenya,1126,Camels,1965,420000,E,,,,
194,682,Saudi Arabia,1126,Camels,1965,87500,E,,,,
13,48,Bahrain,1126,Camels,1965,670,E,,,,
222,788,Tunisia,1126,Camels,1965,169000,A,,,,
59,818,Egypt,1126,Camels,1965,175000,A,,,,
102,364,Iran (Islamic Republic of),1126,Camels,1965,190000,A,,,,
4,12,Algeria,1126,Camels,1965,176000,A,,,,
121,422,Lebanon,1126,Camels,1965,801,A,,,,
159,566,Nigeria,1126,Camels,1965,16000,E,,,,
112,400,Jordan,1126,Camels,1965,19200,A,,,,
136,478,Mauritania,1126,Camels,1965,630000,E,,,,
143,504,Morocco,1126,Camels,1965,215000,A,,,,
195,686,Senegal,1126,Camels,1965,30000,A,,,,
225,784,United Arab Emirates,1126,Camels,1965,107000,E,,,,
233,854,Burkina Faso,1126,Camels,1965,12000,E,,,,
105,376,Israel,1126,Camels,1965,10500,A,,,,
2,4,Afghanistan,1126,Camels,1965,300000,A,,,,
141,496,Mongolia,1126,Camels,1965,681000,A,,,,
228,810,USSR,1126,Camels,1965,247000,A,,,,
249,887,Yemen,1126,Camels,1965,230000,A,,,,
2,4,Afghanistan,1126,Camels,1966,300000,A,,,,
133,466,Mali,1126,Camels,1966,217000,A,,,,
136,478,Mauritania,1126,Camels,1966,650000,E,,,,
212,760,Syrian Arab Republic,1126,Camels,1966,7400,A,,,,
72,262,Djibouti,1126,Camels,1966,19900,E,,,,
165,586,Pakistan,1126,Camels,1966,720000,E,,,,
121,422,Lebanon,1126,Camels,1966,840,A,,,,
124,434,Libya,1126,Camels,1966,274545,A,,,,
228,810,USSR,1126,Camels,1966,244000,A,,,,
39,148,Chad,1126,Camels,1966,350000,A,,,,
62,230,Ethiopia PDR,1126,Camels,1966,957500,A,,,,
141,496,Mongolia,1126,Camels,1966,685000,A,,,,
114,404,Kenya,1126,Camels,1966,440000,E,,,,
201,706,Somalia,1126,Camels,1966,4100000,E,,,,
102,364,Iran (Islamic Republic of),1126,Camels,1966,192000,A,,,,
118,414,Kuwait,1126,Camels,1966,11500,E,,,,
179,634,Qatar,1126,Camels,1966,6900,E,,,,
105,376,Israel,1126,Camels,1966,10500,A,,,,
158,562,Niger,1126,Camels,1966,750000,E,,,,
222,788,Tunisia,1126,Camels,1966,195000,E,,,,
159,566,Nigeria,1126,Camels,1966,16500,E,,,,
195,686,Senegal,1126,Camels,1966,33000,A,,,,
112,400,Jordan,1126,Camels,1966,16600,A,,,,
225,784,United Arab Emirates,1126,Camels,1966,110000,E,,,,
4,12,Algeria,1126,Camels,1966,175000,A,,,,
13,48,Bahrain,1126,Camels,1966,670,E,,,,
100,356,India,1126,Camels,1966,1028172,A,,,,
221,512,Oman,1126,Camels,1966,10000,E,,,,
59,818,Egypt,1126,Camels,1966,176000,A,,,,
206,736,Sudan (former),1126,Camels,1966,2200000,A,,,,
223,792,Türkiye,1126,Camels,1966,45900,A,,,,
233,854,Burkina Faso,1126,Camels,1966,12000,E,,,,
41,156,"China, mainland",1126,Camels,1966,448000,A,,,,
103,368,Iraq,1126,Camels,1966,217000,A,,,,
143,504,Morocco,1126,Camels,1966,221000,A,,,,
194,682,Saudi Arabia,1126,Camels,1966,89000,E,,,,
249,887,Yemen,1126,Camels,1966,250000,A,,,,
222,788,Tunisia,1126,Camels,1967,238000,A,,,,
103,368,Iraq,1126,Camels,1967,205000,A,,,,
114,404,Kenya,1126,Camels,1967,460000,E,,,,
136,478,Mauritania,1126,Camels,1967,660000,E,,,,
221,512,Oman,1126,Camels,1967,10000,E,,,,
13,48,Bahrain,1126,Camels,1967,650,E,,,,
105,376,Israel,1126,Camels,1967,10000,A,,,,
62,230,Ethiopia PDR,1126,Camels,1967,963800,A,,,,
72,262,Djibouti,1126,Camels,1967,20000,E,,,,
102,364,Iran (Islamic Republic of),1126,Camels,1967,195000,A,,,,
212,760,Syrian Arab Republic,1126,Camels,1967,10300,A,,,,
143,504,Morocco,1126,Camels,1967,222000,A,,,,
195,686,Senegal,1126,Camels,1967,11000,A,,,,
121,422,Lebanon,1126,Camels,1967,520,A,,,,
39,148,Chad,1126,Camels,1967,355000,A,,,,
141,496,Mongolia,1126,Camels,1967,664000,A,,,,
201,706,Somalia,1126,Camels,1967,4400000,E,,,,
158,562,Niger,1126,Camels,1967,850000,E,,,,
2,4,Afghanistan,1126,Camels,1967,300000,A,,,,
233,854,Burkina Faso,1126,Camels,1967,12000,E,,,,
179,634,Qatar,1126,Camels,1967,7100,E,,,,
41,156,"China, mainland",1126,Camels,1967,450000,E,,,,
100,356,India,1126,Camels,1967,1050000,E,,,,
228,810,USSR,1126,Camels,1967,251000,A,,,,
118,414,Kuwait,1126,Camels,1967,11000,E,,,,
133,466,Mali,1126,Camels,1967,224000,A,,,,
249,887,Yemen,1126,Camels,1967,236000,A,,,,
4,12,Algeria,1126,Camels,1967,175000,A,,,,
124,434,Libya,1126,Camels,1967,255853,A,,,,
223,792,Türkiye,1126,Camels,1967,43000,A,,,,
225,784,United Arab Emirates,1126,Camels,1967,107000,E,,,,
112,400,Jordan,1126,Camels,1967,10702,A,,,,
165,586,Pakistan,1126,Camels,1967,720000,E,,,,
59,818,Egypt,1126,Camels,1967,177000,A,,,,
206,736,Sudan (former),1126,Camels,1967,2420000,A,,,,
159,566,Nigeria,1126,Camels,1967,17000,E,,,,
194,682,Saudi Arabia,1126,Camels,1967,91500,E,,,,
41,156,"China, mainland",1126,Camels,1968,460000,E,,,,
102,364,Iran (Islamic Republic of),1126,Camels,1968,198000,A,,,,
105,376,Israel,1126,Camels,1968,11000,A,,,,
194,682,Saudi Arabia,1126,Camels,1968,112189,A,,,,
195,686,Senegal,1126,Camels,1968,8300,A,,,,
223,792,Türkiye,1126,Camels,1968,43000,A,,,,
143,504,Morocco,1126,Camels,1968,214000,A,,,,
179,634,Qatar,1126,Camels,1968,7300,E,,,,
112,400,Jordan,1126,Camels,1968,13450,A,,,,
103,368,Iraq,1126,Camels,1968,225000,A,,,,
133,466,Mali,1126,Camels,1968,231000,A,,,,
158,562,Niger,1126,Camels,1968,950000,E,,,,
114,404,Kenya,1126,Camels,1968,480000,E,,,,
121,422,Lebanon,1126,Camels,1968,433,A,,,,
165,586,Pakistan,1126,Camels,1968,700000,E,,,,
225,784,United Arab Emirates,1126,Camels,1968,105000,E,,,,
228,810,USSR,1126,Camels,1968,256000,A,,,,
62,230,Ethiopia PDR,1126,Camels,1968,969000,A,,,,
124,434,Libya,1126,Camels,1968,231885,A,,,,
100,356,India,1126,Camels,1968,1080000,E,,,,
13,48,Bahrain,1126,Camels,1968,650,E,,,,
59,818,Egypt,1126,Camels,1968,127000,A,,,,
222,788,Tunisia,1126,Camels,1968,260000,A,,,,
233,854,Burkina Faso,1126,Camels,1968,12000,E,,,,
206,736,Sudan (former),1126,Camels,1968,2662000,A,,,,
2,4,Afghanistan,1126,Camels,1968,299000,A,,,,
221,512,Oman,1126,Camels,1968,10000,E,,,,
4,12,Algeria,1126,Camels,1968,173000,A,,,,
212,760,Syrian Arab Republic,1126,Camels,1968,12193,A,,,,
72,262,Djibouti,1126,Camels,1968,20000,E,,,,
118,414,Kuwait,1126,Camels,1968,10500,E,,,,
136,478,Mauritania,1126,Camels,1968,700000,A,,,,
141,496,Mongolia,1126,Camels,1968,644000,A,,,,
39,148,Chad,1126,Camels,1968,355000,A,,,,
159,566,Nigeria,1126,Camels,1968,18000,A,,,,
201,706,Somalia,1126,Camels,1968,4600000,E,,,,
249,887,Yemen,1126,Camels,1968,225000,A,,,,
133,466,Mali,1126,Camels,1969,217700,A,,,,
59,818,Egypt,1126,Camels,1969,127000,A,,,,
249,887,Yemen,1126,Camels,1969,223000,A,,,,
165,586,Pakistan,1126,Camels,1969,700000,E,,,,
222,788,Tunisia,1126,Camels,1969,250000,E,,,,
105,376,Israel,1126,Camels,1969,10000,A,,,,
118,414,Kuwait,1126,Camels,1969,10000,E,,,,
158,562,Niger,1126,Camels,1969,1150000,E,,,,
195,686,Senegal,1126,Camels,1969,6800,A,,,,
41,156,"China, mainland",1126,Camels,1969,470000,E,,,,
179,634,Qatar,1126,Camels,1969,7500,E,,,,
225,784,United Arab Emirates,1126,Camels,1969,103000,E,,,,
102,364,Iran (Islamic Republic of),1126,Camels,1969,160000,E,,,,
221,512,Oman,1126,Camels,1969,10000,E,,,,
62,230,Ethiopia PDR,1126,Camels,1969,974800,A,,,,
121,422,Lebanon,1126,Camels,1969,400,A,,,,
159,566,Nigeria,1126,Camels,1969,18000,A,,,,
141,496,Mongolia,1126,Camels,1969,640000,E,,,,
233,854,Burkina Faso,1126,Camels,1969,12000,E,,,,
206,736,Sudan (former),1126,Camels,1969,2500000,A,,,,
212,760,Syrian Arab Republic,1126,Camels,1969,11760,A,,,,
100,356,India,1126,Camels,1969,1100000,E,,,,
194,682,Saudi Arabia,1126,Camels,1969,110000,E,,,,
103,368,Iraq,1126,Camels,1969,250000,A,,,,
201,706,Somalia,1126,Camels,1969,4600000,E,,,,
13,48,Bahrain,1126,Camels,1969,600,E,,,,
112,400,Jordan,1126,Camels,1969,13450,A,,,,
136,478,Mauritania,1126,Camels,1969,700000,X,,,,
228,810,USSR,1126,Camels,1969,263000,A,,,,
2,4,Afghanistan,1126,Camels,1969,300000,A,,,,
39,148,Chad,1126,Camels,1969,370000,A,,,,
223,792,Türkiye,1126,Camels,1969,42000,A,,,,
72,262,Djibouti,1126,Camels,1969,21000,E,,,,
114,404,Kenya,1126,Camels,1969,516000,A,,,,
124,434,Libya,1126,Camels,1969,206139,A,,,,
4,12,Algeria,1126,Camels,1969,178020,A,,,,
143,504,Morocco,1126,Camels,1969,222000,A,,,,
41,156,"China, mainland",1126,Camels,1970,480000,E,,,,
103,368,Iraq,1126,Camels,1970,266000,A,,,,
194,682,Saudi Arabia,1126,Camels,1970,120000,E,,,,
59,818,Egypt,1126,Camels,1970,127000,A,,,,
249,887,Yemen,1126,Camels,1970,222000,A,,,,
206,736,Sudan (former),1126,Camels,1970,2414000,A,,,,
105,376,Israel,1126,Camels,1970,10000,A,,,,
222,788,Tunisia,1126,Camels,1970,230000,E,,,,
13,48,Bahrain,1126,Camels,1970,600,E,,,,
39,148,Chad,1126,Camels,1970,370000,A,,,,
159,566,Nigeria,1126,Camels,1970,19000,E,,,,
118,414,Kuwait,1126,Camels,1970,10000,E,,,,
121,422,Lebanon,1126,Camels,1970,696,A,,,,
158,562,Niger,1126,Camels,1970,1268240,A,,,,
100,356,India,1126,Camels,1970,1110000,E,,,,
136,478,Mauritania,1126,Camels,1970,728000,A,,,,
179,634,Qatar,1126,Camels,1970,7700,E,,,,
201,706,Somalia,1126,Camels,1970,4700000,E,,,,
112,400,Jordan,1126,Camels,1970,9577,A,,,,
124,434,Libya,1126,Camels,1970,163430,A,,,,
141,496,Mongolia,1126,Camels,1970,635000,E,,,,
195,686,Senegal,1126,Camels,1970,7000,A,,,,
62,230,Ethiopia PDR,1126,Camels,1970,980600,A,,,,
2,4,Afghanistan,1126,Camels,1970,300000,A,,,,
4,12,Algeria,1126,Camels,1970,183980,A,,,,
114,404,Kenya,1126,Camels,1970,495000,A,,,,
233,854,Burkina Faso,1126,Camels,1970,12000,E,,,,
102,364,Iran (Islamic Republic of),1126,Camels,1970,135000,E,,,,
223,792,Türkiye,1126,Camels,1970,39000,A,,,,
225,784,United Arab Emirates,1126,Camels,1970,100000,E,,,,
72,262,Djibouti,1126,Camels,1970,22000,E,,,,
212,760,Syrian Arab Republic,1126,Camels,1970,9690,A,,,,
228,810,USSR,1126,Camels,1970,244000,A,,,,
133,466,Mali,1126,Camels,1970,217700,A,,,,
143,504,Morocco,1126,Camels,1970,200000,E,,,,
221,512,Oman,1126,Camels,1970,10000,E,,,,
165,586,Pakistan,1126,Camels,1970,700000,E,,,,
103,368,Iraq,1126,Camels,1971,245000,E,,,,
121,422,Lebanon,1126,Camels,1971,634,A,,,,
165,586,Pakistan,1126,Camels,1971,700000,E,,,,
100,356,India,1126,Camels,1971,1120000,E,,,,
222,788,Tunisia,1126,Camels,1971,220000,E,,,,
228,810,USSR,1126,Camels,1971,238100,A,,,,
39,148,Chad,1126,Camels,1971,450000,E,,,,
102,364,Iran (Islamic Republic of),1126,Camels,1971,110498,A,,,,
179,634,Qatar,1126,Camels,1971,7900,E,,,,
105,376,Israel,1126,Camels,1971,10000,A,,,,
143,504,Morocco,1126,Camels,1971,193000,A,,,,
4,12,Algeria,1126,Camels,1971,158310,A,,,,
233,854,Burkina Faso,1126,Camels,1971,12000,E,,,,
133,466,Mali,1126,Camels,1971,215000,E,,,,
194,682,Saudi Arabia,1126,Camels,1971,150000,E,,,,
223,792,Türkiye,1126,Camels,1971,31000,A,,,,
225,784,United Arab Emirates,1126,Camels,1971,97000,E,,,,
159,566,Nigeria,1126,Camels,1971,20000,E,,,,
212,760,Syrian Arab Republic,1126,Camels,1971,9148,A,,,,
221,512,Oman,1126,Camels,1971,10000,X,,,,
195,686,Senegal,1126,Camels,1971,7000,A,,,,
249,887,Yemen,1126,Camels,1971,229000,A,,,,
41,156,"China, mainland",1126,Camels,1971,487000,A,,,,
59,818,Egypt,1126,Camels,1971,106000,A,,,,
72,262,Djibouti,1126,Camels,1971,23000,E,,,,
206,736,Sudan (former),1126,Camels,1971,2570000,A,,,,
124,434,Libya,1126,Camels,1971,119885,A,,,,
118,414,Kuwait,1126,Camels,1971,9000,E,,,,
62,230,Ethiopia PDR,1126,Camels,1971,986500,A,,,,
136,478,Mauritania,1126,Camels,1971,710000,A,,,,
141,496,Mongolia,1126,Camels,1971,633500,A,,,,
13,48,Bahrain,1126,Camels,1971,600,E,,,,
158,562,Niger,1126,Camels,1971,1250130,A,,,,
2,4,Afghanistan,1126,Camels,1971,300000,A,,,,
112,400,Jordan,1126,Camels,1971,17300,A,,,,
114,404,Kenya,1126,Camels,1971,510000,E,,,,
201,706,Somalia,1126,Camels,1971,4800000,E,,,,
112,400,Jordan,1126,Camels,1972,16100,A,,,,
72,262,Djibouti,1126,Camels,1972,23000,E,,,,
201,706,Somalia,1126,Camels,1972,4900000,E,,,,
212,760,Syrian Arab Republic,1126,Camels,1972,9141,A,,,,
223,792,Türkiye,1126,Camels,1972,29000,A,,,,
41,156,"China, mainland",1126,Camels,1972,505000,A,,,,
100,356,India,1126,Camels,1972,1109000,A,,,,
2,4,Afghanistan,1126,Camels,1972,300000,A,,,,
103,368,Iraq,1126,Camels,1972,220000,E,,,,
105,376,Israel,1126,Camels,1972,10000,A,,,,
102,364,Iran (Islamic Republic of),1126,Camels,1972,112000,E,,,,
118,414,Kuwait,1126,Camels,1972,8000,E,,,,
133,466,Mali,1126,Camels,1972,180000,E,,,,
143,504,Morocco,1126,Camels,1972,200000,A,,,,
194,682,Saudi Arabia,1126,Camels,1972,170000,E,,,,
222,788,Tunisia,1126,Camels,1972,200000,E,,,,
121,422,Lebanon,1126,Camels,1972,611,A,,,,
233,854,Burkina Faso,1126,Camels,1972,12000,E,,,,
221,512,Oman,1126,Camels,1972,10000,E,,,,
62,230,Ethiopia PDR,1126,Camels,1972,990000,E,,,,
124,434,Libya,1126,Camels,1972,122450,A,,,,
159,566,Nigeria,1126,Camels,1972,19000,E,,,,
195,686,Senegal,1126,Camels,1972,5300,A,,,,
141,496,Mongolia,1126,Camels,1972,632000,A,,,,
165,586,Pakistan,1126,Camels,1972,732000,A,,,,
225,784,United Arab Emirates,1126,Camels,1972,90000,A,,,,
59,818,Egypt,1126,Camels,1972,117000,A,,,,
228,810,USSR,1126,Camels,1972,236000,A,,,,
4,12,Algeria,1126,Camels,1972,164200,A,,,,
39,148,Chad,1126,Camels,1972,560000,A,,,,
249,887,Yemen,1126,Camels,1972,230000,A,,,,
13,48,Bahrain,1126,Camels,1972,550,E,,,,
158,562,Niger,1126,Camels,1972,1250130,A,,,,
179,634,Qatar,1126,Camels,1972,8148,A,,,,
114,404,Kenya,1126,Camels,1972,520000,E,,,,
136,478,Mauritania,1126,Camels,1972,705000,A,,,,
206,736,Sudan (former),1126,Camels,1972,2570000,A,,,,
102,364,Iran (Islamic Republic of),1126,Camels,1973,115000,A,,,,
195,686,Senegal,1126,Camels,1973,5700,A,,,,
222,788,Tunisia,1126,Camels,1973,180000,E,,,,
62,230,Ethiopia PDR,1126,Camels,1973,992400,A,,,,
39,148,Chad,1126,Camels,1973,560000,A,,,,
59,818,Egypt,1126,Camels,1973,113000,A,,,,
143,504,Morocco,1126,Camels,1973,200000,A,,,,
228,810,USSR,1126,Camels,1973,249000,A,,,,
41,156,"China, mainland",1126,Camels,1973,515000,A,,,,
72,262,Djibouti,1126,Camels,1973,23300,E,,,,
121,422,Lebanon,1126,Camels,1973,562,A,,,,
114,404,Kenya,1126,Camels,1973,530000,E,,,,
221,512,Oman,1126,Camels,1973,10500,E,,,,
165,586,Pakistan,1126,Camels,1973,746000,A,,,,
179,634,Qatar,1126,Camels,1973,8400,E,,,,
100,356,India,1126,Camels,1973,1100000,E,,,,
105,376,Israel,1126,Camels,1973,10000,A,,,,
133,466,Mali,1126,Camels,1973,160000,E,,,,
212,760,Syrian Arab Republic,1126,Camels,1973,5769,A,,,,
225,784,United Arab Emirates,1126,Camels,1973,93400,A,,,,
249,887,Yemen,1126,Camels,1973,220000,A,,,,
4,12,Algeria,1126,Camels,1973,165210,A,,,,
118,414,Kuwait,1126,Camels,1973,6000,E,,,,
158,562,Niger,1126,Camels,1973,1032710,A,,,,
159,566,Nigeria,1126,Camels,1973,18000,E,,,,
124,434,Libya,1126,Camels,1973,120000,A,,,,
201,706,Somalia,1126,Camels,1973,4800000,E,,,,
112,400,Jordan,1126,Camels,1973,18200,A,,,,
136,478,Mauritania,1126,Camels,1973,700000,A,,,,
141,496,Mongolia,1126,Camels,1973,625100,A,,,,
2,4,Afghanistan,1126,Camels,1973,300000,E,,,,
206,736,Sudan (former),1126,Camels,1973,2646000,A,,,,
13,48,Bahrain,1126,Camels,1973,550,E,,,,
103,368,Iraq,1126,Camels,1973,210000,E,,,,
194,682,Saudi Arabia,1126,Camels,1973,210000,E,,,,
223,792,Türkiye,1126,Camels,1973,25000,A,,,,
233,854,Burkina Faso,1126,Camels,1973,12000,E,,,,
114,404,Kenya,1126,Camels,1974,550000,E,,,,
225,784,United Arab Emirates,1126,Camels,1974,73500,E,,,,
249,887,Yemen,1126,Camels,1974,220000,A,,,,
233,854,Burkina Faso,1126,Camels,1974,12000,E,,,,
222,788,Tunisia,1126,Camels,1974,180000,E,,,,
141,496,Mongolia,1126,Camels,1974,603100,A,,,,
143,504,Morocco,1126,Camels,1974,200000,A,,,,
201,706,Somalia,1126,Camels,1974,5000000,E,,,,
2,4,Afghanistan,1126,Camels,1974,300000,E,,,,
13,48,Bahrain,1126,Camels,1974,500,A,,,,
159,566,Nigeria,1126,Camels,1974,17600,E,,,,
228,810,USSR,1126,Camels,1974,245000,A,,,,
158,562,Niger,1126,Camels,1974,851535,A,,,,
4,12,Algeria,1126,Camels,1974,164780,A,,,,
102,364,Iran (Islamic Republic of),1126,Camels,1974,101000,A,,,,
212,760,Syrian Arab Republic,1126,Camels,1974,7612,A,,,,
100,356,India,1126,Camels,1974,1090000,E,,,,
223,792,Türkiye,1126,Camels,1974,21000,A,,,,
59,818,Egypt,1126,Camels,1974,109000,A,,,,
105,376,Israel,1126,Camels,1974,10000,A,,,,
39,148,Chad,1126,Camels,1974,545000,A,,,,
136,478,Mauritania,1126,Camels,1974,670000,A,,,,
221,512,Oman,1126,Camels,1974,10800,A,,,,
124,434,Libya,1126,Camels,1974,64319,A,,,,
121,422,Lebanon,1126,Camels,1974,560,E,,,,
206,736,Sudan (former),1126,Camels,1974,2698000,A,,,,
165,586,Pakistan,1126,Camels,1974,760000,A,,,,
62,230,Ethiopia PDR,1126,Camels,1974,970000,A,,,,
103,368,Iraq,1126,Camels,1974,190000,E,,,,
112,400,Jordan,1126,Camels,1974,15783,A,,,,
133,466,Mali,1126,Camels,1974,170000,E,,,,
179,634,Qatar,1126,Camels,1974,8500,E,,,,
72,262,Djibouti,1126,Camels,1974,25000,E,,,,
118,414,Kuwait,1126,Camels,1974,6000,E,,,,
41,156,"China, mainland",1126,Camels,1974,500000,A,,,,
194,682,Saudi Arabia,1126,Camels,1974,270000,E,,,,
195,686,Senegal,1126,Camels,1974,5700,A,,,,
41,156,"China, mainland",1126,Camels,1975,504000,A,,,,
141,496,Mongolia,1126,Camels,1975,606700,A,,,,
233,854,Burkina Faso,1126,Camels,1975,12000,E,,,,
72,262,Djibouti,1126,Camels,1975,30000,E,,,,
2,4,Afghanistan,1126,Camels,1975,300000,E,,,,
114,404,Kenya,1126,Camels,1975,560000,E,,,,
136,478,Mauritania,1126,Camels,1975,700000,A,,,,
121,422,Lebanon,1126,Camels,1975,100,E,,,,
201,706,Somalia,1126,Camels,1975,5298000,X,,,,
165,586,Pakistan,1126,Camels,1975,774000,A,,,,
225,784,United Arab Emirates,1126,Camels,1975,65000,E,,,,
228,810,USSR,1126,Camels,1975,253000,A,,,,
4,12,Algeria,1126,Camels,1975,154870,A,,,,
112,400,Jordan,1126,Camels,1975,18251,A,,,,
118,414,Kuwait,1126,Camels,1975,5500,E,,,,
206,736,Sudan (former),1126,Camels,1975,2750000,A,,,,
105,376,Israel,1126,Camels,1975,10000,A,,,,
143,504,Morocco,1126,Camels,1975,200000,A,,,,
249,887,Yemen,1126,Camels,1975,183000,A,,,,
159,566,Nigeria,1126,Camels,1975,17500,E,,,,
195,686,Senegal,1126,Camels,1975,6000,A,,,,
59,818,Egypt,1126,Camels,1975,105000,A,,,,
103,368,Iraq,1126,Camels,1975,165000,E,,,,
124,434,Libya,1126,Camels,1975,70794,A,,,,
158,562,Niger,1126,Camels,1975,916759,A,,,,
179,634,Qatar,1126,Camels,1975,9000,E,,,,
102,364,Iran (Islamic Republic of),1126,Camels,1975,107000,E,,,,
223,792,Türkiye,1126,Camels,1975,19000,A,,,,
13,48,Bahrain,1126,Camels,1975,550,E,,,,
222,788,Tunisia,1126,Camels,1975,180000,E,,,,
100,356,India,1126,Camels,1975,1080000,E,,,,
39,148,Chad,1126,Camels,1975,518000,A,,,,
62,230,Ethiopia PDR,1126,Camels,1975,950000,A,,,,
133,466,Mali,1126,Camels,1975,180000,E,,,,
212,760,Syrian Arab Republic,1126,Camels,1975,6188,A,,,,
221,512,Oman,1126,Camels,1975,12500,A,,,,
194,682,Saudi Arabia,1126,Camels,1975,260000,E,,,,
59,818,Egypt,1126,Camels,1976,101000,A,,,,
39,148,Chad,1126,Camels,1976,533734,A,,,,
143,504,Morocco,1126,Camels,1976,190000,E,,,,
158,562,Niger,1126,Camels,1976,1039960,A,,,,
159,566,Nigeria,1126,Camels,1976,17000,E,,,,
121,422,Lebanon,1126,Camels,1976,50,E,,,,
124,434,Libya,1126,Camels,1976,74685,A,,,,
221,512,Oman,1126,Camels,1976,15000,E,,,,
233,854,Burkina Faso,1126,Camels,1976,12000,E,,,,
206,736,Sudan (former),1126,Camels,1976,2782000,A,,,,
222,788,Tunisia,1126,Camels,1976,180000,E,,,,
2,4,Afghanistan,1126,Camels,1976,300000,E,,,,
41,156,"China, mainland",1126,Camels,1976,535000,A,,,,
165,586,Pakistan,1126,Camels,1976,789000,A,,,,
103,368,Iraq,1126,Camels,1976,140000,E,,,,
133,466,Mali,1126,Camels,1976,190000,E,,,,
136,478,Mauritania,1126,Camels,1976,707000,A,,,,
194,682,Saudi Arabia,1126,Camels,1976,252000,E,,,,
179,634,Qatar,1126,Camels,1976,9500,E,,,,
225,784,United Arab Emirates,1126,Camels,1976,39500,A,,,,
100,356,India,1126,Camels,1976,1075000,E,,,,
4,12,Algeria,1126,Camels,1976,140760,A,,,,
105,376,Israel,1126,Camels,1976,10500,A,,,,
112,400,Jordan,1126,Camels,1976,14200,A,,,,
118,414,Kuwait,1126,Camels,1976,5000,E,,,,
195,686,Senegal,1126,Camels,1976,6100,A,,,,
201,706,Somalia,1126,Camels,1976,5400000,E,,,,
212,760,Syrian Arab Republic,1126,Camels,1976,7341,A,,,,
13,48,Bahrain,1126,Camels,1976,600,E,,,,
114,404,Kenya,1126,Camels,1976,580000,E,,,,
141,496,Mongolia,1126,Camels,1976,617100,A,,,,
223,792,Türkiye,1126,Camels,1976,18000,A,,,,
72,262,Djibouti,1126,Camels,1976,30000,E,,,,
62,230,Ethiopia PDR,1126,Camels,1976,960000,A,,,,
228,810,USSR,1126,Camels,1976,247000,A,,,,
102,364,Iran (Islamic Republic of),1126,Camels,1976,110000,E,,,,
249,887,Yemen,1126,Camels,1976,180000,A,,,,
41,156,"China, mainland",1126,Camels,1977,545000,A,,,,
103,368,Iraq,1126,Camels,1977,115000,E,,,,
201,706,Somalia,1126,Camels,1977,5579000,A,,,,
39,148,Chad,1126,Camels,1977,569000,E,,,,
133,466,Mali,1126,Camels,1977,200000,E,,,,
159,566,Nigeria,1126,Camels,1977,17000,E,,,,
194,682,Saudi Arabia,1126,Camels,1977,240000,E,,,,
225,784,United Arab Emirates,1126,Camels,1977,48214,A,,,,
100,356,India,1126,Camels,1977,1068000,A,,,,
124,434,Libya,1126,Camels,1977,68985,A,,,,
136,478,Mauritania,1126,Camels,1977,714000,A,,,,
141,496,Mongolia,1126,Camels,1977,607400,A,,,,
221,512,Oman,1126,Camels,1977,20000,E,,,,
195,686,Senegal,1126,Camels,1977,7000,A,,,,
212,760,Syrian Arab Republic,1126,Camels,1977,8320,A,,,,
4,12,Algeria,1126,Camels,1977,144650,A,,,,
62,230,Ethiopia PDR,1126,Camels,1977,950000,E,,,,
114,404,Kenya,1126,Camels,1977,600000,E,,,,
233,854,Burkina Faso,1126,Camels,1977,11000,E,,,,
118,414,Kuwait,1126,Camels,1977,5000,E,,,,
143,504,Morocco,1126,Camels,1977,110000,E,,,,
228,810,USSR,1126,Camels,1977,239000,A,,,,
2,4,Afghanistan,1126,Camels,1977,300000,A,,,,
72,262,Djibouti,1126,Camels,1977,45000,E,,,,
112,400,Jordan,1126,Camels,1977,17900,A,,,,
222,788,Tunisia,1126,Camels,1977,170000,E,,,,
102,364,Iran (Islamic Republic of),1126,Camels,1977,112000,E,,,,
165,586,Pakistan,1126,Camels,1977,804000,A,,,,
179,634,Qatar,1126,Camels,1977,10500,A,,,,
206,736,Sudan (former),1126,Camels,1977,2361000,A,,,,
59,818,Egypt,1126,Camels,1977,97000,A,,,,
158,562,Niger,1126,Camels,1977,1329840,A,,,,
105,376,Israel,1126,Camels,1977,10500,A,,,,
121,422,Lebanon,1126,Camels,1977,50,E,,,,
223,792,Türkiye,1126,Camels,1977,17000,A,,,,
13,48,Bahrain,1126,Camels,1977,650,E,,,,
249,887,Yemen,1126,Camels,1977,163000,A,,,,
159,566,Nigeria,1126,Camels,1978,17000,E,,,,
41,156,"China, mainland",1126,Camels,1978,564000,A,,,,
114,404,Kenya,1126,Camels,1978,607000,A,,,,
136,478,Mauritania,1126,Camels,1978,728000,A,,,,
195,686,Senegal,1126,Camels,1978,7000,A,,,,
72,262,Djibouti,1126,Camels,1978,50000,A,,,,
103,368,Iraq,1126,Camels,1978,90000,E,,,,
194,682,Saudi Arabia,1126,Camels,1978,241000,E,,,,
118,414,Kuwait,1126,Camels,1978,5000,E,,,,
133,466,Mali,1126,Camels,1978,220000,E,,,,
158,562,Niger,1126,Camels,1978,1358830,A,,,,
4,12,Algeria,1126,Camels,1978,138620,A,,,,
2,4,Afghanistan,1126,Camels,1978,300000,A,,,,
62,230,Ethiopia PDR,1126,Camels,1978,960000,E,,,,
249,887,Yemen,1126,Camels,1978,163000,A,,,,
39,148,Chad,1126,Camels,1978,606000,E,,,,
222,788,Tunisia,1126,Camels,1978,170000,E,,,,
59,818,Egypt,1126,Camels,1978,93000,A,,,,
141,496,Mongolia,1126,Camels,1978,609000,A,,,,
201,706,Somalia,1126,Camels,1978,5820000,A,,,,
121,422,Lebanon,1126,Camels,1978,50,E,,,,
143,504,Morocco,1126,Camels,1978,110000,E,,,,
179,634,Qatar,1126,Camels,1978,10875,A,,,,
223,792,Türkiye,1126,Camels,1978,15000,A,,,,
13,48,Bahrain,1126,Camels,1978,700,E,,,,
105,376,Israel,1126,Camels,1978,10000,A,,,,
102,364,Iran (Islamic Republic of),1126,Camels,1978,114000,E,,,,
112,400,Jordan,1126,Camels,1978,10400,A,,,,
212,760,Syrian Arab Republic,1126,Camels,1978,8605,A,,,,
206,736,Sudan (former),1126,Camels,1978,2441000,A,,,,
228,810,USSR,1126,Camels,1978,237000,A,,,,
233,854,Burkina Faso,1126,Camels,1978,11000,E,,,,
100,356,India,1126,Camels,1978,1060000,E,,,,
124,434,Libya,1126,Camels,1978,70600,A,,,,
165,586,Pakistan,1126,Camels,1978,819000,A,,,,
221,512,Oman,1126,Camels,1978,26000,E,,,,
225,784,United Arab Emirates,1126,Camels,1978,53372,A,,,,
39,148,Chad,1126,Camels,1979,646000,E,,,,
121,422,Lebanon,1126,Camels,1979,50,E,,,,
59,818,Egypt,1126,Camels,1979,88270,A,,,,
103,368,Iraq,1126,Camels,1979,69562,A,,,,
179,634,Qatar,1126,Camels,1979,10875,A,,,,
112,400,Jordan,1126,Camels,1979,11300,A,,,,
194,682,Saudi Arabia,1126,Camels,1979,282000,E,,,,
249,887,Yemen,1126,Camels,1979,168000,A,,,,
13,48,Bahrain,1126,Camels,1979,728,A,,,,
201,706,Somalia,1126,Camels,1979,5834000,A,,,,
72,262,Djibouti,1126,Camels,1979,50000,E,,,,
143,504,Morocco,1126,Camels,1979,100000,E,,,,
105,376,Israel,1126,Camels,1979,9000,E,,,,
206,736,Sudan (former),1126,Camels,1979,2524000,A,,,,
223,792,Türkiye,1126,Camels,1979,13000,A,,,,
102,364,Iran (Islamic Republic of),1126,Camels,1979,110000,E,,,,
158,562,Niger,1126,Camels,1979,1387820,A,,,,
221,512,Oman,1126,Camels,1979,32000,E,,,,
222,788,Tunisia,1126,Camels,1979,175000,E,,,,
2,4,Afghanistan,1126,Camels,1979,270000,A,,,,
4,12,Algeria,1126,Camels,1979,149650,A,,,,
114,404,Kenya,1126,Camels,1979,607500,A,,,,
165,586,Pakistan,1126,Camels,1979,835000,A,,,,
212,760,Syrian Arab Republic,1126,Camels,1979,7595,A,,,,
141,496,Mongolia,1126,Camels,1979,610000,E,,,,
136,478,Mauritania,1126,Camels,1979,729000,A,,,,
195,686,Senegal,1126,Camels,1979,6000,A,,,,
225,784,United Arab Emirates,1126,Camels,1979,50000,E,,,,
100,356,India,1126,Camels,1979,1050000,E,,,,
118,414,Kuwait,1126,Camels,1979,5000,E,,,,
159,566,Nigeria,1126,Camels,1979,17000,E,,,,
233,854,Burkina Faso,1126,Camels,1979,11000,E,,,,
62,230,Ethiopia PDR,1126,Camels,1979,970000,E,,,,
124,434,Libya,1126,Camels,1979,134283,A,,,,
41,156,"China, mainland",1126,Camels,1979,574000,A,,,,
133,466,Mali,1126,Camels,1979,219000,E,,,,
228,810,USSR,1126,Camels,1979,232000,A,,,,
13,48,Bahrain,1126,Camels,1980,730,A,,,,
194,682,Saudi Arabia,1126,Camels,1980,279000,E,,,,
249,887,Yemen,1126,Camels,1980,155000,A,,,,
195,686,Senegal,1126,Camels,1980,6000,A,,,,
228,810,USSR,1126,Camels,1980,237000,A,,,,
121,422,Lebanon,1126,Camels,1980,42,A,,,,
201,706,Somalia,1126,Camels,1980,5800000,A,,,,
41,156,"China, mainland",1126,Camels,1980,604000,A,,,,
158,562,Niger,1126,Camels,1980,1416810,A,,,,
233,854,Burkina Faso,1126,Camels,1980,11000,E,,,,
118,414,Kuwait,1126,Camels,1980,5000,E,,,,
165,586,Pakistan,1126,Camels,1980,841000,A,,,,
206,736,Sudan (former),1126,Camels,1980,2610000,A,,,,
103,368,Iraq,1126,Camels,1980,70000,A,,,,
222,788,Tunisia,1126,Camels,1980,170000,E,,,,
212,760,Syrian Arab Republic,1126,Camels,1980,6905,A,,,,
225,784,United Arab Emirates,1126,Camels,1980,58709,A,,,,
2,4,Afghanistan,1126,Camels,1980,265000,A,,,,
124,434,Libya,1126,Camels,1980,136000,A,,,,
141,496,Mongolia,1126,Camels,1980,600000,E,,,,
143,504,Morocco,1126,Camels,1980,100000,E,,,,
72,262,Djibouti,1126,Camels,1980,50000,E,,,,
39,148,Chad,1126,Camels,1980,689000,E,,,,
112,400,Jordan,1126,Camels,1980,12300,A,,,,
102,364,Iran (Islamic Republic of),1126,Camels,1980,110000,E,,,,
159,566,Nigeria,1126,Camels,1980,17200,E,,,,
179,634,Qatar,1126,Camels,1980,9995,A,,,,
59,818,Egypt,1126,Camels,1980,84154,A,,,,
100,356,India,1126,Camels,1980,1050000,E,,,,
114,404,Kenya,1126,Camels,1980,608000,A,,,,
221,512,Oman,1126,Camels,1980,40000,E,,,,
223,792,Türkiye,1126,Camels,1980,12000,A,,,,
4,12,Algeria,1126,Camels,1980,149230,A,,,,
62,230,Ethiopia PDR,1126,Camels,1980,980000,E,,,,
136,478,Mauritania,1126,Camels,1980,734100,A,,,,
105,376,Israel,1126,Camels,1980,8000,E,,,,
133,466,Mali,1126,Camels,1980,231000,E,,,,
136,478,Mauritania,1126,Camels,1981,739100,A,,,,
100,356,India,1126,Camels,1981,1050000,E,,,,
4,12,Algeria,1126,Camels,1981,152400,A,,,,
105,376,Israel,1126,Camels,1981,7000,E,,,,
112,400,Jordan,1126,Camels,1981,15804,A,,,,
121,422,Lebanon,1126,Camels,1981,45,A,,,,
165,586,Pakistan,1126,Camels,1981,855000,A,,,,
179,634,Qatar,1126,Camels,1981,9890,A,,,,
194,682,Saudi Arabia,1126,Camels,1981,290000,E,,,,
102,364,Iran (Islamic Republic of),1126,Camels,1981,112000,E,,,,
59,818,Egypt,1126,Camels,1981,100000,E,,,,
124,434,Libya,1126,Camels,1981,132000,A,,,,
158,562,Niger,1126,Camels,1981,1445800,A,,,,
206,736,Sudan (former),1126,Camels,1981,2698692,A,,,,
13,48,Bahrain,1126,Camels,1981,730,A,,,,
103,368,Iraq,1126,Camels,1981,75000,E,,,,
221,512,Oman,1126,Camels,1981,50000,E,,,,
141,496,Mongolia,1126,Camels,1981,591500,A,,,,
228,810,USSR,1126,Camels,1981,235000,A,,,,
233,854,Burkina Faso,1126,Camels,1981,11000,E,,,,
114,404,Kenya,1126,Camels,1981,608500,A,,,,
212,760,Syrian Arab Republic,1126,Camels,1981,6753,A,,,,
2,4,Afghanistan,1126,Camels,1981,265000,A,,,,
159,566,Nigeria,1126,Camels,1981,17400,E,,,,
201,706,Somalia,1126,Camels,1981,6014000,A,,,,
72,262,Djibouti,1126,Camels,1981,52000,E,,,,
195,686,Senegal,1126,Camels,1981,6000,A,,,,
223,792,Türkiye,1126,Camels,1981,12000,A,,,,
249,887,Yemen,1126,Camels,1981,149997,A,,,,
62,230,Ethiopia PDR,1126,Camels,1981,990000,E,,,,
143,504,Morocco,1126,Camels,1981,90000,E,,,,
222,788,Tunisia,1126,Camels,1981,173000,A,,,,
225,784,United Arab Emirates,1126,Camels,1981,61378,A,,,,
41,156,"China, mainland",1126,Camels,1981,614000,A,,,,
133,466,Mali,1126,Camels,1981,240000,A,,,,
39,148,Chad,1126,Camels,1981,734000,E,,,,
118,414,Kuwait,1126,Camels,1981,5000,E,,,,
179,634,Qatar,1126,Camels,1982,6386,A,,,,
103,368,Iraq,1126,Camels,1982,80000,A,,,,
114,404,Kenya,1126,Camels,1982,610000,E,,,,
133,466,Mali,1126,Camels,1982,239400,E,,,,
102,364,Iran (Islamic Republic of),1126,Camels,1982,114000,A,,,,
201,706,Somalia,1126,Camels,1982,6239000,A,,,,
223,792,Türkiye,1126,Camels,1982,12000,A,,,,
228,810,USSR,1126,Camels,1982,238000,A,,,,
39,148,Chad,1126,Camels,1982,782000,E,,,,
112,400,Jordan,1126,Camels,1982,14970,A,,,,
195,686,Senegal,1126,Camels,1982,6200,A,,,,
225,784,United Arab Emirates,1126,Camels,1982,66000,A,,,,
221,512,Oman,1126,Camels,1982,63000,E,,,,
165,586,Pakistan,1126,Camels,1982,869000,A,,,,
212,760,Syrian Arab Republic,1126,Camels,1982,6405,A,,,,
141,496,Mongolia,1126,Camels,1982,586200,A,,,,
143,504,Morocco,1126,Camels,1982,95000,E,,,,
206,736,Sudan (former),1126,Camels,1982,2790000,A,,,,
222,788,Tunisia,1126,Camels,1982,173000,E,,,,
124,434,Libya,1126,Camels,1982,185000,A,,,,
136,478,Mauritania,1126,Camels,1982,750000,A,,,,
233,854,Burkina Faso,1126,Camels,1982,11000,E,,,,
2,4,Afghanistan,1126,Camels,1982,265000,A,,,,
62,230,Ethiopia PDR,1126,Camels,1982,1000000,E,,,,
158,562,Niger,1126,Camels,1982,1474790,A,,,,
72,262,Djibouti,1126,Camels,1982,52000,E,,,,
194,682,Saudi Arabia,1126,Camels,1982,311068,A,,,,
59,818,Egypt,1126,Camels,1982,167000,E,,,,
100,356,India,1126,Camels,1982,1078000,A,,,,
249,887,Yemen,1126,Camels,1982,147695,A,,,,
4,12,Algeria,1126,Camels,1982,155610,A,,,,
13,48,Bahrain,1126,Camels,1982,730,A,,,,
105,376,Israel,1126,Camels,1982,6500,E,,,,
118,414,Kuwait,1126,Camels,1982,7000,A,,,,
121,422,Lebanon,1126,Camels,1982,45,A,,,,
159,566,Nigeria,1126,Camels,1982,17700,E,,,,
41,156,"China, mainland",1126,Camels,1982,628000,A,,,,
143,504,Morocco,1126,Camels,1983,42600,A,,,,
13,48,Bahrain,1126,Camels,1983,730,A,,,,
105,376,Israel,1126,Camels,1983,6000,E,,,,
118,414,Kuwait,1126,Camels,1983,7000,A,,,,
179,634,Qatar,1126,Camels,1983,7216,A,,,,
212,760,Syrian Arab Republic,1126,Camels,1983,7557,A,,,,
228,810,USSR,1126,Camels,1983,240000,A,,,,
233,854,Burkina Faso,1126,Camels,1983,11000,E,,,,
194,682,Saudi Arabia,1126,Camels,1983,367411,A,,,,
41,156,"China, mainland",1126,Camels,1983,610000,A,,,,
72,262,Djibouti,1126,Camels,1983,52000,E,,,,
103,368,Iraq,1126,Camels,1983,80000,A,,,,
201,706,Somalia,1126,Camels,1983,6131000,A,,,,
62,230,Ethiopia PDR,1126,Camels,1983,1010000,E,,,,
2,4,Afghanistan,1126,Camels,1983,265000,E,,,,
4,12,Algeria,1126,Camels,1983,147000,A,,,,
112,400,Jordan,1126,Camels,1983,17060,A,,,,
124,434,Libya,1126,Camels,1983,188115,A,,,,
159,566,Nigeria,1126,Camels,1983,17800,E,,,,
206,736,Sudan (former),1126,Camels,1983,2764000,A,,,,
223,792,Türkiye,1126,Camels,1983,9000,A,,,,
221,512,Oman,1126,Camels,1983,78000,A,,,,
114,404,Kenya,1126,Camels,1983,680000,E,,,,
133,466,Mali,1126,Camels,1983,217000,A,,,,
222,788,Tunisia,1126,Camels,1983,175000,E,,,,
158,562,Niger,1126,Camels,1983,1503780,A,,,,
195,686,Senegal,1126,Camels,1983,6000,A,,,,
141,496,Mongolia,1126,Camels,1983,584600,A,,,,
225,784,United Arab Emirates,1126,Camels,1983,70000,A,,,,
249,887,Yemen,1126,Camels,1983,146396,A,,,,
39,148,Chad,1126,Camels,1983,834000,E,,,,
100,356,India,1126,Camels,1983,1062000,X,,,,
102,364,Iran (Islamic Republic of),1126,Camels,1983,120000,E,,,,
121,422,Lebanon,1126,Camels,1983,100,E,,,,
136,478,Mauritania,1126,Camels,1983,770000,A,,,,
165,586,Pakistan,1126,Camels,1983,883000,A,,,,
59,818,Egypt,1126,Camels,1983,196000,E,,,,
62,230,Ethiopia PDR,1126,Camels,1984,1020000,E,,,,
179,634,Qatar,1126,Camels,1984,8629,A,,,,
249,887,Yemen,1126,Camels,1984,144998,A,,,,
136,478,Mauritania,1126,Camels,1984,780000,A,,,,
4,12,Algeria,1126,Camels,1984,125350,A,,,,
39,148,Chad,1126,Camels,1984,889000,E,,,,
159,566,Nigeria,1126,Camels,1984,17800,E,,,,
194,682,Saudi Arabia,1126,Camels,1984,391247,A,,,,
223,792,Türkiye,1126,Camels,1984,8000,A,,,,
233,854,Burkina Faso,1126,Camels,1984,11000,E,,,,
72,262,Djibouti,1126,Camels,1984,54000,E,,,,
118,414,Kuwait,1126,Camels,1984,6500,E,,,,
133,466,Mali,1126,Camels,1984,219600,A,,,,
221,512,Oman,1126,Camels,1984,71488,A,,,,
41,156,"China, mainland",1126,Camels,1984,564000,A,,,,
212,760,Syrian Arab Republic,1126,Camels,1984,7149,A,,,,
165,586,Pakistan,1126,Camels,1984,897000,A,,,,
225,784,United Arab Emirates,1126,Camels,1984,75192,A,,,,
102,364,Iran (Islamic Republic of),1126,Camels,1984,125000,E,,,,
143,504,Morocco,1126,Camels,1984,41100,A,,,,
2,4,Afghanistan,1126,Camels,1984,265000,E,,,,
59,818,Egypt,1126,Camels,1984,225000,E,,,,
121,422,Lebanon,1126,Camels,1984,150,E,,,,
141,496,Mongolia,1126,Camels,1984,578000,A,,,,
206,736,Sudan (former),1126,Camels,1984,2797000,A,,,,
103,368,Iraq,1126,Camels,1984,70000,A,,,,
228,810,USSR,1126,Camels,1984,246000,A,,,,
13,48,Bahrain,1126,Camels,1984,750,A,,,,
100,356,India,1126,Camels,1984,1045000,X,,,,
105,376,Israel,1126,Camels,1984,6000,E,,,,
124,434,Libya,1126,Camels,1984,190000,A,,,,
201,706,Somalia,1126,Camels,1984,6162000,A,,,,
222,788,Tunisia,1126,Camels,1984,177000,E,,,,
112,400,Jordan,1126,Camels,1984,15020,A,,,,
114,404,Kenya,1126,Camels,1984,774400,A,,,,
158,562,Niger,1126,Camels,1984,1213890,A,,,,
195,686,Senegal,1126,Camels,1984,6000,A,,,,
136,478,Mauritania,1126,Camels,1985,790000,A,,,,
114,404,Kenya,1126,Camels,1985,790000,E,,,,
112,400,Jordan,1126,Camels,1985,14320,A,,,,
206,736,Sudan (former),1126,Camels,1985,2806000,A,,,,
223,792,Türkiye,1126,Camels,1985,3000,A,,,,
221,512,Oman,1126,Camels,1985,79000,X,,,,
133,466,Mali,1126,Camels,1985,230000,A,,,,
179,634,Qatar,1126,Camels,1985,10759,A,,,,
62,230,Ethiopia PDR,1126,Camels,1985,1010000,E,,,,
2,4,Afghanistan,1126,Camels,1985,265000,E,,,,
72,262,Djibouti,1126,Camels,1985,54000,E,,,,
105,376,Israel,1126,Camels,1985,6000,E,,,,
143,504,Morocco,1126,Camels,1985,39950,A,,,,
165,586,Pakistan,1126,Camels,1985,912000,A,,,,
194,682,Saudi Arabia,1126,Camels,1985,372126,A,,,,
124,434,Libya,1126,Camels,1985,170000,A,,,,
159,566,Nigeria,1126,Camels,1985,17850,E,,,,
195,686,Senegal,1126,Camels,1985,6000,A,,,,
100,356,India,1126,Camels,1985,1029000,X,,,,
222,788,Tunisia,1126,Camels,1985,180000,E,,,,
225,784,United Arab Emirates,1126,Camels,1985,80455,A,,,,
59,818,Egypt,1126,Camels,1985,215000,E,,,,
102,364,Iran (Islamic Republic of),1126,Camels,1985,130000,E,,,,
118,414,Kuwait,1126,Camels,1985,7500,E,,,,
141,496,Mongolia,1126,Camels,1985,568200,A,,,,
212,760,Syrian Arab Republic,1126,Camels,1985,7063,A,,,,
13,48,Bahrain,1126,Camels,1985,800,E,,,,
103,368,Iraq,1126,Camels,1985,55000,E,,,,
39,148,Chad,1126,Camels,1985,947000,E,,,,
41,156,"China, mainland",1126,Camels,1985,531000,A,,,,
121,422,Lebanon,1126,Camels,1985,200,E,,,,
158,562,Niger,1126,Camels,1985,1203020,A,,,,
228,810,USSR,1126,Camels,1985,245000,A,,,,
249,887,Yemen,1126,Camels,1985,142600,A,,,,
233,854,Burkina Faso,1126,Camels,1985,11000,A,,,,
4,12,Algeria,1126,Camels,1985,133000,A,,,,
201,706,Somalia,1126,Camels,1985,6411000,A,,,,
143,504,Morocco,1126,Camels,1986,37400,A,,,,
195,686,Senegal,1126,Camels,1986,7000,A,,,,
114,404,Kenya,1126,Camels,1986,810000,E,,,,
141,496,Mongolia,1126,Camels,1986,559000,A,,,,
158,562,Niger,1126,Camels,1986,1224760,A,,,,
194,682,Saudi Arabia,1126,Camels,1986,376741,A,,,,
59,818,Egypt,1126,Camels,1986,150000,E,,,,
62,230,Ethiopia PDR,1126,Camels,1986,1000000,X,,,,
103,368,Iraq,1126,Camels,1986,41000,E,,,,
102,364,Iran (Islamic Republic of),1126,Camels,1986,137307,A,,,,
121,422,Lebanon,1126,Camels,1986,250,E,,,,
223,792,Türkiye,1126,Camels,1986,3000,A,,,,
13,48,Bahrain,1126,Camels,1986,820,E,,,,
39,148,Chad,1126,Camels,1986,1010000,E,,,,
233,854,Burkina Faso,1126,Camels,1986,11000,A,,,,
41,156,"China, mainland",1126,Camels,1986,530000,A,,,,
159,566,Nigeria,1126,Camels,1986,17900,E,,,,
72,262,Djibouti,1126,Camels,1986,55000,E,,,,
206,736,Sudan (former),1126,Camels,1986,2713000,A,,,,
228,810,USSR,1126,Camels,1986,254000,A,,,,
165,586,Pakistan,1126,Camels,1986,926000,A,,,,
225,784,United Arab Emirates,1126,Camels,1986,86087,A,,,,
133,466,Mali,1126,Camels,1986,241000,A,,,,
201,706,Somalia,1126,Camels,1986,6378000,A,,,,
212,760,Syrian Arab Republic,1126,Camels,1986,5490,A,,,,
222,788,Tunisia,1126,Camels,1986,180500,E,,,,
4,12,Algeria,1126,Camels,1986,121050,A,,,,
118,414,Kuwait,1126,Camels,1986,7300,E,,,,
136,478,Mauritania,1126,Camels,1986,820000,A,,,,
179,634,Qatar,1126,Camels,1986,18637,A,,,,
221,512,Oman,1126,Camels,1986,80000,E,,,,
2,4,Afghanistan,1126,Camels,1986,265000,A,,,,
100,356,India,1126,Camels,1986,1014000,X,,,,
249,887,Yemen,1126,Camels,1986,141202,A,,,,
105,376,Israel,1126,Camels,1986,6000,E,,,,
112,400,Jordan,1126,Camels,1986,14320,A,,,,
124,434,Libya,1126,Camels,1986,150000,E,,,,
100,356,India,1126,Camels,1987,1001000,A,,,,
114,404,Kenya,1126,Camels,1987,790000,E,,,,
133,466,Mali,1126,Camels,1987,225600,A,,,,
233,854,Burkina Faso,1126,Camels,1987,12000,A,,,,
102,364,Iran (Islamic Republic of),1126,Camels,1987,134000,E,,,,
112,400,Jordan,1126,Camels,1987,14320,A,,,,
136,478,Mauritania,1126,Camels,1987,840000,A,,,,
118,414,Kuwait,1126,Camels,1987,7500,E,,,,
121,422,Lebanon,1126,Camels,1987,300,E,,,,
141,496,Mongolia,1126,Camels,1987,550700,A,,,,
158,562,Niger,1126,Camels,1987,1240680,A,,,,
206,736,Sudan (former),1126,Camels,1987,2705117,A,,,,
221,512,Oman,1126,Camels,1987,80000,E,,,,
228,810,USSR,1126,Camels,1987,260000,A,,,,
2,4,Afghanistan,1126,Camels,1987,300000,A,,,,
41,156,"China, mainland",1126,Camels,1987,504000,A,,,,
143,504,Morocco,1126,Camels,1987,40780,A,,,,
165,586,Pakistan,1126,Camels,1987,941000,A,,,,
223,792,Türkiye,1126,Camels,1987,2000,A,,,,
124,434,Libya,1126,Camels,1987,115000,A,,,,
249,887,Yemen,1126,Camels,1987,153000,A,,,,
72,262,Djibouti,1126,Camels,1987,56000,X,,,,
4,12,Algeria,1126,Camels,1987,134230,A,,,,
222,788,Tunisia,1126,Camels,1987,220000,E,,,,
13,48,Bahrain,1126,Camels,1987,850,E,,,,
194,682,Saudi Arabia,1126,Camels,1987,396626,A,,,,
225,784,United Arab Emirates,1126,Camels,1987,92113,A,,,,
179,634,Qatar,1126,Camels,1987,22481,A,,,,
39,148,Chad,1126,Camels,1987,1076000,E,,,,
59,818,Egypt,1126,Camels,1987,82000,E,,,,
159,566,Nigeria,1126,Camels,1987,18000,E,,,,
195,686,Senegal,1126,Camels,1987,7000,A,,,,
62,230,Ethiopia PDR,1126,Camels,1987,1020000,E,,,,
105,376,Israel,1126,Camels,1987,5500,E,,,,
103,368,Iraq,1126,Camels,1987,45000,E,,,,
201,706,Somalia,1126,Camels,1987,6601000,A,,,,
212,760,Syrian Arab Republic,1126,Camels,1987,4541,A,,,,
41,156,"China, mainland",1126,Camels,1988,475000,A,,,,
121,422,Lebanon,1126,Camels,1988,350,E,,,,
100,356,India,1126,Camels,1988,1006000,X,,,,
143,504,Morocco,1126,Camels,1988,35597,A,,,,
165,586,Pakistan,1126,Camels,1988,996000,A,,,,
221,512,Oman,1126,Camels,1988,82000,E,,,,
102,364,Iran (Islamic Republic of),1126,Camels,1988,132000,E,,,,
124,434,Libya,1126,Camels,1988,120000,A,,,,
195,686,Senegal,1126,Camels,1988,15000,A,,,,
39,148,Chad,1126,Camels,1988,1147000,E,,,,
133,466,Mali,1126,Camels,1988,231138,A,,,,
4,12,Algeria,1126,Camels,1988,113900,A,,,,
13,48,Bahrain,1126,Camels,1988,860,E,,,,
62,230,Ethiopia PDR,1126,Camels,1988,1030000,E,,,,
249,887,Yemen,1126,Camels,1988,161600,A,,,,
223,792,Türkiye,1126,Camels,1988,3000,A,,,,
2,4,Afghanistan,1126,Camels,1988,265000,E,,,,
141,496,Mongolia,1126,Camels,1988,546600,A,,,,
59,818,Egypt,1126,Camels,1988,128000,E,,,,
179,634,Qatar,1126,Camels,1988,22706,A,,,,
194,682,Saudi Arabia,1126,Camels,1988,390250,A,,,,
114,404,Kenya,1126,Camels,1988,800000,E,,,,
159,566,Nigeria,1126,Camels,1988,18000,E,,,,
225,784,United Arab Emirates,1126,Camels,1988,98561,A,,,,
222,788,Tunisia,1126,Camels,1988,250000,E,,,,
103,368,Iraq,1126,Camels,1988,50000,E,,,,
105,376,Israel,1126,Camels,1988,5000,E,,,,
118,414,Kuwait,1126,Camels,1988,7700,E,,,,
72,262,Djibouti,1126,Camels,1988,58000,E,,,,
112,400,Jordan,1126,Camels,1988,18254,A,,,,
201,706,Somalia,1126,Camels,1988,6841000,A,,,,
212,760,Syrian Arab Republic,1126,Camels,1988,4000,A,,,,
158,562,Niger,1126,Camels,1988,1256810,A,,,,
228,810,USSR,1126,Camels,1988,300000,A,,,,
136,478,Mauritania,1126,Camels,1988,870000,A,,,,
206,736,Sudan (former),1126,Camels,1988,2722427,A,,,,
233,854,Burkina Faso,1126,Camels,1988,12000,A,,,,
62,230,Ethiopia PDR,1126,Camels,1989,1040000,E,,,,
72,262,Djibouti,1126,Camels,1989,58000,E,,,,
158,562,Niger,1126,Camels,1989,1273150,A,,,,
179,634,Qatar,1126,Camels,1989,23387,A,,,,
222,788,Tunisia,1126,Camels,1989,240000,E,,,,
228,810,USSR,1126,Camels,1989,300000,E,,,,
103,368,Iraq,1126,Camels,1989,57000,E,,,,
194,682,Saudi Arabia,1126,Camels,1989,406073,A,,,,
136,478,Mauritania,1126,Camels,1989,910000,A,,,,
143,504,Morocco,1126,Camels,1989,34000,E,,,,
41,156,"China, mainland",1126,Camels,1989,472000,A,,,,
105,376,Israel,1126,Camels,1989,5000,E,,,,
124,434,Libya,1126,Camels,1989,130000,A,,,,
225,784,United Arab Emirates,1126,Camels,1989,105460,A,,,,
112,400,Jordan,1126,Camels,1989,18254,A,,,,
118,414,Kuwait,1126,Camels,1989,8000,E,,,,
206,736,Sudan (former),1126,Camels,1989,2731799,A,,,,
212,760,Syrian Arab Republic,1126,Camels,1989,3100,A,,,,
159,566,Nigeria,1126,Camels,1989,18000,E,,,,
165,586,Pakistan,1126,Camels,1989,1015000,A,,,,
249,887,Yemen,1126,Camels,1989,169790,A,,,,
39,148,Chad,1126,Camels,1989,1222000,E,,,,
195,686,Senegal,1126,Camels,1989,7000,A,,,,
100,356,India,1126,Camels,1989,1012000,X,,,,
223,792,Türkiye,1126,Camels,1989,2000,A,,,,
4,12,Algeria,1126,Camels,1989,121730,A,,,,
201,706,Somalia,1126,Camels,1989,6900000,E,,,,
221,512,Oman,1126,Camels,1989,83000,E,,,,
233,854,Burkina Faso,1126,Camels,1989,12000,A,,,,
2,4,Afghanistan,1126,Camels,1989,235000,E,,,,
102,364,Iran (Islamic Republic of),1126,Camels,1989,130000,A,,,,
114,404,Kenya,1126,Camels,1989,830000,E,,,,
141,496,Mongolia,1126,Camels,1989,552900,A,,,,
13,48,Bahrain,1126,Camels,1989,860,E,,,,
59,818,Egypt,1126,Camels,1989,135963,A,,,,
133,466,Mali,1126,Camels,1989,200870,A,,,,
121,422,Lebanon,1126,Camels,1989,450,E,,,,
62,230,Ethiopia PDR,1126,Camels,1990,1050000,E,,,,
102,364,Iran (Islamic Republic of),1126,Camels,1990,142994,A,,,,
133,466,Mali,1126,Camels,1990,245000,A,,,,
100,356,India,1126,Camels,1990,1018000,X,,,,
112,400,Jordan,1126,Camels,1990,16000,E,,,,
136,478,Mauritania,1126,Camels,1990,950000,A,,,,
158,562,Niger,1126,Camels,1990,1289700,A,,,,
249,887,Yemen,1126,Camels,1990,231000,E,,,,
179,634,Qatar,1126,Camels,1990,26787,A,,,,
228,810,USSR,1126,Camels,1990,263000,E,,,,
118,414,Kuwait,1126,Camels,1990,6000,E,,,,
194,682,Saudi Arabia,1126,Camels,1990,405916,A,,,,
195,686,Senegal,1126,Camels,1990,5000,A,,,,
201,706,Somalia,1126,Camels,1990,6700000,E,,,,
225,784,United Arab Emirates,1126,Camels,1990,112842,A,,,,
41,156,"China, mainland",1126,Camels,1990,475000,A,,,,
165,586,Pakistan,1126,Camels,1990,1035000,A,,,,
212,760,Syrian Arab Republic,1126,Camels,1990,4600,A,,,,
222,788,Tunisia,1126,Camels,1990,230000,E,,,,
223,792,Türkiye,1126,Camels,1990,2000,A,,,,
105,376,Israel,1126,Camels,1990,5000,E,,,,
114,404,Kenya,1126,Camels,1990,850000,E,,,,
4,12,Algeria,1126,Camels,1990,122450,A,,,,
141,496,Mongolia,1126,Camels,1990,558300,A,,,,
72,262,Djibouti,1126,Camels,1990,58800,E,,,,
39,148,Chad,1126,Camels,1990,1303000,E,,,,
159,566,Nigeria,1126,Camels,1990,18000,E,,,,
2,4,Afghanistan,1126,Camels,1990,215000,E,,,,
143,504,Morocco,1126,Camels,1990,33775,A,,,,
13,48,Bahrain,1126,Camels,1990,850,E,,,,
121,422,Lebanon,1126,Camels,1990,550,E,,,,
124,434,Libya,1126,Camels,1990,140000,A,,,,
206,736,Sudan (former),1126,Camels,1990,2741633,A,,,,
59,818,Egypt,1126,Camels,1990,126000,E,,,,
103,368,Iraq,1126,Camels,1990,59000,E,,,,
221,512,Oman,1126,Camels,1990,87000,E,,,,
233,854,Burkina Faso,1126,Camels,1990,12182,E,,,,
13,48,Bahrain,1126,Camels,1991,850,E,,,,
2,4,Afghanistan,1126,Camels,1991,200000,E,,,,
112,400,Jordan,1126,Camels,1991,16000,E,,,,
103,368,Iraq,1126,Camels,1991,14000,E,,,,
133,466,Mali,1126,Camels,1991,183068,A,,,,
121,422,Lebanon,1126,Camels,1991,630,A,,,,
136,478,Mauritania,1126,Camels,1991,990000,A,,,,
212,760,Syrian Arab Republic,1126,Camels,1991,5000,A,,,,
4,12,Algeria,1126,Camels,1991,126270,A,,,,
141,496,Mongolia,1126,Camels,1991,537500,A,,,,
223,792,Türkiye,1126,Camels,1991,1914,A,,,,
249,887,Yemen,1126,Camels,1991,219000,E,,,,
124,434,Libya,1126,Camels,1991,135000,E,,,,
39,148,Chad,1126,Camels,1991,1389000,E,,,,
62,230,Ethiopia PDR,1126,Camels,1991,1060000,E,,,,
195,686,Senegal,1126,Camels,1991,5000,A,,,,
221,512,Oman,1126,Camels,1991,90000,E,,,,
102,364,Iran (Islamic Republic of),1126,Camels,1991,142994,A,,,,
105,376,Israel,1126,Camels,1991,5000,E,,,,
118,414,Kuwait,1126,Camels,1991,300,E,,,,
165,586,Pakistan,1126,Camels,1991,1056000,A,,,,
206,736,Sudan (former),1126,Camels,1991,2756982,A,,,,
222,788,Tunisia,1126,Camels,1991,230000,E,,,,
225,784,United Arab Emirates,1126,Camels,1991,120740,A,,,,
41,156,"China, mainland",1126,Camels,1991,463000,A,,,,
114,404,Kenya,1126,Camels,1991,800000,E,,,,
159,566,Nigeria,1126,Camels,1991,18000,E,,,,
233,854,Burkina Faso,1126,Camels,1991,12366,E,,,,
59,818,Egypt,1126,Camels,1991,147365,A,,,,
201,706,Somalia,1126,Camels,1991,6200000,E,,,,
228,810,USSR,1126,Camels,1991,263000,E,,,,
100,356,India,1126,Camels,1991,1024000,X,,,,
179,634,Qatar,1126,Camels,1991,32461,A,,,,
72,262,Djibouti,1126,Camels,1991,59700,E,,,,
143,504,Morocco,1126,Camels,1991,32563,A,,,,
194,682,Saudi Arabia,1126,Camels,1991,405261,A,,,,
147,516,Namibia,1126,Camels,1991,,M,,,,
158,562,Niger,1126,Camels,1991,1306470,A,,,,
100,356,India,1126,Camels,1992,1031000,A,,,,
121,422,Lebanon,1126,Camels,1992,600,E,,,,
233,854,Burkina Faso,1126,Camels,1992,12554,E,,,,
2,4,Afghanistan,1126,Camels,1992,200000,E,,,,
52,31,Azerbaijan,1126,Camels,1992,200,A,,,,
133,466,Mali,1126,Camels,1992,194717,A,,,,
235,860,Uzbekistan,1126,Camels,1992,23100,A,,,,
113,417,Kyrgyzstan,1126,Camels,1992,500,E,,,,
118,414,Kuwait,1126,Camels,1992,1500,E,,,,
112,400,Jordan,1126,Camels,1992,15000,E,,,,
41,156,"China, mainland",1126,Camels,1992,441000,A,,,,
143,504,Morocco,1126,Camels,1992,38845,A,,,,
159,566,Nigeria,1126,Camels,1992,18000,E,,,,
62,230,Ethiopia PDR,1126,Camels,1992,1070000,E,,,,
141,496,Mongolia,1126,Camels,1992,476000,A,,,,
194,682,Saudi Arabia,1126,Camels,1992,409788,A,,,,
72,262,Djibouti,1126,Camels,1992,61000,E,,,,
114,404,Kenya,1126,Camels,1992,750000,E,,,,
213,795,Turkmenistan,1126,Camels,1992,100000,E,,,,
4,12,Algeria,1126,Camels,1992,114300,A,,,,
102,364,Iran (Islamic Republic of),1126,Camels,1992,143000,A,,,,
185,643,Russian Federation,1126,Camels,1992,10000,A,,,,
39,148,Chad,1126,Camels,1992,1480000,E,,,,
165,586,Pakistan,1126,Camels,1992,1076000,A,,,,
195,686,Senegal,1126,Camels,1992,5000,A,,,,
208,762,Tajikistan,1126,Camels,1992,50,E,,,,
59,818,Egypt,1126,Camels,1992,160000,E,,,,
103,368,Iraq,1126,Camels,1992,10000,E,,,,
136,478,Mauritania,1126,Camels,1992,1080000,A,,,,
206,736,Sudan (former),1126,Camels,1992,2787000,X,,,,
201,706,Somalia,1126,Camels,1992,5800000,E,,,,
13,48,Bahrain,1126,Camels,1992,850,E,,,,
221,512,Oman,1126,Camels,1992,92000,E,,,,
225,784,United Arab Emirates,1126,Camels,1992,129193,A,,,,
249,887,Yemen,1126,Camels,1992,223000,E,,,,
147,516,Namibia,1126,Camels,1992,,M,,,,
222,788,Tunisia,1126,Camels,1992,230000,E,,,,
105,376,Israel,1126,Camels,1992,5000,E,,,,
158,562,Niger,1126,Camels,1992,1323450,A,,,,
108,398,Kazakhstan,1126,Camels,1992,145100,A,,,,
124,434,Libya,1126,Camels,1992,125000,E,,,,
212,760,Syrian Arab Republic,1126,Camels,1992,5871,X,,,,
179,634,Qatar,1126,Camels,1992,37835,A,,,,
223,792,Türkiye,1126,Camels,1992,1900,A,,,,
230,804,Ukraine,1126,Camels,1992,,M,,,,
113,417,Kyrgyzstan,1126,Camels,1993,500,E,,,,
165,586,Pakistan,1126,Camels,1993,1097000,A,,,,
223,792,Türkiye,1126,Camels,1993,2000,A,,,,
2,4,Afghanistan,1126,Camels,1993,200000,E,,,,
235,860,Uzbekistan,1126,Camels,1993,23000,A,,,,
100,356,India,1126,Camels,1993,1030000,E,,,,
102,364,Iran (Islamic Republic of),1126,Camels,1993,143000,A,,,,
112,400,Jordan,1126,Camels,1993,14000,E,,,,
133,466,Mali,1126,Camels,1993,208649,A,,,,
159,566,Nigeria,1126,Camels,1993,18000,E,,,,
194,682,Saudi Arabia,1126,Camels,1993,412629,A,,,,
230,804,Ukraine,1126,Camels,1993,,M,,,,
233,854,Burkina Faso,1126,Camels,1993,12744,E,,,,
41,156,"China, mainland",1126,Camels,1993,401000,A,,,,
103,368,Iraq,1126,Camels,1993,8000,E,,,,
105,376,Israel,1126,Camels,1993,5000,E,,,,
221,512,Oman,1126,Camels,1993,94000,E,,,,
121,422,Lebanon,1126,Camels,1993,550,E,,,,
225,784,United Arab Emirates,1126,Camels,1993,138235,A,,,,
52,31,Azerbaijan,1126,Camels,1993,200,A,,,,
208,762,Tajikistan,1126,Camels,1993,60,E,,,,
213,795,Turkmenistan,1126,Camels,1993,100000,E,,,,
238,231,Ethiopia,1126,Camels,1993,320000,E,,,,
124,434,Libya,1126,Camels,1993,115000,E,,,,
249,887,Yemen,1126,Camels,1993,227000,E,,,,
114,404,Kenya,1126,Camels,1993,724700,A,,,,
118,414,Kuwait,1126,Camels,1993,3000,E,,,,
141,496,Mongolia,1126,Camels,1993,415200,A,,,,
195,686,Senegal,1126,Camels,1993,5000,A,,,,
13,48,Bahrain,1126,Camels,1993,860,E,,,,
136,478,Mauritania,1126,Camels,1993,1091000,A,,,,
147,516,Namibia,1126,Camels,1993,,M,,,,
178,232,Eritrea,1126,Camels,1993,312500,E,,,,
185,643,Russian Federation,1126,Camels,1993,10300,A,,,,
206,736,Sudan (former),1126,Camels,1993,2849000,X,,,,
212,760,Syrian Arab Republic,1126,Camels,1993,5400,A,,,,
108,398,Kazakhstan,1126,Camels,1993,148800,A,,,,
158,562,Niger,1126,Camels,1993,1340660,A,,,,
201,706,Somalia,1126,Camels,1993,5900000,E,,,,
72,262,Djibouti,1126,Camels,1993,62000,E,,,,
179,634,Qatar,1126,Camels,1993,42906,A,,,,
222,788,Tunisia,1126,Camels,1993,232000,E,,,,
4,12,Algeria,1126,Camels,1993,114380,A,,,,
39,148,Chad,1126,Camels,1993,1578000,E,,,,
143,504,Morocco,1126,Camels,1993,36248,A,,,,
59,818,Egypt,1126,Camels,1993,110000,E,,,,
108,398,Kazakhstan,1126,Camels,1994,154800,A,,,,
194,682,Saudi Arabia,1126,Camels,1994,415468,A,,,,
39,148,Chad,1126,Camels,1994,1681000,E,,,,
105,376,Israel,1126,Camels,1994,5000,E,,,,
136,478,Mauritania,1126,Camels,1994,1102000,A,,,,
147,516,Namibia,1126,Camels,1994,,M,,,,
158,562,Niger,1126,Camels,1994,1358080,A,,,,
230,804,Ukraine,1126,Camels,1994,,M,,,,
133,466,Mali,1126,Camels,1994,224981,A,,,,
41,156,"China, mainland",1126,Camels,1994,373000,A,,,,
249,887,Yemen,1126,Camels,1994,226000,E,,,,
13,48,Bahrain,1126,Camels,1994,880,E,,,,
114,404,Kenya,1126,Camels,1994,762500,A,,,,
178,232,Eritrea,1126,Camels,1994,314080,E,,,,
235,860,Uzbekistan,1126,Camels,1994,22900,A,,,,
52,31,Azerbaijan,1126,Camels,1994,200,A,,,,
225,784,United Arab Emirates,1126,Camels,1994,147912,A,,,,
118,414,Kuwait,1126,Camels,1994,3200,E,,,,
124,434,Libya,1126,Camels,1994,100000,X,,,,
213,795,Turkmenistan,1126,Camels,1994,100000,E,,,,
222,788,Tunisia,1126,Camels,1994,232000,E,,,,
238,231,Ethiopia,1126,Camels,1994,335000,E,,,,
102,364,Iran (Islamic Republic of),1126,Camels,1994,143000,A,,,,
121,422,Lebanon,1126,Camels,1994,530,X,,,,
233,854,Burkina Faso,1126,Camels,1994,12937,E,,,,
4,12,Algeria,1126,Camels,1994,114120,A,,,,
103,368,Iraq,1126,Camels,1994,6400,E,,,,
59,818,Egypt,1126,Camels,1994,132803,A,,,,
100,356,India,1126,Camels,1994,1030000,E,,,,
159,566,Nigeria,1126,Camels,1994,18000,E,,,,
195,686,Senegal,1126,Camels,1994,5000,A,,,,
72,262,Djibouti,1126,Camels,1994,63020,X,,,,
112,400,Jordan,1126,Camels,1994,13000,E,,,,
165,586,Pakistan,1126,Camels,1994,1119000,A,,,,
208,762,Tajikistan,1126,Camels,1994,60,E,,,,
2,4,Afghanistan,1126,Camels,1994,200000,E,,,,
201,706,Somalia,1126,Camels,1994,6000000,A,,,,
212,760,Syrian Arab Republic,1126,Camels,1994,6499,A,,,,
185,643,Russian Federation,1126,Camels,1994,10400,A,,,,
141,496,Mongolia,1126,Camels,1994,367700,A,,,,
179,634,Qatar,1126,Camels,1994,46151,A,,,,
113,417,Kyrgyzstan,1126,Camels,1994,500,E,,,,
143,504,Morocco,1126,Camels,1994,37000,E,,,,
221,512,Oman,1126,Camels,1994,94200,E,,,,
206,736,Sudan (former),1126,Camels,1994,2886000,A,,,,
223,792,Türkiye,1126,Camels,1994,2000,A,,,,
141,496,Mongolia,1126,Camels,1995,366100,A,,,,
143,504,Morocco,1126,Camels,1995,38000,E,,,,
213,795,Turkmenistan,1126,Camels,1995,100000,E,,,,
102,364,Iran (Islamic Republic of),1126,Camels,1995,143000,A,,,,
221,512,Oman,1126,Camels,1995,94400,E,,,,
165,586,Pakistan,1126,Camels,1995,1141000,A,,,,
185,643,Russian Federation,1126,Camels,1995,10500,E,,,,
39,148,Chad,1126,Camels,1995,1792000,E,,,,
100,356,India,1126,Camels,1995,1030000,E,,,,
225,784,United Arab Emirates,1126,Camels,1995,158264,A,,,,
72,262,Djibouti,1126,Camels,1995,64010,X,,,,
136,478,Mauritania,1126,Camels,1995,1113000,A,,,,
194,682,Saudi Arabia,1126,Camels,1995,421700,A,,,,
147,516,Namibia,1126,Camels,1995,,M,,,,
212,760,Syrian Arab Republic,1126,Camels,1995,6711,A,,,,
195,686,Senegal,1126,Camels,1995,5000,A,,,,
206,736,Sudan (former),1126,Camels,1995,2903000,A,,,,
223,792,Türkiye,1126,Camels,1995,2000,A,,,,
59,818,Egypt,1126,Camels,1995,131000,X,,,,
178,232,Eritrea,1126,Camels,1995,315660,E,,,,
238,231,Ethiopia,1126,Camels,1995,345000,E,,,,
124,434,Libya,1126,Camels,1995,101000,X,,,,
222,788,Tunisia,1126,Camels,1995,232000,E,,,,
52,31,Azerbaijan,1126,Camels,1995,100,A,,,,
113,417,Kyrgyzstan,1126,Camels,1995,500,E,,,,
121,422,Lebanon,1126,Camels,1995,490,X,,,,
133,466,Mali,1126,Camels,1995,244023,A,,,,
235,860,Uzbekistan,1126,Camels,1995,22900,A,,,,
2,4,Afghanistan,1126,Camels,1995,201000,X,,,,
41,156,"China, mainland",1126,Camels,1995,356000,A,,,,
230,804,Ukraine,1126,Camels,1995,,M,,,,
114,404,Kenya,1126,Camels,1995,787700,A,,,,
13,48,Bahrain,1126,Camels,1995,900,E,,,,
105,376,Israel,1126,Camels,1995,5000,E,,,,
118,414,Kuwait,1126,Camels,1995,3400,E,,,,
158,562,Niger,1126,Camels,1995,1375740,A,,,,
179,634,Qatar,1126,Camels,1995,48483,A,,,,
4,12,Algeria,1126,Camels,1995,126350,A,,,,
233,854,Burkina Faso,1126,Camels,1995,13133,E,,,,
103,368,Iraq,1126,Camels,1995,5400,X,,,,
159,566,Nigeria,1126,Camels,1995,14881,A,,,,
201,706,Somalia,1126,Camels,1995,6100000,E,,,,
249,887,Yemen,1126,Camels,1995,231000,E,,,,
108,398,Kazakhstan,1126,Camels,1995,141200,A,,,,
112,400,Jordan,1126,Camels,1995,11000,E,,,,
208,762,Tajikistan,1126,Camels,1995,50,E,,,,
121,422,Lebanon,1126,Camels,1996,470,E,,,,
124,434,Libya,1126,Camels,1996,100000,X,,,,
165,586,Pakistan,1126,Camels,1996,816000,A,,,,
59,818,Egypt,1126,Camels,1996,130620,X,,,,
112,400,Jordan,1126,Camels,1996,10000,E,,,,
108,398,Kazakhstan,1126,Camels,1996,130500,A,,,,
212,760,Syrian Arab Republic,1126,Camels,1996,7132,A,,,,
223,792,Türkiye,1126,Camels,1996,2000,A,,,,
185,643,Russian Federation,1126,Camels,1996,10800,E,,,,
208,762,Tajikistan,1126,Camels,1996,60,E,,,,
222,788,Tunisia,1126,Camels,1996,232000,E,,,,
105,376,Israel,1126,Camels,1996,5000,E,,,,
147,516,Namibia,1126,Camels,1996,,M,,,,
206,736,Sudan (former),1126,Camels,1996,2915000,A,,,,
41,156,"China, mainland",1126,Camels,1996,351000,A,,,,
136,478,Mauritania,1126,Camels,1996,1113000,A,,,,
72,262,Djibouti,1126,Camels,1996,64990,X,,,,
133,466,Mali,1126,Camels,1996,266153,A,,,,
230,804,Ukraine,1126,Camels,1996,,M,,,,
235,860,Uzbekistan,1126,Camels,1996,22600,A,,,,
159,566,Nigeria,1126,Camels,1996,19105,A,,,,
238,231,Ethiopia,1126,Camels,1996,355000,E,,,,
2,4,Afghanistan,1126,Camels,1996,221000,X,,,,
13,48,Bahrain,1126,Camels,1996,910,E,,,,
233,854,Burkina Faso,1126,Camels,1996,13332,E,,,,
114,404,Kenya,1126,Camels,1996,795600,A,,,,
113,417,Kyrgyzstan,1126,Camels,1996,500,E,,,,
179,634,Qatar,1126,Camels,1996,49388,A,,,,
194,682,Saudi Arabia,1126,Camels,1996,423504,A,,,,
213,795,Turkmenistan,1126,Camels,1996,100000,E,,,,
141,496,Mongolia,1126,Camels,1996,367500,A,,,,
195,686,Senegal,1126,Camels,1996,5000,A,,,,
100,356,India,1126,Camels,1996,1030000,E,,,,
39,148,Chad,1126,Camels,1996,1910000,E,,,,
158,562,Niger,1126,Camels,1996,1393620,A,,,,
225,784,United Arab Emirates,1126,Camels,1996,169342,A,,,,
118,414,Kuwait,1126,Camels,1996,3500,E,,,,
178,232,Eritrea,1126,Camels,1996,317250,E,,,,
221,512,Oman,1126,Camels,1996,94700,E,,,,
4,12,Algeria,1126,Camels,1996,136000,A,,,,
52,31,Azerbaijan,1126,Camels,1996,100,A,,,,
102,364,Iran (Islamic Republic of),1126,Camels,1996,143000,A,,,,
249,887,Yemen,1126,Camels,1996,236000,E,,,,
143,504,Morocco,1126,Camels,1996,36000,E,,,,
201,706,Somalia,1126,Camels,1996,6200000,E,,,,
103,368,Iraq,1126,Camels,1996,5000,E,,,,
52,31,Azerbaijan,1126,Camels,1997,200,A,,,,
195,686,Senegal,1126,Camels,1997,4000,A,,,,
39,148,Chad,1126,Camels,1997,2036000,E,,,,
102,364,Iran (Islamic Republic of),1126,Camels,1997,143000,A,,,,
118,414,Kuwait,1126,Camels,1997,3600,E,,,,
141,496,Mongolia,1126,Camels,1997,357900,A,,,,
194,682,Saudi Arabia,1126,Camels,1997,426015,A,,,,
208,762,Tajikistan,1126,Camels,1997,50,E,,,,
221,512,Oman,1126,Camels,1997,95000,E,,,,
72,262,Djibouti,1126,Camels,1997,65000,E,,,,
114,404,Kenya,1126,Camels,1997,791600,A,,,,
112,400,Jordan,1126,Camels,1997,8000,E,,,,
147,516,Namibia,1126,Camels,1997,,M,,,,
159,566,Nigeria,1126,Camels,1997,20000,E,,,,
212,760,Syrian Arab Republic,1126,Camels,1997,7495,A,,,,
223,792,Türkiye,1126,Camels,1997,1400,A,,,,
222,788,Tunisia,1126,Camels,1997,232000,E,,,,
13,48,Bahrain,1126,Camels,1997,910,E,,,,
113,417,Kyrgyzstan,1126,Camels,1997,480,E,,,,
143,504,Morocco,1126,Camels,1997,36000,E,,,,
4,12,Algeria,1126,Camels,1997,150870,A,,,,
41,156,"China, mainland",1126,Camels,1997,349000,A,,,,
108,398,Kazakhstan,1126,Camels,1997,111200,A,,,,
178,232,Eritrea,1126,Camels,1997,318840,E,,,,
206,736,Sudan (former),1126,Camels,1997,2936000,A,,,,
100,356,India,1126,Camels,1997,912000,A,,,,
2,4,Afghanistan,1126,Camels,1997,242000,X,,,,
124,434,Libya,1126,Camels,1997,65000,E,,,,
225,784,United Arab Emirates,1126,Camels,1997,181194,A,,,,
235,860,Uzbekistan,1126,Camels,1997,20200,A,,,,
105,376,Israel,1126,Camels,1997,5000,E,,,,
121,422,Lebanon,1126,Camels,1997,460,E,,,,
179,634,Qatar,1126,Camels,1997,49809,A,,,,
238,231,Ethiopia,1126,Camels,1997,365000,E,,,,
158,562,Niger,1126,Camels,1997,1411740,A,,,,
230,804,Ukraine,1126,Camels,1997,,M,,,,
249,887,Yemen,1126,Camels,1997,240000,A,,,,
136,478,Mauritania,1126,Camels,1997,1162000,A,,,,
213,795,Turkmenistan,1126,Camels,1997,100000,E,,,,
233,854,Burkina Faso,1126,Camels,1997,13534,E,,,,
165,586,Pakistan,1126,Camels,1997,803000,A,,,,
103,368,Iraq,1126,Camels,1997,6500,E,,,,
133,466,Mali,1126,Camels,1997,291843,A,,,,
185,643,Russian Federation,1126,Camels,1997,11000,E,,,,
59,818,Egypt,1126,Camels,1997,128000,E,,,,
201,706,Somalia,1126,Camels,1997,6300000,E,,,,
159,566,Nigeria,1126,Camels,1998,40000,E,,,,
208,762,Tajikistan,1126,Camels,1998,50,E,,,,
178,232,Eritrea,1126,Camels,1998,320440,E,,,,
221,512,Oman,1126,Camels,1998,96000,E,,,,
222,788,Tunisia,1126,Camels,1998,232000,E,,,,
233,854,Burkina Faso,1126,Camels,1998,13739,E,,,,
206,736,Sudan (former),1126,Camels,1998,2974000,A,,,,
102,364,Iran (Islamic Republic of),1126,Camels,1998,143000,A,,,,
179,634,Qatar,1126,Camels,1998,50077,A,,,,
141,496,Mongolia,1126,Camels,1998,355400,A,,,,
223,792,Türkiye,1126,Camels,1998,1400,A,,,,
39,148,Chad,1126,Camels,1998,2170000,E,,,,
105,376,Israel,1126,Camels,1998,5300,E,,,,
113,417,Kyrgyzstan,1126,Camels,1998,450,E,,,,
13,48,Bahrain,1126,Camels,1998,920,E,,,,
103,368,Iraq,1126,Camels,1998,8000,E,,,,
114,404,Kenya,1126,Camels,1998,799500,A,,,,
143,504,Morocco,1126,Camels,1998,36000,E,,,,
165,586,Pakistan,1126,Camels,1998,794000,A,,,,
213,795,Turkmenistan,1126,Camels,1998,100000,E,,,,
2,4,Afghanistan,1126,Camels,1998,265000,X,,,,
4,12,Algeria,1126,Camels,1998,154310,A,,,,
201,706,Somalia,1126,Camels,1998,6600000,E,,,,
136,478,Mauritania,1126,Camels,1998,1185000,A,,,,
238,231,Ethiopia,1126,Camels,1998,375000,E,,,,
133,466,Mali,1126,Camels,1998,321645,A,,,,
158,562,Niger,1126,Camels,1998,1430100,A,,,,
225,784,United Arab Emirates,1126,Camels,1998,193877,A,,,,
41,156,"China, mainland",1126,Camels,1998,350000,A,,,,
108,398,Kazakhstan,1126,Camels,1998,97100,A,,,,
118,414,Kuwait,1126,Camels,1998,4500,E,,,,
185,643,Russian Federation,1126,Camels,1998,11000,E,,,,
112,400,Jordan,1126,Camels,1998,6000,E,,,,
121,422,Lebanon,1126,Camels,1998,460,E,,,,
124,434,Libya,1126,Camels,1998,40000,E,,,,
195,686,Senegal,1126,Camels,1998,4000,A,,,,
212,760,Syrian Arab Republic,1126,Camels,1998,8936,A,,,,
249,887,Yemen,1126,Camels,1998,243000,A,,,,
194,682,Saudi Arabia,1126,Camels,1998,365241,A,,,,
72,262,Djibouti,1126,Camels,1998,65500,E,,,,
59,818,Egypt,1126,Camels,1998,125000,E,,,,
147,516,Namibia,1126,Camels,1998,,M,,,,
230,804,Ukraine,1126,Camels,1998,,M,,,,
235,860,Uzbekistan,1126,Camels,1998,17700,A,,,,
52,31,Azerbaijan,1126,Camels,1998,100,A,,,,
100,356,India,1126,Camels,1998,858000,A,,,,
59,818,Egypt,1126,Camels,1999,134000,A,,,,
118,414,Kuwait,1126,Camels,1999,3600,E,,,,
121,422,Lebanon,1126,Camels,1999,450,E,,,,
100,356,India,1126,Camels,1999,807000,A,,,,
112,400,Jordan,1126,Camels,1999,5000,A,,,,
143,504,Morocco,1126,Camels,1999,36000,E,,,,
201,706,Somalia,1126,Camels,1999,6925500,A,,,,
13,48,Bahrain,1126,Camels,1999,915,E,,,,
114,404,Kenya,1126,Camels,1999,811500,A,,,,
158,562,Niger,1126,Camels,1999,1448690,A,,,,
223,792,Türkiye,1126,Camels,1999,1350,A,,,,
39,148,Chad,1126,Camels,1999,2313000,E,,,,
41,156,"China, mainland",1126,Camels,1999,335000,A,,,,
178,232,Eritrea,1126,Camels,1999,322050,E,,,,
213,795,Turkmenistan,1126,Camels,1999,100000,E,,,,
222,788,Tunisia,1126,Camels,1999,232000,E,,,,
105,376,Israel,1126,Camels,1999,5300,E,,,,
159,566,Nigeria,1126,Camels,1999,60000,E,,,,
179,634,Qatar,1126,Camels,1999,50305,A,,,,
72,262,Djibouti,1126,Camels,1999,67790,A,,,,
195,686,Senegal,1126,Camels,1999,3900,A,,,,
212,760,Syrian Arab Republic,1126,Camels,1999,13330,A,,,,
238,231,Ethiopia,1126,Camels,1999,390000,E,,,,
2,4,Afghanistan,1126,Camels,1999,290384,A,,,,
4,12,Algeria,1126,Camels,1999,220000,A,,,,
133,466,Mali,1126,Camels,1999,356263,A,,,,
230,804,Ukraine,1126,Camels,1999,,M,,,,
235,860,Uzbekistan,1126,Camels,1999,17100,A,,,,
52,31,Azerbaijan,1126,Camels,1999,100,A,,,,
141,496,Mongolia,1126,Camels,1999,356500,A,,,,
102,364,Iran (Islamic Republic of),1126,Camels,1999,143000,A,,,,
124,434,Libya,1126,Camels,1999,42000,E,,,,
208,762,Tajikistan,1126,Camels,1999,60,E,,,,
221,512,Oman,1126,Camels,1999,117000,A,,,,
136,478,Mauritania,1126,Camels,1999,1304000,A,,,,
249,887,Yemen,1126,Camels,1999,246000,A,,,,
108,398,Kazakhstan,1126,Camels,1999,95800,A,,,,
113,417,Kyrgyzstan,1126,Camels,1999,450,E,,,,
185,643,Russian Federation,1126,Camels,1999,11000,E,,,,
225,784,United Arab Emirates,1126,Camels,1999,207446,A,,,,
147,516,Namibia,1126,Camels,1999,,M,,,,
194,682,Saudi Arabia,1126,Camels,1999,255475,A,,,,
206,736,Sudan (former),1126,Camels,1999,3031000,A,,,,
103,368,Iraq,1126,Camels,1999,8500,E,,,,
165,586,Pakistan,1126,Camels,1999,784000,A,,,,
233,854,Burkina Faso,1126,Camels,1999,13947,E,,,,
2,4,Afghanistan,1126,Camels,2000,224000,A,,,,
158,562,Niger,1126,Camels,2000,1467519,A,,,,
100,356,India,1126,Camels,2000,759000,A,,,,
113,417,Kyrgyzstan,1126,Camels,2000,350,E,,,,
147,516,Namibia,1126,Camels,2000,50,E,,,,
221,512,Oman,1126,Camels,2000,118900,A,,,,
235,860,Uzbekistan,1126,Camels,2000,16200,A,,,,
223,792,Türkiye,1126,Camels,2000,1000,A,,,,
201,706,Somalia,1126,Camels,2000,7001600,A,,,,
212,760,Syrian Arab Republic,1126,Camels,2000,13368,A,,,,
52,31,Azerbaijan,1126,Camels,2000,100,A,,,,
59,818,Egypt,1126,Camels,2000,141000,A,,,,
143,504,Morocco,1126,Camels,2000,36000,E,,,,
195,686,Senegal,1126,Camels,2000,4000,A,,,,
208,762,Tajikistan,1126,Camels,2000,50,E,,,,
13,48,Bahrain,1126,Camels,2000,920,E,,,,
238,231,Ethiopia,1126,Camels,2000,400000,E,,,,
103,368,Iraq,1126,Camels,2000,9000,A,,,,
118,414,Kuwait,1126,Camels,2000,3462,A,,,,
230,804,Ukraine,1126,Camels,2000,,M,,,,
72,262,Djibouti,1126,Camels,2000,68820,A,,,,
108,398,Kazakhstan,1126,Camels,2000,96100,A,,,,
102,364,Iran (Islamic Republic of),1126,Camels,2000,144300,A,,,,
206,736,Sudan (former),1126,Camels,2000,3108000,A,,,,
124,434,Libya,1126,Camels,2000,44000,E,,,,
185,643,Russian Federation,1126,Camels,2000,10000,E,,,,
41,156,"China, mainland",1126,Camels,2000,330000,A,,,,
141,496,Mongolia,1126,Camels,2000,355600,A,,,,
165,586,Pakistan,1126,Camels,2000,775000,A,,,,
213,795,Turkmenistan,1126,Camels,2000,100000,E,,,,
249,887,Yemen,1126,Camels,2000,253000,A,,,,
4,12,Algeria,1126,Camels,2000,234170,A,,,,
159,566,Nigeria,1126,Camels,2000,80000,E,,,,
105,376,Israel,1126,Camels,2000,5300,E,,,,
194,682,Saudi Arabia,1126,Camels,2000,259483,A,,,,
133,466,Mali,1126,Camels,2000,396529,A,,,,
222,788,Tunisia,1126,Camels,2000,232000,E,,,,
233,854,Burkina Faso,1126,Camels,2000,14158,E,,,,
114,404,Kenya,1126,Camels,2000,717500,A,,,,
121,422,Lebanon,1126,Camels,2000,450,E,,,,
178,232,Eritrea,1126,Camels,2000,323670,E,,,,
179,634,Qatar,1126,Camels,2000,50814,A,,,,
136,478,Mauritania,1126,Camels,2000,1356000,A,,,,
225,784,United Arab Emirates,1126,Camels,2000,219713,A,,,,
112,400,Jordan,1126,Camels,2000,5900,A,,,,
39,148,Chad,1126,Camels,2000,2465000,E,,,,
4,12,Algeria,1126,Camels,2001,245490,A,,,,
39,148,Chad,1126,Camels,2001,2627000,E,,,,
103,368,Iraq,1126,Camels,2001,8000,A,,,,
179,634,Qatar,1126,Camels,2001,32829,A,,,,
222,788,Tunisia,1126,Camels,2001,235000,E,,,,
59,818,Egypt,1126,Camels,2001,134000,A,,,,
147,516,Namibia,1126,Camels,2001,50,E,,,,
230,804,Ukraine,1126,Camels,2001,,M,,,,
158,562,Niger,1126,Camels,2001,1486596,A,,,,
208,762,Tajikistan,1126,Camels,2001,60,E,,,,
133,466,Mali,1126,Camels,2001,443485,A,,,,
223,792,Türkiye,1126,Camels,2001,930,A,,,,
108,398,Kazakhstan,1126,Camels,2001,98200,A,,,,
113,417,Kyrgyzstan,1126,Camels,2001,300,E,,,,
121,422,Lebanon,1126,Camels,2001,440,E,,,,
201,706,Somalia,1126,Camels,2001,7078600,A,,,,
206,736,Sudan (former),1126,Camels,2001,3203000,A,,,,
141,496,Mongolia,1126,Camels,2001,322900,A,,,,
52,31,Azerbaijan,1126,Camels,2001,100,A,,,,
72,262,Djibouti,1126,Camels,2001,68820,A,,,,
178,232,Eritrea,1126,Camels,2001,325300,E,,,,
194,682,Saudi Arabia,1126,Camels,2001,255296,A,,,,
212,760,Syrian Arab Republic,1126,Camels,2001,12200,A,,,,
213,795,Turkmenistan,1126,Camels,2001,100000,E,,,,
238,231,Ethiopia,1126,Camels,2001,410000,E,,,,
118,414,Kuwait,1126,Camels,2001,4972,A,,,,
136,478,Mauritania,1126,Camels,2001,1411000,A,,,,
225,784,United Arab Emirates,1126,Camels,2001,232848,A,,,,
235,860,Uzbekistan,1126,Camels,2001,15400,A,,,,
41,156,"China, mainland",1126,Camels,2001,326000,A,,,,
124,434,Libya,1126,Camels,2001,45000,A,,,,
13,48,Bahrain,1126,Camels,2001,920,E,,,,
185,643,Russian Federation,1126,Camels,2001,5944,A,,,,
249,887,Yemen,1126,Camels,2001,264000,A,,,,
159,566,Nigeria,1126,Camels,2001,100000,E,,,,
233,854,Burkina Faso,1126,Camels,2001,15059,A,,,,
2,4,Afghanistan,1126,Camels,2001,224000,A,,,,
114,404,Kenya,1126,Camels,2001,819123,A,,,,
195,686,Senegal,1126,Camels,2001,4000,A,,,,
100,356,India,1126,Camels,2001,714000,A,,,,
102,364,Iran (Islamic Republic of),1126,Camels,2001,145600,A,,,,
105,376,Israel,1126,Camels,2001,5300,E,,,,
143,504,Morocco,1126,Camels,2001,37000,E,,,,
221,512,Oman,1126,Camels,2001,120800,A,,,,
165,586,Pakistan,1126,Camels,2001,767000,A,,,,
112,400,Jordan,1126,Camels,2001,5800,A,,,,
113,417,Kyrgyzstan,1126,Camels,2002,250,E,,,,
52,31,Azerbaijan,1126,Camels,2002,100,A,,,,
103,368,Iraq,1126,Camels,2002,10000,A,,,,
141,496,Mongolia,1126,Camels,2002,285200,A,,,,
249,887,Yemen,1126,Camels,2002,267000,A,,,,
102,364,Iran (Islamic Republic of),1126,Camels,2002,147000,A,,,,
158,562,Niger,1126,Camels,2002,1505922,A,,,,
178,232,Eritrea,1126,Camels,2002,326930,E,,,,
238,231,Ethiopia,1126,Camels,2002,420000,E,,,,
147,516,Namibia,1126,Camels,2002,70,E,,,,
179,634,Qatar,1126,Camels,2002,33064,A,,,,
206,736,Sudan (former),1126,Camels,2002,3342000,A,,,,
108,398,Kazakhstan,1126,Camels,2002,103800,A,,,,
208,762,Tajikistan,1126,Camels,2002,50,E,,,,
221,512,Oman,1126,Camels,2002,117800,A,,,,
233,854,Burkina Faso,1126,Camels,2002,15360,A,,,,
136,478,Mauritania,1126,Camels,2002,1467000,A,,,,
185,643,Russian Federation,1126,Camels,2002,6079,A,,,,
194,682,Saudi Arabia,1126,Camels,2002,252663,A,,,,
72,262,Djibouti,1126,Camels,2002,68882,A,,,,
105,376,Israel,1126,Camels,2002,5300,E,,,,
118,414,Kuwait,1126,Camels,2002,4833,A,,,,
201,706,Somalia,1126,Camels,2002,7156000,X,,,,
222,788,Tunisia,1126,Camels,2002,235000,E,,,,
213,795,Turkmenistan,1126,Camels,2002,100000,E,,,,
41,156,"China, mainland",1126,Camels,2002,279000,A,,,,
59,818,Egypt,1126,Camels,2002,127000,A,,,,
159,566,Nigeria,1126,Camels,2002,120000,E,,,,
4,12,Algeria,1126,Camels,2002,249690,A,,,,
100,356,India,1126,Camels,2002,672000,A,,,,
230,804,Ukraine,1126,Camels,2002,,M,,,,
13,48,Bahrain,1126,Camels,2002,920,E,,,,
121,422,Lebanon,1126,Camels,2002,440,E,,,,
112,400,Jordan,1126,Camels,2002,6000,E,,,,
124,434,Libya,1126,Camels,2002,46000,E,,,,
39,148,Chad,1126,Camels,2002,2800000,E,,,,
114,404,Kenya,1126,Camels,2002,846555,A,,,,
225,784,United Arab Emirates,1126,Camels,2002,245766,A,,,,
235,860,Uzbekistan,1126,Camels,2002,15100,A,,,,
195,686,Senegal,1126,Camels,2002,4000,A,,,,
133,466,Mali,1126,Camels,2002,590856,A,,,,
143,504,Morocco,1126,Camels,2002,38000,E,,,,
212,760,Syrian Arab Republic,1126,Camels,2002,12500,A,,,,
2,4,Afghanistan,1126,Camels,2002,175000,A,,,,
165,586,Pakistan,1126,Camels,2002,758000,A,,,,
223,792,Türkiye,1126,Camels,2002,887,A,,,,
158,562,Niger,1126,Camels,2003,1525499,A,,,,
118,414,Kuwait,1126,Camels,2003,5582,A,,,,
222,788,Tunisia,1126,Camels,2003,235000,E,,,,
249,887,Yemen,1126,Camels,2003,350000,A,,,,
179,634,Qatar,1126,Camels,2003,33723,A,,,,
223,792,Türkiye,1126,Camels,2003,808,A,,,,
13,48,Bahrain,1126,Camels,2003,920,E,,,,
178,232,Eritrea,1126,Camels,2003,328570,E,,,,
136,478,Mauritania,1126,Camels,2003,1511000,A,,,,
213,795,Turkmenistan,1126,Camels,2003,100000,E,,,,
100,356,India,1126,Camels,2003,632000,A,,,,
108,398,Kazakhstan,1126,Camels,2003,107500,A,,,,
195,686,Senegal,1126,Camels,2003,4008,A,,,,
105,376,Israel,1126,Camels,2003,5300,E,,,,
208,762,Tajikistan,1126,Camels,2003,60,E,,,,
114,404,Kenya,1126,Camels,2003,895094,A,,,,
121,422,Lebanon,1126,Camels,2003,440,E,,,,
238,231,Ethiopia,1126,Camels,2003,435000,E,,,,
52,31,Azerbaijan,1126,Camels,2003,224,A,,,,
113,417,Kyrgyzstan,1126,Camels,2003,202,A,,,,
165,586,Pakistan,1126,Camels,2003,751000,A,,,,
225,784,United Arab Emirates,1126,Camels,2003,258684,A,,,,
159,566,Nigeria,1126,Camels,2003,140000,E,,,,
212,760,Syrian Arab Republic,1126,Camels,2003,15200,A,,,,
233,854,Burkina Faso,1126,Camels,2003,14811,A,,,,
133,466,Mali,1126,Camels,2003,664654,A,,,,
2,4,Afghanistan,1126,Camels,2003,181000,A,,,,
102,364,Iran (Islamic Republic of),1126,Camels,2003,148000,A,,,,
124,434,Libya,1126,Camels,2003,47000,E,,,,
221,512,Oman,1126,Camels,2003,120200,A,,,,
230,804,Ukraine,1126,Camels,2003,600,E,,,,
235,860,Uzbekistan,1126,Camels,2003,15400,A,,,,
112,400,Jordan,1126,Camels,2003,6300,A,,,,
147,516,Namibia,1126,Camels,2003,80,E,,,,
201,706,Somalia,1126,Camels,2003,7200000,E,,,,
206,736,Sudan (former),1126,Camels,2003,3503000,A,,,,
39,148,Chad,1126,Camels,2003,2984000,E,,,,
59,818,Egypt,1126,Camels,2003,136000,A,,,,
103,368,Iraq,1126,Camels,2003,7000,A,,,,
141,496,Mongolia,1126,Camels,2003,253000,A,,,,
143,504,Morocco,1126,Camels,2003,39000,E,,,,
185,643,Russian Federation,1126,Camels,2003,6339,A,,,,
4,12,Algeria,1126,Camels,2003,253050,A,,,,
41,156,"China, mainland",1126,Camels,2003,264000,A,,,,
194,682,Saudi Arabia,1126,Camels,2003,254557,A,,,,
72,262,Djibouti,1126,Camels,2003,70000,E,,,,
108,398,Kazakhstan,1126,Camels,2004,114900,A,,,,
222,788,Tunisia,1126,Camels,2004,235000,E,,,,
235,860,Uzbekistan,1126,Camels,2004,15800,A,,,,
136,478,Mauritania,1126,Camels,2004,1556000,A,,,,
72,262,Djibouti,1126,Camels,2004,72000,E,,,,
158,562,Niger,1126,Camels,2004,1545331,A,,,,
178,232,Eritrea,1126,Camels,2004,330220,E,,,,
223,792,Türkiye,1126,Camels,2004,865,A,,,,
118,414,Kuwait,1126,Camels,2004,5040,A,,,,
221,512,Oman,1126,Camels,2004,116000,A,,,,
185,643,Russian Federation,1126,Camels,2004,6792,A,,,,
208,762,Tajikistan,1126,Camels,2004,50,E,,,,
4,12,Algeria,1126,Camels,2004,273140,A,,,,
143,504,Morocco,1126,Camels,2004,39000,E,,,,
213,795,Turkmenistan,1126,Camels,2004,100000,E,,,,
233,854,Burkina Faso,1126,Camels,2004,15103,A,,,,
102,364,Iran (Islamic Republic of),1126,Camels,2004,150000,A,,,,
114,404,Kenya,1126,Camels,2004,1193618,A,,,,
121,422,Lebanon,1126,Camels,2004,440,E,,,,
179,634,Qatar,1126,Camels,2004,34398,A,,,,
41,156,"China, mainland",1126,Camels,2004,265000,A,,,,
59,818,Egypt,1126,Camels,2004,135000,E,,,,
133,466,Mali,1126,Camels,2004,747670,A,,,,
159,566,Nigeria,1126,Camels,2004,160000,E,,,,
165,586,Pakistan,1126,Camels,2004,743000,A,,,,
238,231,Ethiopia,1126,Camels,2004,445000,E,,,,
230,804,Ukraine,1126,Camels,2004,600,E,,,,
2,4,Afghanistan,1126,Camels,2004,190000,A,,,,
194,682,Saudi Arabia,1126,Camels,2004,283911,A,,,,
13,48,Bahrain,1126,Camels,2004,920,E,,,,
39,148,Chad,1126,Camels,2004,3181000,E,,,,
112,400,Jordan,1126,Camels,2004,6100,A,,,,
52,31,Azerbaijan,1126,Camels,2004,201,A,,,,
100,356,India,1126,Camels,2004,601000,A,,,,
105,376,Israel,1126,Camels,2004,5300,E,,,,
201,706,Somalia,1126,Camels,2004,7210000,E,,,,
249,887,Yemen,1126,Camels,2004,353211,A,,,,
103,368,Iraq,1126,Camels,2004,7000,A,,,,
147,516,Namibia,1126,Camels,2004,113,A,,,,
206,736,Sudan (former),1126,Camels,2004,3724000,A,,,,
212,760,Syrian Arab Republic,1126,Camels,2004,20400,A,,,,
141,496,Mongolia,1126,Camels,2004,256700,A,,,,
113,417,Kyrgyzstan,1126,Camels,2004,434,A,,,,
124,434,Libya,1126,Camels,2004,48000,E,,,,
195,686,Senegal,1126,Camels,2004,4044,A,,,,
225,784,United Arab Emirates,1126,Camels,2004,270000,E,,,,
2,4,Afghanistan,1126,Camels,2005,188000,A,,,,
212,760,Syrian Arab Republic,1126,Camels,2005,23400,A,,,,
249,887,Yemen,1126,Camels,2005,357011,A,,,,
108,398,Kazakhstan,1126,Camels,2005,125700,A,,,,
221,512,Oman,1126,Camels,2005,117300,A,,,,
41,156,"China, mainland",1126,Camels,2005,262000,A,,,,
72,262,Djibouti,1126,Camels,2005,72000,E,,,,
113,417,Kyrgyzstan,1126,Camels,2005,276,A,,,,
121,422,Lebanon,1126,Camels,2005,440,E,,,,
100,356,India,1126,Camels,2005,572000,A,,,,
179,634,Qatar,1126,Camels,2005,13753,A,,,,
143,504,Morocco,1126,Camels,2005,40000,E,,,,
194,682,Saudi Arabia,1126,Camels,2005,272700,A,,,,
225,784,United Arab Emirates,1126,Camels,2005,341395,A,,,,
39,148,Chad,1126,Camels,2005,3390000,E,,,,
136,478,Mauritania,1126,Camels,2005,1603000,A,,,,
222,788,Tunisia,1126,Camels,2005,235000,E,,,,
4,12,Algeria,1126,Camels,2005,268560,A,,,,
103,368,Iraq,1126,Camels,2005,30000,A,,,,
185,643,Russian Federation,1126,Camels,2005,6654,A,,,,
201,706,Somalia,1126,Camels,2005,7230000,E,,,,
118,414,Kuwait,1126,Camels,2005,4711,A,,,,
133,466,Mali,1126,Camels,2005,841054,A,,,,
208,762,Tajikistan,1126,Camels,2005,60,E,,,,
112,400,Jordan,1126,Camels,2005,5000,A,,,,
159,566,Nigeria,1126,Camels,2005,180000,E,,,,
238,231,Ethiopia,1126,Camels,2005,458576,A,,,,
124,434,Libya,1126,Camels,2005,49000,E,,,,
235,860,Uzbekistan,1126,Camels,2005,16500,A,,,,
158,562,Niger,1126,Camels,2005,1565420,A,,,,
230,804,Ukraine,1126,Camels,2005,750,E,,,,
114,404,Kenya,1126,Camels,2005,931308,A,,,,
141,496,Mongolia,1126,Camels,2005,254200,A,,,,
206,736,Sudan (former),1126,Camels,2005,3908000,A,,,,
13,48,Bahrain,1126,Camels,2005,920,E,,,,
165,586,Pakistan,1126,Camels,2005,736000,A,,,,
223,792,Türkiye,1126,Camels,2005,811,A,,,,
178,232,Eritrea,1126,Camels,2005,331880,E,,,,
233,854,Burkina Faso,1126,Camels,2005,15401,A,,,,
52,31,Azerbaijan,1126,Camels,2005,191,A,,,,
105,376,Israel,1126,Camels,2005,5300,E,,,,
147,516,Namibia,1126,Camels,2005,63,A,,,,
213,795,Turkmenistan,1126,Camels,2005,100000,E,,,,
102,364,Iran (Islamic Republic of),1126,Camels,2005,151000,A,,,,
195,686,Senegal,1126,Camels,2005,4085,A,,,,
59,818,Egypt,1126,Camels,2005,142000,A,,,,
194,682,Saudi Arabia,1126,Camels,2006,284133,A,,,,
2,4,Afghanistan,1126,Camels,2006,174000,A,,,,
59,818,Egypt,1126,Camels,2006,148000,A,,,,
223,792,Türkiye,1126,Camels,2006,1004,A,,,,
105,376,Israel,1126,Camels,2006,5300,E,,,,
112,400,Jordan,1126,Camels,2006,5000,A,,,,
124,434,Libya,1126,Camels,2006,50000,E,,,,
141,496,Mongolia,1126,Camels,2006,253500,A,,,,
201,706,Somalia,1126,Camels,2006,7000000,E,,,,
222,788,Tunisia,1126,Camels,2006,235000,E,,,,
4,12,Algeria,1126,Camels,2006,286670,A,,,,
179,634,Qatar,1126,Camels,2006,23210,A,,,,
39,148,Chad,1126,Camels,2006,3613000,E,,,,
102,364,Iran (Islamic Republic of),1126,Camels,2006,152000,E,,,,
113,417,Kyrgyzstan,1126,Camels,2006,258,A,,,,
143,504,Morocco,1126,Camels,2006,50000,E,,,,
13,48,Bahrain,1126,Camels,2006,920,E,,,,
158,562,Niger,1126,Camels,2006,1585670,A,,,,
206,736,Sudan (former),1126,Camels,2006,4078000,A,,,,
221,512,Oman,1126,Camels,2006,119650,A,,,,
233,854,Burkina Faso,1126,Camels,2006,15705,A,,,,
41,156,"China, mainland",1126,Camels,2006,265600,A,,,,
52,31,Azerbaijan,1126,Camels,2006,200,A,,,,
108,398,Kazakhstan,1126,Camels,2006,130500,A,,,,
212,760,Syrian Arab Republic,1126,Camels,2006,26700,A,,,,
230,804,Ukraine,1126,Camels,2006,800,E,,,,
225,784,United Arab Emirates,1126,Camels,2006,359340,A,,,,
72,262,Djibouti,1126,Camels,2006,68820,X,,,,
147,516,Namibia,1126,Camels,2006,73,A,,,,
195,686,Senegal,1126,Camels,2006,4105,A,,,,
238,231,Ethiopia,1126,Camels,2006,436622,A,,,,
114,404,Kenya,1126,Camels,2006,1057900,A,,,,
121,422,Lebanon,1126,Camels,2006,440,E,,,,
159,566,Nigeria,1126,Camels,2006,200000,E,,,,
178,232,Eritrea,1126,Camels,2006,333550,E,,,,
249,887,Yemen,1126,Camels,2006,359000,A,,,,
100,356,India,1126,Camels,2006,545000,A,,,,
103,368,Iraq,1126,Camels,2006,51000,A,,,,
165,586,Pakistan,1126,Camels,2006,921000,A,,,,
118,414,Kuwait,1126,Camels,2006,5754,A,,,,
133,466,Mali,1126,Camels,2006,674000,A,,,,
136,478,Mauritania,1126,Camels,2006,1494000,A,,,,
213,795,Turkmenistan,1126,Camels,2006,100000,E,,,,
185,643,Russian Federation,1126,Camels,2006,6289,A,,,,
235,860,Uzbekistan,1126,Camels,2006,16600,A,,,,
208,762,Tajikistan,1126,Camels,2006,60,E,,,,
114,404,Kenya,1126,Camels,2007,3156492,A,,,,
118,414,Kuwait,1126,Camels,2007,6214,A,,,,
133,466,Mali,1126,Camels,2007,758183,A,,,,
230,804,Ukraine,1126,Camels,2007,800,E,,,,
13,48,Bahrain,1126,Camels,2007,930,E,,,,
238,231,Ethiopia,1126,Camels,2007,615197,A,,,,
143,504,Morocco,1126,Camels,2007,40000,E,,,,
223,792,Türkiye,1126,Camels,2007,1057,A,,,,
2,4,Afghanistan,1126,Camels,2007,186000,A,,,,
52,31,Azerbaijan,1126,Camels,2007,201,A,,,,
195,686,Senegal,1126,Camels,2007,4611,A,,,,
208,762,Tajikistan,1126,Camels,2007,63,A,,,,
212,760,Syrian Arab Republic,1126,Camels,2007,27400,A,,,,
39,148,Chad,1126,Camels,2007,3851000,E,,,,
201,706,Somalia,1126,Camels,2007,7000000,E,,,,
159,566,Nigeria,1126,Camels,2007,220000,E,,,,
41,156,"China, mainland",1126,Camels,2007,269000,A,,,,
105,376,Israel,1126,Camels,2007,5300,E,,,,
124,434,Libya,1126,Camels,2007,52000,E,,,,
141,496,Mongolia,1126,Camels,2007,260600,A,,,,
178,232,Eritrea,1126,Camels,2007,335224,A,,,,
136,478,Mauritania,1126,Camels,2007,1494000,A,,,,
221,512,Oman,1126,Camels,2007,122070,A,,,,
233,854,Burkina Faso,1126,Camels,2007,16016,A,,,,
113,417,Kyrgyzstan,1126,Camels,2007,291,A,,,,
194,682,Saudi Arabia,1126,Camels,2007,279338,A,,,,
222,788,Tunisia,1126,Camels,2007,235000,E,,,,
235,860,Uzbekistan,1126,Camels,2007,16700,A,,,,
59,818,Egypt,1126,Camels,2007,83951,A,,,,
147,516,Namibia,1126,Camels,2007,75,E,,,,
158,562,Niger,1126,Camels,2007,1606385,A,,,,
102,364,Iran (Islamic Republic of),1126,Camels,2007,152000,X,,,,
225,784,United Arab Emirates,1126,Camels,2007,378230,A,,,,
249,887,Yemen,1126,Camels,2007,365000,A,,,,
4,12,Algeria,1126,Camels,2007,291360,A,,,,
121,422,Lebanon,1126,Camels,2007,440,E,,,,
165,586,Pakistan,1126,Camels,2007,933000,A,,,,
206,736,Sudan (former),1126,Camels,2007,4238000,A,,,,
213,795,Turkmenistan,1126,Camels,2007,100000,E,,,,
100,356,India,1126,Camels,2007,517000,A,,,,
112,400,Jordan,1126,Camels,2007,8000,A,,,,
72,262,Djibouti,1126,Camels,2007,68820,X,,,,
103,368,Iraq,1126,Camels,2007,51000,A,,,,
108,398,Kazakhstan,1126,Camels,2007,138600,A,,,,
179,634,Qatar,1126,Camels,2007,32400,A,,,,
185,643,Russian Federation,1126,Camels,2007,6385,A,,,,
124,434,Libya,1126,Camels,2008,54000,E,,,,
158,562,Niger,1126,Camels,2008,1630481,A,,,,
230,804,Ukraine,1126,Camels,2008,800,E,,,,
121,422,Lebanon,1126,Camels,2008,450,X,,,,
249,887,Yemen,1126,Camels,2008,373000,A,,,,
2,4,Afghanistan,1126,Camels,2008,183000,A,,,,
52,31,Azerbaijan,1126,Camels,2008,222,A,,,,
72,262,Djibouti,1126,Camels,2008,68820,X,,,,
238,231,Ethiopia,1126,Camels,2008,1009040,A,,,,
112,400,Jordan,1126,Camels,2008,8000,A,,,,
194,682,Saudi Arabia,1126,Camels,2008,241893,A,,,,
118,414,Kuwait,1126,Camels,2008,8907,A,,,,
206,736,Sudan (former),1126,Camels,2008,4406000,A,,,,
222,788,Tunisia,1126,Camels,2008,235000,E,,,,
4,12,Algeria,1126,Camels,2008,295085,A,,,,
41,156,"China, mainland",1126,Camels,2008,242000,A,,,,
178,232,Eritrea,1126,Camels,2008,336900,A,,,,
133,466,Mali,1126,Camels,2008,852880,A,,,,
179,634,Qatar,1126,Camels,2008,32400,A,,,,
235,860,Uzbekistan,1126,Camels,2008,17300,A,,,,
59,818,Egypt,1126,Camels,2008,107372,A,,,,
102,364,Iran (Islamic Republic of),1126,Camels,2008,152000,A,,,,
185,643,Russian Federation,1126,Camels,2008,6356,A,,,,
201,706,Somalia,1126,Camels,2008,7000000,E,,,,
208,762,Tajikistan,1126,Camels,2008,70,A,,,,
212,760,Syrian Arab Republic,1126,Camels,2008,27536,A,,,,
39,148,Chad,1126,Camels,2008,4105000,E,,,,
114,404,Kenya,1126,Camels,2008,3552347,A,,,,
143,504,Morocco,1126,Camels,2008,45000,E,,,,
213,795,Turkmenistan,1126,Camels,2008,125700,A,,,,
113,417,Kyrgyzstan,1126,Camels,2008,338,A,,,,
141,496,Mongolia,1126,Camels,2008,266400,A,,,,
165,586,Pakistan,1126,Camels,2008,945000,A,,,,
136,478,Mauritania,1126,Camels,2008,1341460,A,,,,
221,512,Oman,1126,Camels,2008,124520,A,,,,
195,686,Senegal,1126,Camels,2008,4696,A,,,,
223,792,Türkiye,1126,Camels,2008,970,A,,,,
100,356,India,1126,Camels,2008,496000,X,,,,
233,854,Burkina Faso,1126,Camels,2008,16331,A,,,,
103,368,Iraq,1126,Camels,2008,58293,A,,,,
159,566,Nigeria,1126,Camels,2008,240000,E,,,,
108,398,Kazakhstan,1126,Camels,2008,143200,A,,,,
225,784,United Arab Emirates,1126,Camels,2008,398107,A,,,,
13,48,Bahrain,1126,Camels,2008,1000,X,,,,
147,516,Namibia,1126,Camels,2008,75,E,,,,
105,376,Israel,1126,Camels,2008,5300,E,,,,
72,262,Djibouti,1126,Camels,2009,70000,X,,,,
136,478,Mauritania,1126,Camels,2009,1350850,A,,,,
159,566,Nigeria,1126,Camels,2009,260000,E,,,,
201,706,Somalia,1126,Camels,2009,7000000,E,,,,
100,356,India,1126,Camels,2009,476000,X,,,,
59,818,Egypt,1126,Camels,2009,137112,A,,,,
113,417,Kyrgyzstan,1126,Camels,2009,337,A,,,,
124,434,Libya,1126,Camels,2009,55000,E,,,,
208,762,Tajikistan,1126,Camels,2009,50,A,,,,
194,682,Saudi Arabia,1126,Camels,2009,229871,A,,,,
52,31,Azerbaijan,1126,Camels,2009,226,A,,,,
179,634,Qatar,1126,Camels,2009,47322,A,,,,
185,643,Russian Federation,1126,Camels,2009,6222,A,,,,
195,686,Senegal,1126,Camels,2009,4715,A,,,,
206,736,Sudan (former),1126,Camels,2009,4560000,A,,,,
225,784,United Arab Emirates,1126,Camels,2009,457131,A,,,,
249,887,Yemen,1126,Camels,2009,383533,A,,,,
2,4,Afghanistan,1126,Camels,2009,190000,A,,,,
103,368,Iraq,1126,Camels,2009,58000,X,,,,
114,404,Kenya,1126,Camels,2009,2971111,A,,,,
165,586,Pakistan,1126,Camels,2009,958000,A,,,,
178,232,Eritrea,1126,Camels,2009,338584,A,,,,
222,788,Tunisia,1126,Camels,2009,235000,E,,,,
235,860,Uzbekistan,1126,Camels,2009,17200,A,,,,
238,231,Ethiopia,1126,Camels,2009,807581,A,,,,
102,364,Iran (Islamic Republic of),1126,Camels,2009,154000,A,,,,
143,504,Morocco,1126,Camels,2009,50000,E,,,,
212,760,Syrian Arab Republic,1126,Camels,2009,32494,A,,,,
233,854,Burkina Faso,1126,Camels,2009,16653,A,,,,
13,48,Bahrain,1126,Camels,2009,1000,X,,,,
118,414,Kuwait,1126,Camels,2009,10385,A,,,,
133,466,Mali,1126,Camels,2009,869305,A,,,,
141,496,Mongolia,1126,Camels,2009,277050,A,,,,
213,795,Turkmenistan,1126,Camels,2009,122100,A,,,,
230,804,Ukraine,1126,Camels,2009,800,E,,,,
39,148,Chad,1126,Camels,2009,4375000,E,,,,
221,512,Oman,1126,Camels,2009,127000,A,,,,
121,422,Lebanon,1126,Camels,2009,450,X,,,,
41,156,"China, mainland",1126,Camels,2009,225900,A,,,,
108,398,Kazakhstan,1126,Camels,2009,148300,A,,,,
4,12,Algeria,1126,Camels,2009,301118,A,,,,
223,792,Türkiye,1126,Camels,2009,1041,A,,,,
105,376,Israel,1126,Camels,2009,5300,E,,,,
112,400,Jordan,1126,Camels,2009,13000,X,,,,
147,516,Namibia,1126,Camels,2009,75,E,,,,
158,562,Niger,1126,Camels,2009,1654938,A,,,,
194,682,Saudi Arabia,1126,Camels,2010,213321,A,,,,
235,860,Uzbekistan,1126,Camels,2010,17600,A,,,,
13,48,Bahrain,1126,Camels,2010,1000,X,,,,
103,368,Iraq,1126,Camels,2010,60000,X,,,,
158,562,Niger,1126,Camels,2010,1633569,A,,,,
249,887,Yemen,1126,Camels,2010,403000,A,,,,
105,376,Israel,1126,Camels,2010,5300,E,,,,
39,148,Chad,1126,Camels,2010,4663000,E,,,,
118,414,Kuwait,1126,Camels,2010,10327,A,,,,
113,417,Kyrgyzstan,1126,Camels,2010,338,A,,,,
52,31,Azerbaijan,1126,Camels,2010,216,A,,,,
159,566,Nigeria,1126,Camels,2010,277727,A,,,,
178,232,Eritrea,1126,Camels,2010,345000,E,,,,
223,792,Türkiye,1126,Camels,2010,1254,A,,,,
114,404,Kenya,1126,Camels,2010,3030600,A,,,,
185,643,Russian Federation,1126,Camels,2010,6443,A,,,,
201,706,Somalia,1126,Camels,2010,7000000,E,,,,
230,804,Ukraine,1126,Camels,2010,800,E,,,,
4,12,Algeria,1126,Camels,2010,313990,A,,,,
222,788,Tunisia,1126,Camels,2010,235000,E,,,,
238,231,Ethiopia,1126,Camels,2010,1102119,A,,,,
133,466,Mali,1126,Camels,2010,904425,A,,,,
165,586,Pakistan,1126,Camels,2010,970000,A,,,,
206,736,Sudan (former),1126,Camels,2010,4623000,A,,,,
208,762,Tajikistan,1126,Camels,2010,45,A,,,,
225,784,United Arab Emirates,1126,Camels,2010,358027,A,,,,
233,854,Burkina Faso,1126,Camels,2010,16982,A,,,,
141,496,Mongolia,1126,Camels,2010,269577,A,,,,
143,504,Morocco,1126,Camels,2010,52000,E,,,,
102,364,Iran (Islamic Republic of),1126,Camels,2010,155000,A,,,,
121,422,Lebanon,1126,Camels,2010,450,X,,,,
213,795,Turkmenistan,1126,Camels,2010,122400,A,,,,
112,400,Jordan,1126,Camels,2010,12500,X,,,,
124,434,Libya,1126,Camels,2010,56000,E,,,,
136,478,Mauritania,1126,Camels,2010,1360306,A,,,,
2,4,Afghanistan,1126,Camels,2010,191000,A,,,,
108,398,Kazakhstan,1126,Camels,2010,155500,A,,,,
100,356,India,1126,Camels,2010,457000,X,,,,
147,516,Namibia,1126,Camels,2010,85,E,,,,
72,262,Djibouti,1126,Camels,2010,70000,X,,,,
179,634,Qatar,1126,Camels,2010,51529,A,,,,
221,512,Oman,1126,Camels,2010,129560,A,,,,
41,156,"China, mainland",1126,Camels,2010,230200,A,,,,
59,818,Egypt,1126,Camels,2010,110571,A,,,,
195,686,Senegal,1126,Camels,2010,4740,A,,,,
212,760,Syrian Arab Republic,1126,Camels,2010,50202,A,,,,
41,156,"China, mainland",1126,Camels,2011,242800,A,,,,
114,404,Kenya,1126,Camels,2011,3091200,A,,,,
230,804,Ukraine,1126,Camels,2011,800,E,,,,
113,417,Kyrgyzstan,1126,Camels,2011,309,A,,,,
195,686,Senegal,1126,Camels,2011,4770,A,,,,
221,512,Oman,1126,Camels,2011,132200,A,,,,
235,860,Uzbekistan,1126,Camels,2011,18000,A,,,,
4,12,Algeria,1126,Camels,2011,318755,A,,,,
39,148,Chad,1126,Camels,2011,4970000,E,,,,
121,422,Lebanon,1126,Camels,2011,200,A,,,,
72,262,Djibouti,1126,Camels,2011,70000,X,,,,
158,562,Niger,1126,Camels,2011,1654805,A,,,,
222,788,Tunisia,1126,Camels,2011,236000,E,,,,
223,792,Türkiye,1126,Camels,2011,1290,A,,,,
59,818,Egypt,1126,Camels,2011,136930,A,,,,
108,398,Kazakhstan,1126,Camels,2011,169600,A,,,,
212,760,Syrian Arab Republic,1126,Camels,2011,55021,A,,,,
124,434,Libya,1126,Camels,2011,57000,E,,,,
141,496,Mongolia,1126,Camels,2011,280062,A,,,,
143,504,Morocco,1126,Camels,2011,55000,E,,,,
201,706,Somalia,1126,Camels,2011,7000000,E,,,,
102,364,Iran (Islamic Republic of),1126,Camels,2011,157000,A,,,,
118,414,Kuwait,1126,Camels,2011,8264,A,,,,
133,466,Mali,1126,Camels,2011,922514,A,,,,
206,736,Sudan (former),1126,Camels,2011,4715000,A,,,,
249,887,Yemen,1126,Camels,2011,436000,A,,,,
238,231,Ethiopia,1126,Camels,2011,979318,A,,,,
100,356,India,1126,Camels,2011,439000,X,,,,
112,400,Jordan,1126,Camels,2011,12500,A,,,,
179,634,Qatar,1126,Camels,2011,61743,A,,,,
13,48,Bahrain,1126,Camels,2011,1000,E,,,,
165,586,Pakistan,1126,Camels,2011,983000,A,,,,
52,31,Azerbaijan,1126,Camels,2011,263,A,,,,
136,478,Mauritania,1126,Camels,2011,1369828,A,,,,
103,368,Iraq,1126,Camels,2011,62000,E,,,,
105,376,Israel,1126,Camels,2011,5400,E,,,,
194,682,Saudi Arabia,1126,Camels,2011,219931,A,,,,
147,516,Namibia,1126,Camels,2011,87,E,,,,
178,232,Eritrea,1126,Camels,2011,350000,E,,,,
185,643,Russian Federation,1126,Camels,2011,6497,A,,,,
2,4,Afghanistan,1126,Camels,2011,172000,A,,,,
233,854,Burkina Faso,1126,Camels,2011,17317,A,,,,
159,566,Nigeria,1126,Camels,2011,278005,A,,,,
208,762,Tajikistan,1126,Camels,2011,46,A,,,,
225,784,United Arab Emirates,1126,Camels,2011,363807,A,,,,
213,795,Turkmenistan,1126,Camels,2011,123500,A,,,,
4,12,Algeria,1126,Camels,2012,340140,A,,,,
185,643,Russian Federation,1126,Camels,2012,6692,A,,,,
223,792,Türkiye,1126,Camels,2012,1315,A,,,,
59,818,Egypt,1126,Camels,2012,141537,A,,,,
52,31,Azerbaijan,1126,Camels,2012,272,A,,,,
13,48,Bahrain,1126,Camels,2012,1025,E,,,,
133,466,Mali,1126,Camels,2012,940964,A,,,,
201,706,Somalia,1126,Camels,2012,7100000,E,,,,
230,804,Ukraine,1126,Camels,2012,800,E,,,,
41,156,"China, mainland",1126,Camels,2012,244800,A,,,,
118,414,Kuwait,1126,Camels,2012,9089,A,,,,
195,686,Senegal,1126,Camels,2012,4794,A,,,,
238,231,Ethiopia,1126,Camels,2012,915518,A,,,,
136,478,Mauritania,1126,Camels,2012,1379417,A,,,,
221,512,Oman,1126,Camels,2012,134800,A,,,,
276,729,Sudan,1126,Camels,2012,4751000,A,,,,
222,788,Tunisia,1126,Camels,2012,236000,E,,,,
121,422,Lebanon,1126,Camels,2012,200,A,,,,
179,634,Qatar,1126,Camels,2012,64551,A,,,,
249,887,Yemen,1126,Camels,2012,443358,A,,,,
72,262,Djibouti,1126,Camels,2012,71000,E,,,,
194,682,Saudi Arabia,1126,Camels,2012,223441,A,,,,
212,760,Syrian Arab Republic,1126,Camels,2012,55008,A,,,,
2,4,Afghanistan,1126,Camels,2012,174000,A,,,,
143,504,Morocco,1126,Camels,2012,56500,E,,,,
158,562,Niger,1126,Camels,2012,1676318,A,,,,
159,566,Nigeria,1126,Camels,2012,278283,A,,,,
108,398,Kazakhstan,1126,Camels,2012,173200,A,,,,
165,586,Pakistan,1126,Camels,2012,995000,A,,,,
39,148,Chad,1126,Camels,2012,5297000,E,,,,
112,400,Jordan,1126,Camels,2012,11050,A,,,,
141,496,Mongolia,1126,Camels,2012,305835,A,,,,
147,516,Namibia,1126,Camels,2012,87,E,,,,
235,860,Uzbekistan,1126,Camels,2012,18500,A,,,,
100,356,India,1126,Camels,2012,400274,A,,,,
105,376,Israel,1126,Camels,2012,5400,E,,,,
114,404,Kenya,1126,Camels,2012,2864732,A,,,,
208,762,Tajikistan,1126,Camels,2012,46,A,,,,
102,364,Iran (Islamic Republic of),1126,Camels,2012,158000,A,,,,
103,368,Iraq,1126,Camels,2012,65000,E,,,,
113,417,Kyrgyzstan,1126,Camels,2012,311,A,,,,
178,232,Eritrea,1126,Camels,2012,360000,E,,,,
233,854,Burkina Faso,1126,Camels,2012,17658,A,,,,
225,784,United Arab Emirates,1126,Camels,2012,364378,A,,,,
124,434,Libya,1126,Camels,2012,57500,E,,,,
213,795,Turkmenistan,1126,Camels,2012,124000,A,,,,
105,376,Israel,1126,Camels,2013,5500,E,,,,
212,760,Syrian Arab Republic,1126,Camels,2013,53383,A,,,,
59,818,Egypt,1126,Camels,2013,152946,A,,,,
124,434,Libya,1126,Camels,2013,57500,E,,,,
72,262,Djibouti,1126,Camels,2013,71000,E,,,,
114,404,Kenya,1126,Camels,2013,2899244,A,,,,
158,562,Niger,1126,Camels,2013,1698110,A,,,,
194,682,Saudi Arabia,1126,Camels,2013,233085,A,,,,
136,478,Mauritania,1126,Camels,2013,1389000,A,,,,
179,634,Qatar,1126,Camels,2013,68371,A,,,,
195,686,Senegal,1126,Camels,2013,4818,A,,,,
41,156,"China, mainland",1126,Camels,2013,273800,A,,,,
233,854,Burkina Faso,1126,Camels,2013,17665,A,,,,
165,586,Pakistan,1126,Camels,2013,1008000,A,,,,
185,643,Russian Federation,1126,Camels,2013,6708,A,,,,
238,231,Ethiopia,1126,Camels,2013,1098312,A,,,,
2,4,Afghanistan,1126,Camels,2013,170000,A,,,,
112,400,Jordan,1126,Camels,2013,13060,A,,,,
213,795,Turkmenistan,1126,Camels,2013,120000,E,,,,
221,512,Oman,1126,Camels,2013,242833,A,,,,
223,792,Türkiye,1126,Camels,2013,1374,A,,,,
4,12,Algeria,1126,Camels,2013,344015,A,,,,
100,356,India,1126,Camels,2013,380000,E,,,,
208,762,Tajikistan,1126,Camels,2013,45,E,,,,
103,368,Iraq,1126,Camels,2013,57489,A,,,,
118,414,Kuwait,1126,Camels,2013,8888,A,,,,
147,516,Namibia,1126,Camels,2013,88,E,,,,
178,232,Eritrea,1126,Camels,2013,370000,E,,,,
159,566,Nigeria,1126,Camels,2013,278561,A,,,,
230,804,Ukraine,1126,Camels,2013,800,E,,,,
276,729,Sudan,1126,Camels,2013,4773000,A,,,,
108,398,Kazakhstan,1126,Camels,2013,164800,A,,,,
222,788,Tunisia,1126,Camels,2013,237000,E,,,,
249,887,Yemen,1126,Camels,2013,454410,A,,,,
13,48,Bahrain,1126,Camels,2013,1050,E,,,,
39,148,Chad,1126,Camels,2013,5646000,E,,,,
113,417,Kyrgyzstan,1126,Camels,2013,311,A,,,,
141,496,Mongolia,1126,Camels,2013,321480,A,,,,
225,784,United Arab Emirates,1126,Camels,2013,392667,A,,,,
235,860,Uzbekistan,1126,Camels,2013,19100,A,,,,
52,31,Azerbaijan,1126,Camels,2013,288,A,,,,
102,364,Iran (Islamic Republic of),1126,Camels,2013,160000,A,,,,
143,504,Morocco,1126,Camels,2013,57000,E,,,,
121,422,Lebanon,1126,Camels,2013,200,E,,,,
133,466,Mali,1126,Camels,2013,959783,A,,,,
201,706,Somalia,1126,Camels,2013,7100000,E,,,,
52,31,Azerbaijan,1126,Camels,2014,258,A,,,,
102,364,Iran (Islamic Republic of),1126,Camels,2014,108584,A,,,,
124,434,Libya,1126,Camels,2014,57000,E,,,,
136,478,Mauritania,1126,Camels,2014,1525000,X,,,,
4,12,Algeria,1126,Camels,2014,354465,A,,,,
233,854,Burkina Faso,1126,Camels,2014,18364,A,,,,
2,4,Afghanistan,1126,Camels,2014,171000,A,,,,
41,156,"China, mainland",1126,Camels,2014,273800,A,,,,
141,496,Mongolia,1126,Camels,2014,349299,A,,,,
213,795,Turkmenistan,1126,Camels,2014,120000,E,,,,
235,860,Uzbekistan,1126,Camels,2014,18400,A,,,,
72,262,Djibouti,1126,Camels,2014,71000,E,,,,
105,376,Israel,1126,Camels,2014,5500,E,,,,
108,398,Kazakhstan,1126,Camels,2014,160915,A,,,,
222,788,Tunisia,1126,Camels,2014,236500,E,,,,
147,516,Namibia,1126,Camels,2014,88,E,,,,
13,48,Bahrain,1126,Camels,2014,1050,E,,,,
39,148,Chad,1126,Camels,2014,6017000,E,,,,
118,414,Kuwait,1126,Camels,2014,9192,A,,,,
223,792,Türkiye,1126,Camels,2014,1442,A,,,,
103,368,Iraq,1126,Camels,2014,68000,X,,,,
212,760,Syrian Arab Republic,1126,Camels,2014,58715,A,,,,
112,400,Jordan,1126,Camels,2014,13055,X,,,,
114,404,Kenya,1126,Camels,2014,2783587,A,,,,
208,762,Tajikistan,1126,Camels,2014,45,E,,,,
59,818,Egypt,1126,Camels,2014,158269,A,,,,
165,586,Pakistan,1126,Camels,2014,1022000,A,,,,
195,686,Senegal,1126,Camels,2014,4842,A,,,,
143,504,Morocco,1126,Camels,2014,57000,E,,,,
159,566,Nigeria,1126,Camels,2014,279215,A,,,,
221,512,Oman,1126,Camels,2014,247710,A,,,,
185,643,Russian Federation,1126,Camels,2014,6625,A,,,,
249,887,Yemen,1126,Camels,2014,459885,A,,,,
179,634,Qatar,1126,Camels,2014,15077,A,,,,
100,356,India,1126,Camels,2014,380000,E,,,,
133,466,Mali,1126,Camels,2014,978979,A,,,,
178,232,Eritrea,1126,Camels,2014,370000,E,,,,
225,784,United Arab Emirates,1126,Camels,2014,423757,A,,,,
113,417,Kyrgyzstan,1126,Camels,2014,264,A,,,,
238,231,Ethiopia,1126,Camels,2014,1164100,A,,,,
276,729,Sudan,1126,Camels,2014,4792000,A,,,,
121,422,Lebanon,1126,Camels,2014,200,E,,,,
230,804,Ukraine,1126,Camels,2014,800,E,,,,
158,562,Niger,1126,Camels,2014,1720185,A,,,,
194,682,Saudi Arabia,1126,Camels,2014,471704,A,,,,
201,706,Somalia,1126,Camels,2014,7150000,E,,,,
4,12,Algeria,1126,Camels,2015,362265,A,,,,
52,31,Azerbaijan,1126,Camels,2015,242,A,,,,
118,414,Kuwait,1126,Camels,2015,7718,A,,,,
221,512,Oman,1126,Camels,2015,252660,A,,,,
2,4,Afghanistan,1126,Camels,2015,170000,A,,,,
235,860,Uzbekistan,1126,Camels,2015,18600,A,,,,
238,231,Ethiopia,1126,Camels,2015,1228023,A,,,,
113,417,Kyrgyzstan,1126,Camels,2015,258,A,,,,
133,466,Mali,1126,Camels,2015,998558,A,,,,
249,887,Yemen,1126,Camels,2015,454826,A,,,,
158,562,Niger,1126,Camels,2015,1742548,A,,,,
39,148,Chad,1126,Camels,2015,6413521,A,,,,
114,404,Kenya,1126,Camels,2015,3059840,A,,,,
121,422,Lebanon,1126,Camels,2015,202,I,,,,
141,496,Mongolia,1126,Camels,2015,367994,A,,,,
143,504,Morocco,1126,Camels,2015,57500,E,,,,
13,48,Bahrain,1126,Camels,2015,1056,I,,,,
112,400,Jordan,1126,Camels,2015,13200,X,,,,
178,232,Eritrea,1126,Camels,2015,370469,I,,,,
194,682,Saudi Arabia,1126,Camels,2015,476398,A,,,,
105,376,Israel,1126,Camels,2015,5508,I,,,,
195,686,Senegal,1126,Camels,2015,4893,I,,,,
222,788,Tunisia,1126,Camels,2015,236860,I,,,,
223,792,Türkiye,1126,Camels,2015,1543,A,,,,
159,566,Nigeria,1126,Camels,2015,279534,A,,,,
165,586,Pakistan,1126,Camels,2015,1035000,A,,,,
185,643,Russian Federation,1126,Camels,2015,6602,A,,,,
102,364,Iran (Islamic Republic of),1126,Camels,2015,102404,A,,,,
103,368,Iraq,1126,Camels,2015,67048,A,,,,
213,795,Turkmenistan,1126,Camels,2015,122161,I,,,,
100,356,India,1126,Camels,2015,361909,I,,,,
108,398,Kazakhstan,1126,Camels,2015,170513,A,,,,
230,804,Ukraine,1126,Camels,2015,813,I,,,,
41,156,"China, mainland",1126,Camels,2015,280100,A,,,,
59,818,Egypt,1126,Camels,2015,152518,A,,,,
124,434,Libya,1126,Camels,2015,56789,I,,,,
147,516,Namibia,1126,Camels,2015,89,I,,,,
179,634,Qatar,1126,Camels,2015,84216,A,,,,
201,706,Somalia,1126,Camels,2015,7214325,I,,,,
208,762,Tajikistan,1126,Camels,2015,53,I,,,,
225,784,United Arab Emirates,1126,Camels,2015,430372,A,,,,
233,854,Burkina Faso,1126,Camels,2015,18727,A,,,,
276,729,Sudan,1126,Camels,2015,4809000,A,,,,
136,478,Mauritania,1126,Camels,2015,1418000,X,,,,
212,760,Syrian Arab Republic,1126,Camels,2015,45610,A,,,,
72,262,Djibouti,1126,Camels,2015,70991,I,,,,
41,156,"China, mainland",1126,Camels,2016,300500,A,,,,
238,231,Ethiopia,1126,Camels,2016,1209321,A,,,,
100,356,India,1126,Camels,2016,337244,I,,,,
112,400,Jordan,1126,Camels,2016,14610,X,,,,
221,512,Oman,1126,Camels,2016,257710,A,,,,
194,682,Saudi Arabia,1126,Camels,2016,481138,A,,,,
201,706,Somalia,1126,Camels,2016,7275002,I,,,,
230,804,Ukraine,1126,Camels,2016,826,I,,,,
179,634,Qatar,1126,Camels,2016,91195,A,,,,
59,818,Egypt,1126,Camels,2016,156545,A,,,,
52,31,Azerbaijan,1126,Camels,2016,236,A,,,,
235,860,Uzbekistan,1126,Camels,2016,17369,A,,,,
72,262,Djibouti,1126,Camels,2016,71079,I,,,,
147,516,Namibia,1126,Camels,2016,91,I,,,,
136,478,Mauritania,1126,Camels,2016,1471000,X,,,,
159,566,Nigeria,1126,Camels,2016,279397,A,,,,
165,586,Pakistan,1126,Camels,2016,1048000,A,,,,
102,364,Iran (Islamic Republic of),1126,Camels,2016,130658,I,,,,
114,404,Kenya,1126,Camels,2016,3222593,A,,,,
185,643,Russian Federation,1126,Camels,2016,6509,A,,,,
208,762,Tajikistan,1126,Camels,2016,55,I,,,,
233,854,Burkina Faso,1126,Camels,2016,19097,A,,,,
4,12,Algeria,1126,Camels,2016,379094,A,,,,
121,422,Lebanon,1126,Camels,2016,192,I,,,,
213,795,Turkmenistan,1126,Camels,2016,126461,A,,,,
178,232,Eritrea,1126,Camels,2016,376105,I,,,,
2,4,Afghanistan,1126,Camels,2016,170500,A,,,,
108,398,Kazakhstan,1126,Camels,2016,180077,A,,,,
118,414,Kuwait,1126,Camels,2016,11025,A,,,,
13,48,Bahrain,1126,Camels,2016,1061,I,,,,
143,504,Morocco,1126,Camels,2016,58000,E,,,,
158,562,Niger,1126,Camels,2016,1765201,A,,,,
212,760,Syrian Arab Republic,1126,Camels,2016,46148,A,,,,
195,686,Senegal,1126,Camels,2016,4851,E,,,,
113,417,Kyrgyzstan,1126,Camels,2016,235,A,,,,
124,434,Libya,1126,Camels,2016,56081,I,,,,
141,496,Mongolia,1126,Camels,2016,401347,A,,,,
222,788,Tunisia,1126,Camels,2016,237149,I,,,,
225,784,United Arab Emirates,1126,Camels,2016,443568,A,,,,
103,368,Iraq,1126,Camels,2016,72408,A,,,,
223,792,Türkiye,1126,Camels,2016,1599,A,,,,
249,887,Yemen,1126,Camels,2016,442042,A,,,,
39,148,Chad,1126,Camels,2016,6835531,A,,,,
133,466,Mali,1126,Camels,2016,1028609,A,,,,
105,376,Israel,1126,Camels,2016,5516,I,,,,
276,729,Sudan,1126,Camels,2016,4830000,A,,,,
52,31,Azerbaijan,1126,Camels,2017,222,A,,,,
72,262,Djibouti,1126,Camels,2017,71060,I,,,,
136,478,Mauritania,1126,Camels,2017,1477684,I,,,,
147,516,Namibia,1126,Camels,2017,92,I,,,,
195,686,Senegal,1126,Camels,2017,5000,A,,,,
102,364,Iran (Islamic Republic of),1126,Camels,2017,141052,A,,,,
143,504,Morocco,1126,Camels,2017,59000,E,,,,
158,562,Niger,1126,Camels,2017,1788149,A,,,,
208,762,Tajikistan,1126,Camels,2017,59,A,,,,
113,417,Kyrgyzstan,1126,Camels,2017,228,A,,,,
133,466,Mali,1126,Camels,2017,1192900,A,,,,
59,818,Egypt,1126,Camels,2017,155713,A,,,,
100,356,India,1126,Camels,2017,308768,I,,,,
121,422,Lebanon,1126,Camels,2017,179,I,,,,
201,706,Somalia,1126,Camels,2017,7331790,I,,,,
114,404,Kenya,1126,Camels,2017,3338757,A,,,,
238,231,Ethiopia,1126,Camels,2017,1418457,A,,,,
13,48,Bahrain,1126,Camels,2017,1066,I,,,,
141,496,Mongolia,1126,Camels,2017,434096,A,,,,
178,232,Eritrea,1126,Camels,2017,382411,I,,,,
235,860,Uzbekistan,1126,Camels,2017,17685,A,,,,
2,4,Afghanistan,1126,Camels,2017,172000,A,,,,
105,376,Israel,1126,Camels,2017,5528,I,,,,
112,400,Jordan,1126,Camels,2017,15205,I,,,,
108,398,Kazakhstan,1126,Camels,2017,193124,A,,,,
165,586,Pakistan,1126,Camels,2017,1062000,A,,,,
213,795,Turkmenistan,1126,Camels,2017,127174,A,,,,
230,804,Ukraine,1126,Camels,2017,838,I,,,,
39,148,Chad,1126,Camels,2017,7285309,A,,,,
179,634,Qatar,1126,Camels,2017,105387,A,,,,
185,643,Russian Federation,1126,Camels,2017,6344,A,,,,
159,566,Nigeria,1126,Camels,2017,279677,A,,,,
221,512,Oman,1126,Camels,2017,262870,A,,,,
222,788,Tunisia,1126,Camels,2017,237396,I,,,,
225,784,United Arab Emirates,1126,Camels,2017,459971,A,,,,
233,854,Burkina Faso,1126,Camels,2017,19475,A,,,,
249,887,Yemen,1126,Camels,2017,437712,A,,,,
276,729,Sudan,1126,Camels,2017,4850000,A,,,,
103,368,Iraq,1126,Camels,2017,78196,A,,,,
223,792,Türkiye,1126,Camels,2017,1703,A,,,,
41,156,"China, mainland",1126,Camels,2017,323270,A,,,,
118,414,Kuwait,1126,Camels,2017,9389,A,,,,
124,434,Libya,1126,Camels,2017,55353,I,,,,
194,682,Saudi Arabia,1126,Camels,2017,485926,A,,,,
212,760,Syrian Arab Republic,1126,Camels,2017,47211,A,,,,
4,12,Algeria,1126,Camels,2017,381882,A,,,,
121,422,Lebanon,1126,Camels,2018,165,I,,,,
133,466,Mali,1126,Camels,2018,1216758,A,,,,
249,887,Yemen,1126,Camels,2018,431462,A,,,,
52,31,Azerbaijan,1126,Camels,2018,239,A,,,,
141,496,Mongolia,1126,Camels,2018,459702,A,,,,
201,706,Somalia,1126,Camels,2018,7386677,I,,,,
108,398,Kazakhstan,1126,Camels,2018,207566,A,,,,
114,404,Kenya,1126,Camels,2018,3273445,A,,,,
223,792,Türkiye,1126,Camels,2018,1708,A,,,,
59,818,Egypt,1126,Camels,2018,85293,A,,,,
178,232,Eritrea,1126,Camels,2018,388596,I,,,,
102,364,Iran (Islamic Republic of),1126,Camels,2018,144522,I,,,,
165,586,Pakistan,1126,Camels,2018,1076000,A,,,,
185,643,Russian Federation,1126,Camels,2018,5729,A,,,,
13,48,Bahrain,1126,Camels,2018,3000,A,,,,
100,356,India,1126,Camels,2018,280333,I,,,,
136,478,Mauritania,1126,Camels,2018,1491210,I,,,,
39,148,Chad,1126,Camels,2018,7765258,A,,,,
113,417,Kyrgyzstan,1126,Camels,2018,246,A,,,,
238,231,Ethiopia,1126,Camels,2018,1760870,A,,,,
179,634,Qatar,1126,Camels,2018,126029,A,,,,
221,512,Oman,1126,Camels,2018,268127,A,,,,
222,788,Tunisia,1126,Camels,2018,237742,I,,,,
118,414,Kuwait,1126,Camels,2018,12225,A,,,,
158,562,Niger,1126,Camels,2018,1811395,A,,,,
194,682,Saudi Arabia,1126,Camels,2018,487823,A,,,,
212,760,Syrian Arab Republic,1126,Camels,2018,46029,A,,,,
233,854,Burkina Faso,1126,Camels,2018,20000,A,,,,
143,504,Morocco,1126,Camels,2018,59830,I,,,,
159,566,Nigeria,1126,Camels,2018,280009,I,,,,
276,729,Sudan,1126,Camels,2018,4872000,A,,,,
208,762,Tajikistan,1126,Camels,2018,63,A,,,,
230,804,Ukraine,1126,Camels,2018,849,I,,,,
225,784,United Arab Emirates,1126,Camels,2018,457526,A,,,,
235,860,Uzbekistan,1126,Camels,2018,19426,A,,,,
41,156,"China, mainland",1126,Camels,2018,338378,A,,,,
105,376,Israel,1126,Camels,2018,5542,I,,,,
147,516,Namibia,1126,Camels,2018,94,I,,,,
72,262,Djibouti,1126,Camels,2018,71006,I,,,,
4,12,Algeria,1126,Camels,2018,417322,A,,,,
103,368,Iraq,1126,Camels,2018,84447,A,,,,
112,400,Jordan,1126,Camels,2018,14293,E,,,,
124,434,Libya,1126,Camels,2018,65350,A,,,,
195,686,Senegal,1126,Camels,2018,5000,A,,,,
213,795,Turkmenistan,1126,Camels,2018,128258,A,,,,
2,4,Afghanistan,1126,Camels,2018,171384,I,,,,
41,156,"China, mainland",1126,Camels,2019,405326,A,,,,
59,818,Egypt,1126,Camels,2019,91000,A,,,,
108,398,Kazakhstan,1126,Camels,2019,216358,A,,,,
147,516,Namibia,1126,Camels,2019,94,I,,,,
165,586,Pakistan,1126,Camels,2019,1090000,A,,,,
194,682,Saudi Arabia,1126,Camels,2019,492853,A,,,,
235,860,Uzbekistan,1126,Camels,2019,19961,A,,,,
72,262,Djibouti,1126,Camels,2019,71019,I,,,,
118,414,Kuwait,1126,Camels,2019,17812,A,,,,
141,496,Mongolia,1126,Camels,2019,472379,A,,,,
230,804,Ukraine,1126,Camels,2019,856,I,,,,
249,887,Yemen,1126,Camels,2019,447652,A,,,,
113,417,Kyrgyzstan,1126,Camels,2019,247,A,,,,
221,512,Oman,1126,Camels,2019,273490,A,,,,
276,729,Sudan,1126,Camels,2019,4895000,A,,,,
100,356,India,1126,Camels,2019,251956,A,,,,
103,368,Iraq,1126,Camels,2019,91198,A,,,,
112,400,Jordan,1126,Camels,2019,14248,E,,,,
121,422,Lebanon,1126,Camels,2019,146,I,,,,
143,504,Morocco,1126,Camels,2019,60661,I,,,,
102,364,Iran (Islamic Republic of),1126,Camels,2019,147489,I,,,,
213,795,Turkmenistan,1126,Camels,2019,129750,A,,,,
2,4,Afghanistan,1126,Camels,2019,170219,I,,,,
105,376,Israel,1126,Camels,2019,5557,I,,,,
114,404,Kenya,1126,Camels,2019,4735351,A,,,,
133,466,Mali,1126,Camels,2019,1241093,A,,,,
158,562,Niger,1126,Camels,2019,1834943,A,,,,
223,792,Türkiye,1126,Camels,2019,1651,A,,,,
238,231,Ethiopia,1126,Camels,2019,1486961,E,,,,
159,566,Nigeria,1126,Camels,2019,280346,I,,,,
13,48,Bahrain,1126,Camels,2019,3000,A,,,,
124,434,Libya,1126,Camels,2019,66670,A,,,,
136,478,Mauritania,1126,Camels,2019,1504624,I,,,,
212,760,Syrian Arab Republic,1126,Camels,2019,39725,A,,,,
233,854,Burkina Faso,1126,Camels,2019,20000,A,,,,
39,148,Chad,1126,Camels,2019,8276416,A,,,,
208,762,Tajikistan,1126,Camels,2019,61,A,,,,
225,784,United Arab Emirates,1126,Camels,2019,494536,A,,,,
178,232,Eritrea,1126,Camels,2019,394694,I,,,,
52,31,Azerbaijan,1126,Camels,2019,213,A,,,,
179,634,Qatar,1126,Camels,2019,131080,A,,,,
185,643,Russian Federation,1126,Camels,2019,5863,A,,,,
201,706,Somalia,1126,Camels,2019,7439553,I,,,,
4,12,Algeria,1126,Camels,2019,417167,A,,,,
195,686,Senegal,1126,Camels,2019,5034,A,,,,
222,788,Tunisia,1126,Camels,2019,238050,I,,,,
233,854,Burkina Faso,1126,Camels,2020,21000,A,,,,
121,422,Lebanon,1126,Camels,2020,140,I,,,,
72,262,Djibouti,1126,Camels,2020,71165,I,,,,
59,818,Egypt,1126,Camels,2020,79000,A,,,,
124,434,Libya,1126,Camels,2020,52570,A,,,,
141,496,Mongolia,1126,Camels,2020,472934,A,,,,
102,364,Iran (Islamic Republic of),1126,Camels,2020,151804,A,,,,
118,414,Kuwait,1126,Camels,2020,16980,A,,,,
2,4,Afghanistan,1126,Camels,2020,168376,I,,,,
108,398,Kazakhstan,1126,Camels,2020,227703,A,,,,
212,760,Syrian Arab Republic,1126,Camels,2020,39701,A,,,,
213,795,Turkmenistan,1126,Camels,2020,140350,A,,,,
223,792,Türkiye,1126,Camels,2020,1293,A,,,,
41,156,"China, mainland",1126,Camels,2020,411200,A,,,,
103,368,Iraq,1126,Camels,2020,98488,A,,,,
143,504,Morocco,1126,Camels,2020,60833,I,,,,
4,12,Algeria,1126,Camels,2020,435214,A,,,,
133,466,Mali,1126,Camels,2020,1265915,A,,,,
201,706,Somalia,1126,Camels,2020,7490891,I,,,,
221,512,Oman,1126,Camels,2020,278960,A,,,,
39,148,Chad,1126,Camels,2020,8821223,A,,,,
105,376,Israel,1126,Camels,2020,5575,I,,,,
112,400,Jordan,1126,Camels,2020,14437,E,,,,
114,404,Kenya,1126,Camels,2020,4669739,A,,,,
230,804,Ukraine,1126,Camels,2020,863,I,,,,
276,729,Sudan,1126,Camels,2020,4918109,A,,,,
52,31,Azerbaijan,1126,Camels,2020,209,A,,,,
13,48,Bahrain,1126,Camels,2020,3000,A,,,,
238,231,Ethiopia,1126,Camels,2020,1530939,I,,,,
147,516,Namibia,1126,Camels,2020,95,I,,,,
194,682,Saudi Arabia,1126,Camels,2020,1400000,A,,,,
225,784,United Arab Emirates,1126,Camels,2020,497524,A,,,,
179,634,Qatar,1126,Camels,2020,125860,A,,,,
136,478,Mauritania,1126,Camels,2020,1517299,I,,,,
158,562,Niger,1126,Camels,2020,1858797,A,,,,
178,232,Eritrea,1126,Camels,2020,400706,I,,,,
159,566,Nigeria,1126,Camels,2020,280703,I,,,,
195,686,Senegal,1126,Camels,2020,5079,A,,,,
113,417,Kyrgyzstan,1126,Camels,2020,256,A,,,,
249,887,Yemen,1126,Camels,2020,448892,X,,,,
100,356,India,1126,Camels,2020,224033,I,,,,
185,643,Russian Federation,1126,Camels,2020,5676,A,,,,
208,762,Tajikistan,1126,Camels,2020,57,I,,,,
235,860,Uzbekistan,1126,Camels,2020,20447,A,,,,
165,586,Pakistan,1126,Camels,2020,1104000,A,,,,
222,788,Tunisia,1126,Camels,2020,238327,I,,,,
105,376,Israel,1126,Camels,2021,5605,I,,,,
114,404,Kenya,1126,Camels,2021,4427881,A,,,,
118,414,Kuwait,1126,Camels,2021,14560,A,,,,
159,566,Nigeria,1126,Camels,2021,279468,I,,,,
194,682,Saudi Arabia,1126,Camels,2021,1390091,A,,,,
13,48,Bahrain,1126,Camels,2021,3000,A,,,,
39,148,Chad,1126,Camels,2021,9401892,A,,,,
201,706,Somalia,1126,Camels,2021,7515781,I,,,,
208,762,Tajikistan,1126,Camels,2021,57,I,,,,
213,795,Turkmenistan,1126,Camels,2021,140913,A,,,,
108,398,Kazakhstan,1126,Camels,2021,243365,A,,,,
124,434,Libya,1126,Camels,2021,62550,A,,,,
195,686,Senegal,1126,Camels,2021,5084,A,,,,
223,792,Türkiye,1126,Camels,2021,1204,A,,,,
41,156,"China, mainland",1126,Camels,2021,461700,A,,,,
52,31,Azerbaijan,1126,Camels,2021,332,A,,,,
113,417,Kyrgyzstan,1126,Camels,2021,261,A,,,,
136,478,Mauritania,1126,Camels,2021,1530864,I,,,,
179,634,Qatar,1126,Camels,2021,119560,A,,,,
233,854,Burkina Faso,1126,Camels,2021,28417,A,,,,
238,231,Ethiopia,1126,Camels,2021,1566449,E,,,,
100,356,India,1126,Camels,2021,219568,I,,,,
141,496,Mongolia,1126,Camels,2021,454038,A,,,,
147,516,Namibia,1126,Camels,2021,96,I,,,,
112,400,Jordan,1126,Camels,2021,14105,E,,,,
185,643,Russian Federation,1126,Camels,2021,5687,A,,,,
230,804,Ukraine,1126,Camels,2021,870,I,,,,
2,4,Afghanistan,1126,Camels,2021,167373,I,,,,
143,504,Morocco,1126,Camels,2021,61625,I,,,,
212,760,Syrian Arab Republic,1126,Camels,2021,35893,A,,,,
4,12,Algeria,1126,Camels,2021,448546,A,,,,
178,232,Eritrea,1126,Camels,2021,401715,I,,,,
102,364,Iran (Islamic Republic of),1126,Camels,2021,153667,I,,,,
276,729,Sudan,1126,Camels,2021,4826472,I,,,,
158,562,Niger,1126,Camels,2021,1882961,A,,,,
221,512,Oman,1126,Camels,2021,284540,A,,,,
222,788,Tunisia,1126,Camels,2021,238554,I,,,,
235,860,Uzbekistan,1126,Camels,2021,20132,A,,,,
59,818,Egypt,1126,Camels,2021,239000,A,,,,
103,368,Iraq,1126,Camels,2021,106361,A,,,,
249,887,Yemen,1126,Camels,2021,457870,X,,,,
72,262,Djibouti,1126,Camels,2021,71654,I,,,,
225,784,United Arab Emirates,1126,Camels,2021,549458,A,,,,
121,422,Lebanon,1126,Camels,2021,151,I,,,,
133,466,Mali,1126,Camels,2021,1291233,A,,,,
165,586,Pakistan,1126,Camels,2021,1118000,A,,,,
112,400,Jordan,1126,Camels,2022,13539,E,,,,
39,148,Chad,1126,Camels,2022,10020784,A,,,,
121,422,Lebanon,1126,Camels,2022,144,I,,,,
136,478,Mauritania,1126,Camels,2022,1538393,I,,,,
52,31,Azerbaijan,1126,Camels,2022,357,A,,,,
159,566,Nigeria,1126,Camels,2022,279355,I,,,,
230,804,Ukraine,1126,Camels,2022,868,I,,,,
178,232,Eritrea,1126,Camels,2022,406471,I,,,,
143,504,Morocco,1126,Camels,2022,61772,I,,,,
194,682,Saudi Arabia,1126,Camels,2022,2000242,A,,,,
201,706,Somalia,1126,Camels,2022,7537650,I,,,,
235,860,Uzbekistan,1126,Camels,2022,19928,A,,,,
59,818,Egypt,1126,Camels,2022,263000,A,,,,
113,417,Kyrgyzstan,1126,Camels,2022,250,A,,,,
225,784,United Arab Emirates,1126,Camels,2022,569527,A,,,,
72,262,Djibouti,1126,Camels,2022,71732,I,,,,
124,434,Libya,1126,Camels,2022,69550,I,,,,
212,760,Syrian Arab Republic,1126,Camels,2022,33480,A,,,,
276,729,Sudan,1126,Camels,2022,4700000,X,,,,
108,398,Kazakhstan,1126,Camels,2022,253742,A,,,,
179,634,Qatar,1126,Camels,2022,106972,A,,,,
233,854,Burkina Faso,1126,Camels,2022,28951,A,,,,
147,516,Namibia,1126,Camels,2022,95,I,,,,
195,686,Senegal,1126,Camels,2022,5172,A,,,,
222,788,Tunisia,1126,Camels,2022,238709,I,,,,
223,792,Türkiye,1126,Camels,2022,1193,A,,,,
4,12,Algeria,1126,Camels,2022,459765,I,,,,
105,376,Israel,1126,Camels,2022,5615,I,,,,
114,404,Kenya,1126,Camels,2022,3456483,A,,,,
141,496,Mongolia,1126,Camels,2022,470469,A,,,,
2,4,Afghanistan,1126,Camels,2022,166937,I,,,,
100,356,India,1126,Camels,2022,202740,I,,,,
165,586,Pakistan,1126,Camels,2022,1133000,A,,,,
102,364,Iran (Islamic Republic of),1126,Camels,2022,155999,I,,,,
103,368,Iraq,1126,Camels,2022,114863,A,,,,
208,762,Tajikistan,1126,Camels,2022,59,I,,,,
118,414,Kuwait,1126,Camels,2022,14219,I,,,,
158,562,Niger,1126,Camels,2022,1907439,A,,,,
185,643,Russian Federation,1126,Camels,2022,5538,A,,,,
213,795,Turkmenistan,1126,Camels,2022,141654,A,,,,
238,231,Ethiopia,1126,Camels,2022,1614196,E,,,,
13,48,Bahrain,1126,Camels,2022,3100,A,,,,
133,466,Mali,1126,Camels,2022,1317057,A,,,,
221,512,Oman,1126,Camels,2022,290229,A,,,,
41,156,"China, mainland",1126,Camels,2022,541400,A,,,,
249,887,Yemen,1126,Camels,2022,467030,X,,,,
121,422,Lebanon,1126,Camels,2023,137,I,,,,
212,760,Syrian Arab Republic,1126,Camels,2023,33510,A,,,,
249,887,Yemen,1126,Camels,2023,462771,X,,,,
52,31,Azerbaijan,1126,Camels,2023,361,A,,,,
102,364,Iran (Islamic Republic of),1126,Camels,2023,160000,E,,,,
103,368,Iraq,1126,Camels,2023,124045,A,,,,
194,682,Saudi Arabia,1126,Camels,2023,2210197,A,,,,
225,784,United Arab Emirates,1126,Camels,2023,593294,A,,,,
233,854,Burkina Faso,1126,Camels,2023,29495,A,,,,
72,262,Djibouti,1126,Camels,2023,71852,I,,,,
59,818,Egypt,1126,Camels,2023,241000,A,,,,
112,400,Jordan,1126,Camels,2023,13047,E,,,,
2,4,Afghanistan,1126,Camels,2023,166004,I,,,,
143,504,Morocco,1126,Camels,2023,62351,I,,,,
118,414,Kuwait,1126,Camels,2023,16424,I,,,,
230,804,Ukraine,1126,Camels,2023,874,I,,,,
235,860,Uzbekistan,1126,Camels,2023,18427,A,,,,
105,376,Israel,1126,Camels,2023,5628,I,,,,
114,404,Kenya,1126,Camels,2023,4284497,A,,,,
113,417,Kyrgyzstan,1126,Camels,2023,219,A,,,,
124,434,Libya,1126,Camels,2023,63073,I,,,,
178,232,Eritrea,1126,Camels,2023,402942,E,,,,
223,792,Türkiye,1126,Camels,2023,1197,A,,,,
100,356,India,1126,Camels,2023,188890,I,,,,
147,516,Namibia,1126,Camels,2023,96,I,,,,
165,586,Pakistan,1126,Camels,2023,1148000,A,,,,
195,686,Senegal,1126,Camels,2023,1182,A,,,,
159,566,Nigeria,1126,Camels,2023,279246,I,,,,
201,706,Somalia,1126,Camels,2023,7567111,I,,,,
208,762,Tajikistan,1126,Camels,2023,59,I,,,,
238,231,Ethiopia,1126,Camels,2023,1603124,E,,,,
276,729,Sudan,1126,Camels,2023,4770724,I,,,,
221,512,Oman,1126,Camels,2023,296030,A,,,,
179,634,Qatar,1126,Camels,2023,100726,A,,,,
185,643,Russian Federation,1126,Camels,2023,5339,I,,,,
13,48,Bahrain,1126,Camels,2023,3100,A,,,,
41,156,"China, mainland",1126,Camels,2023,579700,A,,,,
141,496,Mongolia,1126,Camels,2023,473853,A,,,,
213,795,Turkmenistan,1126,Camels,2023,142558,A,,,,
222,788,Tunisia,1126,Camels,2023,238893,I,,,,
136,478,Mauritania,1126,Camels,2023,1548157,I,,,,
39,148,Chad,1126,Camels,2023,10680415,A,,,,
108,398,Kazakhstan,1126,Camels,2023,264936,A,,,,
133,466,Mali,1126,Camels,2023,1343399,A,,,,
4,12,Algeria,1126,Camels,2023,461455,I,,,,
158,562,Niger,1126,Camels,2023,1932237,A,,,,
108,398,Kazakhstan,1126,Camels,2024,280522,A,,,,
158,562,Niger,1126,Camels,2024,1957356,A,,,,
103,368,Iraq,1126,Camels,2024,115090,E,,,,
105,376,Israel,1126,Camels,2024,5642,I,,,,
124,434,Libya,1126,Camels,2024,63956,I,,,,
159,566,Nigeria,1126,Camels,2024,279135,I,,,,
208,762,Tajikistan,1126,Camels,2024,60,I,,,,
2,4,Afghanistan,1126,Camels,2024,165071,I,,,,
121,422,Lebanon,1126,Camels,2024,130,I,,,,
179,634,Qatar,1126,Camels,2024,109086,E,,,,
41,156,"China, mainland",1126,Camels,2024,634000,A,,,,
133,466,Mali,1126,Camels,2024,1370266,A,,,,
276,729,Sudan,1126,Camels,2024,4839720,I,,,,
4,12,Algeria,1126,Camels,2024,466642,I,,,,
222,788,Tunisia,1126,Camels,2024,239078,I,,,,
13,48,Bahrain,1126,Camels,2024,3000,A,,,,
112,400,Jordan,1126,Camels,2024,12464,E,,,,
118,414,Kuwait,1126,Camels,2024,15745,I,,,,
59,818,Egypt,1126,Camels,2024,247667,E,,,,
143,504,Morocco,1126,Camels,2024,72000,E,,,,
194,682,Saudi Arabia,1126,Camels,2024,2436191,I,,,,
221,512,Oman,1126,Camels,2024,301952,A,,,,
52,31,Azerbaijan,1126,Camels,2024,349,I,,,,
178,232,Eritrea,1126,Camels,2024,407158,E,,,,
102,364,Iran (Islamic Republic of),1126,Camels,2024,156555,E,,,,
113,417,Kyrgyzstan,1126,Camels,2024,217,A,,,,
201,706,Somalia,1126,Camels,2024,7593176,I,,,,
72,262,Djibouti,1126,Camels,2024,71972,I,,,,
147,516,Namibia,1126,Camels,2024,97,I,,,,
249,887,Yemen,1126,Camels,2024,462052,I,,,,
100,356,India,1126,Camels,2024,175530,I,,,,
114,404,Kenya,1126,Camels,2024,4779483,A,,,,
141,496,Mongolia,1126,Camels,2024,480567,A,,,,
223,792,Türkiye,1126,Camels,2024,1137,A,,,,
230,804,Ukraine,1126,Camels,2024,880,I,,,,
238,231,Ethiopia,1126,Camels,2024,1656499,E,,,,
165,586,Pakistan,1126,Camels,2024,1163000,A,,,,
235,860,Uzbekistan,1126,Camels,2024,17631,A,,,,
136,478,Mauritania,1126,Camels,2024,1557920,I,,,,
185,643,Russian Federation,1126,Camels,2024,5222,I,,,,
233,854,Burkina Faso,1126,Camels,2024,29526,I,,,,
195,686,Senegal,1126,Camels,2024,3124,I,,,,
212,760,Syrian Arab Republic,1126,Camels,2024,32278,A,,,,
213,795,Turkmenistan,1126,Camels,2024,142993,A,,,,
225,784,United Arab Emirates,1126,Camels,2024,604855,I,,,,
39,148,Chad,1126,Camels,2024,11379091,I,,,,
