faostat,m49 code,Country,Item Code,Item,Year,Stocks (Head),Stocks (Head) flag,Stocks (1000 Head),Stocks (1000 Head) flag,Stocks (No),Stocks (No) flag
135,474,Martinique,866,Cattle,1961,63000,A,,,,
228,810,USSR,866,Cattle,1961,75780000,A,,,,
62,230,Ethiopia PDR,866,Cattle,1961,24900000,A,,,,
15,58,Belgium-Luxembourg,866,Cattle,1961,2684120,A,,,,
248,890,Yugoslav SFR,866,Cattle,1961,5702000,A,,,,
69,254,French Guiana,866,Cattle,1961,2500,A,,,,
51,200,Czechoslovakia,866,Cattle,1961,4387350,A,,,,
182,638,Réunion,866,Cattle,1961,40000,A,,,,
87,312,Guadeloupe,866,Cattle,1961,60000,A,,,,
206,736,Sudan (former),866,Cattle,1961,7000000,A,,,,
2,4,Afghanistan,866,Cattle,1961,2900000,A,,,,
3,8,Albania,866,Cattle,1961,420200,A,,,,
4,12,Algeria,866,Cattle,1961,611000,A,,,,
7,24,Angola,866,Cattle,1961,1325000,E,,,,
8,28,Antigua and Barbuda,866,Cattle,1961,5760,A,,,,
9,32,Argentina,866,Cattle,1961,42520000,A,,,,
10,36,Australia,866,Cattle,1961,17332256,A,,,,
11,40,Austria,866,Cattle,1961,2386761,A,,,,
12,44,Bahamas,866,Cattle,1961,3000,A,,,,
13,48,Bahrain,866,Cattle,1961,3300,E,,,,
16,50,Bangladesh,866,Cattle,1961,19850000,E,,,,
14,52,Barbados,866,Cattle,1961,20000,E,,,,
23,84,Belize,866,Cattle,1961,22129,A,,,,
53,204,Benin,866,Cattle,1961,321609,A,,,,
18,64,Bhutan,866,Cattle,1961,190000,E,,,,
19,68,Bolivia (Plurinational State of),866,Cattle,1961,1830000,E,,,,
20,72,Botswana,866,Cattle,1961,1570000,A,,,,
21,76,Brazil,866,Cattle,1961,56041312,A,,,,
26,96,Brunei Darussalam,866,Cattle,1961,3277,A,,,,
27,100,Bulgaria,866,Cattle,1961,1451855,A,,,,
233,854,Burkina Faso,866,Cattle,1961,1800000,A,,,,
29,108,Burundi,866,Cattle,1961,430000,E,,,,
35,132,Cabo Verde,866,Cattle,1961,12000,E,,,,
115,116,Cambodia,866,Cattle,1961,1470000,E,,,,
32,120,Cameroon,866,Cattle,1961,1750000,A,,,,
33,124,Canada,866,Cattle,1961,10696000,A,,,,
37,140,Central African Republic,866,Cattle,1961,403000,A,,,,
39,148,Chad,866,Cattle,1961,4130000,E,,,,
40,152,Chile,866,Cattle,1961,2841800,A,,,,
96,344,"China, Hong Kong SAR",866,Cattle,1961,18000,A,,,,
214,158,"China, Taiwan Province of",866,Cattle,1961,96057,A,,,,
41,156,"China, mainland",866,Cattle,1961,49400000,X,,,,
44,170,Colombia,866,Cattle,1961,15679000,A,,,,
45,174,Comoros,866,Cattle,1961,38600,E,,,,
46,178,Congo,866,Cattle,1961,21000,A,,,,
47,184,Cook Islands,866,Cattle,1961,210,E,,,,
48,188,Costa Rica,866,Cattle,1961,950940,A,,,,
49,192,Cuba,866,Cattle,1961,5025000,X,,,,
50,196,Cyprus,866,Cattle,1961,31000,A,,,,
107,384,Côte d'Ivoire,866,Cattle,1961,282000,A,,,,
116,408,Democratic People's Republic of Korea,866,Cattle,1961,672000,A,,,,
250,180,Democratic Republic of the Congo,866,Cattle,1961,1000000,E,,,,
54,208,Denmark,866,Cattle,1961,3593095,A,,,,
72,262,Djibouti,866,Cattle,1961,12000,A,,,,
55,212,Dominica,866,Cattle,1961,5500,E,,,,
56,214,Dominican Republic,866,Cattle,1961,1125000,X,,,,
58,218,Ecuador,866,Cattle,1961,1550000,A,,,,
59,818,Egypt,866,Cattle,1961,1523000,A,,,,
60,222,El Salvador,866,Cattle,1961,1135000,A,,,,
61,226,Equatorial Guinea,866,Cattle,1961,2660,A,,,,
209,748,Eswatini,866,Cattle,1961,535376,A,,,,
64,234,Faroe Islands,866,Cattle,1961,2977,A,,,,
66,242,Fiji,866,Cattle,1961,112986,A,,,,
67,246,Finland,866,Cattle,1961,2056600,A,,,,
68,250,France,866,Cattle,1961,19501008,A,,,,
70,258,French Polynesia,866,Cattle,1961,13147,A,,,,
74,266,Gabon,866,Cattle,1961,2800,A,,,,
75,270,Gambia,866,Cattle,1961,150000,E,,,,
79,276,Germany,866,Cattle,1961,17542592,A,,,,
81,288,Ghana,866,Cattle,1961,500000,E,,,,
84,300,Greece,866,Cattle,1961,1074286,A,,,,
86,308,Grenada,866,Cattle,1961,7000,A,,,,
89,320,Guatemala,866,Cattle,1961,1190000,A,,,,
90,324,Guinea,866,Cattle,1961,1200000,E,,,,
175,624,Guinea-Bissau,866,Cattle,1961,230286,A,,,,
91,328,Guyana,866,Cattle,1961,180000,A,,,,
93,332,Haiti,866,Cattle,1961,740000,E,,,,
95,340,Honduras,866,Cattle,1961,1411247,A,,,,
97,348,Hungary,866,Cattle,1961,1957000,A,,,,
99,352,Iceland,866,Cattle,1961,53377,A,,,,
100,356,India,866,Cattle,1961,175600000,A,,,,
101,360,Indonesia,866,Cattle,1961,6356000,A,,,,
102,364,Iran (Islamic Republic of),866,Cattle,1961,6023000,A,,,,
103,368,Iraq,866,Cattle,1961,1550000,A,,,,
104,372,Ireland,866,Cattle,1961,4291200,A,,,,
105,376,Israel,866,Cattle,1961,226400,A,,,,
106,380,Italy,866,Cattle,1961,9826800,A,,,,
109,388,Jamaica,866,Cattle,1961,240000,A,,,,
110,392,Japan,866,Cattle,1961,3225000,A,,,,
112,400,Jordan,866,Cattle,1961,44900,A,,,,
114,404,Kenya,866,Cattle,1961,7200000,X,,,,
118,414,Kuwait,866,Cattle,1961,4000,E,,,,
120,418,Lao People's Democratic Republic,866,Cattle,1961,290000,E,,,,
121,422,Lebanon,866,Cattle,1961,93000,A,,,,
122,426,Lesotho,866,Cattle,1961,376740,A,,,,
123,430,Liberia,866,Cattle,1961,19000,E,,,,
124,434,Libya,866,Cattle,1961,103970,A,,,,
129,450,Madagascar,866,Cattle,1961,8000000,A,,,,
130,454,Malawi,866,Cattle,1961,374762,A,,,,
131,458,Malaysia,866,Cattle,1961,329555,A,,,,
133,466,Mali,866,Cattle,1961,3513000,A,,,,
134,470,Malta,866,Cattle,1961,8090,A,,,,
136,478,Mauritania,866,Cattle,1961,2150000,E,,,,
137,480,Mauritius,866,Cattle,1961,44000,A,,,,
138,484,Mexico,866,Cattle,1961,16500000,E,,,,
141,496,Mongolia,866,Cattle,1961,1905000,A,,,,
143,504,Morocco,866,Cattle,1961,2801000,A,,,,
144,508,Mozambique,866,Cattle,1961,950000,E,,,,
28,104,Myanmar,866,Cattle,1961,5252622,A,,,,
147,516,Namibia,866,Cattle,1961,2117132,A,,,,
149,524,Nepal,866,Cattle,1961,5800000,E,,,,
150,528,Netherlands (Kingdom of the),866,Cattle,1961,3622588,A,,,,
153,540,New Caledonia,866,Cattle,1961,96000,A,,,,
156,554,New Zealand,866,Cattle,1961,6445789,A,,,,
157,558,Nicaragua,866,Cattle,1961,1528300,A,,,,
158,562,Niger,866,Cattle,1961,3490000,A,,,,
159,566,Nigeria,866,Cattle,1961,6028000,A,,,,
160,570,Niue,866,Cattle,1961,135,E,,,,
162,578,Norway,866,Cattle,1961,1180300,A,,,,
221,512,Oman,866,Cattle,1961,60000,E,,,,
165,586,Pakistan,866,Cattle,1961,14179000,E,,,,
166,591,Panama,866,Cattle,1961,762987,A,,,,
168,598,Papua New Guinea,866,Cattle,1961,21082,A,,,,
169,600,Paraguay,866,Cattle,1961,4695412,A,,,,
170,604,Peru,866,Cattle,1961,3823700,A,,,,
171,608,Philippines,866,Cattle,1961,1054700,A,,,,
173,616,Poland,866,Cattle,1961,9168000,A,,,,
174,620,Portugal,866,Cattle,1961,1108000,X,,,,
177,630,Puerto Rico,866,Cattle,1961,457512,A,,,,
179,634,Qatar,866,Cattle,1961,4000,E,,,,
117,410,Republic of Korea,866,Cattle,1961,1097223,A,,,,
183,642,Romania,866,Cattle,1961,4530000,A,,,,
184,646,Rwanda,866,Cattle,1961,420000,E,,,,
188,659,Saint Kitts and Nevis,866,Cattle,1961,6336,A,,,,
189,662,Saint Lucia,866,Cattle,1961,9500,E,,,,
191,670,Saint Vincent and the Grenadines,866,Cattle,1961,6800,E,,,,
244,882,Samoa,866,Cattle,1961,15736,A,,,,
193,678,Sao Tome and Principe,866,Cattle,1961,4210,A,,,,
194,682,Saudi Arabia,866,Cattle,1961,110000,E,,,,
195,686,Senegal,866,Cattle,1961,1960000,A,,,,
196,690,Seychelles,866,Cattle,1961,1400,E,,,,
197,694,Sierra Leone,866,Cattle,1961,220000,E,,,,
200,702,Singapore,866,Cattle,1961,7114,A,,,,
25,90,Solomon Islands,866,Cattle,1961,5000,X,,,,
201,706,Somalia,866,Cattle,1961,3150000,E,,,,
202,710,South Africa,866,Cattle,1961,12527000,A,,,,
203,724,Spain,866,Cattle,1961,3640342,A,,,,
38,144,Sri Lanka,866,Cattle,1961,1517191,A,,,,
207,740,Suriname,866,Cattle,1961,36188,A,,,,
210,752,Sweden,866,Cattle,1961,2574870,A,,,,
211,756,Switzerland,866,Cattle,1961,1760800,A,,,,
212,760,Syrian Arab Republic,866,Cattle,1961,421000,A,,,,
216,764,Thailand,866,Cattle,1961,3542420,A,,,,
176,626,Timor-Leste,866,Cattle,1961,24000,E,,,,
217,768,Togo,866,Cattle,1961,143833,A,,,,
219,776,Tonga,866,Cattle,1961,2419,A,,,,
220,780,Trinidad and Tobago,866,Cattle,1961,50000,X,,,,
222,788,Tunisia,866,Cattle,1961,634000,A,,,,
223,792,Türkiye,866,Cattle,1961,12435000,A,,,,
226,800,Uganda,866,Cattle,1961,3618000,A,,,,
225,784,United Arab Emirates,866,Cattle,1961,5000,E,,,,
229,826,United Kingdom of Great Britain and Northern Ireland,866,Cattle,1961,11977998,A,,,,
215,834,United Republic of Tanzania,866,Cattle,1961,8063658,A,,,,
231,840,United States of America,866,Cattle,1961,97700000,A,,,,
234,858,Uruguay,866,Cattle,1961,8792428,A,,,,
155,548,Vanuatu,866,Cattle,1961,34082,A,,,,
236,862,Venezuela (Bolivarian Republic of),866,Cattle,1961,6500000,E,,,,
237,704,Viet Nam,866,Cattle,1961,1871800,A,,,,
249,887,Yemen,866,Cattle,1961,1350000,A,,,,
251,894,Zambia,866,Cattle,1961,1283000,A,,,,
181,716,Zimbabwe,866,Cattle,1961,3553100,A,,,,
51,200,Czechoslovakia,866,Cattle,1962,4518291,A,,,,
87,312,Guadeloupe,866,Cattle,1962,65000,A,,,,
135,474,Martinique,866,Cattle,1962,50000,A,,,,
182,638,Réunion,866,Cattle,1962,40000,A,,,,
228,810,USSR,866,Cattle,1962,82077008,A,,,,
69,254,French Guiana,866,Cattle,1962,2700,A,,,,
206,736,Sudan (former),866,Cattle,1962,7000000,A,,,,
62,230,Ethiopia PDR,866,Cattle,1962,25052000,A,,,,
248,890,Yugoslav SFR,866,Cattle,1962,5884000,A,,,,
15,58,Belgium-Luxembourg,866,Cattle,1962,2798130,A,,,,
2,4,Afghanistan,866,Cattle,1962,3200000,E,,,,
3,8,Albania,866,Cattle,1962,414900,A,,,,
4,12,Algeria,866,Cattle,1962,610000,A,,,,
7,24,Angola,866,Cattle,1962,1430000,E,,,,
8,28,Antigua and Barbuda,866,Cattle,1962,5900,A,,,,
9,32,Argentina,866,Cattle,1962,42901000,A,,,,
10,36,Australia,866,Cattle,1962,18033168,A,,,,
11,40,Austria,866,Cattle,1962,2456557,A,,,,
12,44,Bahamas,866,Cattle,1962,3000,A,,,,
13,48,Bahrain,866,Cattle,1962,3400,E,,,,
16,50,Bangladesh,866,Cattle,1962,20500000,E,,,,
14,52,Barbados,866,Cattle,1962,15600,X,,,,
23,84,Belize,866,Cattle,1962,23098,A,,,,
53,204,Benin,866,Cattle,1962,346145,A,,,,
18,64,Bhutan,866,Cattle,1962,195000,E,,,,
19,68,Bolivia (Plurinational State of),866,Cattle,1962,1880000,E,,,,
20,72,Botswana,866,Cattle,1962,1595000,A,,,,
21,76,Brazil,866,Cattle,1962,57739888,E,,,,
26,96,Brunei Darussalam,866,Cattle,1962,3000,E,,,,
27,100,Bulgaria,866,Cattle,1962,1581518,A,,,,
233,854,Burkina Faso,866,Cattle,1962,1840000,A,,,,
29,108,Burundi,866,Cattle,1962,449665,A,,,,
35,132,Cabo Verde,866,Cattle,1962,12240,A,,,,
115,116,Cambodia,866,Cattle,1962,1550000,E,,,,
32,120,Cameroon,866,Cattle,1962,1750000,A,,,,
33,124,Canada,866,Cattle,1962,10933000,A,,,,
37,140,Central African Republic,866,Cattle,1962,404000,A,,,,
39,148,Chad,866,Cattle,1962,4190000,E,,,,
40,152,Chile,866,Cattle,1962,2875900,A,,,,
96,344,"China, Hong Kong SAR",866,Cattle,1962,15580,A,,,,
214,158,"China, Taiwan Province of",866,Cattle,1962,99980,A,,,,
41,156,"China, mainland",866,Cattle,1962,46760000,X,,,,
44,170,Colombia,866,Cattle,1962,15979000,A,,,,
45,174,Comoros,866,Cattle,1962,43000,E,,,,
46,178,Congo,866,Cattle,1962,22000,A,,,,
47,184,Cook Islands,866,Cattle,1962,220,E,,,,
48,188,Costa Rica,866,Cattle,1962,1006093,A,,,,
49,192,Cuba,866,Cattle,1962,5766400,A,,,,
50,196,Cyprus,866,Cattle,1962,32000,A,,,,
107,384,Côte d'Ivoire,866,Cattle,1962,291800,A,,,,
116,408,Democratic People's Republic of Korea,866,Cattle,1962,665000,A,,,,
250,180,Democratic Republic of the Congo,866,Cattle,1962,970000,E,,,,
54,208,Denmark,866,Cattle,1962,3504207,A,,,,
72,262,Djibouti,866,Cattle,1962,12000,E,,,,
55,212,Dominica,866,Cattle,1962,5200,E,,,,
56,214,Dominican Republic,866,Cattle,1962,1121000,X,,,,
58,218,Ecuador,866,Cattle,1962,1720000,A,,,,
59,818,Egypt,866,Cattle,1962,1544000,A,,,,
60,222,El Salvador,866,Cattle,1962,1146000,A,,,,
61,226,Equatorial Guinea,866,Cattle,1962,2540,E,,,,
209,748,Eswatini,866,Cattle,1962,543393,A,,,,
64,234,Faroe Islands,866,Cattle,1962,3023,A,,,,
66,242,Fiji,866,Cattle,1962,112986,A,,,,
67,246,Finland,866,Cattle,1962,2152300,A,,,,
68,250,France,866,Cattle,1962,20583008,A,,,,
70,258,French Polynesia,866,Cattle,1962,12700,E,,,,
74,266,Gabon,866,Cattle,1962,3300,A,,,,
75,270,Gambia,866,Cattle,1962,160600,A,,,,
79,276,Germany,866,Cattle,1962,17824288,A,,,,
81,288,Ghana,866,Cattle,1962,550000,E,,,,
84,300,Greece,866,Cattle,1962,1069000,A,,,,
86,308,Grenada,866,Cattle,1962,6000,A,,,,
89,320,Guatemala,866,Cattle,1962,1220000,A,,,,
90,324,Guinea,866,Cattle,1962,1240000,E,,,,
175,624,Guinea-Bissau,866,Cattle,1962,230000,E,,,,
91,328,Guyana,866,Cattle,1962,220000,A,,,,
93,332,Haiti,866,Cattle,1962,750000,E,,,,
95,340,Honduras,866,Cattle,1962,1428902,A,,,,
97,348,Hungary,866,Cattle,1962,1987486,A,,,,
99,352,Iceland,866,Cattle,1962,55744,A,,,,
100,356,India,866,Cattle,1962,173900000,E,,,,
101,360,Indonesia,866,Cattle,1962,6584000,A,,,,
102,364,Iran (Islamic Republic of),866,Cattle,1962,6073000,A,,,,
103,368,Iraq,866,Cattle,1962,1550000,E,,,,
104,372,Ireland,866,Cattle,1962,4179200,A,,,,
105,376,Israel,866,Cattle,1962,234700,A,,,,
106,380,Italy,866,Cattle,1962,9519980,A,,,,
109,388,Jamaica,866,Cattle,1962,240000,A,,,,
110,392,Japan,866,Cattle,1962,3351000,A,,,,
112,400,Jordan,866,Cattle,1962,59900,A,,,,
114,404,Kenya,866,Cattle,1962,7366000,A,,,,
118,414,Kuwait,866,Cattle,1962,4000,E,,,,
120,418,Lao People's Democratic Republic,866,Cattle,1962,300000,A,,,,
121,422,Lebanon,866,Cattle,1962,100000,A,,,,
122,426,Lesotho,866,Cattle,1962,386342,A,,,,
123,430,Liberia,866,Cattle,1962,20000,E,,,,
124,434,Libya,866,Cattle,1962,105135,A,,,,
129,450,Madagascar,866,Cattle,1962,8500000,A,,,,
130,454,Malawi,866,Cattle,1962,380387,A,,,,
131,458,Malaysia,866,Cattle,1962,328002,A,,,,
133,466,Mali,866,Cattle,1962,3862500,A,,,,
134,470,Malta,866,Cattle,1962,8000,E,,,,
136,478,Mauritania,866,Cattle,1962,2200000,E,,,,
137,480,Mauritius,866,Cattle,1962,44000,A,,,,
138,484,Mexico,866,Cattle,1962,16912000,E,,,,
141,496,Mongolia,866,Cattle,1962,1637000,A,,,,
143,504,Morocco,866,Cattle,1962,2564000,A,,,,
144,508,Mozambique,866,Cattle,1962,1000000,E,,,,
28,104,Myanmar,866,Cattle,1962,5306826,A,,,,
147,516,Namibia,866,Cattle,1962,2298266,A,,,,
149,524,Nepal,866,Cattle,1962,5826000,A,,,,
150,528,Netherlands (Kingdom of the),866,Cattle,1962,3816942,A,,,,
153,540,New Caledonia,866,Cattle,1962,97000,A,,,,
156,554,New Zealand,866,Cattle,1962,6597913,A,,,,
157,558,Nicaragua,866,Cattle,1962,1597100,A,,,,
158,562,Niger,866,Cattle,1962,3600000,A,,,,
159,566,Nigeria,866,Cattle,1962,6311000,A,,,,
160,570,Niue,866,Cattle,1962,140,E,,,,
162,578,Norway,866,Cattle,1962,1158800,A,,,,
221,512,Oman,866,Cattle,1962,60500,E,,,,
165,586,Pakistan,866,Cattle,1962,14224000,E,,,,
166,591,Panama,866,Cattle,1962,835400,A,,,,
168,598,Papua New Guinea,866,Cattle,1962,24583,A,,,,
169,600,Paraguay,866,Cattle,1962,4499565,A,,,,
170,604,Peru,866,Cattle,1962,3927000,A,,,,
171,608,Philippines,866,Cattle,1962,1094400,A,,,,
173,616,Poland,866,Cattle,1962,9589000,A,,,,
174,620,Portugal,866,Cattle,1962,1114000,X,,,,
177,630,Puerto Rico,866,Cattle,1962,475811,A,,,,
179,634,Qatar,866,Cattle,1962,4200,E,,,,
117,410,Republic of Korea,866,Cattle,1962,1255817,A,,,,
183,642,Romania,866,Cattle,1962,4524700,A,,,,
184,646,Rwanda,866,Cattle,1962,443000,A,,,,
188,659,Saint Kitts and Nevis,866,Cattle,1962,6000,E,,,,
189,662,Saint Lucia,866,Cattle,1962,10000,A,,,,
191,670,Saint Vincent and the Grenadines,866,Cattle,1962,7000,E,,,,
244,882,Samoa,866,Cattle,1962,16000,X,,,,
193,678,Sao Tome and Principe,866,Cattle,1962,4189,A,,,,
194,682,Saudi Arabia,866,Cattle,1962,112000,E,,,,
195,686,Senegal,866,Cattle,1962,1816000,A,,,,
196,690,Seychelles,866,Cattle,1962,1430,E,,,,
197,694,Sierra Leone,866,Cattle,1962,235000,E,,,,
200,702,Singapore,866,Cattle,1962,7114,A,,,,
25,90,Solomon Islands,866,Cattle,1962,5000,X,,,,
201,706,Somalia,866,Cattle,1962,3200000,E,,,,
202,710,South Africa,866,Cattle,1962,12600000,X,,,,
203,724,Spain,866,Cattle,1962,3660000,A,,,,
38,144,Sri Lanka,866,Cattle,1962,1363785,A,,,,
207,740,Suriname,866,Cattle,1962,36119,A,,,,
210,752,Sweden,866,Cattle,1962,2576380,A,,,,
211,756,Switzerland,866,Cattle,1962,1781500,A,,,,
212,760,Syrian Arab Republic,866,Cattle,1962,433482,A,,,,
216,764,Thailand,866,Cattle,1962,3594560,A,,,,
176,626,Timor-Leste,866,Cattle,1962,27919,A,,,,
217,768,Togo,866,Cattle,1962,140878,A,,,,
219,776,Tonga,866,Cattle,1962,2318,A,,,,
220,780,Trinidad and Tobago,866,Cattle,1962,50000,X,,,,
222,788,Tunisia,866,Cattle,1962,563000,A,,,,
223,792,Türkiye,866,Cattle,1962,12097300,A,,,,
226,800,Uganda,866,Cattle,1962,3382762,A,,,,
225,784,United Arab Emirates,866,Cattle,1962,5300,E,,,,
229,826,United Kingdom of Great Britain and Northern Ireland,866,Cattle,1962,11900559,A,,,,
215,834,United Republic of Tanzania,866,Cattle,1962,8224500,A,,,,
231,840,United States of America,866,Cattle,1962,100369008,A,,,,
234,858,Uruguay,866,Cattle,1962,8835000,A,,,,
155,548,Vanuatu,866,Cattle,1962,39000,E,,,,
236,862,Venezuela (Bolivarian Republic of),866,Cattle,1962,6518899,A,,,,
237,704,Viet Nam,866,Cattle,1962,1897000,A,,,,
249,887,Yemen,866,Cattle,1962,1338000,A,,,,
251,894,Zambia,866,Cattle,1962,1271000,A,,,,
181,716,Zimbabwe,866,Cattle,1962,3614260,A,,,,
182,638,Réunion,866,Cattle,1963,32300,A,,,,
69,254,French Guiana,866,Cattle,1963,2900,A,,,,
15,58,Belgium-Luxembourg,866,Cattle,1963,2847478,A,,,,
206,736,Sudan (former),866,Cattle,1963,8050000,E,,,,
228,810,USSR,866,Cattle,1963,86988000,A,,,,
248,890,Yugoslav SFR,866,Cattle,1963,5335000,A,,,,
135,474,Martinique,866,Cattle,1963,50000,A,,,,
62,230,Ethiopia PDR,866,Cattle,1963,25146608,A,,,,
51,200,Czechoslovakia,866,Cattle,1963,4507175,A,,,,
87,312,Guadeloupe,866,Cattle,1963,70000,A,,,,
2,4,Afghanistan,866,Cattle,1963,3300000,E,,,,
3,8,Albania,866,Cattle,1963,407100,A,,,,
4,12,Algeria,866,Cattle,1963,525000,A,,,,
7,24,Angola,866,Cattle,1963,1500000,X,,,,
8,28,Antigua and Barbuda,866,Cattle,1963,6000,A,,,,
9,32,Argentina,866,Cattle,1963,40009120,A,,,,
10,36,Australia,866,Cattle,1963,18548832,A,,,,
11,40,Austria,866,Cattle,1963,2437123,A,,,,
12,44,Bahamas,866,Cattle,1963,3000,A,,,,
13,48,Bahrain,866,Cattle,1963,3500,E,,,,
16,50,Bangladesh,866,Cattle,1963,21150000,E,,,,
14,52,Barbados,866,Cattle,1963,15800,X,,,,
23,84,Belize,866,Cattle,1963,26000,E,,,,
53,204,Benin,866,Cattle,1963,370099,A,,,,
18,64,Bhutan,866,Cattle,1963,200000,E,,,,
19,68,Bolivia (Plurinational State of),866,Cattle,1963,1930000,E,,,,
20,72,Botswana,866,Cattle,1963,1580000,A,,,,
21,76,Brazil,866,Cattle,1963,59703040,E,,,,
26,96,Brunei Darussalam,866,Cattle,1963,2500,E,,,,
27,100,Bulgaria,866,Cattle,1963,1582207,A,,,,
233,854,Burkina Faso,866,Cattle,1963,1840000,A,,,,
29,108,Burundi,866,Cattle,1963,458860,A,,,,
35,132,Cabo Verde,866,Cattle,1963,13905,A,,,,
115,116,Cambodia,866,Cattle,1963,1600000,E,,,,
32,120,Cameroon,866,Cattle,1963,1850000,A,,,,
33,124,Canada,866,Cattle,1963,11223000,A,,,,
37,140,Central African Republic,866,Cattle,1963,415000,A,,,,
39,148,Chad,866,Cattle,1963,4250000,E,,,,
40,152,Chile,866,Cattle,1963,2819000,A,,,,
96,344,"China, Hong Kong SAR",866,Cattle,1963,15520,A,,,,
214,158,"China, Taiwan Province of",866,Cattle,1963,99987,A,,,,
41,156,"China, mainland",866,Cattle,1963,47360000,X,,,,
44,170,Colombia,866,Cattle,1963,16279000,A,,,,
45,174,Comoros,866,Cattle,1963,47300,E,,,,
46,178,Congo,866,Cattle,1963,27000,A,,,,
47,184,Cook Islands,866,Cattle,1963,230,E,,,,
48,188,Costa Rica,866,Cattle,1963,1067819,A,,,,
49,192,Cuba,866,Cattle,1963,5974900,A,,,,
50,196,Cyprus,866,Cattle,1963,33000,A,,,,
107,384,Côte d'Ivoire,866,Cattle,1963,304300,A,,,,
116,408,Democratic People's Republic of Korea,866,Cattle,1963,672000,A,,,,
250,180,Democratic Republic of the Congo,866,Cattle,1963,930000,E,,,,
54,208,Denmark,866,Cattle,1963,3343430,A,,,,
72,262,Djibouti,866,Cattle,1963,13000,E,,,,
55,212,Dominica,866,Cattle,1963,4900,E,,,,
56,214,Dominican Republic,866,Cattle,1963,1115000,X,,,,
58,218,Ecuador,866,Cattle,1963,1909000,A,,,,
59,818,Egypt,866,Cattle,1963,1565500,A,,,,
60,222,El Salvador,866,Cattle,1963,1158000,A,,,,
61,226,Equatorial Guinea,866,Cattle,1963,2400,E,,,,
209,748,Eswatini,866,Cattle,1963,531540,A,,,,
64,234,Faroe Islands,866,Cattle,1963,2707,A,,,,
66,242,Fiji,866,Cattle,1963,112986,A,,,,
67,246,Finland,866,Cattle,1963,2174800,A,,,,
68,250,France,866,Cattle,1963,20286000,A,,,,
70,258,French Polynesia,866,Cattle,1963,12400,E,,,,
74,266,Gabon,866,Cattle,1963,2800,A,,,,
75,270,Gambia,866,Cattle,1963,181996,A,,,,
79,276,Germany,866,Cattle,1963,17862288,A,,,,
81,288,Ghana,866,Cattle,1963,600000,E,,,,
84,300,Greece,866,Cattle,1963,1060000,A,,,,
86,308,Grenada,866,Cattle,1963,7000,A,,,,
89,320,Guatemala,866,Cattle,1963,1263337,A,,,,
90,324,Guinea,866,Cattle,1963,1280000,E,,,,
175,624,Guinea-Bissau,866,Cattle,1963,230000,E,,,,
91,328,Guyana,866,Cattle,1963,225000,A,,,,
93,332,Haiti,866,Cattle,1963,760000,E,,,,
95,340,Honduras,866,Cattle,1963,1446778,A,,,,
97,348,Hungary,866,Cattle,1963,1905921,A,,,,
99,352,Iceland,866,Cattle,1963,55901,A,,,,
100,356,India,866,Cattle,1963,173971008,X,,,,
101,360,Indonesia,866,Cattle,1963,6538000,A,,,,
102,364,Iran (Islamic Republic of),866,Cattle,1963,5200000,A,,,,
103,368,Iraq,866,Cattle,1963,1550000,E,,,,
104,372,Ireland,866,Cattle,1963,4300600,A,,,,
105,376,Israel,866,Cattle,1963,242600,A,,,,
106,380,Italy,866,Cattle,1963,9152010,A,,,,
109,388,Jamaica,866,Cattle,1963,240000,A,,,,
110,392,Japan,866,Cattle,1963,3500000,A,,,,
112,400,Jordan,866,Cattle,1963,61100,A,,,,
114,404,Kenya,866,Cattle,1963,6800000,X,,,,
118,414,Kuwait,866,Cattle,1963,4100,E,,,,
120,418,Lao People's Democratic Republic,866,Cattle,1963,310000,E,,,,
121,422,Lebanon,866,Cattle,1963,110000,A,,,,
122,426,Lesotho,866,Cattle,1963,336146,A,,,,
123,430,Liberia,866,Cattle,1963,21000,E,,,,
124,434,Libya,866,Cattle,1963,106300,A,,,,
129,450,Madagascar,866,Cattle,1963,8500000,A,,,,
130,454,Malawi,866,Cattle,1963,396145,A,,,,
131,458,Malaysia,866,Cattle,1963,322779,A,,,,
133,466,Mali,866,Cattle,1963,3923104,A,,,,
134,470,Malta,866,Cattle,1963,6731,A,,,,
136,478,Mauritania,866,Cattle,1963,2240000,E,,,,
137,480,Mauritius,866,Cattle,1963,44000,A,,,,
138,484,Mexico,866,Cattle,1963,17710000,E,,,,
141,496,Mongolia,866,Cattle,1963,1702000,A,,,,
143,504,Morocco,866,Cattle,1963,2686000,A,,,,
144,508,Mozambique,866,Cattle,1963,1000000,E,,,,
28,104,Myanmar,866,Cattle,1963,5695813,A,,,,
147,516,Namibia,866,Cattle,1963,2284280,A,,,,
149,524,Nepal,866,Cattle,1963,5830000,E,,,,
150,528,Netherlands (Kingdom of the),866,Cattle,1963,3695185,A,,,,
153,540,New Caledonia,866,Cattle,1963,105000,A,,,,
156,554,New Zealand,866,Cattle,1963,6690964,A,,,,
157,558,Nicaragua,866,Cattle,1963,1669000,A,,,,
158,562,Niger,866,Cattle,1963,3590000,A,,,,
159,566,Nigeria,866,Cattle,1963,6627000,A,,,,
160,570,Niue,866,Cattle,1963,145,E,,,,
162,578,Norway,866,Cattle,1963,1122000,A,,,,
221,512,Oman,866,Cattle,1963,61000,E,,,,
165,586,Pakistan,866,Cattle,1963,14269000,E,,,,
166,591,Panama,866,Cattle,1963,842400,A,,,,
168,598,Papua New Guinea,866,Cattle,1963,29129,A,,,,
169,600,Paraguay,866,Cattle,1963,4300000,E,,,,
170,604,Peru,866,Cattle,1963,3801500,A,,,,
171,608,Philippines,866,Cattle,1963,1197200,A,,,,
173,616,Poland,866,Cattle,1963,9841000,A,,,,
174,620,Portugal,866,Cattle,1963,1127000,X,,,,
177,630,Puerto Rico,866,Cattle,1963,488000,A,,,,
179,634,Qatar,866,Cattle,1963,4300,E,,,,
117,410,Republic of Korea,866,Cattle,1963,1367823,A,,,,
183,642,Romania,866,Cattle,1963,4383800,A,,,,
184,646,Rwanda,866,Cattle,1963,500379,A,,,,
188,659,Saint Kitts and Nevis,866,Cattle,1963,5900,E,,,,
189,662,Saint Lucia,866,Cattle,1963,10500,A,,,,
191,670,Saint Vincent and the Grenadines,866,Cattle,1963,6800,A,,,,
244,882,Samoa,866,Cattle,1963,17770,A,,,,
193,678,Sao Tome and Principe,866,Cattle,1963,3861,A,,,,
194,682,Saudi Arabia,866,Cattle,1963,114000,E,,,,
195,686,Senegal,866,Cattle,1963,1918000,A,,,,
196,690,Seychelles,866,Cattle,1963,1450,E,,,,
197,694,Sierra Leone,866,Cattle,1963,250000,E,,,,
200,702,Singapore,866,Cattle,1963,7114,A,,,,
25,90,Solomon Islands,866,Cattle,1963,5950,X,,,,
201,706,Somalia,866,Cattle,1963,3250000,E,,,,
202,710,South Africa,866,Cattle,1963,12600000,X,,,,
203,724,Spain,866,Cattle,1963,3682946,A,,,,
38,144,Sri Lanka,866,Cattle,1963,1588807,A,,,,
207,740,Suriname,866,Cattle,1963,36905,A,,,,
210,752,Sweden,866,Cattle,1963,2447060,A,,,,
211,756,Switzerland,866,Cattle,1963,1716000,A,,,,
212,760,Syrian Arab Republic,866,Cattle,1963,448800,A,,,,
216,764,Thailand,866,Cattle,1963,3624360,A,,,,
176,626,Timor-Leste,866,Cattle,1963,29067,A,,,,
217,768,Togo,866,Cattle,1963,157975,A,,,,
219,776,Tonga,866,Cattle,1963,2830,A,,,,
220,780,Trinidad and Tobago,866,Cattle,1963,51000,X,,,,
222,788,Tunisia,866,Cattle,1963,480000,A,,,,
223,792,Türkiye,866,Cattle,1963,12662000,A,,,,
226,800,Uganda,866,Cattle,1963,3464603,A,,,,
225,784,United Arab Emirates,866,Cattle,1963,5600,E,,,,
229,826,United Kingdom of Great Britain and Northern Ireland,866,Cattle,1963,11756825,A,,,,
215,834,United Republic of Tanzania,866,Cattle,1963,8549000,A,,,,
231,840,United States of America,866,Cattle,1963,104488000,A,,,,
234,858,Uruguay,866,Cattle,1963,8682000,A,,,,
155,548,Vanuatu,866,Cattle,1963,45000,E,,,,
236,862,Venezuela (Bolivarian Republic of),866,Cattle,1963,6724244,A,,,,
237,704,Viet Nam,866,Cattle,1963,1979200,A,,,,
249,887,Yemen,866,Cattle,1963,1315000,A,,,,
251,894,Zambia,866,Cattle,1963,1270000,A,,,,
181,716,Zimbabwe,866,Cattle,1963,3715000,A,,,,
228,810,USSR,866,Cattle,1964,85448000,A,,,,
69,254,French Guiana,866,Cattle,1964,2700,A,,,,
15,58,Belgium-Luxembourg,866,Cattle,1964,2641407,A,,,,
51,200,Czechoslovakia,866,Cattle,1964,4479806,A,,,,
135,474,Martinique,866,Cattle,1964,45000,A,,,,
248,890,Yugoslav SFR,866,Cattle,1964,5094000,A,,,,
182,638,Réunion,866,Cattle,1964,31800,A,,,,
206,736,Sudan (former),866,Cattle,1964,9105000,A,,,,
87,312,Guadeloupe,866,Cattle,1964,70000,A,,,,
62,230,Ethiopia PDR,866,Cattle,1964,25269904,A,,,,
2,4,Afghanistan,866,Cattle,1964,3350000,E,,,,
3,8,Albania,866,Cattle,1964,401500,A,,,,
4,12,Algeria,866,Cattle,1964,531000,A,,,,
7,24,Angola,866,Cattle,1964,1650000,E,,,,
8,28,Antigua and Barbuda,866,Cattle,1964,7000,A,,,,
9,32,Argentina,866,Cattle,1964,42300000,X,,,,
10,36,Australia,866,Cattle,1964,19054704,A,,,,
11,40,Austria,866,Cattle,1964,2310667,A,,,,
12,44,Bahamas,866,Cattle,1964,3500,A,,,,
13,48,Bahrain,866,Cattle,1964,3600,E,,,,
16,50,Bangladesh,866,Cattle,1964,22986000,A,,,,
14,52,Barbados,866,Cattle,1964,15600,X,,,,
23,84,Belize,866,Cattle,1964,29716,A,,,,
53,204,Benin,866,Cattle,1964,393100,A,,,,
18,64,Bhutan,866,Cattle,1964,205000,E,,,,
19,68,Bolivia (Plurinational State of),866,Cattle,1964,1980000,E,,,,
20,72,Botswana,866,Cattle,1964,1563000,A,,,,
21,76,Brazil,866,Cattle,1964,61732944,E,,,,
26,96,Brunei Darussalam,866,Cattle,1964,1539,A,,,,
27,100,Bulgaria,866,Cattle,1964,1494171,A,,,,
233,854,Burkina Faso,866,Cattle,1964,2000000,A,,,,
29,108,Burundi,866,Cattle,1964,480000,A,,,,
35,132,Cabo Verde,866,Cattle,1964,12720,A,,,,
115,116,Cambodia,866,Cattle,1964,1700000,E,,,,
32,120,Cameroon,866,Cattle,1964,1600000,A,,,,
33,124,Canada,866,Cattle,1964,11678000,A,,,,
37,140,Central African Republic,866,Cattle,1964,430000,E,,,,
39,148,Chad,866,Cattle,1964,4310000,E,,,,
40,152,Chile,866,Cattle,1964,2844600,A,,,,
96,344,"China, Hong Kong SAR",866,Cattle,1964,14300,A,,,,
214,158,"China, Taiwan Province of",866,Cattle,1964,101762,A,,,,
41,156,"China, mainland",866,Cattle,1964,48940000,X,,,,
44,170,Colombia,866,Cattle,1964,16584000,X,,,,
45,174,Comoros,866,Cattle,1964,51600,E,,,,
46,178,Congo,866,Cattle,1964,32000,A,,,,
47,184,Cook Islands,866,Cattle,1964,240,E,,,,
48,188,Costa Rica,866,Cattle,1964,1135105,A,,,,
49,192,Cuba,866,Cattle,1964,6378000,A,,,,
50,196,Cyprus,866,Cattle,1964,34000,A,,,,
107,384,Côte d'Ivoire,866,Cattle,1964,310000,X,,,,
116,408,Democratic People's Republic of Korea,866,Cattle,1964,679000,A,,,,
250,180,Democratic Republic of the Congo,866,Cattle,1964,901390,A,,,,
54,208,Denmark,866,Cattle,1964,3276525,A,,,,
72,262,Djibouti,866,Cattle,1964,13500,E,,,,
55,212,Dominica,866,Cattle,1964,4700,E,,,,
56,214,Dominican Republic,866,Cattle,1964,1109000,X,,,,
58,218,Ecuador,866,Cattle,1964,1900000,X,,,,
59,818,Egypt,866,Cattle,1964,1586800,A,,,,
60,222,El Salvador,866,Cattle,1964,1169000,A,,,,
61,226,Equatorial Guinea,866,Cattle,1964,2410,A,,,,
209,748,Eswatini,866,Cattle,1964,544883,A,,,,
64,234,Faroe Islands,866,Cattle,1964,2564,A,,,,
66,242,Fiji,866,Cattle,1964,112986,A,,,,
67,246,Finland,866,Cattle,1964,2145900,A,,,,
68,250,France,866,Cattle,1964,20040608,A,,,,
70,258,French Polynesia,866,Cattle,1964,12000,E,,,,
74,266,Gabon,866,Cattle,1964,3000,A,,,,
75,270,Gambia,866,Cattle,1964,188000,E,,,,
79,276,Germany,866,Cattle,1964,17627696,A,,,,
81,288,Ghana,866,Cattle,1964,700000,A,,,,
84,300,Greece,866,Cattle,1964,1034000,A,,,,
86,308,Grenada,866,Cattle,1964,6801,A,,,,
89,320,Guatemala,866,Cattle,1964,1300000,A,,,,
90,324,Guinea,866,Cattle,1964,1320000,E,,,,
175,624,Guinea-Bissau,866,Cattle,1964,230000,E,,,,
91,328,Guyana,866,Cattle,1964,270000,A,,,,
93,332,Haiti,866,Cattle,1964,780000,E,,,,
95,340,Honduras,866,Cattle,1964,1464877,A,,,,
97,348,Hungary,866,Cattle,1964,1883359,A,,,,
99,352,Iceland,866,Cattle,1964,57211,A,,,,
100,356,India,866,Cattle,1964,175800000,E,,,,
101,360,Indonesia,866,Cattle,1964,6537000,A,,,,
102,364,Iran (Islamic Republic of),866,Cattle,1964,5000000,A,,,,
103,368,Iraq,866,Cattle,1964,1500000,E,,,,
104,372,Ireland,866,Cattle,1964,4368800,A,,,,
105,376,Israel,866,Cattle,1964,215800,A,,,,
106,380,Italy,866,Cattle,1964,8608200,A,,,,
109,388,Jamaica,866,Cattle,1964,240000,A,,,,
110,392,Japan,866,Cattle,1964,3465000,A,,,,
112,400,Jordan,866,Cattle,1964,65000,A,,,,
114,404,Kenya,866,Cattle,1964,7398000,A,,,,
118,414,Kuwait,866,Cattle,1964,4200,E,,,,
120,418,Lao People's Democratic Republic,866,Cattle,1964,328937,A,,,,
121,422,Lebanon,866,Cattle,1964,92004,A,,,,
122,426,Lesotho,866,Cattle,1964,308000,A,,,,
123,430,Liberia,866,Cattle,1964,22000,E,,,,
124,434,Libya,866,Cattle,1964,107565,A,,,,
129,450,Madagascar,866,Cattle,1964,8500000,A,,,,
130,454,Malawi,866,Cattle,1964,411400,A,,,,
131,458,Malaysia,866,Cattle,1964,331364,A,,,,
133,466,Mali,866,Cattle,1964,4262000,A,,,,
134,470,Malta,866,Cattle,1964,7987,A,,,,
136,478,Mauritania,866,Cattle,1964,2290000,E,,,,
137,480,Mauritius,866,Cattle,1964,45683,A,,,,
138,484,Mexico,866,Cattle,1964,18530000,E,,,,
141,496,Mongolia,866,Cattle,1964,1856000,A,,,,
143,504,Morocco,866,Cattle,1964,2871000,A,,,,
144,508,Mozambique,866,Cattle,1964,1050000,E,,,,
28,104,Myanmar,866,Cattle,1964,6069138,A,,,,
147,516,Namibia,866,Cattle,1964,2290000,E,,,,
149,524,Nepal,866,Cattle,1964,5840000,E,,,,
150,528,Netherlands (Kingdom of the),866,Cattle,1964,3567379,A,,,,
153,540,New Caledonia,866,Cattle,1964,95100,A,,,,
156,554,New Zealand,866,Cattle,1964,6696205,A,,,,
157,558,Nicaragua,866,Cattle,1964,1744000,A,,,,
158,562,Niger,866,Cattle,1964,3970000,A,,,,
159,566,Nigeria,866,Cattle,1964,6946000,A,,,,
160,570,Niue,866,Cattle,1964,150,E,,,,
162,578,Norway,866,Cattle,1964,1101851,A,,,,
221,512,Oman,866,Cattle,1964,62000,E,,,,
165,586,Pakistan,866,Cattle,1964,14314000,E,,,,
166,591,Panama,866,Cattle,1964,890610,A,,,,
168,598,Papua New Guinea,866,Cattle,1964,33503,A,,,,
169,600,Paraguay,866,Cattle,1964,4350000,E,,,,
170,604,Peru,866,Cattle,1964,3625000,A,,,,
171,608,Philippines,866,Cattle,1964,1382900,A,,,,
173,616,Poland,866,Cattle,1964,9940000,A,,,,
174,620,Portugal,866,Cattle,1964,1141000,X,,,,
177,630,Puerto Rico,866,Cattle,1964,498000,A,,,,
179,634,Qatar,866,Cattle,1964,4500,E,,,,
117,410,Republic of Korea,866,Cattle,1964,1356790,A,,,,
183,642,Romania,866,Cattle,1964,4456100,A,,,,
184,646,Rwanda,866,Cattle,1964,516300,A,,,,
188,659,Saint Kitts and Nevis,866,Cattle,1964,5900,E,,,,
189,662,Saint Lucia,866,Cattle,1964,11000,A,,,,
191,670,Saint Vincent and the Grenadines,866,Cattle,1964,6800,E,,,,
244,882,Samoa,866,Cattle,1964,17785,A,,,,
193,678,Sao Tome and Principe,866,Cattle,1964,3506,A,,,,
194,682,Saudi Arabia,866,Cattle,1964,116000,E,,,,
195,686,Senegal,866,Cattle,1964,1967000,A,,,,
196,690,Seychelles,866,Cattle,1964,1470,E,,,,
197,694,Sierra Leone,866,Cattle,1964,260000,E,,,,
200,702,Singapore,866,Cattle,1964,7114,A,,,,
25,90,Solomon Islands,866,Cattle,1964,5950,X,,,,
201,706,Somalia,866,Cattle,1964,3300000,E,,,,
202,710,South Africa,866,Cattle,1964,12600000,E,,,,
203,724,Spain,866,Cattle,1964,3670946,A,,,,
38,144,Sri Lanka,866,Cattle,1964,1851187,A,,,,
207,740,Suriname,866,Cattle,1964,37489,A,,,,
210,752,Sweden,866,Cattle,1964,2311000,A,,,,
211,756,Switzerland,866,Cattle,1964,1698000,A,,,,
212,760,Syrian Arab Republic,866,Cattle,1964,462897,A,,,,
216,764,Thailand,866,Cattle,1964,3752910,A,,,,
176,626,Timor-Leste,866,Cattle,1964,36213,A,,,,
217,768,Togo,866,Cattle,1964,165515,A,,,,
219,776,Tonga,866,Cattle,1964,2662,A,,,,
220,780,Trinidad and Tobago,866,Cattle,1964,52000,X,,,,
222,788,Tunisia,866,Cattle,1964,542000,A,,,,
223,792,Türkiye,866,Cattle,1964,12704000,A,,,,
226,800,Uganda,866,Cattle,1964,3463937,A,,,,
225,784,United Arab Emirates,866,Cattle,1964,5800,E,,,,
229,826,United Kingdom of Great Britain and Northern Ireland,866,Cattle,1964,11668559,A,,,,
215,834,United Republic of Tanzania,866,Cattle,1964,8837000,A,,,,
231,840,United States of America,866,Cattle,1964,107903008,A,,,,
234,858,Uruguay,866,Cattle,1964,8698000,A,,,,
155,548,Vanuatu,866,Cattle,1964,50000,E,,,,
236,862,Venezuela (Bolivarian Republic of),866,Cattle,1964,6936058,A,,,,
237,704,Viet Nam,866,Cattle,1964,1970500,A,,,,
249,887,Yemen,866,Cattle,1964,1325000,A,,,,
251,894,Zambia,866,Cattle,1964,1267000,A,,,,
181,716,Zimbabwe,866,Cattle,1964,3501193,A,,,,
135,474,Martinique,866,Cattle,1965,37000,A,,,,
62,230,Ethiopia PDR,866,Cattle,1965,25424896,A,,,,
248,890,Yugoslav SFR,866,Cattle,1965,5219000,A,,,,
15,58,Belgium-Luxembourg,866,Cattle,1965,2685510,A,,,,
206,736,Sudan (former),866,Cattle,1965,9105000,A,,,,
228,810,USSR,866,Cattle,1965,87171008,A,,,,
69,254,French Guiana,866,Cattle,1965,2700,A,,,,
51,200,Czechoslovakia,866,Cattle,1965,4436166,A,,,,
87,312,Guadeloupe,866,Cattle,1965,70000,A,,,,
182,638,Réunion,866,Cattle,1965,32000,A,,,,
2,4,Afghanistan,866,Cattle,1965,3400000,E,,,,
3,8,Albania,866,Cattle,1965,427100,A,,,,
4,12,Algeria,866,Cattle,1965,602000,A,,,,
7,24,Angola,866,Cattle,1965,1800000,E,,,,
8,28,Antigua and Barbuda,866,Cattle,1965,7000,A,,,,
9,32,Argentina,866,Cattle,1965,46708688,A,,,,
10,36,Australia,866,Cattle,1965,18815792,A,,,,
11,40,Austria,866,Cattle,1965,2350269,A,,,,
12,44,Bahamas,866,Cattle,1965,3500,A,,,,
13,48,Bahrain,866,Cattle,1965,3700,E,,,,
16,50,Bangladesh,866,Cattle,1965,22370000,X,,,,
14,52,Barbados,866,Cattle,1965,16000,X,,,,
23,84,Belize,866,Cattle,1965,33000,A,,,,
53,204,Benin,866,Cattle,1965,449300,A,,,,
18,64,Bhutan,866,Cattle,1965,210000,E,,,,
19,68,Bolivia (Plurinational State of),866,Cattle,1965,2030000,E,,,,
20,72,Botswana,866,Cattle,1965,1263000,A,,,,
21,76,Brazil,866,Cattle,1965,63831856,E,,,,
26,96,Brunei Darussalam,866,Cattle,1965,1295,A,,,,
27,100,Bulgaria,866,Cattle,1965,1474020,A,,,,
233,854,Burkina Faso,866,Cattle,1965,2300000,A,,,,
29,108,Burundi,866,Cattle,1965,516300,A,,,,
35,132,Cabo Verde,866,Cattle,1965,12633,A,,,,
115,116,Cambodia,866,Cattle,1965,1770000,E,,,,
32,120,Cameroon,866,Cattle,1965,1740000,A,,,,
33,124,Canada,866,Cattle,1965,12128000,A,,,,
37,140,Central African Republic,866,Cattle,1965,450000,A,,,,
39,148,Chad,866,Cattle,1965,4370000,E,,,,
40,152,Chile,866,Cattle,1965,2870171,A,,,,
96,344,"China, Hong Kong SAR",866,Cattle,1965,11196,A,,,,
214,158,"China, Taiwan Province of",866,Cattle,1965,102256,A,,,,
41,156,"China, mainland",866,Cattle,1965,52420000,X,,,,
44,170,Colombia,866,Cattle,1965,16882000,A,,,,
45,174,Comoros,866,Cattle,1965,56000,E,,,,
46,178,Congo,866,Cattle,1965,30000,A,,,,
47,184,Cook Islands,866,Cattle,1965,250,E,,,,
48,188,Costa Rica,866,Cattle,1965,1210457,A,,,,
49,192,Cuba,866,Cattle,1965,6575300,A,,,,
50,196,Cyprus,866,Cattle,1965,34500,A,,,,
107,384,Côte d'Ivoire,866,Cattle,1965,318000,A,,,,
116,408,Democratic People's Republic of Korea,866,Cattle,1965,680000,E,,,,
250,180,Democratic Republic of the Congo,866,Cattle,1965,766023,A,,,,
54,208,Denmark,866,Cattle,1965,3345396,A,,,,
72,262,Djibouti,866,Cattle,1965,15000,E,,,,
55,212,Dominica,866,Cattle,1965,4400,E,,,,
56,214,Dominican Republic,866,Cattle,1965,1104000,X,,,,
58,218,Ecuador,866,Cattle,1965,2000000,X,,,,
59,818,Egypt,866,Cattle,1965,1608000,A,,,,
60,222,El Salvador,866,Cattle,1965,1181000,A,,,,
61,226,Equatorial Guinea,866,Cattle,1965,2958,A,,,,
209,748,Eswatini,866,Cattle,1965,510085,A,,,,
64,234,Faroe Islands,866,Cattle,1965,2545,A,,,,
66,242,Fiji,866,Cattle,1965,113000,E,,,,
67,246,Finland,866,Cattle,1965,2027500,A,,,,
68,250,France,866,Cattle,1965,20243904,A,,,,
70,258,French Polynesia,866,Cattle,1965,12000,E,,,,
74,266,Gabon,866,Cattle,1965,3577,A,,,,
75,270,Gambia,866,Cattle,1965,195000,E,,,,
79,276,Germany,866,Cattle,1965,17735488,A,,,,
81,288,Ghana,866,Cattle,1965,750000,E,,,,
84,300,Greece,866,Cattle,1965,1017000,A,,,,
86,308,Grenada,866,Cattle,1965,6900,A,,,,
89,320,Guatemala,866,Cattle,1965,1330000,A,,,,
90,324,Guinea,866,Cattle,1965,1360000,E,,,,
175,624,Guinea-Bissau,866,Cattle,1965,230000,E,,,,
91,328,Guyana,866,Cattle,1965,332000,A,,,,
93,332,Haiti,866,Cattle,1965,800000,E,,,,
95,340,Honduras,866,Cattle,1965,1483203,A,,,,
97,348,Hungary,866,Cattle,1965,1963869,A,,,,
99,352,Iceland,866,Cattle,1965,59751,A,,,,
100,356,India,866,Cattle,1965,175900000,E,,,,
101,360,Indonesia,866,Cattle,1965,6816000,A,,,,
102,364,Iran (Islamic Republic of),866,Cattle,1965,5000000,A,,,,
103,368,Iraq,866,Cattle,1965,1454923,A,,,,
104,372,Ireland,866,Cattle,1965,4524200,A,,,,
105,376,Israel,866,Cattle,1965,217100,A,,,,
106,380,Italy,866,Cattle,1965,9182600,A,,,,
109,388,Jamaica,866,Cattle,1965,240000,A,,,,
110,392,Japan,866,Cattle,1965,3193000,A,,,,
112,400,Jordan,866,Cattle,1965,72600,A,,,,
114,404,Kenya,866,Cattle,1965,7500000,E,,,,
118,414,Kuwait,866,Cattle,1965,4300,E,,,,
120,418,Lao People's Democratic Republic,866,Cattle,1965,337000,E,,,,
121,422,Lebanon,866,Cattle,1965,103779,A,,,,
122,426,Lesotho,866,Cattle,1965,418951,A,,,,
123,430,Liberia,866,Cattle,1965,23000,E,,,,
124,434,Libya,866,Cattle,1965,108634,A,,,,
129,450,Madagascar,866,Cattle,1965,8800000,A,,,,
130,454,Malawi,866,Cattle,1965,432293,A,,,,
131,458,Malaysia,866,Cattle,1965,336301,A,,,,
133,466,Mali,866,Cattle,1965,4640433,A,,,,
134,470,Malta,866,Cattle,1965,7258,A,,,,
136,478,Mauritania,866,Cattle,1965,2340000,E,,,,
137,480,Mauritius,866,Cattle,1965,45000,E,,,,
138,484,Mexico,866,Cattle,1965,19318000,E,,,,
141,496,Mongolia,866,Cattle,1965,1982000,A,,,,
143,504,Morocco,866,Cattle,1965,3044000,A,,,,
144,508,Mozambique,866,Cattle,1965,1100000,E,,,,
28,104,Myanmar,866,Cattle,1965,6394478,A,,,,
147,516,Namibia,866,Cattle,1965,2300000,E,,,,
149,524,Nepal,866,Cattle,1965,5850000,E,,,,
150,528,Netherlands (Kingdom of the),866,Cattle,1965,3750629,A,,,,
153,540,New Caledonia,866,Cattle,1965,103500,X,,,,
156,554,New Zealand,866,Cattle,1965,6801333,A,,,,
157,558,Nicaragua,866,Cattle,1965,1819400,A,,,,
158,562,Niger,866,Cattle,1965,4100000,A,,,,
159,566,Nigeria,866,Cattle,1965,7236000,A,,,,
160,570,Niue,866,Cattle,1965,155,E,,,,
162,578,Norway,866,Cattle,1965,1059412,A,,,,
221,512,Oman,866,Cattle,1965,63000,E,,,,
165,586,Pakistan,866,Cattle,1965,14359000,E,,,,
166,591,Panama,866,Cattle,1965,968600,A,,,,
168,598,Papua New Guinea,866,Cattle,1965,39849,A,,,,
169,600,Paraguay,866,Cattle,1965,4400000,E,,,,
170,604,Peru,866,Cattle,1965,3644000,A,,,,
171,608,Philippines,866,Cattle,1965,1559900,A,,,,
173,616,Poland,866,Cattle,1965,9947200,A,,,,
174,620,Portugal,866,Cattle,1965,1108000,X,,,,
177,630,Puerto Rico,866,Cattle,1965,485000,A,,,,
179,634,Qatar,866,Cattle,1965,4500,E,,,,
117,410,Republic of Korea,866,Cattle,1965,1320904,A,,,,
183,642,Romania,866,Cattle,1965,4574800,A,,,,
184,646,Rwanda,866,Cattle,1965,521400,A,,,,
188,659,Saint Kitts and Nevis,866,Cattle,1965,5800,E,,,,
189,662,Saint Lucia,866,Cattle,1965,11000,A,,,,
191,670,Saint Vincent and the Grenadines,866,Cattle,1965,6900,A,,,,
244,882,Samoa,866,Cattle,1965,17924,A,,,,
193,678,Sao Tome and Principe,866,Cattle,1965,3025,A,,,,
194,682,Saudi Arabia,866,Cattle,1965,118000,E,,,,
195,686,Senegal,866,Cattle,1965,2219000,A,,,,
196,690,Seychelles,866,Cattle,1965,1500,E,,,,
197,694,Sierra Leone,866,Cattle,1965,270000,E,,,,
200,702,Singapore,866,Cattle,1965,7114,A,,,,
25,90,Solomon Islands,866,Cattle,1965,7500,X,,,,
201,706,Somalia,866,Cattle,1965,3350000,E,,,,
202,710,South Africa,866,Cattle,1965,12500000,X,,,,
203,724,Spain,866,Cattle,1965,3696617,A,,,,
38,144,Sri Lanka,866,Cattle,1965,1903576,A,,,,
207,740,Suriname,866,Cattle,1965,40813,A,,,,
210,752,Sweden,866,Cattle,1965,2250100,A,,,,
211,756,Switzerland,866,Cattle,1965,1773000,A,,,,
212,760,Syrian Arab Republic,866,Cattle,1965,505608,A,,,,
216,764,Thailand,866,Cattle,1965,3887530,A,,,,
176,626,Timor-Leste,866,Cattle,1965,43138,A,,,,
217,768,Togo,866,Cattle,1965,170454,A,,,,
219,776,Tonga,866,Cattle,1965,2101,A,,,,
220,780,Trinidad and Tobago,866,Cattle,1965,55000,X,,,,
222,788,Tunisia,866,Cattle,1965,592000,X,,,,
223,792,Türkiye,866,Cattle,1965,13211000,A,,,,
226,800,Uganda,866,Cattle,1965,3496797,A,,,,
225,784,United Arab Emirates,866,Cattle,1965,6000,E,,,,
229,826,United Kingdom of Great Britain and Northern Ireland,866,Cattle,1965,11987860,A,,,,
215,834,United Republic of Tanzania,866,Cattle,1965,10052000,A,,,,
231,840,United States of America,866,Cattle,1965,109000000,A,,,,
234,858,Uruguay,866,Cattle,1965,8142000,A,,,,
155,548,Vanuatu,866,Cattle,1965,54000,E,,,,
236,862,Venezuela (Bolivarian Republic of),866,Cattle,1965,7154544,A,,,,
237,704,Viet Nam,866,Cattle,1965,1914800,A,,,,
249,887,Yemen,866,Cattle,1965,1340000,A,,,,
251,894,Zambia,866,Cattle,1965,1302000,A,,,,
181,716,Zimbabwe,866,Cattle,1965,3546600,A,,,,
69,254,French Guiana,866,Cattle,1966,2750,A,,,,
135,474,Martinique,866,Cattle,1966,40000,A,,,,
182,638,Réunion,866,Cattle,1966,32000,A,,,,
87,312,Guadeloupe,866,Cattle,1966,70000,A,,,,
206,736,Sudan (former),866,Cattle,1966,10012000,A,,,,
51,200,Czechoslovakia,866,Cattle,1966,4388984,A,,,,
228,810,USSR,866,Cattle,1966,93436000,A,,,,
15,58,Belgium-Luxembourg,866,Cattle,1966,2782000,A,,,,
62,230,Ethiopia PDR,866,Cattle,1966,25603904,A,,,,
248,890,Yugoslav SFR,866,Cattle,1966,5584000,A,,,,
2,4,Afghanistan,866,Cattle,1966,3600000,A,,,,
3,8,Albania,866,Cattle,1966,426400,A,,,,
4,12,Algeria,866,Cattle,1966,700000,E,,,,
7,24,Angola,866,Cattle,1966,1900000,E,,,,
8,28,Antigua and Barbuda,866,Cattle,1966,6750,A,,,,
9,32,Argentina,866,Cattle,1966,48800000,X,,,,
10,36,Australia,866,Cattle,1966,17935984,A,,,,
11,40,Austria,866,Cattle,1966,2441388,A,,,,
12,44,Bahamas,866,Cattle,1966,3460,A,,,,
13,48,Bahrain,866,Cattle,1966,3800,E,,,,
16,50,Bangladesh,866,Cattle,1966,23500000,E,,,,
14,52,Barbados,866,Cattle,1966,16500,X,,,,
23,84,Belize,866,Cattle,1966,34500,A,,,,
53,204,Benin,866,Cattle,1966,506700,A,,,,
18,64,Bhutan,866,Cattle,1966,215000,E,,,,
19,68,Bolivia (Plurinational State of),866,Cattle,1966,2080000,E,,,,
20,72,Botswana,866,Cattle,1966,1044000,A,,,,
21,76,Brazil,866,Cattle,1966,66002144,E,,,,
26,96,Brunei Darussalam,866,Cattle,1966,1879,A,,,,
27,100,Bulgaria,866,Cattle,1966,1450145,A,,,,
233,854,Burkina Faso,866,Cattle,1966,2340000,A,,,,
29,108,Burundi,866,Cattle,1966,521400,A,,,,
35,132,Cabo Verde,866,Cattle,1966,12828,A,,,,
115,116,Cambodia,866,Cattle,1966,1850000,E,,,,
32,120,Cameroon,866,Cattle,1966,1882000,A,,,,
33,124,Canada,866,Cattle,1966,11902000,A,,,,
37,140,Central African Republic,866,Cattle,1966,500000,E,,,,
39,148,Chad,866,Cattle,1966,4500000,A,,,,
40,152,Chile,866,Cattle,1966,2900000,X,,,,
96,344,"China, Hong Kong SAR",866,Cattle,1966,13208,A,,,,
214,158,"China, Taiwan Province of",866,Cattle,1966,103655,A,,,,
41,156,"China, mainland",866,Cattle,1966,53573008,A,,,,
44,170,Colombia,866,Cattle,1966,17372000,A,,,,
45,174,Comoros,866,Cattle,1966,60000,A,,,,
46,178,Congo,866,Cattle,1966,30000,A,,,,
47,184,Cook Islands,866,Cattle,1966,250,X,,,,
48,188,Costa Rica,866,Cattle,1966,1294206,A,,,,
49,192,Cuba,866,Cattle,1966,6699500,A,,,,
50,196,Cyprus,866,Cattle,1966,34500,A,,,,
107,384,Côte d'Ivoire,866,Cattle,1966,322000,A,,,,
116,408,Democratic People's Republic of Korea,866,Cattle,1966,685000,E,,,,
250,180,Democratic Republic of the Congo,866,Cattle,1966,798793,A,,,,
54,208,Denmark,866,Cattle,1966,3373631,A,,,,
72,262,Djibouti,866,Cattle,1966,18000,E,,,,
55,212,Dominica,866,Cattle,1966,4100,E,,,,
56,214,Dominican Republic,866,Cattle,1966,1099000,X,,,,
58,218,Ecuador,866,Cattle,1966,2274000,A,,,,
59,818,Egypt,866,Cattle,1966,1630000,A,,,,
60,222,El Salvador,866,Cattle,1966,1193000,A,,,,
61,226,Equatorial Guinea,866,Cattle,1966,2915,A,,,,
209,748,Eswatini,866,Cattle,1966,491028,A,,,,
64,234,Faroe Islands,866,Cattle,1966,2589,A,,,,
66,242,Fiji,866,Cattle,1966,112986,A,,,,
67,246,Finland,866,Cattle,1966,2049000,A,,,,
68,250,France,866,Cattle,1966,20640304,A,,,,
70,258,French Polynesia,866,Cattle,1966,12000,X,,,,
74,266,Gabon,866,Cattle,1966,4000,A,,,,
75,270,Gambia,866,Cattle,1966,200000,E,,,,
79,276,Germany,866,Cattle,1966,18442496,A,,,,
81,288,Ghana,866,Cattle,1966,750000,E,,,,
84,300,Greece,866,Cattle,1966,1045928,A,,,,
86,308,Grenada,866,Cattle,1966,7000,A,,,,
89,320,Guatemala,866,Cattle,1966,1327637,A,,,,
90,324,Guinea,866,Cattle,1966,1400000,E,,,,
175,624,Guinea-Bissau,866,Cattle,1966,230000,E,,,,
91,328,Guyana,866,Cattle,1966,350000,A,,,,
93,332,Haiti,866,Cattle,1966,800000,E,,,,
95,340,Honduras,866,Cattle,1966,1501784,A,,,,
97,348,Hungary,866,Cattle,1966,1973249,A,,,,
99,352,Iceland,866,Cattle,1966,59542,A,,,,
100,356,India,866,Cattle,1966,176212000,A,,,,
101,360,Indonesia,866,Cattle,1966,6789000,A,,,,
102,364,Iran (Islamic Republic of),866,Cattle,1966,4900000,A,,,,
103,368,Iraq,866,Cattle,1966,1520000,E,,,,
104,372,Ireland,866,Cattle,1966,4945700,A,,,,
105,376,Israel,866,Cattle,1966,202100,A,,,,
106,380,Italy,866,Cattle,1966,9386000,A,,,,
109,388,Jamaica,866,Cattle,1966,240000,A,,,,
110,392,Japan,866,Cattle,1966,2907000,A,,,,
112,400,Jordan,866,Cattle,1966,78300,A,,,,
114,404,Kenya,866,Cattle,1966,7740000,X,,,,
118,414,Kuwait,866,Cattle,1966,4400,E,,,,
120,418,Lao People's Democratic Republic,866,Cattle,1966,377086,A,,,,
121,422,Lebanon,866,Cattle,1966,104825,A,,,,
122,426,Lesotho,866,Cattle,1966,278940,A,,,,
123,430,Liberia,866,Cattle,1966,24000,E,,,,
124,434,Libya,866,Cattle,1966,109958,A,,,,
129,450,Madagascar,866,Cattle,1966,9630000,A,,,,
130,454,Malawi,866,Cattle,1966,432293,A,,,,
131,458,Malaysia,866,Cattle,1966,335082,A,,,,
133,466,Mali,866,Cattle,1966,4773000,A,,,,
134,470,Malta,866,Cattle,1966,8137,A,,,,
136,478,Mauritania,866,Cattle,1966,2390000,E,,,,
137,480,Mauritius,866,Cattle,1966,45000,E,,,,
138,484,Mexico,866,Cattle,1966,20524000,E,,,,
141,496,Mongolia,866,Cattle,1966,2093000,A,,,,
143,504,Morocco,866,Cattle,1966,3277000,A,,,,
144,508,Mozambique,866,Cattle,1966,1134000,X,,,,
28,104,Myanmar,866,Cattle,1966,6095815,A,,,,
147,516,Namibia,866,Cattle,1966,2330000,E,,,,
149,524,Nepal,866,Cattle,1966,5860000,A,,,,
150,528,Netherlands (Kingdom of the),866,Cattle,1966,3968471,A,,,,
153,540,New Caledonia,866,Cattle,1966,112000,X,,,,
156,554,New Zealand,866,Cattle,1966,7217720,A,,,,
157,558,Nicaragua,866,Cattle,1966,1929100,A,,,,
158,562,Niger,866,Cattle,1966,4200000,A,,,,
159,566,Nigeria,866,Cattle,1966,7516000,A,,,,
160,570,Niue,866,Cattle,1966,160,E,,,,
162,578,Norway,866,Cattle,1966,1040898,A,,,,
221,512,Oman,866,Cattle,1966,63500,E,,,,
165,586,Pakistan,866,Cattle,1966,14404000,E,,,,
166,591,Panama,866,Cattle,1966,1010700,A,,,,
168,598,Papua New Guinea,866,Cattle,1966,44156,A,,,,
169,600,Paraguay,866,Cattle,1966,4350000,E,,,,
170,604,Peru,866,Cattle,1966,3686000,A,,,,
171,608,Philippines,866,Cattle,1966,1582500,A,,,,
173,616,Poland,866,Cattle,1966,10390800,A,,,,
174,620,Portugal,866,Cattle,1966,1080000,X,,,,
177,630,Puerto Rico,866,Cattle,1966,495000,A,,,,
179,634,Qatar,866,Cattle,1966,4700,E,,,,
117,410,Republic of Korea,866,Cattle,1966,1297305,A,,,,
183,642,Romania,866,Cattle,1966,4755000,A,,,,
184,646,Rwanda,866,Cattle,1966,614722,A,,,,
188,659,Saint Kitts and Nevis,866,Cattle,1966,5800,E,,,,
189,662,Saint Lucia,866,Cattle,1966,11200,A,,,,
191,670,Saint Vincent and the Grenadines,866,Cattle,1966,8000,A,,,,
244,882,Samoa,866,Cattle,1966,17538,A,,,,
193,678,Sao Tome and Principe,866,Cattle,1966,2770,A,,,,
194,682,Saudi Arabia,866,Cattle,1966,120000,E,,,,
195,686,Senegal,866,Cattle,1966,2424000,A,,,,
196,690,Seychelles,866,Cattle,1966,1530,E,,,,
197,694,Sierra Leone,866,Cattle,1966,278000,E,,,,
200,702,Singapore,866,Cattle,1966,7114,A,,,,
25,90,Solomon Islands,866,Cattle,1966,7500,A,,,,
201,706,Somalia,866,Cattle,1966,3400000,E,,,,
202,710,South Africa,866,Cattle,1966,10445852,A,,,,
203,724,Spain,866,Cattle,1966,3694000,A,,,,
38,144,Sri Lanka,866,Cattle,1966,1745759,A,,,,
207,740,Suriname,866,Cattle,1966,42531,A,,,,
210,752,Sweden,866,Cattle,1966,2210818,A,,,,
211,756,Switzerland,866,Cattle,1966,1796400,A,,,,
212,760,Syrian Arab Republic,866,Cattle,1966,523900,A,,,,
216,764,Thailand,866,Cattle,1966,4028550,A,,,,
176,626,Timor-Leste,866,Cattle,1966,51434,A,,,,
217,768,Togo,866,Cattle,1966,169397,A,,,,
219,776,Tonga,866,Cattle,1966,2037,A,,,,
220,780,Trinidad and Tobago,866,Cattle,1966,56000,X,,,,
222,788,Tunisia,866,Cattle,1966,592000,A,,,,
223,792,Türkiye,866,Cattle,1966,13203000,A,,,,
226,800,Uganda,866,Cattle,1966,3496797,A,,,,
225,784,United Arab Emirates,866,Cattle,1966,6000,E,,,,
229,826,United Kingdom of Great Britain and Northern Ireland,866,Cattle,1966,12252059,A,,,,
215,834,United Republic of Tanzania,866,Cattle,1966,9276000,E,,,,
231,840,United States of America,866,Cattle,1966,108862000,A,,,,
234,858,Uruguay,866,Cattle,1966,8187676,A,,,,
155,548,Vanuatu,866,Cattle,1966,60000,E,,,,
236,862,Venezuela (Bolivarian Republic of),866,Cattle,1966,7379912,A,,,,
237,704,Viet Nam,866,Cattle,1966,1808900,A,,,,
249,887,Yemen,866,Cattle,1966,1280000,A,,,,
251,894,Zambia,866,Cattle,1966,1324000,A,,,,
181,716,Zimbabwe,866,Cattle,1966,3397210,A,,,,
69,254,French Guiana,866,Cattle,1967,2500,A,,,,
15,58,Belgium-Luxembourg,866,Cattle,1967,2770000,A,,,,
51,200,Czechoslovakia,866,Cattle,1967,4462073,A,,,,
206,736,Sudan (former),866,Cattle,1967,11014000,A,,,,
62,230,Ethiopia PDR,866,Cattle,1967,25782896,A,,,,
87,312,Guadeloupe,866,Cattle,1967,75000,A,,,,
228,810,USSR,866,Cattle,1967,97111008,A,,,,
182,638,Réunion,866,Cattle,1967,30000,E,,,,
135,474,Martinique,866,Cattle,1967,40000,A,,,,
248,890,Yugoslav SFR,866,Cattle,1967,5710000,A,,,,
2,4,Afghanistan,866,Cattle,1967,3600000,A,,,,
3,8,Albania,866,Cattle,1967,434800,A,,,,
4,12,Algeria,866,Cattle,1967,801000,A,,,,
7,24,Angola,866,Cattle,1967,2096323,A,,,,
8,28,Antigua and Barbuda,866,Cattle,1967,7000,A,,,,
9,32,Argentina,866,Cattle,1967,51227008,A,,,,
10,36,Australia,866,Cattle,1967,18269744,A,,,,
11,40,Austria,866,Cattle,1967,2496912,A,,,,
12,44,Bahamas,866,Cattle,1967,3400,A,,,,
13,48,Bahrain,866,Cattle,1967,3800,E,,,,
16,50,Bangladesh,866,Cattle,1967,24000000,E,,,,
14,52,Barbados,866,Cattle,1967,16800,X,,,,
23,84,Belize,866,Cattle,1967,33000,E,,,,
53,204,Benin,866,Cattle,1967,527704,A,,,,
18,64,Bhutan,866,Cattle,1967,220000,E,,,,
19,68,Bolivia (Plurinational State of),866,Cattle,1967,2131900,X,,,,
20,72,Botswana,866,Cattle,1967,1249000,A,,,,
21,76,Brazil,866,Cattle,1967,68246224,E,,,,
26,96,Brunei Darussalam,866,Cattle,1967,1832,A,,,,
27,100,Bulgaria,866,Cattle,1967,1384665,A,,,,
233,854,Burkina Faso,866,Cattle,1967,2400000,A,,,,
29,108,Burundi,866,Cattle,1967,583400,A,,,,
35,132,Cabo Verde,866,Cattle,1967,13346,A,,,,
115,116,Cambodia,866,Cattle,1967,2084000,A,,,,
32,120,Cameroon,866,Cattle,1967,1850000,X,,,,
33,124,Canada,866,Cattle,1967,11723000,A,,,,
37,140,Central African Republic,866,Cattle,1967,550000,E,,,,
39,148,Chad,866,Cattle,1967,4565000,A,,,,
40,152,Chile,866,Cattle,1967,3096940,A,,,,
96,344,"China, Hong Kong SAR",866,Cattle,1967,10530,A,,,,
214,158,"China, Taiwan Province of",866,Cattle,1967,105379,A,,,,
41,156,"China, mainland",866,Cattle,1967,55950000,X,,,,
44,170,Colombia,866,Cattle,1967,18082000,A,,,,
45,174,Comoros,866,Cattle,1967,61000,E,,,,
46,178,Congo,866,Cattle,1967,28000,A,,,,
47,184,Cook Islands,866,Cattle,1967,159,X,,,,
48,188,Costa Rica,866,Cattle,1967,1325000,X,,,,
49,192,Cuba,866,Cattle,1967,6774200,A,,,,
50,196,Cyprus,866,Cattle,1967,36000,A,,,,
107,384,Côte d'Ivoire,866,Cattle,1967,346000,A,,,,
116,408,Democratic People's Republic of Korea,866,Cattle,1967,690000,E,,,,
250,180,Democratic Republic of the Congo,866,Cattle,1967,801728,A,,,,
54,208,Denmark,866,Cattle,1967,3281665,A,,,,
72,262,Djibouti,866,Cattle,1967,18000,E,,,,
55,212,Dominica,866,Cattle,1967,3800,E,,,,
56,214,Dominican Republic,866,Cattle,1967,1093000,X,,,,
58,218,Ecuador,866,Cattle,1967,2314000,A,,,,
59,818,Egypt,866,Cattle,1967,1651000,A,,,,
60,222,El Salvador,866,Cattle,1967,1205000,A,,,,
61,226,Equatorial Guinea,866,Cattle,1967,2951,X,,,,
209,748,Eswatini,866,Cattle,1967,504423,A,,,,
64,234,Faroe Islands,866,Cattle,1967,2478,A,,,,
66,242,Fiji,866,Cattle,1967,134504,A,,,,
67,246,Finland,866,Cattle,1967,2035600,A,,,,
68,250,France,866,Cattle,1967,21183904,A,,,,
70,258,French Polynesia,866,Cattle,1967,12000,X,,,,
74,266,Gabon,866,Cattle,1967,4000,X,,,,
75,270,Gambia,866,Cattle,1967,207329,A,,,,
79,276,Germany,866,Cattle,1967,18891600,A,,,,
81,288,Ghana,866,Cattle,1967,800000,E,,,,
84,300,Greece,866,Cattle,1967,1081656,A,,,,
86,308,Grenada,866,Cattle,1967,6500,A,,,,
89,320,Guatemala,866,Cattle,1967,1241649,A,,,,
90,324,Guinea,866,Cattle,1967,1350000,E,,,,
175,624,Guinea-Bissau,866,Cattle,1967,230000,E,,,,
91,328,Guyana,866,Cattle,1967,315000,A,,,,
93,332,Haiti,866,Cattle,1967,825000,E,,,,
95,340,Honduras,866,Cattle,1967,1520571,A,,,,
97,348,Hungary,866,Cattle,1967,2013677,A,,,,
99,352,Iceland,866,Cattle,1967,54530,A,,,,
100,356,India,866,Cattle,1967,176384000,X,,,,
101,360,Indonesia,866,Cattle,1967,6816000,A,,,,
102,364,Iran (Islamic Republic of),866,Cattle,1967,4946000,A,,,,
103,368,Iraq,866,Cattle,1967,1600000,E,,,,
104,372,Ireland,866,Cattle,1967,5149900,A,,,,
105,376,Israel,866,Cattle,1967,209400,A,,,,
106,380,Italy,866,Cattle,1967,9503000,A,,,,
109,388,Jamaica,866,Cattle,1967,240000,A,,,,
110,392,Japan,866,Cattle,1967,2952000,A,,,,
112,400,Jordan,866,Cattle,1967,40700,A,,,,
114,404,Kenya,866,Cattle,1967,7730000,X,,,,
118,414,Kuwait,866,Cattle,1967,4500,E,,,,
120,418,Lao People's Democratic Republic,866,Cattle,1967,380135,A,,,,
121,422,Lebanon,866,Cattle,1967,96896,A,,,,
122,426,Lesotho,866,Cattle,1967,375709,A,,,,
123,430,Liberia,866,Cattle,1967,25000,E,,,,
124,434,Libya,866,Cattle,1967,116222,A,,,,
129,450,Madagascar,866,Cattle,1967,9707000,A,,,,
130,454,Malawi,866,Cattle,1967,450128,A,,,,
131,458,Malaysia,866,Cattle,1967,340273,A,,,,
133,466,Mali,866,Cattle,1967,4895000,X,,,,
134,470,Malta,866,Cattle,1967,8849,A,,,,
136,478,Mauritania,866,Cattle,1967,2440000,A,,,,
137,480,Mauritius,866,Cattle,1967,46000,E,,,,
138,484,Mexico,866,Cattle,1967,21047008,E,,,,
141,496,Mongolia,866,Cattle,1967,2074000,A,,,,
143,504,Morocco,866,Cattle,1967,3377000,A,,,,
144,508,Mozambique,866,Cattle,1967,1135074,A,,,,
28,104,Myanmar,866,Cattle,1967,6288000,A,,,,
147,516,Namibia,866,Cattle,1967,2350000,E,,,,
149,524,Nepal,866,Cattle,1967,5985000,A,,,,
150,528,Netherlands (Kingdom of the),866,Cattle,1967,4029806,A,,,,
153,540,New Caledonia,866,Cattle,1967,115000,X,,,,
156,554,New Zealand,866,Cattle,1967,7746866,A,,,,
157,558,Nicaragua,866,Cattle,1967,2019800,A,,,,
158,562,Niger,866,Cattle,1967,4320000,A,,,,
159,566,Nigeria,866,Cattle,1967,7828000,A,,,,
160,570,Niue,866,Cattle,1967,162,A,,,,
162,578,Norway,866,Cattle,1967,995676,A,,,,
221,512,Oman,866,Cattle,1967,65000,E,,,,
165,586,Pakistan,866,Cattle,1967,14449000,E,,,,
166,591,Panama,866,Cattle,1967,1036600,A,,,,
168,598,Papua New Guinea,866,Cattle,1967,50026,A,,,,
169,600,Paraguay,866,Cattle,1967,4300000,E,,,,
170,604,Peru,866,Cattle,1967,3711000,A,,,,
171,608,Philippines,866,Cattle,1967,1574800,A,,,,
173,616,Poland,866,Cattle,1967,10767500,A,,,,
174,620,Portugal,866,Cattle,1967,1050000,X,,,,
177,630,Puerto Rico,866,Cattle,1967,490000,A,,,,
179,634,Qatar,866,Cattle,1967,4900,E,,,,
117,410,Republic of Korea,866,Cattle,1967,1255140,A,,,,
183,642,Romania,866,Cattle,1967,5015900,A,,,,
184,646,Rwanda,866,Cattle,1967,682104,A,,,,
188,659,Saint Kitts and Nevis,866,Cattle,1967,5700,E,,,,
189,662,Saint Lucia,866,Cattle,1967,11000,A,,,,
191,670,Saint Vincent and the Grenadines,866,Cattle,1967,7500,E,,,,
244,882,Samoa,866,Cattle,1967,18779,A,,,,
193,678,Sao Tome and Principe,866,Cattle,1967,3283,A,,,,
194,682,Saudi Arabia,866,Cattle,1967,120727,A,,,,
195,686,Senegal,866,Cattle,1967,2477000,A,,,,
196,690,Seychelles,866,Cattle,1967,1570,E,,,,
197,694,Sierra Leone,866,Cattle,1967,283000,E,,,,
200,702,Singapore,866,Cattle,1967,7144,A,,,,
25,90,Solomon Islands,866,Cattle,1967,8786,A,,,,
201,706,Somalia,866,Cattle,1967,3500000,E,,,,
202,710,South Africa,866,Cattle,1967,10538274,A,,,,
203,724,Spain,866,Cattle,1967,3844054,A,,,,
38,144,Sri Lanka,866,Cattle,1967,1659266,A,,,,
207,740,Suriname,866,Cattle,1967,46996,A,,,,
210,752,Sweden,866,Cattle,1967,2083448,A,,,,
211,756,Switzerland,866,Cattle,1967,1835300,A,,,,
212,760,Syrian Arab Republic,866,Cattle,1967,465900,A,,,,
216,764,Thailand,866,Cattle,1967,4176320,A,,,,
176,626,Timor-Leste,866,Cattle,1967,44212,A,,,,
217,768,Togo,866,Cattle,1967,173024,A,,,,
219,776,Tonga,866,Cattle,1967,1775,A,,,,
220,780,Trinidad and Tobago,866,Cattle,1967,58000,X,,,,
222,788,Tunisia,866,Cattle,1967,618000,A,,,,
223,792,Türkiye,866,Cattle,1967,13769000,A,,,,
226,800,Uganda,866,Cattle,1967,3626643,A,,,,
225,784,United Arab Emirates,866,Cattle,1967,8000,E,,,,
229,826,United Kingdom of Great Britain and Northern Ireland,866,Cattle,1967,12386952,A,,,,
215,834,United Republic of Tanzania,866,Cattle,1967,9485000,E,,,,
231,840,United States of America,866,Cattle,1967,108783008,A,,,,
234,858,Uruguay,866,Cattle,1967,8570000,X,,,,
155,548,Vanuatu,866,Cattle,1967,64000,E,,,,
236,862,Venezuela (Bolivarian Republic of),866,Cattle,1967,7612379,A,,,,
237,704,Viet Nam,866,Cattle,1967,1788300,A,,,,
249,887,Yemen,866,Cattle,1967,1264000,A,,,,
251,894,Zambia,866,Cattle,1967,1407000,A,,,,
181,716,Zimbabwe,866,Cattle,1967,3939653,A,,,,
228,810,USSR,866,Cattle,1968,97167008,A,,,,
87,312,Guadeloupe,866,Cattle,1968,75630,A,,,,
135,474,Martinique,866,Cattle,1968,45000,A,,,,
182,638,Réunion,866,Cattle,1968,28000,E,,,,
248,890,Yugoslav SFR,866,Cattle,1968,5693000,A,,,,
51,200,Czechoslovakia,866,Cattle,1968,4436691,A,,,,
15,58,Belgium-Luxembourg,866,Cattle,1968,2784000,A,,,,
206,736,Sudan (former),866,Cattle,1968,12115000,A,,,,
69,254,French Guiana,866,Cattle,1968,2300,A,,,,
62,230,Ethiopia PDR,866,Cattle,1968,25960704,A,,,,
2,4,Afghanistan,866,Cattle,1968,3633000,A,,,,
3,8,Albania,866,Cattle,1968,420000,A,,,,
4,12,Algeria,866,Cattle,1968,841000,A,,,,
7,24,Angola,866,Cattle,1968,2095222,A,,,,
8,28,Antigua and Barbuda,866,Cattle,1968,7350,A,,,,
9,32,Argentina,866,Cattle,1968,51465008,A,,,,
10,36,Australia,866,Cattle,1968,19218000,A,,,,
11,40,Austria,866,Cattle,1968,2479997,A,,,,
12,44,Bahamas,866,Cattle,1968,3000,E,,,,
13,48,Bahrain,866,Cattle,1968,3800,E,,,,
16,50,Bangladesh,866,Cattle,1968,24500000,E,,,,
14,52,Barbados,866,Cattle,1968,17000,X,,,,
23,84,Belize,866,Cattle,1968,33000,A,,,,
53,204,Benin,866,Cattle,1968,524554,A,,,,
18,64,Bhutan,866,Cattle,1968,225000,E,,,,
19,68,Bolivia (Plurinational State of),866,Cattle,1968,2183658,X,,,,
20,72,Botswana,866,Cattle,1968,1400000,A,,,,
21,76,Brazil,866,Cattle,1968,70566608,E,,,,
26,96,Brunei Darussalam,866,Cattle,1968,2145,A,,,,
27,100,Bulgaria,866,Cattle,1968,1362706,A,,,,
233,854,Burkina Faso,866,Cattle,1968,2425000,A,,,,
29,108,Burundi,866,Cattle,1968,596488,A,,,,
35,132,Cabo Verde,866,Cattle,1968,14000,E,,,,
115,116,Cambodia,866,Cattle,1968,2268000,A,,,,
32,120,Cameroon,866,Cattle,1968,1900000,A,,,,
33,124,Canada,866,Cattle,1968,11677000,A,,,,
37,140,Central African Republic,866,Cattle,1968,600000,E,,,,
39,148,Chad,866,Cattle,1968,4630000,A,,,,
40,152,Chile,866,Cattle,1968,2876280,A,,,,
96,344,"China, Hong Kong SAR",866,Cattle,1968,10880,A,,,,
214,158,"China, Taiwan Province of",866,Cattle,1968,104420,A,,,,
41,156,"China, mainland",866,Cattle,1968,56860000,X,,,,
44,170,Colombia,866,Cattle,1968,18830000,A,,,,
45,174,Comoros,866,Cattle,1968,63000,E,,,,
46,178,Congo,866,Cattle,1968,29000,A,,,,
47,184,Cook Islands,866,Cattle,1968,170,E,,,,
48,188,Costa Rica,866,Cattle,1968,1354958,A,,,,
49,192,Cuba,866,Cattle,1968,6876700,A,,,,
50,196,Cyprus,866,Cattle,1968,37000,A,,,,
107,384,Côte d'Ivoire,866,Cattle,1968,358000,A,,,,
116,408,Democratic People's Republic of Korea,866,Cattle,1968,700000,E,,,,
250,180,Democratic Republic of the Congo,866,Cattle,1968,830585,A,,,,
54,208,Denmark,866,Cattle,1968,3140861,A,,,,
72,262,Djibouti,866,Cattle,1968,20000,E,,,,
55,212,Dominica,866,Cattle,1968,3600,E,,,,
56,214,Dominican Republic,866,Cattle,1968,1082000,X,,,,
58,218,Ecuador,866,Cattle,1968,2353300,A,,,,
59,818,Egypt,866,Cattle,1968,2058000,A,,,,
60,222,El Salvador,866,Cattle,1968,1217000,A,,,,
61,226,Equatorial Guinea,866,Cattle,1968,3000,E,,,,
209,748,Eswatini,866,Cattle,1968,514964,A,,,,
64,234,Faroe Islands,866,Cattle,1968,2486,A,,,,
66,242,Fiji,866,Cattle,1968,140447,A,,,,
67,246,Finland,866,Cattle,1968,2070500,A,,,,
68,250,France,866,Cattle,1968,21679008,A,,,,
70,258,French Polynesia,866,Cattle,1968,10604,A,,,,
74,266,Gabon,866,Cattle,1968,4000,X,,,,
75,270,Gambia,866,Cattle,1968,221227,A,,,,
79,276,Germany,866,Cattle,1968,18999696,A,,,,
81,288,Ghana,866,Cattle,1968,850000,E,,,,
84,300,Greece,866,Cattle,1968,1093712,A,,,,
86,308,Grenada,866,Cattle,1968,6700,A,,,,
89,320,Guatemala,866,Cattle,1968,1370814,A,,,,
90,324,Guinea,866,Cattle,1968,1350000,E,,,,
175,624,Guinea-Bissau,866,Cattle,1968,230000,E,,,,
91,328,Guyana,866,Cattle,1968,305500,A,,,,
93,332,Haiti,866,Cattle,1968,850000,E,,,,
95,340,Honduras,866,Cattle,1968,1539593,A,,,,
97,348,Hungary,866,Cattle,1968,2096256,A,,,,
99,352,Iceland,866,Cattle,1968,52289,A,,,,
100,356,India,866,Cattle,1968,176731008,X,,,,
101,360,Indonesia,866,Cattle,1968,7873000,A,,,,
102,364,Iran (Islamic Republic of),866,Cattle,1968,4971000,A,,,,
103,368,Iraq,866,Cattle,1968,1650000,E,,,,
104,372,Ireland,866,Cattle,1968,5030300,A,,,,
105,376,Israel,866,Cattle,1968,224700,A,,,,
106,380,Italy,866,Cattle,1968,9538900,A,,,,
109,388,Jamaica,866,Cattle,1968,240000,X,,,,
110,392,Japan,866,Cattle,1968,3183000,A,,,,
112,400,Jordan,866,Cattle,1968,39800,A,,,,
114,404,Kenya,866,Cattle,1968,7750000,X,,,,
118,414,Kuwait,866,Cattle,1968,4600,E,,,,
120,418,Lao People's Democratic Republic,866,Cattle,1968,390000,E,,,,
121,422,Lebanon,866,Cattle,1968,86379,A,,,,
122,426,Lesotho,866,Cattle,1968,442582,A,,,,
123,430,Liberia,866,Cattle,1968,26000,E,,,,
124,434,Libya,866,Cattle,1968,118557,A,,,,
129,450,Madagascar,866,Cattle,1968,9780000,A,,,,
130,454,Malawi,866,Cattle,1968,464006,A,,,,
131,458,Malaysia,866,Cattle,1968,306337,A,,,,
133,466,Mali,866,Cattle,1968,4752000,X,,,,
134,470,Malta,866,Cattle,1968,9850,A,,,,
136,478,Mauritania,866,Cattle,1968,2500000,A,,,,
137,480,Mauritius,866,Cattle,1968,46000,E,,,,
138,484,Mexico,866,Cattle,1968,21348000,E,,,,
141,496,Mongolia,866,Cattle,1968,2031000,A,,,,
143,504,Morocco,866,Cattle,1968,3315000,A,,,,
144,508,Mozambique,866,Cattle,1968,1184154,A,,,,
28,104,Myanmar,866,Cattle,1968,6557891,A,,,,
147,516,Namibia,866,Cattle,1968,2400000,E,,,,
149,524,Nepal,866,Cattle,1968,6105000,A,,,,
150,528,Netherlands (Kingdom of the),866,Cattle,1968,4116287,A,,,,
153,540,New Caledonia,866,Cattle,1968,118000,E,,,,
156,554,New Zealand,866,Cattle,1968,8247163,A,,,,
157,558,Nicaragua,866,Cattle,1968,2154500,A,,,,
158,562,Niger,866,Cattle,1968,4450000,A,,,,
159,566,Nigeria,866,Cattle,1968,8190000,A,,,,
160,570,Niue,866,Cattle,1968,240,A,,,,
162,578,Norway,866,Cattle,1968,1008353,A,,,,
221,512,Oman,866,Cattle,1968,66500,E,,,,
165,586,Pakistan,866,Cattle,1968,14494000,E,,,,
166,591,Panama,866,Cattle,1968,1118600,A,,,,
168,598,Papua New Guinea,866,Cattle,1968,59314,A,,,,
169,600,Paraguay,866,Cattle,1968,4300000,E,,,,
170,604,Peru,866,Cattle,1968,3811000,A,,,,
171,608,Philippines,866,Cattle,1968,1643800,A,,,,
173,616,Poland,866,Cattle,1968,10940000,A,,,,
174,620,Portugal,866,Cattle,1968,1130264,A,,,,
177,630,Puerto Rico,866,Cattle,1968,497000,A,,,,
179,634,Qatar,866,Cattle,1968,5000,E,,,,
117,410,Republic of Korea,866,Cattle,1968,1210518,A,,,,
183,642,Romania,866,Cattle,1968,5127200,A,,,,
184,646,Rwanda,866,Cattle,1968,625152,A,,,,
188,659,Saint Kitts and Nevis,866,Cattle,1968,5700,E,,,,
189,662,Saint Lucia,866,Cattle,1968,10500,E,,,,
191,670,Saint Vincent and the Grenadines,866,Cattle,1968,7000,A,,,,
244,882,Samoa,866,Cattle,1968,19429,A,,,,
193,678,Sao Tome and Principe,866,Cattle,1968,3296,A,,,,
194,682,Saudi Arabia,866,Cattle,1968,135000,E,,,,
195,686,Senegal,866,Cattle,1968,2527000,A,,,,
196,690,Seychelles,866,Cattle,1968,1600,E,,,,
197,694,Sierra Leone,866,Cattle,1968,287000,E,,,,
200,702,Singapore,866,Cattle,1968,7144,A,,,,
25,90,Solomon Islands,866,Cattle,1968,9969,A,,,,
201,706,Somalia,866,Cattle,1968,3650000,E,,,,
202,710,South Africa,866,Cattle,1968,10697654,A,,,,
203,724,Spain,866,Cattle,1968,4000000,A,,,,
38,144,Sri Lanka,866,Cattle,1968,1659603,A,,,,
207,740,Suriname,866,Cattle,1968,47200,X,,,,
210,752,Sweden,866,Cattle,1968,2061631,A,,,,
211,756,Switzerland,866,Cattle,1968,1854990,A,,,,
212,760,Syrian Arab Republic,866,Cattle,1968,497210,A,,,,
216,764,Thailand,866,Cattle,1968,4290256,A,,,,
176,626,Timor-Leste,866,Cattle,1968,48917,A,,,,
217,768,Togo,866,Cattle,1968,176868,A,,,,
219,776,Tonga,866,Cattle,1968,2217,A,,,,
220,780,Trinidad and Tobago,866,Cattle,1968,59000,X,,,,
222,788,Tunisia,866,Cattle,1968,630000,X,,,,
223,792,Türkiye,866,Cattle,1968,14165000,A,,,,
226,800,Uganda,866,Cattle,1968,3682325,A,,,,
225,784,United Arab Emirates,866,Cattle,1968,10000,E,,,,
229,826,United Kingdom of Great Britain and Northern Ireland,866,Cattle,1968,12195367,A,,,,
215,834,United Republic of Tanzania,866,Cattle,1968,9698000,E,,,,
231,840,United States of America,866,Cattle,1968,109371008,A,,,,
234,858,Uruguay,866,Cattle,1968,8622000,X,,,,
155,548,Vanuatu,866,Cattle,1968,68900,A,,,,
236,862,Venezuela (Bolivarian Republic of),866,Cattle,1968,7852169,A,,,,
237,704,Viet Nam,866,Cattle,1968,1699300,A,,,,
249,887,Yemen,866,Cattle,1968,1042000,A,,,,
251,894,Zambia,866,Cattle,1968,1433000,A,,,,
181,716,Zimbabwe,866,Cattle,1968,4071000,A,,,,
135,474,Martinique,866,Cattle,1969,45000,A,,,,
228,810,USSR,866,Cattle,1969,95735008,A,,,,
15,58,Belgium-Luxembourg,866,Cattle,1969,2847000,A,,,,
87,312,Guadeloupe,866,Cattle,1969,75500,A,,,,
182,638,Réunion,866,Cattle,1969,26000,E,,,,
248,890,Yugoslav SFR,866,Cattle,1969,5261000,A,,,,
206,736,Sudan (former),866,Cattle,1969,12000000,A,,,,
62,230,Ethiopia PDR,866,Cattle,1969,26108304,A,,,,
69,254,French Guiana,866,Cattle,1969,2300,A,,,,
51,200,Czechoslovakia,866,Cattle,1969,4249376,A,,,,
2,4,Afghanistan,866,Cattle,1969,3600000,A,,,,
3,8,Albania,866,Cattle,1969,416400,A,,,,
4,12,Algeria,866,Cattle,1969,871000,A,,,,
7,24,Angola,866,Cattle,1969,2300000,E,,,,
8,28,Antigua and Barbuda,866,Cattle,1969,7750,A,,,,
9,32,Argentina,866,Cattle,1969,48298208,A,,,,
10,36,Australia,866,Cattle,1969,20611008,A,,,,
11,40,Austria,866,Cattle,1969,2433168,A,,,,
12,44,Bahamas,866,Cattle,1969,2800,E,,,,
13,48,Bahrain,866,Cattle,1969,4000,E,,,,
16,50,Bangladesh,866,Cattle,1969,25000000,E,,,,
14,52,Barbados,866,Cattle,1969,20000,E,,,,
23,84,Belize,866,Cattle,1969,34000,E,,,,
53,204,Benin,866,Cattle,1969,565670,A,,,,
18,64,Bhutan,866,Cattle,1969,230000,E,,,,
19,68,Bolivia (Plurinational State of),866,Cattle,1969,2190000,E,,,,
20,72,Botswana,866,Cattle,1969,1630000,A,,,,
21,76,Brazil,866,Cattle,1969,72965856,E,,,,
26,96,Brunei Darussalam,866,Cattle,1969,2237,A,,,,
27,100,Bulgaria,866,Cattle,1969,1296823,A,,,,
233,854,Burkina Faso,866,Cattle,1969,2500000,A,,,,
29,108,Burundi,866,Cattle,1969,660410,A,,,,
35,132,Cabo Verde,866,Cattle,1969,14000,E,,,,
115,116,Cambodia,866,Cattle,1969,2399000,A,,,,
32,120,Cameroon,866,Cattle,1969,2100000,A,,,,
33,124,Canada,866,Cattle,1969,11401000,A,,,,
37,140,Central African Republic,866,Cattle,1969,630000,E,,,,
39,148,Chad,866,Cattle,1969,4500000,A,,,,
40,152,Chile,866,Cattle,1969,2910710,A,,,,
96,344,"China, Hong Kong SAR",866,Cattle,1969,13800,A,,,,
214,158,"China, Taiwan Province of",866,Cattle,1969,104546,A,,,,
41,156,"China, mainland",866,Cattle,1969,57720000,X,,,,
44,170,Colombia,866,Cattle,1969,19500000,A,,,,
45,174,Comoros,866,Cattle,1969,65000,E,,,,
46,178,Congo,866,Cattle,1969,32000,E,,,,
47,184,Cook Islands,866,Cattle,1969,180,E,,,,
48,188,Costa Rica,866,Cattle,1969,1422706,A,,,,
49,192,Cuba,866,Cattle,1969,6647900,A,,,,
50,196,Cyprus,866,Cattle,1969,39000,A,,,,
107,384,Côte d'Ivoire,866,Cattle,1969,396000,A,,,,
116,408,Democratic People's Republic of Korea,866,Cattle,1969,720000,E,,,,
250,180,Democratic Republic of the Congo,866,Cattle,1969,886806,A,,,,
54,208,Denmark,866,Cattle,1969,2999694,A,,,,
72,262,Djibouti,866,Cattle,1969,20000,E,,,,
55,212,Dominica,866,Cattle,1969,3400,E,,,,
56,214,Dominican Republic,866,Cattle,1969,1090000,X,,,,
58,218,Ecuador,866,Cattle,1969,2393300,A,,,,
59,818,Egypt,866,Cattle,1969,2087000,A,,,,
60,222,El Salvador,866,Cattle,1969,1229000,A,,,,
61,226,Equatorial Guinea,866,Cattle,1969,3100,E,,,,
209,748,Eswatini,866,Cattle,1969,538230,A,,,,
64,234,Faroe Islands,866,Cattle,1969,2505,A,,,,
66,242,Fiji,866,Cattle,1969,146000,X,,,,
67,246,Finland,866,Cattle,1969,1981300,A,,,,
68,250,France,866,Cattle,1969,21565504,A,,,,
70,258,French Polynesia,866,Cattle,1969,10000,A,,,,
74,266,Gabon,866,Cattle,1969,3200,A,,,,
75,270,Gambia,866,Cattle,1969,232695,A,,,,
79,276,Germany,866,Cattle,1969,19170192,A,,,,
81,288,Ghana,866,Cattle,1969,900000,A,,,,
84,300,Greece,866,Cattle,1969,1037578,A,,,,
86,308,Grenada,866,Cattle,1969,6000,A,,,,
89,320,Guatemala,866,Cattle,1969,1395236,A,,,,
90,324,Guinea,866,Cattle,1969,1300000,E,,,,
175,624,Guinea-Bissau,866,Cattle,1969,230000,E,,,,
91,328,Guyana,866,Cattle,1969,280000,E,,,,
93,332,Haiti,866,Cattle,1969,850000,E,,,,
95,340,Honduras,866,Cattle,1969,1558853,A,,,,
97,348,Hungary,866,Cattle,1969,2005666,A,,,,
99,352,Iceland,866,Cattle,1969,52274,A,,,,
100,356,India,866,Cattle,1969,177086000,X,,,,
101,360,Indonesia,866,Cattle,1969,6447000,A,,,,
102,364,Iran (Islamic Republic of),866,Cattle,1969,5100000,E,,,,
103,368,Iraq,866,Cattle,1969,1730000,E,,,,
104,372,Ireland,866,Cattle,1969,5086300,A,,,,
105,376,Israel,866,Cattle,1969,232400,A,,,,
106,380,Italy,866,Cattle,1969,10024000,A,,,,
109,388,Jamaica,866,Cattle,1969,250000,X,,,,
110,392,Japan,866,Cattle,1969,3487000,A,,,,
112,400,Jordan,866,Cattle,1969,49300,A,,,,
114,404,Kenya,866,Cattle,1969,7800000,X,,,,
118,414,Kuwait,866,Cattle,1969,4941,A,,,,
120,418,Lao People's Democratic Republic,866,Cattle,1969,390000,E,,,,
121,422,Lebanon,866,Cattle,1969,85715,A,,,,
122,426,Lesotho,866,Cattle,1969,474356,A,,,,
123,430,Liberia,866,Cattle,1969,27000,E,,,,
124,434,Libya,866,Cattle,1969,104662,A,,,,
129,450,Madagascar,866,Cattle,1969,9400000,E,,,,
130,454,Malawi,866,Cattle,1969,479916,A,,,,
131,458,Malaysia,866,Cattle,1969,320426,A,,,,
133,466,Mali,866,Cattle,1969,5381000,X,,,,
134,470,Malta,866,Cattle,1969,8849,A,,,,
136,478,Mauritania,866,Cattle,1969,1920000,A,,,,
137,480,Mauritius,866,Cattle,1969,47000,E,,,,
138,484,Mexico,866,Cattle,1969,21653008,E,,,,
141,496,Mongolia,866,Cattle,1969,1979000,A,,,,
143,504,Morocco,866,Cattle,1969,3580000,A,,,,
144,508,Mozambique,866,Cattle,1969,1223846,A,,,,
28,104,Myanmar,866,Cattle,1969,6694357,A,,,,
147,516,Namibia,866,Cattle,1969,2450000,E,,,,
149,524,Nepal,866,Cattle,1969,6226000,A,,,,
150,528,Netherlands (Kingdom of the),866,Cattle,1969,3694000,A,,,,
153,540,New Caledonia,866,Cattle,1969,120300,A,,,,
156,554,New Zealand,866,Cattle,1969,8604874,A,,,,
157,558,Nicaragua,866,Cattle,1969,2293100,A,,,,
158,562,Niger,866,Cattle,1969,4130000,A,,,,
159,566,Nigeria,866,Cattle,1969,8578000,A,,,,
160,570,Niue,866,Cattle,1969,368,A,,,,
162,578,Norway,866,Cattle,1969,973425,A,,,,
221,512,Oman,866,Cattle,1969,68000,E,,,,
165,586,Pakistan,866,Cattle,1969,14539000,E,,,,
166,591,Panama,866,Cattle,1969,1156800,A,,,,
168,598,Papua New Guinea,866,Cattle,1969,66598,A,,,,
169,600,Paraguay,866,Cattle,1969,4300000,E,,,,
170,604,Peru,866,Cattle,1969,4059700,A,,,,
171,608,Philippines,866,Cattle,1969,1628900,A,,,,
173,616,Poland,866,Cattle,1969,11048900,A,,,,
174,620,Portugal,866,Cattle,1969,1244000,X,,,,
177,630,Puerto Rico,866,Cattle,1969,507000,A,,,,
179,634,Qatar,866,Cattle,1969,5100,E,,,,
117,410,Republic of Korea,866,Cattle,1969,1225103,A,,,,
183,642,Romania,866,Cattle,1969,4949300,A,,,,
184,646,Rwanda,866,Cattle,1969,675523,A,,,,
188,659,Saint Kitts and Nevis,866,Cattle,1969,5600,E,,,,
189,662,Saint Lucia,866,Cattle,1969,10000,E,,,,
191,670,Saint Vincent and the Grenadines,866,Cattle,1969,6850,A,,,,
244,882,Samoa,866,Cattle,1969,19491,A,,,,
193,678,Sao Tome and Principe,866,Cattle,1969,3112,A,,,,
194,682,Saudi Arabia,866,Cattle,1969,150000,E,,,,
195,686,Senegal,866,Cattle,1969,2556000,A,,,,
196,690,Seychelles,866,Cattle,1969,1650,E,,,,
197,694,Sierra Leone,866,Cattle,1969,291000,E,,,,
200,702,Singapore,866,Cattle,1969,6000,E,,,,
25,90,Solomon Islands,866,Cattle,1969,11320,A,,,,
201,706,Somalia,866,Cattle,1969,3800000,E,,,,
202,710,South Africa,866,Cattle,1969,11007313,A,,,,
203,724,Spain,866,Cattle,1969,4184740,A,,,,
38,144,Sri Lanka,866,Cattle,1969,1584462,A,,,,
207,740,Suriname,866,Cattle,1969,39800,A,,,,
210,752,Sweden,866,Cattle,1969,2042835,A,,,,
211,756,Switzerland,866,Cattle,1969,1869300,A,,,,
212,760,Syrian Arab Republic,866,Cattle,1969,514125,A,,,,
216,764,Thailand,866,Cattle,1969,4451590,A,,,,
176,626,Timor-Leste,866,Cattle,1969,56797,A,,,,
217,768,Togo,866,Cattle,1969,175724,A,,,,
219,776,Tonga,866,Cattle,1969,2461,A,,,,
220,780,Trinidad and Tobago,866,Cattle,1969,60000,X,,,,
222,788,Tunisia,866,Cattle,1969,660000,E,,,,
223,792,Türkiye,866,Cattle,1969,13761000,A,,,,
226,800,Uganda,866,Cattle,1969,3971000,A,,,,
225,784,United Arab Emirates,866,Cattle,1969,12000,E,,,,
229,826,United Kingdom of Great Britain and Northern Ireland,866,Cattle,1969,12418986,A,,,,
215,834,United Republic of Tanzania,866,Cattle,1969,9916000,E,,,,
231,840,United States of America,866,Cattle,1969,110015008,A,,,,
234,858,Uruguay,866,Cattle,1969,8900000,A,,,,
155,548,Vanuatu,866,Cattle,1969,73000,E,,,,
236,862,Venezuela (Bolivarian Republic of),866,Cattle,1969,8101537,A,,,,
237,704,Viet Nam,866,Cattle,1969,1670800,A,,,,
249,887,Yemen,866,Cattle,1969,936000,A,,,,
251,894,Zambia,866,Cattle,1969,1547000,X,,,,
181,716,Zimbabwe,866,Cattle,1969,4802000,A,,,,
51,200,Czechoslovakia,866,Cattle,1970,4222576,A,,,,
62,230,Ethiopia PDR,866,Cattle,1970,26231504,A,,,,
69,254,French Guiana,866,Cattle,1970,2500,A,,,,
15,58,Belgium-Luxembourg,866,Cattle,1970,2899000,A,,,,
135,474,Martinique,866,Cattle,1970,48000,A,,,,
182,638,Réunion,866,Cattle,1970,25000,E,,,,
87,312,Guadeloupe,866,Cattle,1970,75000,A,,,,
248,890,Yugoslav SFR,866,Cattle,1970,5029000,A,,,,
206,736,Sudan (former),866,Cattle,1970,12300000,A,,,,
228,810,USSR,866,Cattle,1970,95162000,A,,,,
2,4,Afghanistan,866,Cattle,1970,3700000,A,,,,
3,8,Albania,866,Cattle,1970,413700,A,,,,
4,12,Algeria,866,Cattle,1970,885000,A,,,,
7,24,Angola,866,Cattle,1970,2514177,A,,,,
8,28,Antigua and Barbuda,866,Cattle,1970,7800,E,,,,
9,32,Argentina,866,Cattle,1970,48439648,A,,,,
10,36,Australia,866,Cattle,1970,22162464,A,,,,
11,40,Austria,866,Cattle,1970,2417930,A,,,,
12,44,Bahamas,866,Cattle,1970,2500,E,,,,
13,48,Bahrain,866,Cattle,1970,4000,E,,,,
16,50,Bangladesh,866,Cattle,1970,25686000,A,,,,
14,52,Barbados,866,Cattle,1970,20000,E,,,,
23,84,Belize,866,Cattle,1970,36000,E,,,,
53,204,Benin,866,Cattle,1970,566400,A,,,,
18,64,Bhutan,866,Cattle,1970,236000,E,,,,
19,68,Bolivia (Plurinational State of),866,Cattle,1970,2290800,A,,,,
20,72,Botswana,866,Cattle,1970,1650000,A,,,,
21,76,Brazil,866,Cattle,1970,75446704,E,,,,
26,96,Brunei Darussalam,866,Cattle,1970,2500,A,,,,
27,100,Bulgaria,866,Cattle,1970,1255481,A,,,,
233,854,Burkina Faso,866,Cattle,1970,2550000,A,,,,
29,108,Burundi,866,Cattle,1970,685407,A,,,,
35,132,Cabo Verde,866,Cattle,1970,13893,A,,,,
115,116,Cambodia,866,Cattle,1970,2300000,E,,,,
32,120,Cameroon,866,Cattle,1970,2325000,A,,,,
33,124,Canada,866,Cattle,1970,11626000,A,,,,
37,140,Central African Republic,866,Cattle,1970,680000,E,,,,
39,148,Chad,866,Cattle,1970,4500000,A,,,,
40,152,Chile,866,Cattle,1970,2998675,A,,,,
96,344,"China, Hong Kong SAR",866,Cattle,1970,13160,A,,,,
214,158,"China, Taiwan Province of",866,Cattle,1970,103045,A,,,,
41,156,"China, mainland",866,Cattle,1970,57500000,X,,,,
44,170,Colombia,866,Cattle,1970,20200000,A,,,,
45,174,Comoros,866,Cattle,1970,66000,E,,,,
46,178,Congo,866,Cattle,1970,35900,X,,,,
47,184,Cook Islands,866,Cattle,1970,190,E,,,,
48,188,Costa Rica,866,Cattle,1970,1496260,A,,,,
49,192,Cuba,866,Cattle,1970,6282400,A,,,,
50,196,Cyprus,866,Cattle,1970,40000,A,,,,
107,384,Côte d'Ivoire,866,Cattle,1970,408000,A,,,,
116,408,Democratic People's Republic of Korea,866,Cattle,1970,730000,E,,,,
250,180,Democratic Republic of the Congo,866,Cattle,1970,994300,A,,,,
54,208,Denmark,866,Cattle,1970,2842271,A,,,,
72,262,Djibouti,866,Cattle,1970,22000,E,,,,
55,212,Dominica,866,Cattle,1970,3168,X,,,,
56,214,Dominican Republic,866,Cattle,1970,1100000,X,,,,
58,218,Ecuador,866,Cattle,1970,2433900,A,,,,
59,818,Egypt,866,Cattle,1970,2115000,A,,,,
60,222,El Salvador,866,Cattle,1970,1241000,A,,,,
61,226,Equatorial Guinea,866,Cattle,1970,3200,E,,,,
209,748,Eswatini,866,Cattle,1970,568369,A,,,,
64,234,Faroe Islands,866,Cattle,1970,2555,A,,,,
66,242,Fiji,866,Cattle,1970,149500,X,,,,
67,246,Finland,866,Cattle,1970,1872900,A,,,,
68,250,France,866,Cattle,1970,21719296,A,,,,
70,258,French Polynesia,866,Cattle,1970,9800,A,,,,
74,266,Gabon,866,Cattle,1970,2057,A,,,,
75,270,Gambia,866,Cattle,1970,248698,A,,,,
79,276,Germany,866,Cattle,1970,19457408,A,,,,
81,288,Ghana,866,Cattle,1970,903000,A,,,,
84,300,Greece,866,Cattle,1970,996856,A,,,,
86,308,Grenada,866,Cattle,1970,6500,E,,,,
89,320,Guatemala,866,Cattle,1970,1442859,A,,,,
90,324,Guinea,866,Cattle,1970,1300000,E,,,,
175,624,Guinea-Bissau,866,Cattle,1970,230000,E,,,,
91,328,Guyana,866,Cattle,1970,256800,A,,,,
93,332,Haiti,866,Cattle,1970,900000,X,,,,
95,340,Honduras,866,Cattle,1970,1578354,A,,,,
97,348,Hungary,866,Cattle,1970,1932552,A,,,,
99,352,Iceland,866,Cattle,1970,53401,A,,,,
100,356,India,866,Cattle,1970,177442000,X,,,,
101,360,Indonesia,866,Cattle,1970,6137000,A,,,,
102,364,Iran (Islamic Republic of),866,Cattle,1970,5300000,E,,,,
103,368,Iraq,866,Cattle,1970,1830000,A,,,,
104,372,Ireland,866,Cattle,1970,5229000,A,,,,
105,376,Israel,866,Cattle,1970,240400,A,,,,
106,380,Italy,866,Cattle,1970,9563000,A,,,,
109,388,Jamaica,866,Cattle,1970,270000,X,,,,
110,392,Japan,866,Cattle,1970,3622000,A,,,,
112,400,Jordan,866,Cattle,1970,43600,A,,,,
114,404,Kenya,866,Cattle,1970,8600000,A,,,,
118,414,Kuwait,866,Cattle,1970,5940,A,,,,
120,418,Lao People's Democratic Republic,866,Cattle,1970,380000,E,,,,
121,422,Lebanon,866,Cattle,1970,87000,E,,,,
122,426,Lesotho,866,Cattle,1970,551522,A,,,,
123,430,Liberia,866,Cattle,1970,28000,E,,,,
124,434,Libya,866,Cattle,1970,107870,A,,,,
129,450,Madagascar,866,Cattle,1970,8781709,A,,,,
130,454,Malawi,866,Cattle,1970,491459,A,,,,
131,458,Malaysia,866,Cattle,1970,325522,A,,,,
133,466,Mali,866,Cattle,1970,5310000,X,,,,
134,470,Malta,866,Cattle,1970,8841,A,,,,
136,478,Mauritania,866,Cattle,1970,1800000,E,,,,
137,480,Mauritius,866,Cattle,1970,48000,E,,,,
138,484,Mexico,866,Cattle,1970,22798000,A,,,,
141,496,Mongolia,866,Cattle,1970,1991000,A,,,,
143,504,Morocco,866,Cattle,1970,3600000,E,,,,
144,508,Mozambique,866,Cattle,1970,1259829,A,,,,
28,104,Myanmar,866,Cattle,1970,6833256,A,,,,
147,516,Namibia,866,Cattle,1970,2500000,E,,,,
149,524,Nepal,866,Cattle,1970,6300000,E,,,,
150,528,Netherlands (Kingdom of the),866,Cattle,1970,3679000,A,,,,
153,540,New Caledonia,866,Cattle,1970,120300,E,,,,
156,554,New Zealand,866,Cattle,1970,8777332,A,,,,
157,558,Nicaragua,866,Cattle,1970,2430700,A,,,,
158,562,Niger,866,Cattle,1970,4000000,A,,,,
159,566,Nigeria,866,Cattle,1970,8887000,A,,,,
160,570,Niue,866,Cattle,1970,314,A,,,,
162,578,Norway,866,Cattle,1970,943002,A,,,,
221,512,Oman,866,Cattle,1970,69000,E,,,,
165,586,Pakistan,866,Cattle,1970,14584000,E,,,,
166,591,Panama,866,Cattle,1970,1187700,A,,,,
168,598,Papua New Guinea,866,Cattle,1970,76094,A,,,,
169,600,Paraguay,866,Cattle,1970,4340000,A,,,,
170,604,Peru,866,Cattle,1970,4127300,A,,,,
171,608,Philippines,866,Cattle,1970,1678700,A,,,,
173,616,Poland,866,Cattle,1970,10843500,A,,,,
174,620,Portugal,866,Cattle,1970,1259000,X,,,,
177,630,Puerto Rico,866,Cattle,1970,518000,A,,,,
179,634,Qatar,866,Cattle,1970,5300,E,,,,
117,410,Republic of Korea,866,Cattle,1970,1296673,A,,,,
183,642,Romania,866,Cattle,1970,4859578,A,,,,
184,646,Rwanda,866,Cattle,1970,709354,A,,,,
188,659,Saint Kitts and Nevis,866,Cattle,1970,5600,E,,,,
189,662,Saint Lucia,866,Cattle,1970,9000,E,,,,
191,670,Saint Vincent and the Grenadines,866,Cattle,1970,7200,A,,,,
244,882,Samoa,866,Cattle,1970,19774,A,,,,
193,678,Sao Tome and Principe,866,Cattle,1970,3060,A,,,,
194,682,Saudi Arabia,866,Cattle,1970,160000,E,,,,
195,686,Senegal,866,Cattle,1970,2615000,A,,,,
196,690,Seychelles,866,Cattle,1970,1700,E,,,,
197,694,Sierra Leone,866,Cattle,1970,296000,E,,,,
200,702,Singapore,866,Cattle,1970,5000,E,,,,
25,90,Solomon Islands,866,Cattle,1970,12099,A,,,,
201,706,Somalia,866,Cattle,1970,3800000,E,,,,
202,710,South Africa,866,Cattle,1970,11300000,A,,,,
203,724,Spain,866,Cattle,1970,4288070,A,,,,
38,144,Sri Lanka,866,Cattle,1970,1593306,A,,,,
207,740,Suriname,866,Cattle,1970,40200,A,,,,
210,752,Sweden,866,Cattle,1970,1925968,A,,,,
211,756,Switzerland,866,Cattle,1970,1907400,A,,,,
212,760,Syrian Arab Republic,866,Cattle,1970,528402,A,,,,
216,764,Thailand,866,Cattle,1970,4666969,A,,,,
176,626,Timor-Leste,866,Cattle,1970,67035,A,,,,
217,768,Togo,866,Cattle,1970,194345,A,,,,
219,776,Tonga,866,Cattle,1970,3097,A,,,,
220,780,Trinidad and Tobago,866,Cattle,1970,63000,X,,,,
222,788,Tunisia,866,Cattle,1970,700000,E,,,,
223,792,Türkiye,866,Cattle,1970,13189000,A,,,,
226,800,Uganda,866,Cattle,1970,4280500,A,,,,
225,784,United Arab Emirates,866,Cattle,1970,15000,E,,,,
229,826,United Kingdom of Great Britain and Northern Ireland,866,Cattle,1970,12627516,A,,,,
215,834,United Republic of Tanzania,866,Cattle,1970,10139000,E,,,,
231,840,United States of America,866,Cattle,1970,112369008,A,,,,
234,858,Uruguay,866,Cattle,1970,8563747,A,,,,
155,548,Vanuatu,866,Cattle,1970,74500,X,,,,
236,862,Venezuela (Bolivarian Republic of),866,Cattle,1970,8289408,A,,,,
237,704,Viet Nam,866,Cattle,1970,1616000,A,,,,
249,887,Yemen,866,Cattle,1970,893000,A,,,,
251,894,Zambia,866,Cattle,1970,1574000,X,,,,
181,716,Zimbabwe,866,Cattle,1970,5190000,A,,,,
182,638,Réunion,866,Cattle,1971,23000,E,,,,
248,890,Yugoslav SFR,866,Cattle,1971,5138000,A,,,,
228,810,USSR,866,Cattle,1971,99225008,A,,,,
15,58,Belgium-Luxembourg,866,Cattle,1971,2901000,A,,,,
135,474,Martinique,866,Cattle,1971,49000,A,,,,
87,312,Guadeloupe,866,Cattle,1971,75000,A,,,,
69,254,French Guiana,866,Cattle,1971,2000,A,,,,
51,200,Czechoslovakia,866,Cattle,1971,4287857,A,,,,
62,230,Ethiopia PDR,866,Cattle,1971,26589696,A,,,,
206,736,Sudan (former),866,Cattle,1971,12600000,A,,,,
2,4,Afghanistan,866,Cattle,1971,3680000,A,,,,
3,8,Albania,866,Cattle,1971,407600,A,,,,
4,12,Algeria,866,Cattle,1971,918000,A,,,,
7,24,Angola,866,Cattle,1971,2727000,A,,,,
8,28,Antigua and Barbuda,866,Cattle,1971,8000,X,,,,
9,32,Argentina,866,Cattle,1971,49786000,A,,,,
10,36,Australia,866,Cattle,1971,24373136,A,,,,
11,40,Austria,866,Cattle,1971,2468266,A,,,,
12,44,Bahamas,866,Cattle,1971,2500,E,,,,
13,48,Bahrain,866,Cattle,1971,4200,E,,,,
16,50,Bangladesh,866,Cattle,1971,25500000,E,,,,
14,52,Barbados,866,Cattle,1971,21000,E,,,,
23,84,Belize,866,Cattle,1971,38399,A,,,,
53,204,Benin,866,Cattle,1971,587800,A,,,,
18,64,Bhutan,866,Cattle,1971,242000,E,,,,
19,68,Bolivia (Plurinational State of),866,Cattle,1971,2411840,A,,,,
20,72,Botswana,866,Cattle,1971,1700000,A,,,,
21,76,Brazil,866,Cattle,1971,78562256,A,,,,
26,96,Brunei Darussalam,866,Cattle,1971,2058,A,,,,
27,100,Bulgaria,866,Cattle,1971,1278598,A,,,,
233,854,Burkina Faso,866,Cattle,1971,2601000,A,,,,
29,108,Burundi,866,Cattle,1971,682905,A,,,,
35,132,Cabo Verde,866,Cattle,1971,12007,A,,,,
115,116,Cambodia,866,Cattle,1971,2200000,E,,,,
32,120,Cameroon,866,Cattle,1971,2500000,A,,,,
33,124,Canada,866,Cattle,1971,11985000,A,,,,
37,140,Central African Republic,866,Cattle,1971,720000,A,,,,
39,148,Chad,866,Cattle,1971,4500000,A,,,,
40,152,Chile,866,Cattle,1971,2860000,A,,,,
96,344,"China, Hong Kong SAR",866,Cattle,1971,12200,A,,,,
214,158,"China, Taiwan Province of",866,Cattle,1971,95807,A,,,,
41,156,"China, mainland",866,Cattle,1971,57500000,X,,,,
44,170,Colombia,866,Cattle,1971,21000000,A,,,,
45,174,Comoros,866,Cattle,1971,67000,E,,,,
46,178,Congo,866,Cattle,1971,37000,E,,,,
47,184,Cook Islands,866,Cattle,1971,159,A,,,,
48,188,Costa Rica,866,Cattle,1971,1573617,A,,,,
49,192,Cuba,866,Cattle,1971,5738100,A,,,,
50,196,Cyprus,866,Cattle,1971,35500,A,,,,
107,384,Côte d'Ivoire,866,Cattle,1971,420000,A,,,,
116,408,Democratic People's Republic of Korea,866,Cattle,1971,750000,E,,,,
250,180,Democratic Republic of the Congo,866,Cattle,1971,1023500,A,,,,
54,208,Denmark,866,Cattle,1971,2722871,A,,,,
72,262,Djibouti,866,Cattle,1971,22000,E,,,,
55,212,Dominica,866,Cattle,1971,3600,E,,,,
56,214,Dominican Republic,866,Cattle,1971,1338962,X,,,,
58,218,Ecuador,866,Cattle,1971,2346000,A,,,,
59,818,Egypt,866,Cattle,1971,2122000,A,,,,
60,222,El Salvador,866,Cattle,1971,1100000,A,,,,
61,226,Equatorial Guinea,866,Cattle,1971,3300,E,,,,
209,748,Eswatini,866,Cattle,1971,571785,A,,,,
64,234,Faroe Islands,866,Cattle,1971,2550,A,,,,
66,242,Fiji,866,Cattle,1971,152323,A,,,,
67,246,Finland,866,Cattle,1971,1865400,A,,,,
68,250,France,866,Cattle,1971,21723008,A,,,,
70,258,French Polynesia,866,Cattle,1971,9000,E,,,,
74,266,Gabon,866,Cattle,1971,3295,A,,,,
75,270,Gambia,866,Cattle,1971,260000,A,,,,
79,276,Germany,866,Cattle,1971,19216160,A,,,,
81,288,Ghana,866,Cattle,1971,903000,A,,,,
84,300,Greece,866,Cattle,1971,952350,A,,,,
86,308,Grenada,866,Cattle,1971,6600,A,,,,
89,320,Guatemala,866,Cattle,1971,1585393,A,,,,
90,324,Guinea,866,Cattle,1971,1300000,E,,,,
175,624,Guinea-Bissau,866,Cattle,1971,236000,E,,,,
91,328,Guyana,866,Cattle,1971,258000,A,,,,
93,332,Haiti,866,Cattle,1971,940000,X,,,,
95,340,Honduras,866,Cattle,1971,1598083,A,,,,
97,348,Hungary,866,Cattle,1971,1917305,A,,,,
99,352,Iceland,866,Cattle,1971,53294,A,,,,
100,356,India,866,Cattle,1971,177814000,X,,,,
101,360,Indonesia,866,Cattle,1971,6245000,A,,,,
102,364,Iran (Islamic Republic of),866,Cattle,1971,5516000,A,,,,
103,368,Iraq,866,Cattle,1971,1860000,E,,,,
104,372,Ireland,866,Cattle,1971,5405000,A,,,,
105,376,Israel,866,Cattle,1971,233500,A,,,,
106,380,Italy,866,Cattle,1971,8721290,A,,,,
109,388,Jamaica,866,Cattle,1971,270000,X,,,,
110,392,Japan,866,Cattle,1971,3644000,A,,,,
112,400,Jordan,866,Cattle,1971,38800,A,,,,
114,404,Kenya,866,Cattle,1971,8900000,X,,,,
118,414,Kuwait,866,Cattle,1971,4977,A,,,,
120,418,Lao People's Democratic Republic,866,Cattle,1971,370000,E,,,,
121,422,Lebanon,866,Cattle,1971,89624,A,,,,
122,426,Lesotho,866,Cattle,1971,470000,E,,,,
123,430,Liberia,866,Cattle,1971,30000,E,,,,
124,434,Libya,866,Cattle,1971,101143,A,,,,
129,450,Madagascar,866,Cattle,1971,8043914,A,,,,
130,454,Malawi,866,Cattle,1971,491517,A,,,,
131,458,Malaysia,866,Cattle,1971,348786,A,,,,
133,466,Mali,866,Cattle,1971,5510000,X,,,,
134,470,Malta,866,Cattle,1971,9590,A,,,,
136,478,Mauritania,866,Cattle,1971,1850000,A,,,,
137,480,Mauritius,866,Cattle,1971,48000,E,,,,
138,484,Mexico,866,Cattle,1971,22227008,A,,,,
141,496,Mongolia,866,Cattle,1971,2107800,A,,,,
143,504,Morocco,866,Cattle,1971,3670000,A,,,,
144,508,Mozambique,866,Cattle,1971,1338238,A,,,,
28,104,Myanmar,866,Cattle,1971,6993752,A,,,,
147,516,Namibia,866,Cattle,1971,2550000,E,,,,
149,524,Nepal,866,Cattle,1971,6350000,E,,,,
150,528,Netherlands (Kingdom of the),866,Cattle,1971,3465000,A,,,,
153,540,New Caledonia,866,Cattle,1971,120315,X,,,,
156,554,New Zealand,866,Cattle,1971,7994100,A,,,,
157,558,Nicaragua,866,Cattle,1971,2202000,X,,,,
158,562,Niger,866,Cattle,1971,4100000,A,,,,
159,566,Nigeria,866,Cattle,1971,9203000,A,,,,
160,570,Niue,866,Cattle,1971,387,A,,,,
162,578,Norway,866,Cattle,1971,931691,A,,,,
221,512,Oman,866,Cattle,1971,68000,A,,,,
165,586,Pakistan,866,Cattle,1971,14629000,E,,,,
166,591,Panama,866,Cattle,1971,1259892,A,,,,
168,598,Papua New Guinea,866,Cattle,1971,84742,A,,,,
169,600,Paraguay,866,Cattle,1971,4459000,A,,,,
170,604,Peru,866,Cattle,1971,4310100,A,,,,
171,608,Philippines,866,Cattle,1971,1795000,A,,,,
173,616,Poland,866,Cattle,1971,11076300,A,,,,
174,620,Portugal,866,Cattle,1971,1253000,X,,,,
177,630,Puerto Rico,866,Cattle,1971,530000,A,,,,
179,634,Qatar,866,Cattle,1971,5400,E,,,,
117,410,Republic of Korea,866,Cattle,1971,1279935,A,,,,
183,642,Romania,866,Cattle,1971,5216000,A,,,,
184,646,Rwanda,866,Cattle,1971,748157,A,,,,
188,659,Saint Kitts and Nevis,866,Cattle,1971,5500,E,,,,
189,662,Saint Lucia,866,Cattle,1971,8900,E,,,,
191,670,Saint Vincent and the Grenadines,866,Cattle,1971,7000,A,,,,
244,882,Samoa,866,Cattle,1971,20068,A,,,,
193,678,Sao Tome and Principe,866,Cattle,1971,2920,A,,,,
194,682,Saudi Arabia,866,Cattle,1971,170000,E,,,,
195,686,Senegal,866,Cattle,1971,2674000,A,,,,
196,690,Seychelles,866,Cattle,1971,1741,A,,,,
197,694,Sierra Leone,866,Cattle,1971,300000,E,,,,
200,702,Singapore,866,Cattle,1971,3000,E,,,,
25,90,Solomon Islands,866,Cattle,1971,13654,A,,,,
201,706,Somalia,866,Cattle,1971,3650000,E,,,,
202,710,South Africa,866,Cattle,1971,11234298,A,,,,
203,724,Spain,866,Cattle,1971,4235000,A,,,,
38,144,Sri Lanka,866,Cattle,1971,1624954,A,,,,
207,740,Suriname,866,Cattle,1971,37000,A,,,,
210,752,Sweden,866,Cattle,1971,1832998,A,,,,
211,756,Switzerland,866,Cattle,1971,1822700,A,,,,
212,760,Syrian Arab Republic,866,Cattle,1971,506222,A,,,,
216,764,Thailand,866,Cattle,1971,4460230,A,,,,
176,626,Timor-Leste,866,Cattle,1971,70607,A,,,,
217,768,Togo,866,Cattle,1971,191846,A,,,,
219,776,Tonga,866,Cattle,1971,3181,A,,,,
220,780,Trinidad and Tobago,866,Cattle,1971,65000,X,,,,
222,788,Tunisia,866,Cattle,1971,750000,E,,,,
223,792,Türkiye,866,Cattle,1971,12756000,A,,,,
226,800,Uganda,866,Cattle,1971,4223900,A,,,,
225,784,United Arab Emirates,866,Cattle,1971,20000,E,,,,
229,826,United Kingdom of Great Britain and Northern Ireland,866,Cattle,1971,12850620,A,,,,
215,834,United Republic of Tanzania,866,Cattle,1971,10367000,E,,,,
231,840,United States of America,866,Cattle,1971,114578000,A,,,,
234,858,Uruguay,866,Cattle,1971,8727000,X,,,,
155,548,Vanuatu,866,Cattle,1971,83555,A,,,,
236,862,Venezuela (Bolivarian Republic of),866,Cattle,1971,8485106,A,,,,
237,704,Viet Nam,866,Cattle,1971,1588500,A,,,,
249,887,Yemen,866,Cattle,1971,937000,A,,,,
251,894,Zambia,866,Cattle,1971,1620000,X,,,,
181,716,Zimbabwe,866,Cattle,1971,5542000,A,,,,
15,58,Belgium-Luxembourg,866,Cattle,1972,2829000,A,,,,
182,638,Réunion,866,Cattle,1972,19300,E,,,,
248,890,Yugoslav SFR,866,Cattle,1972,5148000,A,,,,
135,474,Martinique,866,Cattle,1972,50000,A,,,,
206,736,Sudan (former),866,Cattle,1972,12900000,A,,,,
69,254,French Guiana,866,Cattle,1972,1800,A,,,,
228,810,USSR,866,Cattle,1972,102434000,A,,,,
62,230,Ethiopia PDR,866,Cattle,1972,26353696,A,,,,
51,200,Czechoslovakia,866,Cattle,1972,4349450,A,,,,
87,312,Guadeloupe,866,Cattle,1972,76000,A,,,,
2,4,Afghanistan,866,Cattle,1972,3400000,A,,,,
3,8,Albania,866,Cattle,1972,396500,A,,,,
4,12,Algeria,866,Cattle,1972,890000,A,,,,
7,24,Angola,866,Cattle,1972,2800000,E,,,,
8,28,Antigua and Barbuda,866,Cattle,1972,8000,E,,,,
9,32,Argentina,866,Cattle,1972,52300600,A,,,,
10,36,Australia,866,Cattle,1972,27373312,A,,,,
11,40,Austria,866,Cattle,1972,2498971,A,,,,
12,44,Bahamas,866,Cattle,1972,2200,E,,,,
13,48,Bahrain,866,Cattle,1972,5000,E,,,,
16,50,Bangladesh,866,Cattle,1972,25500000,E,,,,
14,52,Barbados,866,Cattle,1972,20000,X,,,,
23,84,Belize,866,Cattle,1972,40000,E,,,,
53,204,Benin,866,Cattle,1972,646200,A,,,,
18,64,Bhutan,866,Cattle,1972,248000,E,,,,
19,68,Bolivia (Plurinational State of),866,Cattle,1972,2564875,A,,,,
20,72,Botswana,866,Cattle,1972,2000000,A,,,,
21,76,Brazil,866,Cattle,1972,83000000,X,,,,
26,96,Brunei Darussalam,866,Cattle,1972,2271,A,,,,
27,100,Bulgaria,866,Cattle,1972,1378905,A,,,,
233,854,Burkina Faso,866,Cattle,1972,2400000,E,,,,
29,108,Burundi,866,Cattle,1972,724780,A,,,,
35,132,Cabo Verde,866,Cattle,1972,14804,A,,,,
115,116,Cambodia,866,Cattle,1972,2100000,E,,,,
32,120,Cameroon,866,Cattle,1972,2325000,A,,,,
33,124,Canada,866,Cattle,1972,12324000,A,,,,
37,140,Central African Republic,866,Cattle,1972,770000,A,,,,
39,148,Chad,866,Cattle,1972,4690000,A,,,,
40,152,Chile,866,Cattle,1972,3187990,A,,,,
96,344,"China, Hong Kong SAR",866,Cattle,1972,11515,A,,,,
214,158,"China, Taiwan Province of",866,Cattle,1972,95456,A,,,,
41,156,"China, mainland",866,Cattle,1972,57486000,X,,,,
44,170,Colombia,866,Cattle,1972,21500000,A,,,,
45,174,Comoros,866,Cattle,1972,68000,E,,,,
46,178,Congo,866,Cattle,1972,38000,E,,,,
47,184,Cook Islands,866,Cattle,1972,180,A,,,,
48,188,Costa Rica,866,Cattle,1972,1655052,A,,,,
49,192,Cuba,866,Cattle,1972,5514500,A,,,,
50,196,Cyprus,866,Cattle,1972,33500,A,,,,
107,384,Côte d'Ivoire,866,Cattle,1972,440000,A,,,,
116,408,Democratic People's Republic of Korea,866,Cattle,1972,765000,E,,,,
250,180,Democratic Republic of the Congo,866,Cattle,1972,1053500,A,,,,
54,208,Denmark,866,Cattle,1972,2778855,A,,,,
72,262,Djibouti,866,Cattle,1972,24000,E,,,,
55,212,Dominica,866,Cattle,1972,4000,E,,,,
56,214,Dominican Republic,866,Cattle,1972,1423000,X,,,,
58,218,Ecuador,866,Cattle,1972,2358000,A,,,,
59,818,Egypt,866,Cattle,1972,2129000,A,,,,
60,222,El Salvador,866,Cattle,1972,1150000,A,,,,
61,226,Equatorial Guinea,866,Cattle,1972,3300,E,,,,
209,748,Eswatini,866,Cattle,1972,589220,A,,,,
64,234,Faroe Islands,866,Cattle,1972,2368,A,,,,
66,242,Fiji,866,Cattle,1972,156323,A,,,,
67,246,Finland,866,Cattle,1972,1835000,A,,,,
68,250,France,866,Cattle,1972,21764096,A,,,,
70,258,French Polynesia,866,Cattle,1972,8000,E,,,,
74,266,Gabon,866,Cattle,1972,4500,A,,,,
75,270,Gambia,866,Cattle,1972,270000,E,,,,
79,276,Germany,866,Cattle,1972,18930864,A,,,,
81,288,Ghana,866,Cattle,1972,933000,A,,,,
84,300,Greece,866,Cattle,1972,986355,A,,,,
86,308,Grenada,866,Cattle,1972,5500,E,,,,
89,320,Guatemala,866,Cattle,1972,1739915,A,,,,
90,324,Guinea,866,Cattle,1972,1320256,A,,,,
175,624,Guinea-Bissau,866,Cattle,1972,242000,E,,,,
91,328,Guyana,866,Cattle,1972,260000,A,,,,
93,332,Haiti,866,Cattle,1972,960000,X,,,,
95,340,Honduras,866,Cattle,1972,1618091,A,,,,
97,348,Hungary,866,Cattle,1972,1882000,A,,,,
99,352,Iceland,866,Cattle,1972,59197,A,,,,
100,356,India,866,Cattle,1972,178384000,A,,,,
101,360,Indonesia,866,Cattle,1972,6286000,A,,,,
102,364,Iran (Islamic Republic of),866,Cattle,1972,5607000,A,,,,
103,368,Iraq,866,Cattle,1972,1880000,E,,,,
104,372,Ireland,866,Cattle,1972,5516000,A,,,,
105,376,Israel,866,Cattle,1972,239200,A,,,,
106,380,Italy,866,Cattle,1972,8611200,A,,,,
109,388,Jamaica,866,Cattle,1972,270000,X,,,,
110,392,Japan,866,Cattle,1972,3596000,A,,,,
112,400,Jordan,866,Cattle,1972,46394,A,,,,
114,404,Kenya,866,Cattle,1972,9200000,X,,,,
118,414,Kuwait,866,Cattle,1972,5344,A,,,,
120,418,Lao People's Democratic Republic,866,Cattle,1972,360000,E,,,,
121,422,Lebanon,866,Cattle,1972,89992,A,,,,
122,426,Lesotho,866,Cattle,1972,440000,E,,,,
123,430,Liberia,866,Cattle,1972,31000,E,,,,
124,434,Libya,866,Cattle,1972,105705,A,,,,
129,450,Madagascar,866,Cattle,1972,8250000,E,,,,
130,454,Malawi,866,Cattle,1972,540865,A,,,,
131,458,Malaysia,866,Cattle,1972,361696,A,,,,
133,466,Mali,866,Cattle,1972,4773000,X,,,,
134,470,Malta,866,Cattle,1972,9049,A,,,,
136,478,Mauritania,866,Cattle,1972,1550000,A,,,,
137,480,Mauritius,866,Cattle,1972,45000,E,,,,
138,484,Mexico,866,Cattle,1972,22206000,A,,,,
141,496,Mongolia,866,Cattle,1972,2176100,A,,,,
143,504,Morocco,866,Cattle,1972,3500000,A,,,,
144,508,Mozambique,866,Cattle,1972,1262422,A,,,,
28,104,Myanmar,866,Cattle,1972,7157961,A,,,,
147,516,Namibia,866,Cattle,1972,2600000,E,,,,
149,524,Nepal,866,Cattle,1972,6400000,E,,,,
150,528,Netherlands (Kingdom of the),866,Cattle,1972,3748000,A,,,,
153,540,New Caledonia,866,Cattle,1972,115000,A,,,,
156,554,New Zealand,866,Cattle,1972,8631413,A,,,,
157,558,Nicaragua,866,Cattle,1972,2200000,X,,,,
158,562,Niger,866,Cattle,1972,4220000,A,,,,
159,566,Nigeria,866,Cattle,1972,9550000,A,,,,
160,570,Niue,866,Cattle,1972,400,E,,,,
162,578,Norway,866,Cattle,1972,940376,A,,,,
221,512,Oman,866,Cattle,1972,81600,A,,,,
165,586,Pakistan,866,Cattle,1972,14674000,E,,,,
166,591,Panama,866,Cattle,1972,1288900,A,,,,
168,598,Papua New Guinea,866,Cattle,1972,96128,A,,,,
169,600,Paraguay,866,Cattle,1972,4548200,A,,,,
170,604,Peru,866,Cattle,1972,4145200,A,,,,
171,608,Philippines,866,Cattle,1972,1933000,A,,,,
173,616,Poland,866,Cattle,1972,11452500,A,,,,
174,620,Portugal,866,Cattle,1972,1266000,A,,,,
177,630,Puerto Rico,866,Cattle,1972,538000,A,,,,
179,634,Qatar,866,Cattle,1972,5616,A,,,,
117,410,Republic of Korea,866,Cattle,1972,1374349,A,,,,
183,642,Romania,866,Cattle,1972,5324212,A,,,,
184,646,Rwanda,866,Cattle,1972,742512,A,,,,
188,659,Saint Kitts and Nevis,866,Cattle,1972,5500,E,,,,
189,662,Saint Lucia,866,Cattle,1972,8500,E,,,,
191,670,Saint Vincent and the Grenadines,866,Cattle,1972,7000,E,,,,
244,882,Samoa,866,Cattle,1972,20375,A,,,,
193,678,Sao Tome and Principe,866,Cattle,1972,2366,A,,,,
194,682,Saudi Arabia,866,Cattle,1972,185920,A,,,,
195,686,Senegal,866,Cattle,1972,2508000,A,,,,
196,690,Seychelles,866,Cattle,1972,1819,A,,,,
197,694,Sierra Leone,866,Cattle,1972,304000,E,,,,
200,702,Singapore,866,Cattle,1972,2500,E,,,,
25,90,Solomon Islands,866,Cattle,1972,15798,A,,,,
201,706,Somalia,866,Cattle,1972,3700000,E,,,,
202,710,South Africa,866,Cattle,1972,11500000,A,,,,
203,724,Spain,866,Cattle,1972,4249276,A,,,,
38,144,Sri Lanka,866,Cattle,1972,1617011,A,,,,
207,740,Suriname,866,Cattle,1972,35100,A,,,,
210,752,Sweden,866,Cattle,1972,1828581,A,,,,
211,756,Switzerland,866,Cattle,1972,1840600,A,,,,
212,760,Syrian Arab Republic,866,Cattle,1972,487821,A,,,,
216,764,Thailand,866,Cattle,1972,4484962,A,,,,
176,626,Timor-Leste,866,Cattle,1972,77945,A,,,,
217,768,Togo,866,Cattle,1972,198863,A,,,,
219,776,Tonga,866,Cattle,1972,3781,A,,,,
220,780,Trinidad and Tobago,866,Cattle,1972,67000,X,,,,
222,788,Tunisia,866,Cattle,1972,780000,E,,,,
223,792,Türkiye,866,Cattle,1972,12939000,A,,,,
226,800,Uganda,866,Cattle,1972,4472600,A,,,,
225,784,United Arab Emirates,866,Cattle,1972,23000,A,,,,
229,826,United Kingdom of Great Britain and Northern Ireland,866,Cattle,1972,13529612,A,,,,
215,834,United Republic of Tanzania,866,Cattle,1972,10600000,E,,,,
231,840,United States of America,866,Cattle,1972,117862000,A,,,,
234,858,Uruguay,866,Cattle,1972,9272651,A,,,,
155,548,Vanuatu,866,Cattle,1972,84000,A,,,,
236,862,Venezuela (Bolivarian Republic of),866,Cattle,1972,8549364,A,,,,
237,704,Viet Nam,866,Cattle,1972,1510600,A,,,,
249,887,Yemen,866,Cattle,1972,980000,A,,,,
251,894,Zambia,866,Cattle,1972,1668000,X,,,,
181,716,Zimbabwe,866,Cattle,1972,5601000,A,,,,
206,736,Sudan (former),866,Cattle,1973,13972000,A,,,,
228,810,USSR,866,Cattle,1973,104006000,A,,,,
87,312,Guadeloupe,866,Cattle,1973,76000,A,,,,
135,474,Martinique,866,Cattle,1973,50000,A,,,,
248,890,Yugoslav SFR,866,Cattle,1973,5366000,A,,,,
69,254,French Guiana,866,Cattle,1973,1600,A,,,,
51,200,Czechoslovakia,866,Cattle,1973,4465871,A,,,,
182,638,Réunion,866,Cattle,1973,19300,A,,,,
62,230,Ethiopia PDR,866,Cattle,1973,26757008,A,,,,
15,58,Belgium-Luxembourg,866,Cattle,1973,2942000,A,,,,
2,4,Afghanistan,866,Cattle,1973,3232000,E,,,,
3,8,Albania,866,Cattle,1973,412000,E,,,,
4,12,Algeria,866,Cattle,1973,872090,A,,,,
7,24,Angola,866,Cattle,1973,2850000,E,,,,
8,28,Antigua and Barbuda,866,Cattle,1973,7800,E,,,,
9,32,Argentina,866,Cattle,1973,54771008,A,,,,
10,36,Australia,866,Cattle,1973,29100688,A,,,,
11,40,Austria,866,Cattle,1973,2513563,A,,,,
12,44,Bahamas,866,Cattle,1973,2000,E,,,,
13,48,Bahrain,866,Cattle,1973,5000,E,,,,
16,50,Bangladesh,866,Cattle,1973,24430000,A,,,,
14,52,Barbados,866,Cattle,1973,21000,X,,,,
23,84,Belize,866,Cattle,1973,42000,E,,,,
53,204,Benin,866,Cattle,1973,683760,A,,,,
18,64,Bhutan,866,Cattle,1973,254000,E,,,,
19,68,Bolivia (Plurinational State of),866,Cattle,1973,2658810,A,,,,
20,72,Botswana,866,Cattle,1973,2117000,A,,,,
21,76,Brazil,866,Cattle,1973,85500000,X,,,,
26,96,Brunei Darussalam,866,Cattle,1973,2000,A,,,,
27,100,Bulgaria,866,Cattle,1973,1441093,A,,,,
233,854,Burkina Faso,866,Cattle,1973,2300000,E,,,,
29,108,Burundi,866,Cattle,1973,756096,A,,,,
35,132,Cabo Verde,866,Cattle,1973,12500,E,,,,
115,116,Cambodia,866,Cattle,1973,2000000,E,,,,
32,120,Cameroon,866,Cattle,1973,2325000,A,,,,
33,124,Canada,866,Cattle,1973,12847000,A,,,,
37,140,Central African Republic,866,Cattle,1973,820000,A,,,,
39,148,Chad,866,Cattle,1973,4000000,E,,,,
40,152,Chile,866,Cattle,1973,3164614,A,,,,
96,344,"China, Hong Kong SAR",866,Cattle,1973,11400,A,,,,
214,158,"China, Taiwan Province of",866,Cattle,1973,98136,A,,,,
41,156,"China, mainland",866,Cattle,1973,57000000,X,,,,
44,170,Colombia,866,Cattle,1973,22000000,A,,,,
45,174,Comoros,866,Cattle,1973,70000,E,,,,
46,178,Congo,866,Cattle,1973,39000,E,,,,
47,184,Cook Islands,866,Cattle,1973,180,A,,,,
48,188,Costa Rica,866,Cattle,1973,1766313,A,,,,
49,192,Cuba,866,Cattle,1973,5354000,A,,,,
50,196,Cyprus,866,Cattle,1973,33500,A,,,,
107,384,Côte d'Ivoire,866,Cattle,1973,450000,E,,,,
116,408,Democratic People's Republic of Korea,866,Cattle,1973,780000,E,,,,
250,180,Democratic Republic of the Congo,866,Cattle,1973,1084400,A,,,,
54,208,Denmark,866,Cattle,1973,2956546,A,,,,
72,262,Djibouti,866,Cattle,1973,24000,E,,,,
55,212,Dominica,866,Cattle,1973,4400,E,,,,
56,214,Dominican Republic,866,Cattle,1973,1500000,X,,,,
58,218,Ecuador,866,Cattle,1973,2381000,A,,,,
59,818,Egypt,866,Cattle,1973,2128000,A,,,,
60,222,El Salvador,866,Cattle,1973,1007674,A,,,,
61,226,Equatorial Guinea,866,Cattle,1973,3400,E,,,,
209,748,Eswatini,866,Cattle,1973,602414,A,,,,
64,234,Faroe Islands,866,Cattle,1973,2263,A,,,,
66,242,Fiji,866,Cattle,1973,162000,E,,,,
67,246,Finland,866,Cattle,1973,1884300,A,,,,
68,250,France,866,Cattle,1973,22508608,A,,,,
70,258,French Polynesia,866,Cattle,1973,7000,E,,,,
74,266,Gabon,866,Cattle,1973,4000,E,,,,
75,270,Gambia,866,Cattle,1973,275000,E,,,,
79,276,Germany,866,Cattle,1973,19271360,A,,,,
81,288,Ghana,866,Cattle,1973,962000,A,,,,
84,300,Greece,866,Cattle,1973,1054827,A,,,,
86,308,Grenada,866,Cattle,1973,6000,A,,,,
89,320,Guatemala,866,Cattle,1973,1693900,A,,,,
90,324,Guinea,866,Cattle,1973,1381248,A,,,,
175,624,Guinea-Bissau,866,Cattle,1973,248000,E,,,,
91,328,Guyana,866,Cattle,1973,265000,A,,,,
93,332,Haiti,866,Cattle,1973,925000,X,,,,
95,340,Honduras,866,Cattle,1973,1640582,A,,,,
97,348,Hungary,866,Cattle,1973,1893000,A,,,,
99,352,Iceland,866,Cattle,1973,65280,A,,,,
100,356,India,866,Cattle,1973,178331008,X,,,,
101,360,Indonesia,866,Cattle,1973,6389000,A,,,,
102,364,Iran (Islamic Republic of),866,Cattle,1973,5820000,X,,,,
103,368,Iraq,866,Cattle,1973,1900000,E,,,,
104,372,Ireland,866,Cattle,1973,5945700,A,,,,
105,376,Israel,866,Cattle,1973,260200,A,,,,
106,380,Italy,866,Cattle,1973,8737800,A,,,,
109,388,Jamaica,866,Cattle,1973,272000,X,,,,
110,392,Japan,866,Cattle,1973,3597000,A,,,,
112,400,Jordan,866,Cattle,1973,46300,A,,,,
114,404,Kenya,866,Cattle,1973,9381000,X,,,,
118,414,Kuwait,866,Cattle,1973,5970,A,,,,
120,418,Lao People's Democratic Republic,866,Cattle,1973,350000,E,,,,
121,422,Lebanon,866,Cattle,1973,83817,A,,,,
122,426,Lesotho,866,Cattle,1973,441700,A,,,,
123,430,Liberia,866,Cattle,1973,32000,E,,,,
124,434,Libya,866,Cattle,1973,120750,A,,,,
129,450,Madagascar,866,Cattle,1973,8500000,E,,,,
130,454,Malawi,866,Cattle,1973,572905,A,,,,
131,458,Malaysia,866,Cattle,1973,365740,A,,,,
133,466,Mali,866,Cattle,1973,4500000,X,,,,
134,470,Malta,866,Cattle,1973,9856,A,,,,
136,478,Mauritania,866,Cattle,1973,1500000,A,,,,
137,480,Mauritius,866,Cattle,1973,41094,A,,,,
138,484,Mexico,866,Cattle,1973,22160000,A,,,,
141,496,Mongolia,866,Cattle,1973,2189400,A,,,,
143,504,Morocco,866,Cattle,1973,3600000,A,,,,
144,508,Mozambique,866,Cattle,1973,1355613,A,,,,
28,104,Myanmar,866,Cattle,1973,7302000,A,,,,
147,516,Namibia,866,Cattle,1973,2650000,E,,,,
149,524,Nepal,866,Cattle,1973,6450000,E,,,,
150,528,Netherlands (Kingdom of the),866,Cattle,1973,4111000,A,,,,
153,540,New Caledonia,866,Cattle,1973,120000,A,,,,
156,554,New Zealand,866,Cattle,1973,8924171,A,,,,
157,558,Nicaragua,866,Cattle,1973,2295000,X,,,,
158,562,Niger,866,Cattle,1973,2732880,A,,,,
159,566,Nigeria,866,Cattle,1973,9975000,A,,,,
160,570,Niue,866,Cattle,1973,700,A,,,,
162,578,Norway,866,Cattle,1973,965557,A,,,,
221,512,Oman,866,Cattle,1973,97900,A,,,,
165,586,Pakistan,866,Cattle,1973,14719000,A,,,,
166,591,Panama,866,Cattle,1973,1312200,A,,,,
168,598,Papua New Guinea,866,Cattle,1973,106945,A,,,,
169,600,Paraguay,866,Cattle,1973,4756000,A,,,,
170,604,Peru,866,Cattle,1973,4102600,A,,,,
171,608,Philippines,866,Cattle,1973,2099000,A,,,,
173,616,Poland,866,Cattle,1973,12192200,A,,,,
174,620,Portugal,866,Cattle,1973,1273097,A,,,,
177,630,Puerto Rico,866,Cattle,1973,554000,A,,,,
179,634,Qatar,866,Cattle,1973,5800,E,,,,
117,410,Republic of Korea,866,Cattle,1973,1545576,A,,,,
183,642,Romania,866,Cattle,1973,5555947,A,,,,
184,646,Rwanda,866,Cattle,1973,739902,A,,,,
188,659,Saint Kitts and Nevis,866,Cattle,1973,5400,E,,,,
189,662,Saint Lucia,866,Cattle,1973,8200,E,,,,
191,670,Saint Vincent and the Grenadines,866,Cattle,1973,7000,E,,,,
244,882,Samoa,866,Cattle,1973,20983,A,,,,
193,678,Sao Tome and Principe,866,Cattle,1973,2561,A,,,,
194,682,Saudi Arabia,866,Cattle,1973,232056,A,,,,
195,686,Senegal,866,Cattle,1973,2250000,A,,,,
196,690,Seychelles,866,Cattle,1973,1901,A,,,,
197,694,Sierra Leone,866,Cattle,1973,309000,E,,,,
200,702,Singapore,866,Cattle,1973,3000,E,,,,
25,90,Solomon Islands,866,Cattle,1973,17192,A,,,,
201,706,Somalia,866,Cattle,1973,3650000,E,,,,
202,710,South Africa,866,Cattle,1973,11900000,A,,,,
203,724,Spain,866,Cattle,1973,4475439,A,,,,
38,144,Sri Lanka,866,Cattle,1973,1673400,A,,,,
207,740,Suriname,866,Cattle,1973,30500,A,,,,
210,752,Sweden,866,Cattle,1973,1889887,A,,,,
211,756,Switzerland,866,Cattle,1973,1910827,A,,,,
212,760,Syrian Arab Republic,866,Cattle,1973,495679,A,,,,
216,764,Thailand,866,Cattle,1973,4092775,A,,,,
176,626,Timor-Leste,866,Cattle,1973,82949,A,,,,
217,768,Togo,866,Cattle,1973,207459,A,,,,
219,776,Tonga,866,Cattle,1973,4225,A,,,,
220,780,Trinidad and Tobago,866,Cattle,1973,70000,X,,,,
222,788,Tunisia,866,Cattle,1973,820000,E,,,,
223,792,Türkiye,866,Cattle,1973,13045000,A,,,,
226,800,Uganda,866,Cattle,1973,4628700,A,,,,
225,784,United Arab Emirates,866,Cattle,1973,33000,A,,,,
229,826,United Kingdom of Great Britain and Northern Ireland,866,Cattle,1973,14492291,A,,,,
215,834,United Republic of Tanzania,866,Cattle,1973,10840000,E,,,,
231,840,United States of America,866,Cattle,1973,121539008,A,,,,
234,858,Uruguay,866,Cattle,1973,9860187,A,,,,
155,548,Vanuatu,866,Cattle,1973,95000,E,,,,
236,862,Venezuela (Bolivarian Republic of),866,Cattle,1973,8729552,A,,,,
237,704,Viet Nam,866,Cattle,1973,1570200,A,,,,
249,887,Yemen,866,Cattle,1973,890000,A,,,,
251,894,Zambia,866,Cattle,1973,1705871,X,,,,
181,716,Zimbabwe,866,Cattle,1973,5642000,A,,,,
87,312,Guadeloupe,866,Cattle,1974,76000,A,,,,
62,230,Ethiopia PDR,866,Cattle,1974,26926000,A,,,,
135,474,Martinique,866,Cattle,1974,49300,A,,,,
69,254,French Guiana,866,Cattle,1974,1400,A,,,,
206,736,Sudan (former),866,Cattle,1974,14223000,A,,,,
248,890,Yugoslav SFR,866,Cattle,1974,5681000,A,,,,
228,810,USSR,866,Cattle,1974,106266000,A,,,,
51,200,Czechoslovakia,866,Cattle,1974,4555889,A,,,,
15,58,Belgium-Luxembourg,866,Cattle,1974,3104000,A,,,,
182,638,Réunion,866,Cattle,1974,17730,A,,,,
2,4,Afghanistan,866,Cattle,1974,3433000,E,,,,
3,8,Albania,866,Cattle,1974,440000,E,,,,
4,12,Algeria,866,Cattle,1974,910140,A,,,,
7,24,Angola,866,Cattle,1974,2900000,E,,,,
8,28,Antigua and Barbuda,866,Cattle,1974,7471,A,,,,
9,32,Argentina,866,Cattle,1974,55354672,A,,,,
10,36,Australia,866,Cattle,1974,30838784,A,,,,
11,40,Austria,866,Cattle,1974,2624196,A,,,,
12,44,Bahamas,866,Cattle,1974,1800,E,,,,
13,48,Bahrain,866,Cattle,1974,4400,A,,,,
16,50,Bangladesh,866,Cattle,1974,24959008,A,,,,
14,52,Barbados,866,Cattle,1974,18500,E,,,,
23,84,Belize,866,Cattle,1974,44698,A,,,,
53,204,Benin,866,Cattle,1974,633760,A,,,,
18,64,Bhutan,866,Cattle,1974,260000,E,,,,
19,68,Bolivia (Plurinational State of),866,Cattle,1974,3096000,A,,,,
20,72,Botswana,866,Cattle,1974,2316000,A,,,,
21,76,Brazil,866,Cattle,1974,90437008,A,,,,
26,96,Brunei Darussalam,866,Cattle,1974,3000,A,,,,
27,100,Bulgaria,866,Cattle,1974,1454195,A,,,,
233,854,Burkina Faso,866,Cattle,1974,2435000,A,,,,
29,108,Burundi,866,Cattle,1974,761022,A,,,,
35,132,Cabo Verde,866,Cattle,1974,10800,E,,,,
115,116,Cambodia,866,Cattle,1974,1870000,E,,,,
32,120,Cameroon,866,Cattle,1974,2400000,X,,,,
33,124,Canada,866,Cattle,1974,13481000,A,,,,
37,140,Central African Republic,866,Cattle,1974,860000,A,,,,
39,148,Chad,866,Cattle,1974,2970000,A,,,,
40,152,Chile,866,Cattle,1974,3456725,A,,,,
96,344,"China, Hong Kong SAR",866,Cattle,1974,11200,A,,,,
214,158,"China, Taiwan Province of",866,Cattle,1974,102100,A,,,,
41,156,"China, mainland",866,Cattle,1974,56676000,X,,,,
44,170,Colombia,866,Cattle,1974,22500000,A,,,,
45,174,Comoros,866,Cattle,1974,72000,E,,,,
46,178,Congo,866,Cattle,1974,45000,A,,,,
47,184,Cook Islands,866,Cattle,1974,270,A,,,,
48,188,Costa Rica,866,Cattle,1974,1741299,A,,,,
49,192,Cuba,866,Cattle,1974,5374600,A,,,,
50,196,Cyprus,866,Cattle,1974,33000,A,,,,
107,384,Côte d'Ivoire,866,Cattle,1974,450000,E,,,,
116,408,Democratic People's Republic of Korea,866,Cattle,1974,805000,E,,,,
250,180,Democratic Republic of the Congo,866,Cattle,1974,1114400,A,,,,
54,208,Denmark,866,Cattle,1974,3099779,A,,,,
72,262,Djibouti,866,Cattle,1974,26000,E,,,,
55,212,Dominica,866,Cattle,1974,4800,E,,,,
56,214,Dominican Republic,866,Cattle,1974,1837000,A,,,,
58,218,Ecuador,866,Cattle,1974,2412000,A,,,,
59,818,Egypt,866,Cattle,1974,2119000,A,,,,
60,222,El Salvador,866,Cattle,1974,1038190,A,,,,
61,226,Equatorial Guinea,866,Cattle,1974,4000,A,,,,
209,748,Eswatini,866,Cattle,1974,607366,A,,,,
64,234,Faroe Islands,866,Cattle,1974,2202,A,,,,
66,242,Fiji,866,Cattle,1974,170000,E,,,,
67,246,Finland,866,Cattle,1974,1904800,A,,,,
68,250,France,866,Cattle,1974,23701008,A,,,,
70,258,French Polynesia,866,Cattle,1974,6000,X,,,,
74,266,Gabon,866,Cattle,1974,3000,E,,,,
75,270,Gambia,866,Cattle,1974,280000,E,,,,
79,276,Germany,866,Cattle,1974,19845504,A,,,,
81,288,Ghana,866,Cattle,1974,1061000,A,,,,
84,300,Greece,866,Cattle,1974,1231732,A,,,,
86,308,Grenada,866,Cattle,1974,5500,E,,,,
89,320,Guatemala,866,Cattle,1974,1561902,A,,,,
90,324,Guinea,866,Cattle,1974,1440280,A,,,,
175,624,Guinea-Bissau,866,Cattle,1974,254000,E,,,,
91,328,Guyana,866,Cattle,1974,270000,X,,,,
93,332,Haiti,866,Cattle,1974,875000,X,,,,
95,340,Honduras,866,Cattle,1974,1795115,A,,,,
97,348,Hungary,866,Cattle,1974,1930000,A,,,,
99,352,Iceland,866,Cattle,1974,67338,A,,,,
100,356,India,866,Cattle,1974,178580000,X,,,,
101,360,Indonesia,866,Cattle,1974,6380000,A,,,,
102,364,Iran (Islamic Republic of),866,Cattle,1974,5856000,X,,,,
103,368,Iraq,866,Cattle,1974,2048000,A,,,,
104,372,Ireland,866,Cattle,1974,6408000,A,,,,
105,376,Israel,866,Cattle,1974,279700,A,,,,
106,380,Italy,866,Cattle,1974,8407500,A,,,,
109,388,Jamaica,866,Cattle,1974,274000,X,,,,
110,392,Japan,866,Cattle,1974,3650000,A,,,,
112,400,Jordan,866,Cattle,1974,46613,A,,,,
114,404,Kenya,866,Cattle,1974,9616000,X,,,,
118,414,Kuwait,866,Cattle,1974,7369,A,,,,
120,418,Lao People's Democratic Republic,866,Cattle,1974,360000,E,,,,
121,422,Lebanon,866,Cattle,1974,60000,E,,,,
122,426,Lesotho,866,Cattle,1974,465500,A,,,,
123,430,Liberia,866,Cattle,1974,33000,E,,,,
124,434,Libya,866,Cattle,1974,150285,A,,,,
129,450,Madagascar,866,Cattle,1974,8700000,A,,,,
130,454,Malawi,866,Cattle,1974,625987,A,,,,
131,458,Malaysia,866,Cattle,1974,398657,X,,,,
133,466,Mali,866,Cattle,1974,3640000,A,,,,
134,470,Malta,866,Cattle,1974,10035,A,,,,
136,478,Mauritania,866,Cattle,1974,1115000,A,,,,
137,480,Mauritius,866,Cattle,1974,33500,E,,,,
138,484,Mexico,866,Cattle,1974,23058000,A,,,,
141,496,Mongolia,866,Cattle,1974,2234600,A,,,,
143,504,Morocco,866,Cattle,1974,3400000,A,,,,
144,508,Mozambique,866,Cattle,1974,1403000,A,,,,
28,104,Myanmar,866,Cattle,1974,7298767,A,,,,
147,516,Namibia,866,Cattle,1974,2980000,X,,,,
149,524,Nepal,866,Cattle,1974,6500000,E,,,,
150,528,Netherlands (Kingdom of the),866,Cattle,1974,4666000,A,,,,
153,540,New Caledonia,866,Cattle,1974,110000,A,,,,
156,554,New Zealand,866,Cattle,1974,9311364,A,,,,
157,558,Nicaragua,866,Cattle,1974,2462378,A,,,,
158,562,Niger,866,Cattle,1974,3006160,A,,,,
159,566,Nigeria,866,Cattle,1974,10253000,A,,,,
160,570,Niue,866,Cattle,1974,700,A,,,,
162,578,Norway,866,Cattle,1974,955234,A,,,,
221,512,Oman,866,Cattle,1974,117500,A,,,,
165,586,Pakistan,866,Cattle,1974,14764000,A,,,,
166,591,Panama,866,Cattle,1974,1332800,A,,,,
168,598,Papua New Guinea,866,Cattle,1974,119967,A,,,,
169,600,Paraguay,866,Cattle,1974,4844700,A,,,,
170,604,Peru,866,Cattle,1974,4143600,A,,,,
171,608,Philippines,866,Cattle,1974,1900000,E,,,,
173,616,Poland,866,Cattle,1974,13023000,A,,,,
174,620,Portugal,866,Cattle,1974,1072000,X,,,,
177,630,Puerto Rico,866,Cattle,1974,541200,A,,,,
179,634,Qatar,866,Cattle,1974,6000,E,,,,
117,410,Republic of Korea,866,Cattle,1974,1858355,A,,,,
183,642,Romania,866,Cattle,1974,5691100,X,,,,
184,646,Rwanda,866,Cattle,1974,705347,A,,,,
188,659,Saint Kitts and Nevis,866,Cattle,1974,5400,E,,,,
189,662,Saint Lucia,866,Cattle,1974,8000,E,,,,
191,670,Saint Vincent and the Grenadines,866,Cattle,1974,7000,E,,,,
244,882,Samoa,866,Cattle,1974,22790,A,,,,
193,678,Sao Tome and Principe,866,Cattle,1974,2348,A,,,,
194,682,Saudi Arabia,866,Cattle,1974,260000,E,,,,
195,686,Senegal,866,Cattle,1974,2318000,A,,,,
196,690,Seychelles,866,Cattle,1974,1987,A,,,,
197,694,Sierra Leone,866,Cattle,1974,314000,E,,,,
200,702,Singapore,866,Cattle,1974,2500,E,,,,
25,90,Solomon Islands,866,Cattle,1974,21228,A,,,,
201,706,Somalia,866,Cattle,1974,3400000,E,,,,
202,710,South Africa,866,Cattle,1974,12300000,A,,,,
203,724,Spain,866,Cattle,1974,4412694,A,,,,
38,144,Sri Lanka,866,Cattle,1974,1717711,A,,,,
207,740,Suriname,866,Cattle,1974,28100,A,,,,
210,752,Sweden,866,Cattle,1974,1909897,A,,,,
211,756,Switzerland,866,Cattle,1974,1972500,A,,,,
212,760,Syrian Arab Republic,866,Cattle,1974,524364,A,,,,
216,764,Thailand,866,Cattle,1974,4149791,A,,,,
176,626,Timor-Leste,866,Cattle,1974,85495,A,,,,
217,768,Togo,866,Cattle,1974,206558,A,,,,
219,776,Tonga,866,Cattle,1974,3970,A,,,,
220,780,Trinidad and Tobago,866,Cattle,1974,71000,X,,,,
222,788,Tunisia,866,Cattle,1974,860000,E,,,,
223,792,Türkiye,866,Cattle,1974,13236000,A,,,,
226,800,Uganda,866,Cattle,1974,4773300,A,,,,
225,784,United Arab Emirates,866,Cattle,1974,38000,A,,,,
229,826,United Kingdom of Great Britain and Northern Ireland,866,Cattle,1974,15250043,A,,,,
215,834,United Republic of Tanzania,866,Cattle,1974,11084000,E,,,,
231,840,United States of America,866,Cattle,1974,127788000,A,,,,
234,858,Uruguay,866,Cattle,1974,10672000,A,,,,
155,548,Vanuatu,866,Cattle,1974,100000,A,,,,
236,862,Venezuela (Bolivarian Republic of),866,Cattle,1974,8842782,A,,,,
237,704,Viet Nam,866,Cattle,1974,1628500,A,,,,
249,887,Yemen,866,Cattle,1974,980000,A,,,,
251,894,Zambia,866,Cattle,1974,1721410,X,,,,
181,716,Zimbabwe,866,Cattle,1974,5732000,A,,,,
15,58,Belgium-Luxembourg,866,Cattle,1975,3102000,A,,,,
87,312,Guadeloupe,866,Cattle,1975,78000,A,,,,
182,638,Réunion,866,Cattle,1975,20030,A,,,,
206,736,Sudan (former),866,Cattle,1975,15220000,A,,,,
51,200,Czechoslovakia,866,Cattle,1975,4566191,A,,,,
69,254,French Guiana,866,Cattle,1975,1450,A,,,,
62,230,Ethiopia PDR,866,Cattle,1975,25879008,A,,,,
248,890,Yugoslav SFR,866,Cattle,1975,5872000,A,,,,
135,474,Martinique,866,Cattle,1975,49300,A,,,,
228,810,USSR,866,Cattle,1975,109122000,A,,,,
2,4,Afghanistan,866,Cattle,1975,3639000,E,,,,
3,8,Albania,866,Cattle,1975,450000,E,,,,
4,12,Algeria,866,Cattle,1975,1002430,A,,,,
7,24,Angola,866,Cattle,1975,2950000,E,,,,
8,28,Antigua and Barbuda,866,Cattle,1975,7500,E,,,,
9,32,Argentina,866,Cattle,1975,56707008,A,,,,
10,36,Australia,866,Cattle,1975,32792704,A,,,,
11,40,Austria,866,Cattle,1975,2581407,A,,,,
12,44,Bahamas,866,Cattle,1975,1700,E,,,,
13,48,Bahrain,866,Cattle,1975,4500,E,,,,
16,50,Bangladesh,866,Cattle,1975,25500000,A,,,,
14,52,Barbados,866,Cattle,1975,14000,E,,,,
23,84,Belize,866,Cattle,1975,47000,A,,,,
53,204,Benin,866,Cattle,1975,721712,A,,,,
18,64,Bhutan,866,Cattle,1975,266000,E,,,,
19,68,Bolivia (Plurinational State of),866,Cattle,1975,3244035,A,,,,
20,72,Botswana,866,Cattle,1975,2564000,A,,,,
21,76,Brazil,866,Cattle,1975,92495360,A,,,,
26,96,Brunei Darussalam,866,Cattle,1975,3000,A,,,,
27,100,Bulgaria,866,Cattle,1975,1553968,A,,,,
233,854,Burkina Faso,866,Cattle,1975,2500000,A,,,,
29,108,Burundi,866,Cattle,1975,784020,A,,,,
35,132,Cabo Verde,866,Cattle,1975,9500,E,,,,
115,116,Cambodia,866,Cattle,1975,1500000,E,,,,
32,120,Cameroon,866,Cattle,1975,2600000,X,,,,
33,124,Canada,866,Cattle,1975,14278000,A,,,,
37,140,Central African Republic,866,Cattle,1975,875000,A,,,,
39,148,Chad,866,Cattle,1975,3250000,A,,,,
40,152,Chile,866,Cattle,1975,3606210,A,,,,
96,344,"China, Hong Kong SAR",866,Cattle,1975,9940,A,,,,
214,158,"China, Taiwan Province of",866,Cattle,1975,118963,A,,,,
41,156,"China, mainland",866,Cattle,1975,56554000,X,,,,
44,170,Colombia,866,Cattle,1975,23222000,A,,,,
45,174,Comoros,866,Cattle,1975,73000,E,,,,
46,178,Congo,866,Cattle,1975,52000,E,,,,
47,184,Cook Islands,866,Cattle,1975,300,A,,,,
48,188,Costa Rica,866,Cattle,1975,1790361,A,,,,
49,192,Cuba,866,Cattle,1975,5484100,A,,,,
50,196,Cyprus,866,Cattle,1975,15500,A,,,,
107,384,Côte d'Ivoire,866,Cattle,1975,460000,A,,,,
116,408,Democratic People's Republic of Korea,866,Cattle,1975,825000,E,,,,
250,180,Democratic Republic of the Congo,866,Cattle,1975,1134100,A,,,,
54,208,Denmark,866,Cattle,1975,3060152,A,,,,
72,262,Djibouti,866,Cattle,1975,26000,E,,,,
55,212,Dominica,866,Cattle,1975,5200,E,,,,
56,214,Dominican Republic,866,Cattle,1975,1900000,A,,,,
58,218,Ecuador,866,Cattle,1975,2465000,A,,,,
59,818,Egypt,866,Cattle,1975,2102000,A,,,,
60,222,El Salvador,866,Cattle,1975,1030600,A,,,,
61,226,Equatorial Guinea,866,Cattle,1975,4000,A,,,,
209,748,Eswatini,866,Cattle,1975,621721,A,,,,
64,234,Faroe Islands,866,Cattle,1975,2155,A,,,,
66,242,Fiji,866,Cattle,1975,177000,E,,,,
67,246,Finland,866,Cattle,1975,1843300,A,,,,
68,250,France,866,Cattle,1975,24040000,A,,,,
70,258,French Polynesia,866,Cattle,1975,6200,E,,,,
74,266,Gabon,866,Cattle,1975,2500,A,,,,
75,270,Gambia,866,Cattle,1975,285000,E,,,,
79,276,Germany,866,Cattle,1975,20014880,A,,,,
81,288,Ghana,866,Cattle,1975,898000,A,,,,
84,300,Greece,866,Cattle,1975,1240447,A,,,,
86,308,Grenada,866,Cattle,1975,5000,A,,,,
89,320,Guatemala,866,Cattle,1975,1512851,A,,,,
90,324,Guinea,866,Cattle,1975,1489188,A,,,,
175,624,Guinea-Bissau,866,Cattle,1975,260000,E,,,,
91,328,Guyana,866,Cattle,1975,275000,X,,,,
93,332,Haiti,866,Cattle,1975,850000,X,,,,
95,340,Honduras,866,Cattle,1975,1816714,A,,,,
97,348,Hungary,866,Cattle,1975,2017000,A,,,,
99,352,Iceland,866,Cattle,1975,66530,A,,,,
100,356,India,866,Cattle,1975,179457008,X,,,,
101,360,Indonesia,866,Cattle,1975,6242000,A,,,,
102,364,Iran (Islamic Republic of),866,Cattle,1975,5625000,X,,,,
103,368,Iraq,866,Cattle,1975,1850000,E,,,,
104,372,Ireland,866,Cattle,1975,6499600,A,,,,
105,376,Israel,866,Cattle,1975,300000,A,,,,
106,380,Italy,866,Cattle,1975,8153400,A,,,,
109,388,Jamaica,866,Cattle,1975,276000,X,,,,
110,392,Japan,866,Cattle,1975,3644000,A,,,,
112,400,Jordan,866,Cattle,1975,35409,A,,,,
114,404,Kenya,866,Cattle,1975,9712000,E,,,,
118,414,Kuwait,866,Cattle,1975,8435,A,,,,
120,418,Lao People's Democratic Republic,866,Cattle,1975,380000,E,,,,
121,422,Lebanon,866,Cattle,1975,56000,X,,,,
122,426,Lesotho,866,Cattle,1975,512400,A,,,,
123,430,Liberia,866,Cattle,1975,34000,E,,,,
124,434,Libya,866,Cattle,1975,189170,A,,,,
129,450,Madagascar,866,Cattle,1975,8811000,A,,,,
130,454,Malawi,866,Cattle,1975,648533,A,,,,
131,458,Malaysia,866,Cattle,1975,425620,A,,,,
133,466,Mali,866,Cattle,1975,3886000,X,,,,
134,470,Malta,866,Cattle,1975,11195,A,,,,
136,478,Mauritania,866,Cattle,1975,1103000,A,,,,
137,480,Mauritius,866,Cattle,1975,28500,E,,,,
138,484,Mexico,866,Cattle,1975,24301008,A,,,,
141,496,Mongolia,866,Cattle,1975,2364500,A,,,,
143,504,Morocco,866,Cattle,1975,3620000,A,,,,
144,508,Mozambique,866,Cattle,1975,1422128,A,,,,
28,104,Myanmar,866,Cattle,1975,7405188,A,,,,
147,516,Namibia,866,Cattle,1975,1850000,X,,,,
149,524,Nepal,866,Cattle,1975,6550000,A,,,,
150,528,Netherlands (Kingdom of the),866,Cattle,1975,4714000,A,,,,
153,540,New Caledonia,866,Cattle,1975,115000,A,,,,
156,554,New Zealand,866,Cattle,1975,9292321,A,,,,
157,558,Nicaragua,866,Cattle,1975,2557985,A,,,,
158,562,Niger,866,Cattle,1975,3252670,A,,,,
159,566,Nigeria,866,Cattle,1975,10548000,A,,,,
160,570,Niue,866,Cattle,1975,740,A,,,,
162,578,Norway,866,Cattle,1975,914905,A,,,,
221,512,Oman,866,Cattle,1975,125900,A,,,,
165,586,Pakistan,866,Cattle,1975,14810000,A,,,,
166,591,Panama,866,Cattle,1975,1347900,A,,,,
168,598,Papua New Guinea,866,Cattle,1975,125000,E,,,,
169,600,Paraguay,866,Cattle,1975,5043300,A,,,,
170,604,Peru,866,Cattle,1975,4150400,A,,,,
171,608,Philippines,866,Cattle,1975,1800000,E,,,,
173,616,Poland,866,Cattle,1975,13254279,A,,,,
174,620,Portugal,866,Cattle,1975,1150000,X,,,,
177,630,Puerto Rico,866,Cattle,1975,545852,A,,,,
179,634,Qatar,866,Cattle,1975,7000,E,,,,
117,410,Republic of Korea,866,Cattle,1975,1641353,A,,,,
183,642,Romania,866,Cattle,1975,5774100,X,,,,
184,646,Rwanda,866,Cattle,1975,686813,A,,,,
188,659,Saint Kitts and Nevis,866,Cattle,1975,5300,E,,,,
189,662,Saint Lucia,866,Cattle,1975,7983,A,,,,
191,670,Saint Vincent and the Grenadines,866,Cattle,1975,7000,E,,,,
244,882,Samoa,866,Cattle,1975,25056,A,,,,
193,678,Sao Tome and Principe,866,Cattle,1975,2221,A,,,,
194,682,Saudi Arabia,866,Cattle,1975,281753,A,,,,
195,686,Senegal,866,Cattle,1975,2380000,A,,,,
196,690,Seychelles,866,Cattle,1975,2076,A,,,,
197,694,Sierra Leone,866,Cattle,1975,318000,E,,,,
200,702,Singapore,866,Cattle,1975,2000,E,,,,
25,90,Solomon Islands,866,Cattle,1975,22668,A,,,,
201,706,Somalia,866,Cattle,1975,3744000,X,,,,
202,710,South Africa,866,Cattle,1975,12700000,A,,,,
203,724,Spain,866,Cattle,1975,4416528,A,,,,
38,144,Sri Lanka,866,Cattle,1975,1711618,A,,,,
207,740,Suriname,866,Cattle,1975,26200,A,,,,
210,752,Sweden,866,Cattle,1975,1878580,A,,,,
211,756,Switzerland,866,Cattle,1975,1964800,A,,,,
212,760,Syrian Arab Republic,866,Cattle,1975,556688,A,,,,
216,764,Thailand,866,Cattle,1975,4141725,A,,,,
176,626,Timor-Leste,866,Cattle,1975,78000,E,,,,
217,768,Togo,866,Cattle,1975,216886,A,,,,
219,776,Tonga,866,Cattle,1975,6441,A,,,,
220,780,Trinidad and Tobago,866,Cattle,1975,72000,X,,,,
222,788,Tunisia,866,Cattle,1975,880000,E,,,,
223,792,Türkiye,866,Cattle,1975,13388000,A,,,,
226,800,Uganda,866,Cattle,1975,4867900,A,,,,
225,784,United Arab Emirates,866,Cattle,1975,28000,E,,,,
229,826,United Kingdom of Great Britain and Northern Ireland,866,Cattle,1975,14764084,A,,,,
215,834,United Republic of Tanzania,866,Cattle,1975,11333300,E,,,,
231,840,United States of America,866,Cattle,1975,132028000,A,,,,
234,858,Uruguay,866,Cattle,1975,11530000,A,,,,
155,548,Vanuatu,866,Cattle,1975,105000,E,,,,
236,862,Venezuela (Bolivarian Republic of),866,Cattle,1975,9088786,A,,,,
237,704,Viet Nam,866,Cattle,1975,1466200,A,,,,
249,887,Yemen,866,Cattle,1975,1030000,A,,,,
251,894,Zambia,866,Cattle,1975,1793983,X,,,,
181,716,Zimbabwe,866,Cattle,1975,6132000,A,,,,
206,736,Sudan (former),866,Cattle,1976,15281000,A,,,,
15,58,Belgium-Luxembourg,866,Cattle,1976,3010711,A,,,,
87,312,Guadeloupe,866,Cattle,1976,86000,A,,,,
182,638,Réunion,866,Cattle,1976,22960,A,,,,
69,254,French Guiana,866,Cattle,1976,1559,A,,,,
135,474,Martinique,866,Cattle,1976,50000,A,,,,
62,230,Ethiopia PDR,866,Cattle,1976,25452000,X,,,,
51,200,Czechoslovakia,866,Cattle,1976,4554803,A,,,,
248,890,Yugoslav SFR,866,Cattle,1976,5755000,A,,,,
228,810,USSR,866,Cattle,1976,111034000,A,,,,
2,4,Afghanistan,866,Cattle,1976,3700000,A,,,,
3,8,Albania,866,Cattle,1976,500000,E,,,,
4,12,Algeria,866,Cattle,1976,1014720,A,,,,
7,24,Angola,866,Cattle,1976,2750000,E,,,,
8,28,Antigua and Barbuda,866,Cattle,1976,7700,E,,,,
9,32,Argentina,866,Cattle,1976,58174000,A,,,,
10,36,Australia,866,Cattle,1976,33434192,A,,,,
11,40,Austria,866,Cattle,1976,2500491,A,,,,
12,44,Bahamas,866,Cattle,1976,1600,E,,,,
13,48,Bahrain,866,Cattle,1976,4600,E,,,,
16,50,Bangladesh,866,Cattle,1976,26057008,A,,,,
14,52,Barbados,866,Cattle,1976,14000,E,,,,
23,84,Belize,866,Cattle,1976,48900,A,,,,
53,204,Benin,866,Cattle,1976,711350,A,,,,
18,64,Bhutan,866,Cattle,1976,272000,E,,,,
19,68,Bolivia (Plurinational State of),866,Cattle,1976,3398110,A,,,,
20,72,Botswana,866,Cattle,1976,2855000,A,,,,
21,76,Brazil,866,Cattle,1976,101674000,A,,,,
26,96,Brunei Darussalam,866,Cattle,1976,3000,A,,,,
27,100,Bulgaria,866,Cattle,1976,1656317,A,,,,
233,854,Burkina Faso,866,Cattle,1976,2550000,A,,,,
29,108,Burundi,866,Cattle,1976,778000,A,,,,
35,132,Cabo Verde,866,Cattle,1976,9200,E,,,,
115,116,Cambodia,866,Cattle,1976,1000000,X,,,,
32,120,Cameroon,866,Cattle,1976,2750000,E,,,,
33,124,Canada,866,Cattle,1976,14048000,A,,,,
37,140,Central African Republic,866,Cattle,1976,900000,A,,,,
39,148,Chad,866,Cattle,1976,3312479,A,,,,
40,152,Chile,866,Cattle,1976,3389499,A,,,,
96,344,"China, Hong Kong SAR",866,Cattle,1976,10270,A,,,,
214,158,"China, Taiwan Province of",866,Cattle,1976,128572,A,,,,
41,156,"China, mainland",866,Cattle,1976,55547008,X,,,,
44,170,Colombia,866,Cattle,1976,23824880,A,,,,
45,174,Comoros,866,Cattle,1976,74300,E,,,,
46,178,Congo,866,Cattle,1976,58100,A,,,,
47,184,Cook Islands,866,Cattle,1976,500,A,,,,
48,188,Costa Rica,866,Cattle,1976,1841034,A,,,,
49,192,Cuba,866,Cattle,1976,5621800,A,,,,
50,196,Cyprus,866,Cattle,1976,14700,A,,,,
107,384,Côte d'Ivoire,866,Cattle,1976,500000,E,,,,
116,408,Democratic People's Republic of Korea,866,Cattle,1976,850000,E,,,,
250,180,Democratic Republic of the Congo,866,Cattle,1976,1147700,A,,,,
54,208,Denmark,866,Cattle,1976,3095404,A,,,,
72,262,Djibouti,866,Cattle,1976,28000,E,,,,
55,212,Dominica,866,Cattle,1976,5600,E,,,,
56,214,Dominican Republic,866,Cattle,1976,1950000,X,,,,
58,218,Ecuador,866,Cattle,1976,2551000,A,,,,
59,818,Egypt,866,Cattle,1976,2079000,A,,,,
60,222,El Salvador,866,Cattle,1976,1108800,A,,,,
61,226,Equatorial Guinea,866,Cattle,1976,4000,A,,,,
209,748,Eswatini,866,Cattle,1976,634241,A,,,,
64,234,Faroe Islands,866,Cattle,1976,2133,A,,,,
66,242,Fiji,866,Cattle,1976,184000,E,,,,
67,246,Finland,866,Cattle,1976,1815300,A,,,,
68,250,France,866,Cattle,1976,24077008,A,,,,
70,258,French Polynesia,866,Cattle,1976,6300,E,,,,
74,266,Gabon,866,Cattle,1976,3000,A,,,,
75,270,Gambia,866,Cattle,1976,288000,E,,,,
79,276,Germany,866,Cattle,1976,20024928,A,,,,
81,288,Ghana,866,Cattle,1976,829000,A,,,,
84,300,Greece,866,Cattle,1976,1184155,A,,,,
86,308,Grenada,866,Cattle,1976,6000,E,,,,
89,320,Guatemala,866,Cattle,1976,1271358,A,,,,
90,324,Guinea,866,Cattle,1976,1500000,E,,,,
175,624,Guinea-Bissau,866,Cattle,1976,266000,E,,,,
91,328,Guyana,866,Cattle,1976,260000,E,,,,
93,332,Haiti,866,Cattle,1976,850000,X,,,,
95,340,Honduras,866,Cattle,1976,1838969,A,,,,
97,348,Hungary,866,Cattle,1976,1904000,A,,,,
99,352,Iceland,866,Cattle,1976,61635,A,,,,
100,356,India,866,Cattle,1976,180350000,X,,,,
101,360,Indonesia,866,Cattle,1976,6237000,A,,,,
102,364,Iran (Islamic Republic of),866,Cattle,1976,5600000,E,,,,
103,368,Iraq,866,Cattle,1976,1804000,A,,,,
104,372,Ireland,866,Cattle,1976,6213700,A,,,,
105,376,Israel,866,Cattle,1976,305400,A,,,,
106,380,Italy,866,Cattle,1976,8446200,A,,,,
109,388,Jamaica,866,Cattle,1976,280000,E,,,,
110,392,Japan,866,Cattle,1976,3723000,A,,,,
112,400,Jordan,866,Cattle,1976,38500,A,,,,
114,404,Kenya,866,Cattle,1976,9500000,E,,,,
118,414,Kuwait,866,Cattle,1976,9000,E,,,,
120,418,Lao People's Democratic Republic,866,Cattle,1976,325900,A,,,,
121,422,Lebanon,866,Cattle,1976,40000,X,,,,
122,426,Lesotho,866,Cattle,1976,505400,A,,,,
123,430,Liberia,866,Cattle,1976,35000,E,,,,
124,434,Libya,866,Cattle,1976,195788,A,,,,
129,450,Madagascar,866,Cattle,1976,8886000,A,,,,
130,454,Malawi,866,Cattle,1976,700471,A,,,,
131,458,Malaysia,866,Cattle,1976,451136,A,,,,
133,466,Mali,866,Cattle,1976,4080000,X,,,,
134,470,Malta,866,Cattle,1976,14449,A,,,,
136,478,Mauritania,866,Cattle,1976,1146000,A,,,,
137,480,Mauritius,866,Cattle,1976,28000,E,,,,
138,484,Mexico,866,Cattle,1976,25471008,A,,,,
141,496,Mongolia,866,Cattle,1976,2427000,A,,,,
143,504,Morocco,866,Cattle,1976,3620000,X,,,,
144,508,Mozambique,866,Cattle,1976,1325775,A,,,,
28,104,Myanmar,866,Cattle,1976,7526301,A,,,,
147,516,Namibia,866,Cattle,1976,1950000,X,,,,
149,524,Nepal,866,Cattle,1976,6650000,A,,,,
150,528,Netherlands (Kingdom of the),866,Cattle,1976,4606000,A,,,,
153,540,New Caledonia,866,Cattle,1976,115000,A,,,,
156,554,New Zealand,866,Cattle,1976,9017094,A,,,,
157,558,Nicaragua,866,Cattle,1976,2659928,A,,,,
158,562,Niger,866,Cattle,1976,3464090,A,,,,
159,566,Nigeria,866,Cattle,1976,10962000,A,,,,
160,570,Niue,866,Cattle,1976,779,A,,,,
162,578,Norway,866,Cattle,1976,921231,A,,,,
221,512,Oman,866,Cattle,1976,133800,A,,,,
165,586,Pakistan,866,Cattle,1976,14855000,A,,,,
166,591,Panama,866,Cattle,1976,1361200,A,,,,
168,598,Papua New Guinea,866,Cattle,1976,131596,A,,,,
169,600,Paraguay,866,Cattle,1976,5567700,A,,,,
170,604,Peru,866,Cattle,1976,4189600,A,,,,
171,608,Philippines,866,Cattle,1976,1736620,A,,,,
173,616,Poland,866,Cattle,1976,12879023,A,,,,
174,620,Portugal,866,Cattle,1976,1080000,X,,,,
177,630,Puerto Rico,866,Cattle,1976,560648,A,,,,
179,634,Qatar,866,Cattle,1976,8000,E,,,,
117,410,Republic of Korea,866,Cattle,1976,1553226,A,,,,
183,642,Romania,866,Cattle,1976,5912100,X,,,,
184,646,Rwanda,866,Cattle,1976,637641,A,,,,
188,659,Saint Kitts and Nevis,866,Cattle,1976,5300,E,,,,
189,662,Saint Lucia,866,Cattle,1976,8285,A,,,,
191,670,Saint Vincent and the Grenadines,866,Cattle,1976,7100,E,,,,
244,882,Samoa,866,Cattle,1976,26011,A,,,,
193,678,Sao Tome and Principe,866,Cattle,1976,2400,E,,,,
194,682,Saudi Arabia,866,Cattle,1976,320704,A,,,,
195,686,Senegal,866,Cattle,1976,2440000,A,,,,
196,690,Seychelles,866,Cattle,1976,2169,A,,,,
197,694,Sierra Leone,866,Cattle,1976,323000,E,,,,
200,702,Singapore,866,Cattle,1976,1000,E,,,,
25,90,Solomon Islands,866,Cattle,1976,24110,A,,,,
201,706,Somalia,866,Cattle,1976,3620000,E,,,,
202,710,South Africa,866,Cattle,1976,12774000,A,,,,
203,724,Spain,866,Cattle,1976,4407838,A,,,,
38,144,Sri Lanka,866,Cattle,1976,1743754,A,,,,
207,740,Suriname,866,Cattle,1976,25850,A,,,,
210,752,Sweden,866,Cattle,1976,1862614,A,,,,
211,756,Switzerland,866,Cattle,1976,2004700,A,,,,
212,760,Syrian Arab Republic,866,Cattle,1976,574039,A,,,,
216,764,Thailand,866,Cattle,1976,4322375,A,,,,
176,626,Timor-Leste,866,Cattle,1976,70200,X,,,,
217,768,Togo,866,Cattle,1976,218612,A,,,,
219,776,Tonga,866,Cattle,1976,5898,A,,,,
220,780,Trinidad and Tobago,866,Cattle,1976,73000,E,,,,
222,788,Tunisia,866,Cattle,1976,900000,A,,,,
223,792,Türkiye,866,Cattle,1976,13751000,A,,,,
226,800,Uganda,866,Cattle,1976,4989500,A,,,,
225,784,United Arab Emirates,866,Cattle,1976,15900,A,,,,
229,826,United Kingdom of Great Britain and Northern Ireland,866,Cattle,1976,14069000,A,,,,
215,834,United Republic of Tanzania,866,Cattle,1976,11588200,E,,,,
231,840,United States of America,866,Cattle,1976,127980000,A,,,,
234,858,Uruguay,866,Cattle,1976,10383000,A,,,,
155,548,Vanuatu,866,Cattle,1976,110000,A,,,,
236,862,Venezuela (Bolivarian Republic of),866,Cattle,1976,9404383,A,,,,
237,704,Viet Nam,866,Cattle,1976,1595200,A,,,,
249,887,Yemen,866,Cattle,1976,880000,A,,,,
251,894,Zambia,866,Cattle,1976,2009072,A,,,,
181,716,Zimbabwe,866,Cattle,1976,6316000,A,,,,
228,810,USSR,866,Cattle,1977,110346000,A,,,,
69,254,French Guiana,866,Cattle,1977,2014,A,,,,
62,230,Ethiopia PDR,866,Cattle,1977,25655008,X,,,,
182,638,Réunion,866,Cattle,1977,23500,A,,,,
206,736,Sudan (former),866,Cattle,1977,15367229,A,,,,
248,890,Yugoslav SFR,866,Cattle,1977,5641000,A,,,,
15,58,Belgium-Luxembourg,866,Cattle,1977,3022000,A,,,,
87,312,Guadeloupe,866,Cattle,1977,86000,A,,,,
51,200,Czechoslovakia,866,Cattle,1977,4653956,A,,,,
135,474,Martinique,866,Cattle,1977,50600,A,,,,
2,4,Afghanistan,866,Cattle,1977,3650000,A,,,,
3,8,Albania,866,Cattle,1977,520000,E,,,,
4,12,Algeria,866,Cattle,1977,1130160,A,,,,
7,24,Angola,866,Cattle,1977,2800000,E,,,,
8,28,Antigua and Barbuda,866,Cattle,1977,7800,A,,,,
9,32,Argentina,866,Cattle,1977,61053808,A,,,,
10,36,Australia,866,Cattle,1977,31533376,A,,,,
11,40,Austria,866,Cattle,1977,2502422,A,,,,
12,44,Bahamas,866,Cattle,1977,1400,E,,,,
13,48,Bahrain,866,Cattle,1977,4969,A,,,,
16,50,Bangladesh,866,Cattle,1977,26624000,A,,,,
14,52,Barbados,866,Cattle,1977,14000,E,,,,
23,84,Belize,866,Cattle,1977,49000,E,,,,
53,204,Benin,866,Cattle,1977,725577,A,,,,
18,64,Bhutan,866,Cattle,1977,279000,E,,,,
19,68,Bolivia (Plurinational State of),866,Cattle,1977,3578280,A,,,,
20,72,Botswana,866,Cattle,1977,3100000,A,,,,
21,76,Brazil,866,Cattle,1977,107296560,A,,,,
26,96,Brunei Darussalam,866,Cattle,1977,3000,A,,,,
27,100,Bulgaria,866,Cattle,1977,1721691,A,,,,
233,854,Burkina Faso,866,Cattle,1977,2600000,A,,,,
29,108,Burundi,866,Cattle,1977,792000,A,,,,
35,132,Cabo Verde,866,Cattle,1977,9500,E,,,,
115,116,Cambodia,866,Cattle,1977,900000,E,,,,
32,120,Cameroon,866,Cattle,1977,2917250,A,,,,
33,124,Canada,866,Cattle,1977,13362000,A,,,,
37,140,Central African Republic,866,Cattle,1977,1000000,E,,,,
39,148,Chad,866,Cattle,1977,3488000,E,,,,
40,152,Chile,866,Cattle,1977,3426874,A,,,,
96,344,"China, Hong Kong SAR",866,Cattle,1977,9660,A,,,,
214,158,"China, Taiwan Province of",866,Cattle,1977,142268,A,,,,
41,156,"China, mainland",866,Cattle,1977,53825008,A,,,,
44,170,Colombia,866,Cattle,1977,24446800,A,,,,
45,174,Comoros,866,Cattle,1977,75100,E,,,,
46,178,Congo,866,Cattle,1977,63916,A,,,,
47,184,Cook Islands,866,Cattle,1977,270,A,,,,
48,188,Costa Rica,866,Cattle,1977,1920087,A,,,,
49,192,Cuba,866,Cattle,1977,5439600,A,,,,
50,196,Cyprus,866,Cattle,1977,17100,A,,,,
107,384,Côte d'Ivoire,866,Cattle,1977,550000,E,,,,
116,408,Democratic People's Republic of Korea,866,Cattle,1977,875000,E,,,,
250,180,Democratic Republic of the Congo,866,Cattle,1977,1148200,A,,,,
54,208,Denmark,866,Cattle,1977,3098735,A,,,,
72,262,Djibouti,866,Cattle,1977,35000,E,,,,
55,212,Dominica,866,Cattle,1977,6000,E,,,,
56,214,Dominican Republic,866,Cattle,1977,1926000,A,,,,
58,218,Ecuador,866,Cattle,1977,2712260,A,,,,
59,818,Egypt,866,Cattle,1977,2048000,A,,,,
60,222,El Salvador,866,Cattle,1977,1282700,A,,,,
61,226,Equatorial Guinea,866,Cattle,1977,4100,E,,,,
209,748,Eswatini,866,Cattle,1977,634090,A,,,,
64,234,Faroe Islands,866,Cattle,1977,2075,A,,,,
66,242,Fiji,866,Cattle,1977,191000,E,,,,
67,246,Finland,866,Cattle,1977,1762300,A,,,,
68,250,France,866,Cattle,1977,23840000,A,,,,
70,258,French Polynesia,866,Cattle,1977,6500,E,,,,
74,266,Gabon,866,Cattle,1977,3100,A,,,,
75,270,Gambia,866,Cattle,1977,290000,E,,,,
79,276,Germany,866,Cattle,1977,19967808,A,,,,
81,288,Ghana,866,Cattle,1977,762000,A,,,,
84,300,Greece,866,Cattle,1977,1115114,A,,,,
86,308,Grenada,866,Cattle,1977,6500,E,,,,
89,320,Guatemala,866,Cattle,1977,1431080,A,,,,
90,324,Guinea,866,Cattle,1977,1500000,E,,,,
175,624,Guinea-Bissau,866,Cattle,1977,272000,E,,,,
91,328,Guyana,866,Cattle,1977,240000,E,,,,
93,332,Haiti,866,Cattle,1977,850000,X,,,,
95,340,Honduras,866,Cattle,1977,1861974,A,,,,
97,348,Hungary,866,Cattle,1977,1887000,A,,,,
99,352,Iceland,866,Cattle,1977,60783,A,,,,
100,356,India,866,Cattle,1977,180286000,A,,,,
101,360,Indonesia,866,Cattle,1977,6217000,A,,,,
102,364,Iran (Islamic Republic of),866,Cattle,1977,5518000,X,,,,
103,368,Iraq,866,Cattle,1977,1804235,A,,,,
104,372,Ireland,866,Cattle,1977,6210000,A,,,,
105,376,Israel,866,Cattle,1977,307800,A,,,,
106,380,Italy,866,Cattle,1977,8736900,A,,,,
109,388,Jamaica,866,Cattle,1977,282000,E,,,,
110,392,Japan,866,Cattle,1977,3875000,A,,,,
112,400,Jordan,866,Cattle,1977,25500,A,,,,
114,404,Kenya,866,Cattle,1977,9400000,X,,,,
118,414,Kuwait,866,Cattle,1977,9863,A,,,,
120,418,Lao People's Democratic Republic,866,Cattle,1977,351000,A,,,,
121,422,Lebanon,866,Cattle,1977,25000,X,,,,
122,426,Lesotho,866,Cattle,1977,485500,A,,,,
123,430,Liberia,866,Cattle,1977,36000,E,,,,
124,434,Libya,866,Cattle,1977,179379,A,,,,
129,450,Madagascar,866,Cattle,1977,9128000,A,,,,
130,454,Malawi,866,Cattle,1977,718544,A,,,,
131,458,Malaysia,866,Cattle,1977,469199,A,,,,
133,466,Mali,866,Cattle,1977,4076000,X,,,,
134,470,Malta,866,Cattle,1977,15004,A,,,,
136,478,Mauritania,866,Cattle,1977,1192000,A,,,,
137,480,Mauritius,866,Cattle,1977,30000,E,,,,
138,484,Mexico,866,Cattle,1977,26085008,A,,,,
141,496,Mongolia,866,Cattle,1977,2417000,A,,,,
143,504,Morocco,866,Cattle,1977,3400000,X,,,,
144,508,Mozambique,866,Cattle,1977,1350000,E,,,,
28,104,Myanmar,866,Cattle,1977,7694000,A,,,,
147,516,Namibia,866,Cattle,1977,2223198,A,,,,
149,524,Nepal,866,Cattle,1977,6703000,A,,,,
150,528,Netherlands (Kingdom of the),866,Cattle,1977,4528000,A,,,,
153,540,New Caledonia,866,Cattle,1977,115000,A,,,,
156,554,New Zealand,866,Cattle,1977,8737641,A,,,,
157,558,Nicaragua,866,Cattle,1977,2768277,A,,,,
158,562,Niger,866,Cattle,1977,3671940,A,,,,
159,566,Nigeria,866,Cattle,1977,11223000,A,,,,
160,570,Niue,866,Cattle,1977,824,A,,,,
162,578,Norway,866,Cattle,1977,944920,A,,,,
221,512,Oman,866,Cattle,1977,135000,X,,,,
165,586,Pakistan,866,Cattle,1977,14901000,A,,,,
166,591,Panama,866,Cattle,1977,1373900,A,,,,
168,598,Papua New Guinea,866,Cattle,1977,131500,X,,,,
169,600,Paraguay,866,Cattle,1977,5799900,A,,,,
170,604,Peru,866,Cattle,1977,4184400,A,,,,
171,608,Philippines,866,Cattle,1977,1723360,A,,,,
173,616,Poland,866,Cattle,1977,13019223,A,,,,
174,620,Portugal,866,Cattle,1977,1210000,X,,,,
177,630,Puerto Rico,866,Cattle,1977,570871,A,,,,
179,634,Qatar,866,Cattle,1977,9893,A,,,,
117,410,Republic of Korea,866,Cattle,1977,1617733,A,,,,
183,642,Romania,866,Cattle,1977,6128800,X,,,,
184,646,Rwanda,866,Cattle,1977,628731,A,,,,
188,659,Saint Kitts and Nevis,866,Cattle,1977,5200,E,,,,
189,662,Saint Lucia,866,Cattle,1977,8699,A,,,,
191,670,Saint Vincent and the Grenadines,866,Cattle,1977,7100,A,,,,
244,882,Samoa,866,Cattle,1977,25559,A,,,,
193,678,Sao Tome and Principe,866,Cattle,1977,2500,E,,,,
194,682,Saudi Arabia,866,Cattle,1977,316428,A,,,,
195,686,Senegal,866,Cattle,1977,2514000,A,,,,
196,690,Seychelles,866,Cattle,1977,2266,A,,,,
197,694,Sierra Leone,866,Cattle,1977,328000,E,,,,
200,702,Singapore,866,Cattle,1977,1000,E,,,,
25,90,Solomon Islands,866,Cattle,1977,24775,A,,,,
201,706,Somalia,866,Cattle,1977,4040000,A,,,,
202,710,South Africa,866,Cattle,1977,13060000,A,,,,
203,724,Spain,866,Cattle,1977,4500166,A,,,,
38,144,Sri Lanka,866,Cattle,1977,1691600,A,,,,
207,740,Suriname,866,Cattle,1977,25000,A,,,,
210,752,Sweden,866,Cattle,1977,1877843,A,,,,
211,756,Switzerland,866,Cattle,1977,2004800,A,,,,
212,760,Syrian Arab Republic,866,Cattle,1977,639451,A,,,,
216,764,Thailand,866,Cattle,1977,4341152,A,,,,
176,626,Timor-Leste,866,Cattle,1977,60000,E,,,,
217,768,Togo,866,Cattle,1977,229760,A,,,,
219,776,Tonga,866,Cattle,1977,6268,A,,,,
220,780,Trinidad and Tobago,866,Cattle,1977,74000,E,,,,
222,788,Tunisia,866,Cattle,1977,906000,A,,,,
223,792,Türkiye,866,Cattle,1977,14102000,A,,,,
226,800,Uganda,866,Cattle,1977,4911100,A,,,,
225,784,United Arab Emirates,866,Cattle,1977,18566,A,,,,
229,826,United Kingdom of Great Britain and Northern Ireland,866,Cattle,1977,13712000,A,,,,
215,834,United Republic of Tanzania,866,Cattle,1977,11848900,E,,,,
231,840,United States of America,866,Cattle,1977,122810000,A,,,,
234,858,Uruguay,866,Cattle,1977,10111000,A,,,,
155,548,Vanuatu,866,Cattle,1977,105000,E,,,,
236,862,Venezuela (Bolivarian Republic of),866,Cattle,1977,9545876,A,,,,
237,704,Viet Nam,866,Cattle,1977,1655700,A,,,,
249,887,Yemen,866,Cattle,1977,930000,A,,,,
251,894,Zambia,866,Cattle,1977,2086768,A,,,,
181,716,Zimbabwe,866,Cattle,1977,6614000,A,,,,
15,58,Belgium-Luxembourg,866,Cattle,1978,3019000,A,,,,
228,810,USSR,866,Cattle,1978,112690000,A,,,,
248,890,Yugoslav SFR,866,Cattle,1978,5550000,A,,,,
51,200,Czechoslovakia,866,Cattle,1978,4758301,A,,,,
62,230,Ethiopia PDR,866,Cattle,1978,25864000,X,,,,
87,312,Guadeloupe,866,Cattle,1978,90000,A,,,,
135,474,Martinique,866,Cattle,1978,52000,A,,,,
182,638,Réunion,866,Cattle,1978,23500,A,,,,
206,736,Sudan (former),866,Cattle,1978,15941000,E,,,,
69,254,French Guiana,866,Cattle,1978,2944,A,,,,
2,4,Afghanistan,866,Cattle,1978,3730000,A,,,,
3,8,Albania,866,Cattle,1978,570000,E,,,,
4,12,Algeria,866,Cattle,1978,1212880,A,,,,
7,24,Angola,866,Cattle,1978,2900000,E,,,,
8,28,Antigua and Barbuda,866,Cattle,1978,10000,E,,,,
9,32,Argentina,866,Cattle,1978,57791008,A,,,,
10,36,Australia,866,Cattle,1978,29329872,A,,,,
11,40,Austria,866,Cattle,1978,2548678,A,,,,
12,44,Bahamas,866,Cattle,1978,1250,A,,,,
13,48,Bahrain,866,Cattle,1978,5100,A,,,,
16,50,Bangladesh,866,Cattle,1978,30520000,A,,,,
14,52,Barbados,866,Cattle,1978,16000,E,,,,
23,84,Belize,866,Cattle,1978,49000,A,,,,
53,204,Benin,866,Cattle,1978,740089,A,,,,
18,64,Bhutan,866,Cattle,1978,286000,E,,,,
19,68,Bolivia (Plurinational State of),866,Cattle,1978,4208600,A,,,,
20,72,Botswana,866,Cattle,1978,2900000,A,,,,
21,76,Brazil,866,Cattle,1978,106942560,A,,,,
26,96,Brunei Darussalam,866,Cattle,1978,3000,A,,,,
27,100,Bulgaria,866,Cattle,1978,1736127,A,,,,
233,854,Burkina Faso,866,Cattle,1978,2653000,A,,,,
29,108,Burundi,866,Cattle,1978,799000,A,,,,
35,132,Cabo Verde,866,Cattle,1978,10000,E,,,,
115,116,Cambodia,866,Cattle,1978,850000,E,,,,
32,120,Cameroon,866,Cattle,1978,3000000,E,,,,
33,124,Canada,866,Cattle,1978,12526000,A,,,,
37,140,Central African Republic,866,Cattle,1978,1155000,A,,,,
39,148,Chad,866,Cattle,1978,3673000,E,,,,
40,152,Chile,866,Cattle,1978,3487045,A,,,,
96,344,"China, Hong Kong SAR",866,Cattle,1978,9280,A,,,,
214,158,"China, Taiwan Province of",866,Cattle,1978,103563,A,,,,
41,156,"China, mainland",866,Cattle,1978,52723008,A,,,,
44,170,Colombia,866,Cattle,1978,24468000,A,,,,
45,174,Comoros,866,Cattle,1978,76400,E,,,,
46,178,Congo,866,Cattle,1978,70315,A,,,,
47,184,Cook Islands,866,Cattle,1978,270,A,,,,
48,188,Costa Rica,866,Cattle,1978,2002000,X,,,,
49,192,Cuba,866,Cattle,1978,5346600,A,,,,
50,196,Cyprus,866,Cattle,1978,18700,A,,,,
107,384,Côte d'Ivoire,866,Cattle,1978,600000,E,,,,
116,408,Democratic People's Republic of Korea,866,Cattle,1978,900000,E,,,,
250,180,Democratic Republic of the Congo,866,Cattle,1978,1145100,A,,,,
54,208,Denmark,866,Cattle,1978,3081306,A,,,,
72,262,Djibouti,866,Cattle,1978,40000,A,,,,
55,212,Dominica,866,Cattle,1978,6400,E,,,,
56,214,Dominican Republic,866,Cattle,1978,1851000,A,,,,
58,218,Ecuador,866,Cattle,1978,2777083,A,,,,
59,818,Egypt,866,Cattle,1978,2087000,E,,,,
60,222,El Salvador,866,Cattle,1978,1350000,A,,,,
61,226,Equatorial Guinea,866,Cattle,1978,4100,E,,,,
209,748,Eswatini,866,Cattle,1978,644156,A,,,,
64,234,Faroe Islands,866,Cattle,1978,1818,A,,,,
66,242,Fiji,866,Cattle,1978,188000,E,,,,
67,246,Finland,866,Cattle,1978,1779200,A,,,,
68,250,France,866,Cattle,1978,23761904,A,,,,
70,258,French Polynesia,866,Cattle,1978,6500,E,,,,
74,266,Gabon,866,Cattle,1978,3200,A,,,,
75,270,Gambia,866,Cattle,1978,291000,E,,,,
79,276,Germany,866,Cattle,1978,20312288,A,,,,
81,288,Ghana,866,Cattle,1978,745000,A,,,,
84,300,Greece,866,Cattle,1978,1036382,A,,,,
86,308,Grenada,866,Cattle,1978,7099,A,,,,
89,320,Guatemala,866,Cattle,1978,1499592,A,,,,
90,324,Guinea,866,Cattle,1978,1500000,E,,,,
175,624,Guinea-Bissau,866,Cattle,1978,278000,E,,,,
91,328,Guyana,866,Cattle,1978,225000,E,,,,
93,332,Haiti,866,Cattle,1978,900000,X,,,,
95,340,Honduras,866,Cattle,1978,1895267,A,,,,
97,348,Hungary,866,Cattle,1978,1949000,A,,,,
99,352,Iceland,866,Cattle,1978,62677,A,,,,
100,356,India,866,Cattle,1978,181992000,A,,,,
101,360,Indonesia,866,Cattle,1978,6330000,A,,,,
102,364,Iran (Islamic Republic of),866,Cattle,1978,5425000,X,,,,
103,368,Iraq,866,Cattle,1978,1698000,A,,,,
104,372,Ireland,866,Cattle,1978,6245500,A,,,,
105,376,Israel,866,Cattle,1978,308900,A,,,,
106,380,Italy,866,Cattle,1978,8487300,A,,,,
109,388,Jamaica,866,Cattle,1978,270000,E,,,,
110,392,Japan,866,Cattle,1978,4009000,A,,,,
112,400,Jordan,866,Cattle,1978,29000,A,,,,
114,404,Kenya,866,Cattle,1978,10200000,A,,,,
118,414,Kuwait,866,Cattle,1978,11950,A,,,,
120,418,Lao People's Democratic Republic,866,Cattle,1978,389130,A,,,,
121,422,Lebanon,866,Cattle,1978,80000,E,,,,
122,426,Lesotho,866,Cattle,1978,526151,A,,,,
123,430,Liberia,866,Cattle,1978,37000,E,,,,
124,434,Libya,866,Cattle,1978,183300,A,,,,
129,450,Madagascar,866,Cattle,1978,10150000,A,,,,
130,454,Malawi,866,Cattle,1978,744074,A,,,,
131,458,Malaysia,866,Cattle,1978,503826,A,,,,
133,466,Mali,866,Cattle,1978,4404000,A,,,,
134,470,Malta,866,Cattle,1978,14052,A,,,,
136,478,Mauritania,866,Cattle,1978,1126000,A,,,,
137,480,Mauritius,866,Cattle,1978,21098,A,,,,
138,484,Mexico,866,Cattle,1978,26362000,A,,,,
141,496,Mongolia,866,Cattle,1978,2388000,A,,,,
143,504,Morocco,866,Cattle,1978,3600000,X,,,,
144,508,Mozambique,866,Cattle,1978,1370000,E,,,,
28,104,Myanmar,866,Cattle,1978,7932000,A,,,,
147,516,Namibia,866,Cattle,1978,2250287,A,,,,
149,524,Nepal,866,Cattle,1978,6770000,A,,,,
150,528,Netherlands (Kingdom of the),866,Cattle,1978,4673000,A,,,,
153,540,New Caledonia,866,Cattle,1978,125000,A,,,,
156,554,New Zealand,866,Cattle,1978,8418011,A,,,,
157,558,Nicaragua,866,Cattle,1978,2782000,X,,,,
158,562,Niger,866,Cattle,1978,3881240,A,,,,
159,566,Nigeria,866,Cattle,1978,11576000,A,,,,
160,570,Niue,866,Cattle,1978,644,A,,,,
162,578,Norway,866,Cattle,1978,953814,A,,,,
221,512,Oman,866,Cattle,1978,129775,A,,,,
165,586,Pakistan,866,Cattle,1978,14946000,A,,,,
166,591,Panama,866,Cattle,1978,1395000,A,,,,
168,598,Papua New Guinea,866,Cattle,1978,131476,A,,,,
169,600,Paraguay,866,Cattle,1978,5809500,A,,,,
170,604,Peru,866,Cattle,1978,4243300,A,,,,
171,608,Philippines,866,Cattle,1978,1820210,A,,,,
173,616,Poland,866,Cattle,1978,13115400,A,,,,
174,620,Portugal,866,Cattle,1978,1287000,X,,,,
177,630,Puerto Rico,866,Cattle,1978,562171,A,,,,
179,634,Qatar,866,Cattle,1978,7385,A,,,,
117,410,Republic of Korea,866,Cattle,1978,1787158,A,,,,
183,642,Romania,866,Cattle,1978,6085300,X,,,,
184,646,Rwanda,866,Cattle,1978,647206,A,,,,
188,659,Saint Kitts and Nevis,866,Cattle,1978,5200,E,,,,
189,662,Saint Lucia,866,Cattle,1978,9134,A,,,,
191,670,Saint Vincent and the Grenadines,866,Cattle,1978,7300,E,,,,
244,882,Samoa,866,Cattle,1978,26293,A,,,,
193,678,Sao Tome and Principe,866,Cattle,1978,2600,E,,,,
194,682,Saudi Arabia,866,Cattle,1978,352669,A,,,,
195,686,Senegal,866,Cattle,1978,2533000,A,,,,
196,690,Seychelles,866,Cattle,1978,2366,A,,,,
197,694,Sierra Leone,866,Cattle,1978,333000,A,,,,
200,702,Singapore,866,Cattle,1978,1000,E,,,,
25,90,Solomon Islands,866,Cattle,1978,25185,A,,,,
201,706,Somalia,866,Cattle,1978,4532000,A,,,,
202,710,South Africa,866,Cattle,1978,13135000,A,,,,
203,724,Spain,866,Cattle,1978,4705635,A,,,,
38,144,Sri Lanka,866,Cattle,1978,1541300,A,,,,
207,740,Suriname,866,Cattle,1978,34495,A,,,,
210,752,Sweden,866,Cattle,1978,1891991,A,,,,
211,756,Switzerland,866,Cattle,1978,2023679,A,,,,
212,760,Syrian Arab Republic,866,Cattle,1978,694539,A,,,,
216,764,Thailand,866,Cattle,1978,4436607,A,,,,
176,626,Timor-Leste,866,Cattle,1978,50000,E,,,,
217,768,Togo,866,Cattle,1978,226400,A,,,,
219,776,Tonga,866,Cattle,1978,9601,A,,,,
220,780,Trinidad and Tobago,866,Cattle,1978,75000,E,,,,
222,788,Tunisia,866,Cattle,1978,774000,A,,,,
223,792,Türkiye,866,Cattle,1978,14540000,A,,,,
226,800,Uganda,866,Cattle,1978,5245600,A,,,,
225,784,United Arab Emirates,866,Cattle,1978,23332,A,,,,
229,826,United Kingdom of Great Britain and Northern Ireland,866,Cattle,1978,13568000,A,,,,
215,834,United Republic of Tanzania,866,Cattle,1978,12115500,E,,,,
231,840,United States of America,866,Cattle,1978,116375008,A,,,,
234,858,Uruguay,866,Cattle,1978,10001000,A,,,,
155,548,Vanuatu,866,Cattle,1978,100000,E,,,,
236,862,Venezuela (Bolivarian Republic of),866,Cattle,1978,9918697,A,,,,
237,704,Viet Nam,866,Cattle,1978,1646000,A,,,,
249,887,Yemen,866,Cattle,1978,940000,A,,,,
251,894,Zambia,866,Cattle,1978,2127170,A,,,,
181,716,Zimbabwe,866,Cattle,1978,6027000,A,,,,
15,58,Belgium-Luxembourg,866,Cattle,1979,3085000,A,,,,
62,230,Ethiopia PDR,866,Cattle,1979,25900000,E,,,,
228,810,USSR,866,Cattle,1979,114086000,A,,,,
87,312,Guadeloupe,866,Cattle,1979,90000,A,,,,
248,890,Yugoslav SFR,866,Cattle,1979,5491000,A,,,,
51,200,Czechoslovakia,866,Cattle,1979,4887344,A,,,,
69,254,French Guiana,866,Cattle,1979,3555,A,,,,
182,638,Réunion,866,Cattle,1979,20800,A,,,,
135,474,Martinique,866,Cattle,1979,55000,A,,,,
206,736,Sudan (former),866,Cattle,1979,17300000,A,,,,
2,4,Afghanistan,866,Cattle,1979,3710000,A,,,,
3,8,Albania,866,Cattle,1979,602000,E,,,,
4,12,Algeria,866,Cattle,1979,1327610,A,,,,
7,24,Angola,866,Cattle,1979,3000000,E,,,,
8,28,Antigua and Barbuda,866,Cattle,1979,13000,E,,,,
9,32,Argentina,866,Cattle,1979,56864000,A,,,,
10,36,Australia,866,Cattle,1979,27111664,A,,,,
11,40,Austria,866,Cattle,1979,2593606,A,,,,
12,44,Bahamas,866,Cattle,1979,1200,E,,,,
13,48,Bahrain,866,Cattle,1979,5572,A,,,,
16,50,Bangladesh,866,Cattle,1979,31741008,A,,,,
14,52,Barbados,866,Cattle,1979,16500,E,,,,
23,84,Belize,866,Cattle,1979,50000,E,,,,
53,204,Benin,866,Cattle,1979,754944,A,,,,
18,64,Bhutan,866,Cattle,1979,293000,E,,,,
19,68,Bolivia (Plurinational State of),866,Cattle,1979,4523200,A,,,,
20,72,Botswana,866,Cattle,1979,2840000,A,,,,
21,76,Brazil,866,Cattle,1979,109177488,A,,,,
26,96,Brunei Darussalam,866,Cattle,1979,3000,A,,,,
27,100,Bulgaria,866,Cattle,1979,1762509,A,,,,
233,854,Burkina Faso,866,Cattle,1979,2706000,A,,,,
29,108,Burundi,866,Cattle,1979,819000,A,,,,
35,132,Cabo Verde,866,Cattle,1979,10200,E,,,,
115,116,Cambodia,866,Cattle,1979,739000,A,,,,
32,120,Cameroon,866,Cattle,1979,3100000,E,,,,
33,124,Canada,866,Cattle,1979,11996000,A,,,,
37,140,Central African Republic,866,Cattle,1979,1560000,A,,,,
39,148,Chad,866,Cattle,1979,3868000,E,,,,
40,152,Chile,866,Cattle,1979,3575000,A,,,,
96,344,"China, Hong Kong SAR",866,Cattle,1979,9450,A,,,,
214,158,"China, Taiwan Province of",866,Cattle,1979,87936,A,,,,
41,156,"China, mainland",866,Cattle,1979,52528000,A,,,,
44,170,Colombia,866,Cattle,1979,24132096,A,,,,
45,174,Comoros,866,Cattle,1979,72000,E,,,,
46,178,Congo,866,Cattle,1979,67000,E,,,,
47,184,Cook Islands,866,Cattle,1979,200,X,,,,
48,188,Costa Rica,866,Cattle,1979,2093100,A,,,,
49,192,Cuba,866,Cattle,1979,5229200,A,,,,
50,196,Cyprus,866,Cattle,1979,20100,A,,,,
107,384,Côte d'Ivoire,866,Cattle,1979,630000,A,,,,
116,408,Democratic People's Republic of Korea,866,Cattle,1979,925000,E,,,,
250,180,Democratic Republic of the Congo,866,Cattle,1979,1146000,A,,,,
54,208,Denmark,866,Cattle,1979,3035396,A,,,,
72,262,Djibouti,866,Cattle,1979,40000,A,,,,
55,212,Dominica,866,Cattle,1979,6800,E,,,,
56,214,Dominican Republic,866,Cattle,1979,1950000,A,,,,
58,218,Ecuador,866,Cattle,1979,2846057,A,,,,
59,818,Egypt,866,Cattle,1979,1954000,A,,,,
60,222,El Salvador,866,Cattle,1979,1386782,A,,,,
61,226,Equatorial Guinea,866,Cattle,1979,4100,E,,,,
209,748,Eswatini,866,Cattle,1979,660505,A,,,,
64,234,Faroe Islands,866,Cattle,1979,1890,A,,,,
66,242,Fiji,866,Cattle,1979,205000,E,,,,
67,246,Finland,866,Cattle,1979,1736100,A,,,,
68,250,France,866,Cattle,1979,23906000,A,,,,
70,258,French Polynesia,866,Cattle,1979,7000,A,,,,
74,266,Gabon,866,Cattle,1979,4000,E,,,,
75,270,Gambia,866,Cattle,1979,292000,E,,,,
79,276,Germany,866,Cattle,1979,20579216,A,,,,
81,288,Ghana,866,Cattle,1979,780000,A,,,,
84,300,Greece,866,Cattle,1979,975202,A,,,,
86,308,Grenada,866,Cattle,1979,6794,A,,,,
89,320,Guatemala,866,Cattle,1979,1574570,A,,,,
90,324,Guinea,866,Cattle,1979,1500000,E,,,,
175,624,Guinea-Bissau,866,Cattle,1979,284000,E,,,,
91,328,Guyana,866,Cattle,1979,135000,E,,,,
93,332,Haiti,866,Cattle,1979,900000,X,,,,
95,340,Honduras,866,Cattle,1979,1931088,A,,,,
97,348,Hungary,866,Cattle,1979,1966000,A,,,,
99,352,Iceland,866,Cattle,1979,62789,A,,,,
100,356,India,866,Cattle,1979,184300000,X,,,,
101,360,Indonesia,866,Cattle,1979,6362000,A,,,,
102,364,Iran (Islamic Republic of),866,Cattle,1979,5399000,X,,,,
103,368,Iraq,866,Cattle,1979,1697665,A,,,,
104,372,Ireland,866,Cattle,1979,6132100,A,,,,
105,376,Israel,866,Cattle,1979,302500,A,,,,
106,380,Italy,866,Cattle,1979,8638800,A,,,,
109,388,Jamaica,866,Cattle,1979,273000,E,,,,
110,392,Japan,866,Cattle,1979,4150000,A,,,,
112,400,Jordan,866,Cattle,1979,32000,A,,,,
114,404,Kenya,866,Cattle,1979,11453400,A,,,,
118,414,Kuwait,866,Cattle,1979,13956,A,,,,
120,418,Lao People's Democratic Republic,866,Cattle,1979,399000,A,,,,
121,422,Lebanon,866,Cattle,1979,55000,E,,,,
122,426,Lesotho,866,Cattle,1979,560327,A,,,,
123,430,Liberia,866,Cattle,1979,38000,E,,,,
124,434,Libya,866,Cattle,1979,180880,A,,,,
129,450,Madagascar,866,Cattle,1979,10000000,A,,,,
130,454,Malawi,866,Cattle,1979,789533,A,,,,
131,458,Malaysia,866,Cattle,1979,509709,A,,,,
133,466,Mali,866,Cattle,1979,4765000,A,,,,
134,470,Malta,866,Cattle,1979,13701,A,,,,
136,478,Mauritania,866,Cattle,1979,1193000,A,,,,
137,480,Mauritius,866,Cattle,1979,25000,E,,,,
138,484,Mexico,866,Cattle,1979,26493008,A,,,,
141,496,Mongolia,866,Cattle,1979,2482000,A,,,,
143,504,Morocco,866,Cattle,1979,3460900,A,,,,
144,508,Mozambique,866,Cattle,1979,1380000,E,,,,
28,104,Myanmar,866,Cattle,1979,8307000,A,,,,
147,516,Namibia,866,Cattle,1979,2389343,A,,,,
149,524,Nepal,866,Cattle,1979,6850000,E,,,,
150,528,Netherlands (Kingdom of the),866,Cattle,1979,4797000,A,,,,
153,540,New Caledonia,866,Cattle,1979,120000,A,,,,
156,554,New Zealand,866,Cattle,1979,8022405,A,,,,
157,558,Nicaragua,866,Cattle,1979,2525077,A,,,,
158,562,Niger,866,Cattle,1979,4125760,A,,,,
159,566,Nigeria,866,Cattle,1979,11877000,A,,,,
160,570,Niue,866,Cattle,1979,649,A,,,,
162,578,Norway,866,Cattle,1979,968843,A,,,,
221,512,Oman,866,Cattle,1979,135182,A,,,,
165,586,Pakistan,866,Cattle,1979,14992000,A,,,,
166,591,Panama,866,Cattle,1979,1436700,A,,,,
168,598,Papua New Guinea,866,Cattle,1979,132499,A,,,,
169,600,Paraguay,866,Cattle,1979,5703300,A,,,,
170,604,Peru,866,Cattle,1979,4298700,A,,,,
171,608,Philippines,866,Cattle,1979,1833210,A,,,,
173,616,Poland,866,Cattle,1979,13035611,A,,,,
174,620,Portugal,866,Cattle,1979,1294000,X,,,,
177,630,Puerto Rico,866,Cattle,1979,523933,A,,,,
179,634,Qatar,866,Cattle,1979,7450,A,,,,
117,410,Republic of Korea,866,Cattle,1979,1762079,A,,,,
183,642,Romania,866,Cattle,1979,6282600,X,,,,
184,646,Rwanda,866,Cattle,1979,631353,A,,,,
188,659,Saint Kitts and Nevis,866,Cattle,1979,5100,E,,,,
189,662,Saint Lucia,866,Cattle,1979,9591,A,,,,
191,670,Saint Vincent and the Grenadines,866,Cattle,1979,7400,E,,,,
244,882,Samoa,866,Cattle,1979,27983,A,,,,
193,678,Sao Tome and Principe,866,Cattle,1979,2700,E,,,,
194,682,Saudi Arabia,866,Cattle,1979,373261,A,,,,
195,686,Senegal,866,Cattle,1979,2500000,A,,,,
196,690,Seychelles,866,Cattle,1979,2470,A,,,,
197,694,Sierra Leone,866,Cattle,1979,340000,E,,,,
200,702,Singapore,866,Cattle,1979,1000,E,,,,
25,90,Solomon Islands,866,Cattle,1979,22584,A,,,,
201,706,Somalia,866,Cattle,1979,4479000,A,,,,
202,710,South Africa,866,Cattle,1979,14167000,A,,,,
203,724,Spain,866,Cattle,1979,4615000,A,,,,
38,144,Sri Lanka,866,Cattle,1979,1622500,A,,,,
207,740,Suriname,866,Cattle,1979,41984,A,,,,
210,752,Sweden,866,Cattle,1979,1910838,A,,,,
211,756,Switzerland,866,Cattle,1979,2038000,A,,,,
212,760,Syrian Arab Republic,866,Cattle,1979,759929,A,,,,
216,764,Thailand,866,Cattle,1979,4275825,A,,,,
176,626,Timor-Leste,866,Cattle,1979,40000,E,,,,
217,768,Togo,866,Cattle,1979,229616,A,,,,
219,776,Tonga,866,Cattle,1979,9840,A,,,,
220,780,Trinidad and Tobago,866,Cattle,1979,77000,E,,,,
222,788,Tunisia,866,Cattle,1979,565000,A,,,,
223,792,Türkiye,866,Cattle,1979,14941000,A,,,,
226,800,Uganda,866,Cattle,1979,5242200,A,,,,
225,784,United Arab Emirates,866,Cattle,1979,25000,E,,,,
229,826,United Kingdom of Great Britain and Northern Ireland,866,Cattle,1979,13538000,A,,,,
215,834,United Republic of Tanzania,866,Cattle,1979,12388000,A,,,,
231,840,United States of America,866,Cattle,1979,110864000,A,,,,
234,858,Uruguay,866,Cattle,1979,10300000,A,,,,
155,548,Vanuatu,866,Cattle,1979,96000,E,,,,
236,862,Venezuela (Bolivarian Republic of),866,Cattle,1979,10248900,A,,,,
237,704,Viet Nam,866,Cattle,1979,1628100,A,,,,
249,887,Yemen,866,Cattle,1979,946000,A,,,,
251,894,Zambia,866,Cattle,1979,2214272,A,,,,
181,716,Zimbabwe,866,Cattle,1979,5569000,A,,,,
51,200,Czechoslovakia,866,Cattle,1980,4914764,A,,,,
248,890,Yugoslav SFR,866,Cattle,1980,5436000,A,,,,
135,474,Martinique,866,Cattle,1980,57000,A,,,,
62,230,Ethiopia PDR,866,Cattle,1980,26000000,E,,,,
69,254,French Guiana,866,Cattle,1980,5500,A,,,,
15,58,Belgium-Luxembourg,866,Cattle,1980,3111000,A,,,,
87,312,Guadeloupe,866,Cattle,1980,92000,A,,,,
206,736,Sudan (former),866,Cattle,1980,18354416,A,,,,
228,810,USSR,866,Cattle,1980,115100000,A,,,,
182,638,Réunion,866,Cattle,1980,20330,A,,,,
2,4,Afghanistan,866,Cattle,1980,3710000,A,,,,
3,8,Albania,866,Cattle,1980,606000,A,,,,
4,12,Algeria,866,Cattle,1980,1363000,A,,,,
7,24,Angola,866,Cattle,1980,3100000,E,,,,
8,28,Antigua and Barbuda,866,Cattle,1980,15000,A,,,,
9,32,Argentina,866,Cattle,1980,55760496,A,,,,
10,36,Australia,866,Cattle,1980,26202704,A,,,,
11,40,Austria,866,Cattle,1980,2547905,A,,,,
12,44,Bahamas,866,Cattle,1980,1100,E,,,,
13,48,Bahrain,866,Cattle,1980,5570,A,,,,
16,50,Bangladesh,866,Cattle,1980,21556000,A,,,,
14,52,Barbados,866,Cattle,1980,18000,E,,,,
23,84,Belize,866,Cattle,1980,50000,E,,,,
53,204,Benin,866,Cattle,1980,828990,A,,,,
18,64,Bhutan,866,Cattle,1980,299169,A,,,,
19,68,Bolivia (Plurinational State of),866,Cattle,1980,4698700,A,,,,
20,72,Botswana,866,Cattle,1980,2911000,A,,,,
21,76,Brazil,866,Cattle,1980,118971424,A,,,,
26,96,Brunei Darussalam,866,Cattle,1980,3000,E,,,,
27,100,Bulgaria,866,Cattle,1980,1786823,A,,,,
233,854,Burkina Faso,866,Cattle,1980,2760000,A,,,,
29,108,Burundi,866,Cattle,1980,600000,A,,,,
35,132,Cabo Verde,866,Cattle,1980,11000,A,,,,
115,116,Cambodia,866,Cattle,1980,772000,A,,,,
32,120,Cameroon,866,Cattle,1980,3681030,A,,,,
33,124,Canada,866,Cattle,1980,12126000,A,,,,
37,140,Central African Republic,866,Cattle,1980,1690000,A,,,,
39,148,Chad,866,Cattle,1980,4074000,E,,,,
40,152,Chile,866,Cattle,1980,3625000,A,,,,
96,344,"China, Hong Kong SAR",866,Cattle,1980,4980,A,,,,
214,158,"China, Taiwan Province of",866,Cattle,1980,80225,A,,,,
41,156,"China, mainland",866,Cattle,1980,52411008,A,,,,
44,170,Colombia,866,Cattle,1980,23945488,A,,,,
45,174,Comoros,866,Cattle,1980,70000,E,,,,
46,178,Congo,866,Cattle,1980,60980,A,,,,
47,184,Cook Islands,866,Cattle,1980,205,E,,,,
48,188,Costa Rica,866,Cattle,1980,2181385,A,,,,
49,192,Cuba,866,Cattle,1980,5212500,A,,,,
50,196,Cyprus,866,Cattle,1980,22300,A,,,,
107,384,Côte d'Ivoire,866,Cattle,1980,666000,A,,,,
116,408,Democratic People's Republic of Korea,866,Cattle,1980,950000,E,,,,
250,180,Democratic Republic of the Congo,866,Cattle,1980,1152000,A,,,,
54,208,Denmark,866,Cattle,1980,2961000,A,,,,
72,262,Djibouti,866,Cattle,1980,46000,E,,,,
55,212,Dominica,866,Cattle,1980,7200,E,,,,
56,214,Dominican Republic,866,Cattle,1980,1995018,A,,,,
58,218,Ecuador,866,Cattle,1980,3005390,A,,,,
59,818,Egypt,866,Cattle,1980,1912247,A,,,,
60,222,El Salvador,866,Cattle,1980,1210660,A,,,,
61,226,Equatorial Guinea,866,Cattle,1980,4200,E,,,,
209,748,Eswatini,866,Cattle,1980,657608,A,,,,
64,234,Faroe Islands,866,Cattle,1980,2042,A,,,,
66,242,Fiji,866,Cattle,1980,212000,E,,,,
67,246,Finland,866,Cattle,1980,1752500,A,,,,
68,250,France,866,Cattle,1980,23919088,A,,,,
70,258,French Polynesia,866,Cattle,1980,8000,E,,,,
74,266,Gabon,866,Cattle,1980,4700,E,,,,
75,270,Gambia,866,Cattle,1980,293210,A,,,,
79,276,Germany,866,Cattle,1980,20645840,A,,,,
81,288,Ghana,866,Cattle,1980,804000,A,,,,
84,300,Greece,866,Cattle,1980,932340,A,,,,
86,308,Grenada,866,Cattle,1980,6500,E,,,,
89,320,Guatemala,866,Cattle,1980,1987670,A,,,,
90,324,Guinea,866,Cattle,1980,1500000,E,,,,
175,624,Guinea-Bissau,866,Cattle,1980,290000,E,,,,
91,328,Guyana,866,Cattle,1980,170000,E,,,,
93,332,Haiti,866,Cattle,1980,1000000,X,,,,
95,340,Honduras,866,Cattle,1980,1988176,A,,,,
97,348,Hungary,866,Cattle,1980,1925000,A,,,,
99,352,Iceland,866,Cattle,1980,57172,A,,,,
100,356,India,866,Cattle,1980,186500000,X,,,,
101,360,Indonesia,866,Cattle,1980,6440000,A,,,,
102,364,Iran (Islamic Republic of),866,Cattle,1980,5174000,X,,,,
103,368,Iraq,866,Cattle,1980,1702000,A,,,,
104,372,Ireland,866,Cattle,1980,6170900,A,,,,
105,376,Israel,866,Cattle,1980,304200,A,,,,
106,380,Italy,866,Cattle,1980,8719300,A,,,,
109,388,Jamaica,866,Cattle,1980,290000,E,,,,
110,392,Japan,866,Cattle,1980,4248000,A,,,,
112,400,Jordan,866,Cattle,1980,28000,A,,,,
114,404,Kenya,866,Cattle,1980,10000000,A,,,,
118,414,Kuwait,866,Cattle,1980,16158,A,,,,
120,418,Lao People's Democratic Republic,866,Cattle,1980,447000,A,,,,
121,422,Lebanon,866,Cattle,1980,55613,A,,,,
122,426,Lesotho,866,Cattle,1980,593929,A,,,,
123,430,Liberia,866,Cattle,1980,39000,E,,,,
124,434,Libya,866,Cattle,1980,156000,E,,,,
129,450,Madagascar,866,Cattle,1980,10201000,A,,,,
130,454,Malawi,866,Cattle,1980,789529,A,,,,
131,458,Malaysia,866,Cattle,1980,549522,A,,,,
133,466,Mali,866,Cattle,1980,5850000,A,,,,
134,470,Malta,866,Cattle,1980,14210,A,,,,
136,478,Mauritania,866,Cattle,1980,1197000,A,,,,
137,480,Mauritius,866,Cattle,1980,30000,E,,,,
138,484,Mexico,866,Cattle,1980,27742000,A,,,,
141,496,Mongolia,866,Cattle,1980,2477000,A,,,,
143,504,Morocco,866,Cattle,1980,3376200,A,,,,
144,508,Mozambique,866,Cattle,1980,1400000,E,,,,
28,104,Myanmar,866,Cattle,1980,8531000,A,,,,
147,516,Namibia,866,Cattle,1980,2480830,A,,,,
149,524,Nepal,866,Cattle,1980,6900000,E,,,,
150,528,Netherlands (Kingdom of the),866,Cattle,1980,5225857,A,,,,
153,540,New Caledonia,866,Cattle,1980,110000,A,,,,
156,554,New Zealand,866,Cattle,1980,8131214,A,,,,
157,558,Nicaragua,866,Cattle,1980,2270207,A,,,,
158,562,Niger,866,Cattle,1980,4381560,A,,,,
159,566,Nigeria,866,Cattle,1980,12108000,A,,,,
160,570,Niue,866,Cattle,1980,500,A,,,,
162,578,Norway,866,Cattle,1980,984700,A,,,,
221,512,Oman,866,Cattle,1980,140589,A,,,,
165,586,Pakistan,866,Cattle,1980,15038000,A,,,,
166,591,Panama,866,Cattle,1980,1404900,A,,,,
168,598,Papua New Guinea,866,Cattle,1980,129000,X,,,,
169,600,Paraguay,866,Cattle,1980,5854400,A,,,,
170,604,Peru,866,Cattle,1980,4239000,A,,,,
171,608,Philippines,866,Cattle,1980,1882860,A,,,,
173,616,Poland,866,Cattle,1980,12648608,A,,,,
174,620,Portugal,866,Cattle,1980,1324000,X,,,,
177,630,Puerto Rico,866,Cattle,1980,478989,A,,,,
179,634,Qatar,866,Cattle,1980,9870,A,,,,
117,410,Republic of Korea,866,Cattle,1980,1634051,A,,,,
183,642,Romania,866,Cattle,1980,6285400,X,,,,
184,646,Rwanda,866,Cattle,1980,634321,A,,,,
188,659,Saint Kitts and Nevis,866,Cattle,1980,5100,E,,,,
189,662,Saint Lucia,866,Cattle,1980,10070,A,,,,
191,670,Saint Vincent and the Grenadines,866,Cattle,1980,7500,E,,,,
244,882,Samoa,866,Cattle,1980,26284,A,,,,
193,678,Sao Tome and Principe,866,Cattle,1980,2800,E,,,,
194,682,Saudi Arabia,866,Cattle,1980,398726,A,,,,
195,686,Senegal,866,Cattle,1980,2238000,A,,,,
196,690,Seychelles,866,Cattle,1980,2578,A,,,,
197,694,Sierra Leone,866,Cattle,1980,348000,E,,,,
200,702,Singapore,866,Cattle,1980,1000,E,,,,
25,90,Solomon Islands,866,Cattle,1980,22995,A,,,,
201,706,Somalia,866,Cattle,1980,4358000,A,,,,
202,710,South Africa,866,Cattle,1980,13575000,A,,,,
203,724,Spain,866,Cattle,1980,4679000,A,,,,
38,144,Sri Lanka,866,Cattle,1980,1644300,A,,,,
207,740,Suriname,866,Cattle,1980,46213,A,,,,
210,752,Sweden,866,Cattle,1980,1935022,A,,,,
211,756,Switzerland,866,Cattle,1980,2030600,A,,,,
212,760,Syrian Arab Republic,866,Cattle,1980,767931,A,,,,
216,764,Thailand,866,Cattle,1980,3938221,A,,,,
176,626,Timor-Leste,866,Cattle,1980,30700,X,,,,
217,768,Togo,866,Cattle,1980,220856,A,,,,
219,776,Tonga,866,Cattle,1980,10000,A,,,,
220,780,Trinidad and Tobago,866,Cattle,1980,77000,E,,,,
222,788,Tunisia,866,Cattle,1980,599000,A,,,,
223,792,Türkiye,866,Cattle,1980,15567000,A,,,,
226,800,Uganda,866,Cattle,1980,4770600,A,,,,
225,784,United Arab Emirates,866,Cattle,1980,25665,A,,,,
229,826,United Kingdom of Great Britain and Northern Ireland,866,Cattle,1980,13363000,A,,,,
215,834,United Republic of Tanzania,866,Cattle,1980,12577600,A,,,,
231,840,United States of America,866,Cattle,1980,111242000,A,,,,
234,858,Uruguay,866,Cattle,1980,11173000,A,,,,
155,548,Vanuatu,866,Cattle,1980,94000,E,,,,
236,862,Venezuela (Bolivarian Republic of),866,Cattle,1980,10539000,A,,,,
237,704,Viet Nam,866,Cattle,1980,1664200,A,,,,
249,887,Yemen,866,Cattle,1980,973000,A,,,,
251,894,Zambia,866,Cattle,1980,2181214,A,,,,
181,716,Zimbabwe,866,Cattle,1980,5279000,A,,,,
69,254,French Guiana,866,Cattle,1981,8100,A,,,,
206,736,Sudan (former),866,Cattle,1981,19474000,A,,,,
228,810,USSR,866,Cattle,1981,115057008,A,,,,
62,230,Ethiopia PDR,866,Cattle,1981,26100000,E,,,,
87,312,Guadeloupe,866,Cattle,1981,92000,A,,,,
15,58,Belgium-Luxembourg,866,Cattle,1981,3116000,A,,,,
248,890,Yugoslav SFR,866,Cattle,1981,5474000,A,,,,
182,638,Réunion,866,Cattle,1981,19890,A,,,,
51,200,Czechoslovakia,866,Cattle,1981,5001574,A,,,,
135,474,Martinique,866,Cattle,1981,60000,A,,,,
2,4,Afghanistan,866,Cattle,1981,3750000,A,,,,
3,8,Albania,866,Cattle,1981,610000,E,,,,
4,12,Algeria,866,Cattle,1981,1376400,A,,,,
7,24,Angola,866,Cattle,1981,3150000,E,,,,
8,28,Antigua and Barbuda,866,Cattle,1981,15000,A,,,,
9,32,Argentina,866,Cattle,1981,54234800,A,,,,
10,36,Australia,866,Cattle,1981,25167984,A,,,,
11,40,Austria,866,Cattle,1981,2516872,A,,,,
12,44,Bahamas,866,Cattle,1981,1000,E,,,,
13,48,Bahrain,866,Cattle,1981,5570,A,,,,
16,50,Bangladesh,866,Cattle,1981,21863008,A,,,,
14,52,Barbados,866,Cattle,1981,19000,E,,,,
23,84,Belize,866,Cattle,1981,50000,X,,,,
53,204,Benin,866,Cattle,1981,853859,A,,,,
18,64,Bhutan,866,Cattle,1981,304047,A,,,,
19,68,Bolivia (Plurinational State of),866,Cattle,1981,4487800,A,,,,
20,72,Botswana,866,Cattle,1981,2967000,A,,,,
21,76,Brazil,866,Cattle,1981,121785008,A,,,,
26,96,Brunei Darussalam,866,Cattle,1981,3000,X,,,,
27,100,Bulgaria,866,Cattle,1981,1795669,A,,,,
233,854,Burkina Faso,866,Cattle,1981,2815000,A,,,,
29,108,Burundi,866,Cattle,1981,421600,A,,,,
35,132,Cabo Verde,866,Cattle,1981,12000,A,,,,
115,116,Cambodia,866,Cattle,1981,917000,A,,,,
32,120,Cameroon,866,Cattle,1981,3782385,A,,,,
33,124,Canada,866,Cattle,1981,12166000,A,,,,
37,140,Central African Republic,866,Cattle,1981,1735000,A,,,,
39,148,Chad,866,Cattle,1981,4290000,E,,,,
40,152,Chile,866,Cattle,1981,3750000,A,,,,
96,344,"China, Hong Kong SAR",866,Cattle,1981,5200,A,,,,
214,158,"China, Taiwan Province of",866,Cattle,1981,80124,A,,,,
41,156,"China, mainland",866,Cattle,1981,52515008,A,,,,
44,170,Colombia,866,Cattle,1981,24251040,A,,,,
45,174,Comoros,866,Cattle,1981,68000,E,,,,
46,178,Congo,866,Cattle,1981,62609,A,,,,
47,184,Cook Islands,866,Cattle,1981,210,E,,,,
48,188,Costa Rica,866,Cattle,1981,2275010,A,,,,
49,192,Cuba,866,Cattle,1981,5057200,A,,,,
50,196,Cyprus,866,Cattle,1981,24400,A,,,,
107,384,Côte d'Ivoire,866,Cattle,1981,696000,A,,,,
116,408,Democratic People's Republic of Korea,866,Cattle,1981,960000,E,,,,
250,180,Democratic Republic of the Congo,866,Cattle,1981,1179000,A,,,,
54,208,Denmark,866,Cattle,1981,2914000,A,,,,
72,262,Djibouti,866,Cattle,1981,55000,E,,,,
55,212,Dominica,866,Cattle,1981,7500,E,,,,
56,214,Dominican Republic,866,Cattle,1981,1809806,A,,,,
58,218,Ecuador,866,Cattle,1981,3110060,A,,,,
59,818,Egypt,866,Cattle,1981,1852407,A,,,,
60,222,El Salvador,866,Cattle,1981,1105700,A,,,,
61,226,Equatorial Guinea,866,Cattle,1981,4200,E,,,,
209,748,Eswatini,866,Cattle,1981,655692,A,,,,
64,234,Faroe Islands,866,Cattle,1981,2152,A,,,,
66,242,Fiji,866,Cattle,1981,219000,E,,,,
67,246,Finland,866,Cattle,1981,1752900,A,,,,
68,250,France,866,Cattle,1981,23650000,A,,,,
70,258,French Polynesia,866,Cattle,1981,9000,A,,,,
74,266,Gabon,866,Cattle,1981,5400,E,,,,
75,270,Gambia,866,Cattle,1981,295000,E,,,,
79,276,Germany,866,Cattle,1981,20791952,A,,,,
81,288,Ghana,866,Cattle,1981,828000,A,,,,
84,300,Greece,866,Cattle,1981,880833,A,,,,
86,308,Grenada,866,Cattle,1981,6300,E,,,,
89,320,Guatemala,866,Cattle,1981,2096200,A,,,,
90,324,Guinea,866,Cattle,1981,1500000,E,,,,
175,624,Guinea-Bissau,866,Cattle,1981,297000,E,,,,
91,328,Guyana,866,Cattle,1981,160000,E,,,,
93,332,Haiti,866,Cattle,1981,1100000,X,,,,
95,340,Honduras,866,Cattle,1981,2020186,A,,,,
97,348,Hungary,866,Cattle,1981,1918000,A,,,,
99,352,Iceland,866,Cattle,1981,59933,A,,,,
100,356,India,866,Cattle,1981,188700000,X,,,,
101,360,Indonesia,866,Cattle,1981,6516000,A,,,,
102,364,Iran (Islamic Republic of),866,Cattle,1981,5660720,A,,,,
103,368,Iraq,866,Cattle,1981,1670000,E,,,,
104,372,Ireland,866,Cattle,1981,5825500,A,,,,
105,376,Israel,866,Cattle,1981,291100,A,,,,
106,380,Italy,866,Cattle,1981,8733600,A,,,,
109,388,Jamaica,866,Cattle,1981,275000,E,,,,
110,392,Japan,866,Cattle,1981,4385000,A,,,,
112,400,Jordan,866,Cattle,1981,28000,A,,,,
114,404,Kenya,866,Cattle,1981,9800000,A,,,,
118,414,Kuwait,866,Cattle,1981,20000,E,,,,
120,418,Lao People's Democratic Republic,866,Cattle,1981,454970,A,,,,
121,422,Lebanon,866,Cattle,1981,56000,A,,,,
122,426,Lesotho,866,Cattle,1981,589976,A,,,,
123,430,Liberia,866,Cattle,1981,40000,E,,,,
124,434,Libya,866,Cattle,1981,132000,A,,,,
129,450,Madagascar,866,Cattle,1981,10241000,A,,,,
130,454,Malawi,866,Cattle,1981,870576,A,,,,
131,458,Malaysia,866,Cattle,1981,557760,A,,,,
133,466,Mali,866,Cattle,1981,6396000,A,,,,
134,470,Malta,866,Cattle,1981,11385,A,,,,
136,478,Mauritania,866,Cattle,1981,1397000,A,,,,
137,480,Mauritius,866,Cattle,1981,27000,E,,,,
138,484,Mexico,866,Cattle,1981,28883008,A,,,,
141,496,Mongolia,866,Cattle,1981,2397100,A,,,,
143,504,Morocco,866,Cattle,1981,3247870,A,,,,
144,508,Mozambique,866,Cattle,1981,1420000,E,,,,
28,104,Myanmar,866,Cattle,1981,8857000,A,,,,
147,516,Namibia,866,Cattle,1981,2082672,A,,,,
149,524,Nepal,866,Cattle,1981,6930000,A,,,,
150,528,Netherlands (Kingdom of the),866,Cattle,1981,5191497,A,,,,
153,540,New Caledonia,866,Cattle,1981,110000,A,,,,
156,554,New Zealand,866,Cattle,1981,8035468,A,,,,
157,558,Nicaragua,866,Cattle,1981,2323557,A,,,,
158,562,Niger,866,Cattle,1981,4648830,A,,,,
159,566,Nigeria,866,Cattle,1981,12214000,A,,,,
160,570,Niue,866,Cattle,1981,500,A,,,,
162,578,Norway,866,Cattle,1981,1014500,A,,,,
221,512,Oman,866,Cattle,1981,146468,A,,,,
165,586,Pakistan,866,Cattle,1981,15774000,A,,,,
166,591,Panama,866,Cattle,1981,1432740,A,,,,
168,598,Papua New Guinea,866,Cattle,1981,128264,A,,,,
169,600,Paraguay,866,Cattle,1981,6341384,A,,,,
170,604,Peru,866,Cattle,1981,4289000,A,,,,
171,608,Philippines,866,Cattle,1981,1939950,A,,,,
173,616,Poland,866,Cattle,1981,11796974,A,,,,
174,620,Portugal,866,Cattle,1981,1379000,X,,,,
177,630,Puerto Rico,866,Cattle,1981,488600,A,,,,
179,634,Qatar,866,Cattle,1981,9805,A,,,,
117,410,Republic of Korea,866,Cattle,1981,1505930,A,,,,
183,642,Romania,866,Cattle,1981,6485000,A,,,,
184,646,Rwanda,866,Cattle,1981,610627,A,,,,
188,659,Saint Kitts and Nevis,866,Cattle,1981,5000,E,,,,
189,662,Saint Lucia,866,Cattle,1981,10574,A,,,,
191,670,Saint Vincent and the Grenadines,866,Cattle,1981,7600,E,,,,
244,882,Samoa,866,Cattle,1981,24564,A,,,,
193,678,Sao Tome and Principe,866,Cattle,1981,2900,E,,,,
194,682,Saudi Arabia,866,Cattle,1981,350000,E,,,,
195,686,Senegal,866,Cattle,1981,2261000,A,,,,
196,690,Seychelles,866,Cattle,1981,2691,A,,,,
197,694,Sierra Leone,866,Cattle,1981,360000,E,,,,
200,702,Singapore,866,Cattle,1981,1000,E,,,,
25,90,Solomon Islands,866,Cattle,1981,23336,A,,,,
201,706,Somalia,866,Cattle,1981,4473000,A,,,,
202,710,South Africa,866,Cattle,1981,12900000,A,,,,
203,724,Spain,866,Cattle,1981,4531084,A,,,,
38,144,Sri Lanka,866,Cattle,1981,1720400,A,,,,
207,740,Suriname,866,Cattle,1981,51230,A,,,,
210,752,Sweden,866,Cattle,1981,1938800,A,,,,
211,756,Switzerland,866,Cattle,1981,1954300,A,,,,
212,760,Syrian Arab Republic,866,Cattle,1981,807000,A,,,,
216,764,Thailand,866,Cattle,1981,4468796,A,,,,
176,626,Timor-Leste,866,Cattle,1981,30000,E,,,,
217,768,Togo,866,Cattle,1981,237464,A,,,,
219,776,Tonga,866,Cattle,1981,10800,A,,,,
220,780,Trinidad and Tobago,866,Cattle,1981,76000,E,,,,
222,788,Tunisia,866,Cattle,1981,586000,A,,,,
223,792,Türkiye,866,Cattle,1981,15894000,A,,,,
226,800,Uganda,866,Cattle,1981,4745400,A,,,,
225,784,United Arab Emirates,866,Cattle,1981,26832,A,,,,
229,826,United Kingdom of Great Britain and Northern Ireland,866,Cattle,1981,13062000,A,,,,
215,834,United Republic of Tanzania,866,Cattle,1981,12881028,A,,,,
231,840,United States of America,866,Cattle,1981,114351008,A,,,,
234,858,Uruguay,866,Cattle,1981,11420838,A,,,,
155,548,Vanuatu,866,Cattle,1981,93000,E,,,,
236,862,Venezuela (Bolivarian Republic of),866,Cattle,1981,10792300,A,,,,
237,704,Viet Nam,866,Cattle,1981,1772600,A,,,,
249,887,Yemen,866,Cattle,1981,999611,A,,,,
251,894,Zambia,866,Cattle,1981,2317933,A,,,,
181,716,Zimbabwe,866,Cattle,1981,5286000,A,,,,
15,58,Belgium-Luxembourg,866,Cattle,1982,3072000,A,,,,
69,254,French Guiana,866,Cattle,1982,9290,A,,,,
248,890,Yugoslav SFR,866,Cattle,1982,5464000,A,,,,
87,312,Guadeloupe,866,Cattle,1982,90000,A,,,,
135,474,Martinique,866,Cattle,1982,52000,A,,,,
228,810,USSR,866,Cattle,1982,115919008,A,,,,
62,230,Ethiopia PDR,866,Cattle,1982,26200000,E,,,,
51,200,Czechoslovakia,866,Cattle,1982,5103327,A,,,,
182,638,Réunion,866,Cattle,1982,19380,A,,,,
206,736,Sudan (former),866,Cattle,1982,20662000,A,,,,
2,4,Afghanistan,866,Cattle,1982,3740000,A,,,,
3,8,Albania,866,Cattle,1982,610000,E,,,,
4,12,Algeria,866,Cattle,1982,1501000,A,,,,
7,24,Angola,866,Cattle,1982,3200000,E,,,,
8,28,Antigua and Barbuda,866,Cattle,1982,16000,A,,,,
9,32,Argentina,866,Cattle,1982,52650000,A,,,,
10,36,Australia,866,Cattle,1982,24552800,A,,,,
11,40,Austria,866,Cattle,1982,2530232,A,,,,
12,44,Bahamas,866,Cattle,1982,1000,E,,,,
13,48,Bahrain,866,Cattle,1982,6000,A,,,,
16,50,Bangladesh,866,Cattle,1982,22174000,A,,,,
14,52,Barbados,866,Cattle,1982,17500,E,,,,
23,84,Belize,866,Cattle,1982,50000,E,,,,
53,204,Benin,866,Cattle,1982,879746,A,,,,
18,64,Bhutan,866,Cattle,1982,321234,A,,,,
19,68,Bolivia (Plurinational State of),866,Cattle,1982,4601600,A,,,,
20,72,Botswana,866,Cattle,1982,2979000,A,,,,
21,76,Brazil,866,Cattle,1982,123488000,A,,,,
26,96,Brunei Darussalam,866,Cattle,1982,2000,X,,,,
27,100,Bulgaria,866,Cattle,1982,1806885,A,,,,
233,854,Burkina Faso,866,Cattle,1982,2871000,A,,,,
29,108,Burundi,866,Cattle,1982,430600,A,,,,
35,132,Cabo Verde,866,Cattle,1982,12930,A,,,,
115,116,Cambodia,866,Cattle,1982,1143000,A,,,,
32,120,Cameroon,866,Cattle,1982,3511900,A,,,,
33,124,Canada,866,Cattle,1982,12162000,A,,,,
37,140,Central African Republic,866,Cattle,1982,1865000,A,,,,
39,148,Chad,866,Cattle,1982,4518000,E,,,,
40,152,Chile,866,Cattle,1982,3800000,A,,,,
96,344,"China, Hong Kong SAR",866,Cattle,1982,4380,A,,,,
214,158,"China, Taiwan Province of",866,Cattle,1982,78426,A,,,,
41,156,"China, mainland",866,Cattle,1982,53833008,A,,,,
44,170,Colombia,866,Cattle,1982,24499296,A,,,,
45,174,Comoros,866,Cattle,1982,65000,E,,,,
46,178,Congo,866,Cattle,1982,68187,A,,,,
47,184,Cook Islands,866,Cattle,1982,215,E,,,,
48,188,Costa Rica,866,Cattle,1982,2276300,A,,,,
49,192,Cuba,866,Cattle,1982,5095100,A,,,,
50,196,Cyprus,866,Cattle,1982,27231,A,,,,
107,384,Côte d'Ivoire,866,Cattle,1982,765000,A,,,,
116,408,Democratic People's Republic of Korea,866,Cattle,1982,970000,E,,,,
250,180,Democratic Republic of the Congo,866,Cattle,1982,1205000,A,,,,
54,208,Denmark,866,Cattle,1982,2862000,A,,,,
72,262,Djibouti,866,Cattle,1982,65000,E,,,,
55,212,Dominica,866,Cattle,1982,7800,E,,,,
56,214,Dominican Republic,866,Cattle,1982,1968572,A,,,,
58,218,Ecuador,866,Cattle,1982,3220910,A,,,,
59,818,Egypt,866,Cattle,1982,1825705,A,,,,
60,222,El Salvador,866,Cattle,1982,964000,A,,,,
61,226,Equatorial Guinea,866,Cattle,1982,4200,E,,,,
209,748,Eswatini,866,Cattle,1982,636036,A,,,,
64,234,Faroe Islands,866,Cattle,1982,2199,A,,,,
66,242,Fiji,866,Cattle,1982,226000,E,,,,
67,246,Finland,866,Cattle,1982,1705100,A,,,,
68,250,France,866,Cattle,1982,23493008,A,,,,
70,258,French Polynesia,866,Cattle,1982,7600,A,,,,
74,266,Gabon,866,Cattle,1982,6200,X,,,,
75,270,Gambia,866,Cattle,1982,297000,E,,,,
79,276,Germany,866,Cattle,1982,20741296,A,,,,
81,288,Ghana,866,Cattle,1982,924000,A,,,,
84,300,Greece,866,Cattle,1982,830258,A,,,,
86,308,Grenada,866,Cattle,1982,6150,E,,,,
89,320,Guatemala,866,Cattle,1982,1959000,A,,,,
90,324,Guinea,866,Cattle,1982,1500000,E,,,,
175,624,Guinea-Bissau,866,Cattle,1982,304000,E,,,,
91,328,Guyana,866,Cattle,1982,168000,A,,,,
93,332,Haiti,866,Cattle,1982,1200000,X,,,,
95,340,Honduras,866,Cattle,1982,2052711,A,,,,
97,348,Hungary,866,Cattle,1982,1944500,A,,,,
99,352,Iceland,866,Cattle,1982,60366,A,,,,
100,356,India,866,Cattle,1982,192453008,A,,,,
101,360,Indonesia,866,Cattle,1982,6594000,A,,,,
102,364,Iran (Islamic Republic of),866,Cattle,1982,5103000,A,,,,
103,368,Iraq,866,Cattle,1982,1675000,E,,,,
104,372,Ireland,866,Cattle,1982,5763200,A,,,,
105,376,Israel,866,Cattle,1982,298300,A,,,,
106,380,Italy,866,Cattle,1982,8796900,A,,,,
109,388,Jamaica,866,Cattle,1982,300000,E,,,,
110,392,Japan,866,Cattle,1982,4485000,A,,,,
112,400,Jordan,866,Cattle,1982,27500,A,,,,
114,404,Kenya,866,Cattle,1982,11000000,E,,,,
118,414,Kuwait,866,Cattle,1982,25000,E,,,,
120,418,Lao People's Democratic Republic,866,Cattle,1982,472700,A,,,,
121,422,Lebanon,866,Cattle,1982,54000,A,,,,
122,426,Lesotho,866,Cattle,1982,562372,A,,,,
123,430,Liberia,866,Cattle,1982,41000,E,,,,
124,434,Libya,866,Cattle,1982,130000,A,,,,
129,450,Madagascar,866,Cattle,1982,10281000,A,,,,
130,454,Malawi,866,Cattle,1982,887032,A,,,,
131,458,Malaysia,866,Cattle,1982,566422,A,,,,
133,466,Mali,866,Cattle,1982,6663000,A,,,,
134,470,Malta,866,Cattle,1982,12087,A,,,,
136,478,Mauritania,866,Cattle,1982,1500000,A,,,,
137,480,Mauritius,866,Cattle,1982,27000,E,,,,
138,484,Mexico,866,Cattle,1982,29645008,A,,,,
141,496,Mongolia,866,Cattle,1982,2376300,A,,,,
143,504,Morocco,866,Cattle,1982,2536530,A,,,,
144,508,Mozambique,866,Cattle,1982,1350000,E,,,,
28,104,Myanmar,866,Cattle,1982,9148000,A,,,,
147,516,Namibia,866,Cattle,1982,1917671,A,,,,
149,524,Nepal,866,Cattle,1982,6950000,A,,,,
150,528,Netherlands (Kingdom of the),866,Cattle,1982,5240687,A,,,,
153,540,New Caledonia,866,Cattle,1982,100000,A,,,,
156,554,New Zealand,866,Cattle,1982,7912303,A,,,,
157,558,Nicaragua,866,Cattle,1982,2379475,A,,,,
158,562,Niger,866,Cattle,1982,4956360,A,,,,
159,566,Nigeria,866,Cattle,1982,12386000,A,,,,
160,570,Niue,866,Cattle,1982,500,A,,,,
162,578,Norway,866,Cattle,1982,1009000,A,,,,
221,512,Oman,866,Cattle,1982,125886,A,,,,
165,586,Pakistan,866,Cattle,1982,15964000,A,,,,
166,591,Panama,866,Cattle,1982,1456600,A,,,,
168,598,Papua New Guinea,866,Cattle,1982,123000,X,,,,
169,600,Paraguay,866,Cattle,1982,6551693,A,,,,
170,604,Peru,866,Cattle,1982,4263900,A,,,,
171,608,Philippines,866,Cattle,1982,1941650,A,,,,
173,616,Poland,866,Cattle,1982,11911693,A,,,,
174,620,Portugal,866,Cattle,1982,1369000,X,,,,
177,630,Puerto Rico,866,Cattle,1982,535840,A,,,,
179,634,Qatar,866,Cattle,1982,4270,A,,,,
117,410,Republic of Korea,866,Cattle,1982,1753892,A,,,,
183,642,Romania,866,Cattle,1982,6302900,A,,,,
184,646,Rwanda,866,Cattle,1982,626615,A,,,,
188,659,Saint Kitts and Nevis,866,Cattle,1982,5000,E,,,,
189,662,Saint Lucia,866,Cattle,1982,11103,A,,,,
191,670,Saint Vincent and the Grenadines,866,Cattle,1982,7700,E,,,,
244,882,Samoa,866,Cattle,1982,22957,A,,,,
193,678,Sao Tome and Principe,866,Cattle,1982,3000,E,,,,
194,682,Saudi Arabia,866,Cattle,1982,300000,E,,,,
195,686,Senegal,866,Cattle,1982,2329000,A,,,,
196,690,Seychelles,866,Cattle,1982,2300,E,,,,
197,694,Sierra Leone,866,Cattle,1982,375000,A,,,,
200,702,Singapore,866,Cattle,1982,1000,A,,,,
25,90,Solomon Islands,866,Cattle,1982,23671,A,,,,
201,706,Somalia,866,Cattle,1982,4574000,A,,,,
202,710,South Africa,866,Cattle,1982,12900000,A,,,,
203,724,Spain,866,Cattle,1982,5075000,A,,,,
38,144,Sri Lanka,866,Cattle,1982,1698600,A,,,,
207,740,Suriname,866,Cattle,1982,53362,A,,,,
210,752,Sweden,866,Cattle,1982,1937551,A,,,,
211,756,Switzerland,866,Cattle,1982,1944500,A,,,,
212,760,Syrian Arab Republic,866,Cattle,1982,791000,A,,,,
216,764,Thailand,866,Cattle,1982,4578699,A,,,,
176,626,Timor-Leste,866,Cattle,1982,35000,E,,,,
217,768,Togo,866,Cattle,1982,244005,A,,,,
219,776,Tonga,866,Cattle,1982,9987,A,,,,
220,780,Trinidad and Tobago,866,Cattle,1982,72000,E,,,,
222,788,Tunisia,866,Cattle,1982,569400,A,,,,
223,792,Türkiye,866,Cattle,1982,15981000,A,,,,
226,800,Uganda,866,Cattle,1982,4821100,A,,,,
225,784,United Arab Emirates,866,Cattle,1982,28400,X,,,,
229,826,United Kingdom of Great Britain and Northern Ireland,866,Cattle,1982,13244000,A,,,,
215,834,United Republic of Tanzania,866,Cattle,1982,13177292,A,,,,
231,840,United States of America,866,Cattle,1982,115444000,A,,,,
234,858,Uruguay,866,Cattle,1982,11236590,A,,,,
155,548,Vanuatu,866,Cattle,1982,96000,E,,,,
236,862,Venezuela (Bolivarian Republic of),866,Cattle,1982,11051700,A,,,,
237,704,Viet Nam,866,Cattle,1982,1944400,A,,,,
249,887,Yemen,866,Cattle,1982,1019642,A,,,,
251,894,Zambia,866,Cattle,1982,2456102,A,,,,
181,716,Zimbabwe,866,Cattle,1982,5662000,A,,,,
62,230,Ethiopia PDR,866,Cattle,1983,27000000,A,,,,
182,638,Réunion,866,Cattle,1983,19330,A,,,,
15,58,Belgium-Luxembourg,866,Cattle,1983,3115000,A,,,,
248,890,Yugoslav SFR,866,Cattle,1983,5351000,A,,,,
206,736,Sudan (former),866,Cattle,1983,20500000,A,,,,
135,474,Martinique,866,Cattle,1983,42000,A,,,,
69,254,French Guiana,866,Cattle,1983,11700,A,,,,
51,200,Czechoslovakia,866,Cattle,1983,5130860,A,,,,
87,312,Guadeloupe,866,Cattle,1983,90000,A,,,,
228,810,USSR,866,Cattle,1983,117186000,A,,,,
2,4,Afghanistan,866,Cattle,1983,3500000,E,,,,
3,8,Albania,866,Cattle,1983,620000,E,,,,
4,12,Algeria,866,Cattle,1983,1649000,A,,,,
7,24,Angola,866,Cattle,1983,3250000,E,,,,
8,28,Antigua and Barbuda,866,Cattle,1983,16000,A,,,,
9,32,Argentina,866,Cattle,1983,53790000,A,,,,
10,36,Australia,866,Cattle,1983,22478336,A,,,,
11,40,Austria,866,Cattle,1983,2546280,A,,,,
12,44,Bahamas,866,Cattle,1983,1100,E,,,,
13,48,Bahrain,866,Cattle,1983,6000,A,,,,
16,50,Bangladesh,866,Cattle,1983,22490000,A,,,,
14,52,Barbados,866,Cattle,1983,18000,E,,,,
23,84,Belize,866,Cattle,1983,50000,E,,,,
53,204,Benin,866,Cattle,1983,906300,A,,,,
18,64,Bhutan,866,Cattle,1983,339438,A,,,,
19,68,Bolivia (Plurinational State of),866,Cattle,1983,5616600,A,,,,
20,72,Botswana,866,Cattle,1983,2818000,A,,,,
21,76,Brazil,866,Cattle,1983,124186000,A,,,,
26,96,Brunei Darussalam,866,Cattle,1983,2000,X,,,,
27,100,Bulgaria,866,Cattle,1983,1782649,A,,,,
233,854,Burkina Faso,866,Cattle,1983,2928000,A,,,,
29,108,Burundi,866,Cattle,1983,408800,A,,,,
35,132,Cabo Verde,866,Cattle,1983,9000,A,,,,
115,116,Cambodia,866,Cattle,1983,1271000,A,,,,
32,120,Cameroon,866,Cattle,1983,3430900,A,,,,
33,124,Canada,866,Cattle,1983,11861000,A,,,,
37,140,Central African Republic,866,Cattle,1983,2137362,A,,,,
39,148,Chad,866,Cattle,1983,4757000,E,,,,
40,152,Chile,866,Cattle,1983,3780000,A,,,,
96,344,"China, Hong Kong SAR",866,Cattle,1983,3200,A,,,,
214,158,"China, Taiwan Province of",866,Cattle,1983,82328,A,,,,
41,156,"China, mainland",866,Cattle,1983,56926000,A,,,,
44,170,Colombia,866,Cattle,1983,24000000,X,,,,
45,174,Comoros,866,Cattle,1983,60000,E,,,,
46,178,Congo,866,Cattle,1983,73238,A,,,,
47,184,Cook Islands,866,Cattle,1983,220,E,,,,
48,188,Costa Rica,866,Cattle,1983,2364800,A,,,,
49,192,Cuba,866,Cattle,1983,5112300,A,,,,
50,196,Cyprus,866,Cattle,1983,31039,A,,,,
107,384,Côte d'Ivoire,866,Cattle,1983,780000,A,,,,
116,408,Democratic People's Republic of Korea,866,Cattle,1983,1000000,E,,,,
250,180,Democratic Republic of the Congo,866,Cattle,1983,1225000,A,,,,
54,208,Denmark,866,Cattle,1983,2852000,A,,,,
72,262,Djibouti,866,Cattle,1983,75000,E,,,,
55,212,Dominica,866,Cattle,1983,8000,E,,,,
56,214,Dominican Republic,866,Cattle,1983,2154138,A,,,,
58,218,Ecuador,866,Cattle,1983,3270300,A,,,,
59,818,Egypt,866,Cattle,1983,1772000,A,,,,
60,222,El Salvador,866,Cattle,1983,936800,A,,,,
61,226,Equatorial Guinea,866,Cattle,1983,4300,E,,,,
209,748,Eswatini,866,Cattle,1983,642447,A,,,,
64,234,Faroe Islands,866,Cattle,1983,2255,A,,,,
66,242,Fiji,866,Cattle,1983,233000,E,,,,
67,246,Finland,866,Cattle,1983,1662100,A,,,,
68,250,France,866,Cattle,1983,23656000,A,,,,
70,258,French Polynesia,866,Cattle,1983,6300,A,,,,
74,266,Gabon,866,Cattle,1983,5683,A,,,,
75,270,Gambia,866,Cattle,1983,295000,E,,,,
79,276,Germany,866,Cattle,1983,20788576,A,,,,
81,288,Ghana,866,Cattle,1983,1000000,E,,,,
84,300,Greece,866,Cattle,1983,791995,A,,,,
86,308,Grenada,866,Cattle,1983,6000,A,,,,
89,320,Guatemala,866,Cattle,1983,2184900,A,,,,
90,324,Guinea,866,Cattle,1983,1500000,E,,,,
175,624,Guinea-Bissau,866,Cattle,1983,311000,E,,,,
91,328,Guyana,866,Cattle,1983,163000,E,,,,
93,332,Haiti,866,Cattle,1983,1250000,E,,,,
95,340,Honduras,866,Cattle,1983,2496798,A,,,,
97,348,Hungary,866,Cattle,1983,1921800,A,,,,
99,352,Iceland,866,Cattle,1983,68540,A,,,,
100,356,India,866,Cattle,1983,193797008,X,,,,
101,360,Indonesia,866,Cattle,1983,8894000,A,,,,
102,364,Iran (Islamic Republic of),866,Cattle,1983,5400000,E,,,,
103,368,Iraq,866,Cattle,1983,1685000,E,,,,
104,372,Ireland,866,Cattle,1983,5795200,A,,,,
105,376,Israel,866,Cattle,1983,305900,A,,,,
106,380,Italy,866,Cattle,1983,7550000,A,,,,
109,388,Jamaica,866,Cattle,1983,340000,E,,,,
110,392,Japan,866,Cattle,1983,4590000,A,,,,
112,400,Jordan,866,Cattle,1983,30000,A,,,,
114,404,Kenya,866,Cattle,1983,12500000,E,,,,
118,414,Kuwait,866,Cattle,1983,24000,E,,,,
120,418,Lao People's Democratic Republic,866,Cattle,1983,486000,A,,,,
121,422,Lebanon,866,Cattle,1983,50000,A,,,,
122,426,Lesotho,866,Cattle,1983,537517,A,,,,
123,430,Liberia,866,Cattle,1983,42000,E,,,,
124,434,Libya,866,Cattle,1983,170000,A,,,,
129,450,Madagascar,866,Cattle,1983,10322000,A,,,,
130,454,Malawi,866,Cattle,1983,907959,A,,,,
131,458,Malaysia,866,Cattle,1983,585575,A,,,,
133,466,Mali,866,Cattle,1983,5676000,A,,,,
134,470,Malta,866,Cattle,1983,12794,A,,,,
136,478,Mauritania,866,Cattle,1983,1200000,A,,,,
137,480,Mauritius,866,Cattle,1983,25485,A,,,,
138,484,Mexico,866,Cattle,1983,30077008,A,,,,
141,496,Mongolia,866,Cattle,1983,2395500,A,,,,
143,504,Morocco,866,Cattle,1983,2430900,A,,,,
144,508,Mozambique,866,Cattle,1983,1280000,E,,,,
28,104,Myanmar,866,Cattle,1983,9339000,A,,,,
147,516,Namibia,866,Cattle,1983,1863480,A,,,,
149,524,Nepal,866,Cattle,1983,6750000,E,,,,
150,528,Netherlands (Kingdom of the),866,Cattle,1983,5410889,A,,,,
153,540,New Caledonia,866,Cattle,1983,120898,A,,,,
156,554,New Zealand,866,Cattle,1983,7630482,A,,,,
157,558,Nicaragua,866,Cattle,1983,2116000,X,,,,
158,562,Niger,866,Cattle,1983,5267870,A,,,,
159,566,Nigeria,866,Cattle,1983,12584000,A,,,,
160,570,Niue,866,Cattle,1983,500,E,,,,
162,578,Norway,866,Cattle,1983,989000,A,,,,
221,512,Oman,866,Cattle,1983,120000,A,,,,
165,586,Pakistan,866,Cattle,1983,16157000,A,,,,
166,591,Panama,866,Cattle,1983,1459000,A,,,,
168,598,Papua New Guinea,866,Cattle,1983,122000,X,,,,
169,600,Paraguay,866,Cattle,1983,6650689,A,,,,
170,604,Peru,866,Cattle,1983,4030000,A,,,,
171,608,Philippines,866,Cattle,1983,1937520,A,,,,
173,616,Poland,866,Cattle,1983,11269395,A,,,,
174,620,Portugal,866,Cattle,1983,1302000,X,,,,
177,630,Puerto Rico,866,Cattle,1983,576312,A,,,,
179,634,Qatar,866,Cattle,1983,5011,A,,,,
117,410,Republic of Korea,866,Cattle,1983,2215000,A,,,,
183,642,Romania,866,Cattle,1983,6246100,A,,,,
184,646,Rwanda,866,Cattle,1983,647090,A,,,,
188,659,Saint Kitts and Nevis,866,Cattle,1983,5000,E,,,,
189,662,Saint Lucia,866,Cattle,1983,11658,A,,,,
191,670,Saint Vincent and the Grenadines,866,Cattle,1983,8000,E,,,,
244,882,Samoa,866,Cattle,1983,21456,A,,,,
193,678,Sao Tome and Principe,866,Cattle,1983,3100,E,,,,
194,682,Saudi Arabia,866,Cattle,1983,278827,A,,,,
195,686,Senegal,866,Cattle,1983,2200000,A,,,,
196,690,Seychelles,866,Cattle,1983,2000,E,,,,
197,694,Sierra Leone,866,Cattle,1983,350880,A,,,,
200,702,Singapore,866,Cattle,1983,1000,A,,,,
25,90,Solomon Islands,866,Cattle,1983,22906,A,,,,
201,706,Somalia,866,Cattle,1983,4201000,A,,,,
202,710,South Africa,866,Cattle,1983,13100000,A,,,,
203,724,Spain,866,Cattle,1983,5017000,A,,,,
38,144,Sri Lanka,866,Cattle,1983,1699800,A,,,,
207,740,Suriname,866,Cattle,1983,55701,A,,,,
210,752,Sweden,866,Cattle,1983,1901916,A,,,,
211,756,Switzerland,866,Cattle,1983,1932897,A,,,,
212,760,Syrian Arab Republic,866,Cattle,1983,767000,A,,,,
216,764,Thailand,866,Cattle,1983,4832570,A,,,,
176,626,Timor-Leste,866,Cattle,1983,40000,E,,,,
217,768,Togo,866,Cattle,1983,224419,A,,,,
219,776,Tonga,866,Cattle,1983,7762,A,,,,
220,780,Trinidad and Tobago,866,Cattle,1983,65000,E,,,,
222,788,Tunisia,866,Cattle,1983,599000,A,,,,
223,792,Türkiye,866,Cattle,1983,14484000,A,,,,
226,800,Uganda,866,Cattle,1983,4871300,A,,,,
225,784,United Arab Emirates,866,Cattle,1983,31000,A,,,,
229,826,United Kingdom of Great Britain and Northern Ireland,866,Cattle,1983,13290000,A,,,,
215,834,United Republic of Tanzania,866,Cattle,1983,13480367,A,,,,
231,840,United States of America,866,Cattle,1983,115001008,A,,,,
234,858,Uruguay,866,Cattle,1983,9704325,A,,,,
155,548,Vanuatu,866,Cattle,1983,99320,A,,,,
236,862,Venezuela (Bolivarian Republic of),866,Cattle,1983,11315000,A,,,,
237,704,Viet Nam,866,Cattle,1983,2173500,A,,,,
249,887,Yemen,866,Cattle,1983,1037647,A,,,,
251,894,Zambia,866,Cattle,1983,2334873,X,,,,
181,716,Zimbabwe,866,Cattle,1983,5547000,A,,,,
87,312,Guadeloupe,866,Cattle,1984,94000,A,,,,
206,736,Sudan (former),866,Cattle,1984,21033008,A,,,,
62,230,Ethiopia PDR,866,Cattle,1984,26000000,E,,,,
228,810,USSR,866,Cattle,1984,119558000,A,,,,
135,474,Martinique,866,Cattle,1984,41000,A,,,,
69,254,French Guiana,866,Cattle,1984,13500,A,,,,
51,200,Czechoslovakia,866,Cattle,1984,5189509,A,,,,
248,890,Yugoslav SFR,866,Cattle,1984,5341000,A,,,,
15,58,Belgium-Luxembourg,866,Cattle,1984,3184000,A,,,,
182,638,Réunion,866,Cattle,1984,18850,A,,,,
2,4,Afghanistan,866,Cattle,1984,2700000,E,,,,
3,8,Albania,866,Cattle,1984,610000,E,,,,
4,12,Algeria,866,Cattle,1984,1403900,A,,,,
7,24,Angola,866,Cattle,1984,3300000,E,,,,
8,28,Antigua and Barbuda,866,Cattle,1984,16000,E,,,,
9,32,Argentina,866,Cattle,1984,54569000,A,,,,
10,36,Australia,866,Cattle,1984,22161312,A,,,,
11,40,Austria,866,Cattle,1984,2633326,A,,,,
12,44,Bahamas,866,Cattle,1984,1100,E,,,,
13,48,Bahrain,866,Cattle,1984,6000,A,,,,
16,50,Bangladesh,866,Cattle,1984,21920176,A,,,,
14,52,Barbados,866,Cattle,1984,18500,E,,,,
23,84,Belize,866,Cattle,1984,50000,E,,,,
53,204,Benin,866,Cattle,1984,933500,A,,,,
18,64,Bhutan,866,Cattle,1984,358374,A,,,,
19,68,Bolivia (Plurinational State of),866,Cattle,1984,5214626,A,,,,
20,72,Botswana,866,Cattle,1984,2685300,A,,,,
21,76,Brazil,866,Cattle,1984,127655008,A,,,,
26,96,Brunei Darussalam,866,Cattle,1984,1000,X,,,,
27,100,Bulgaria,866,Cattle,1984,1777951,A,,,,
233,854,Burkina Faso,866,Cattle,1984,2986000,A,,,,
29,108,Burundi,866,Cattle,1984,414800,A,,,,
35,132,Cabo Verde,866,Cattle,1984,8000,A,,,,
115,116,Cambodia,866,Cattle,1984,1436000,A,,,,
32,120,Cameroon,866,Cattle,1984,3561000,A,,,,
33,124,Canada,866,Cattle,1984,11629400,A,,,,
37,140,Central African Republic,866,Cattle,1984,2043000,A,,,,
39,148,Chad,866,Cattle,1984,5010000,E,,,,
40,152,Chile,866,Cattle,1984,3650000,A,,,,
96,344,"China, Hong Kong SAR",866,Cattle,1984,2920,A,,,,
214,158,"China, Taiwan Province of",866,Cattle,1984,84718,A,,,,
41,156,"China, mainland",866,Cattle,1984,58935008,A,,,,
44,170,Colombia,866,Cattle,1984,23348848,A,,,,
45,174,Comoros,866,Cattle,1984,57000,E,,,,
46,178,Congo,866,Cattle,1984,65835,A,,,,
47,184,Cook Islands,866,Cattle,1984,225,E,,,,
48,188,Costa Rica,866,Cattle,1984,2429000,X,,,,
49,192,Cuba,866,Cattle,1984,5101000,A,,,,
50,196,Cyprus,866,Cattle,1984,34173,A,,,,
107,384,Côte d'Ivoire,866,Cattle,1984,820000,A,,,,
116,408,Democratic People's Republic of Korea,866,Cattle,1984,1025000,E,,,,
250,180,Democratic Republic of the Congo,866,Cattle,1984,1250000,A,,,,
54,208,Denmark,866,Cattle,1984,2750000,A,,,,
72,262,Djibouti,866,Cattle,1984,85000,E,,,,
55,212,Dominica,866,Cattle,1984,8400,A,,,,
56,214,Dominican Republic,866,Cattle,1984,2019784,A,,,,
58,218,Ecuador,866,Cattle,1984,3574800,A,,,,
59,818,Egypt,866,Cattle,1984,1743000,A,,,,
60,222,El Salvador,866,Cattle,1984,928700,A,,,,
61,226,Equatorial Guinea,866,Cattle,1984,4400,E,,,,
209,748,Eswatini,866,Cattle,1984,613529,A,,,,
64,234,Faroe Islands,866,Cattle,1984,2184,A,,,,
66,242,Fiji,866,Cattle,1984,240000,E,,,,
67,246,Finland,866,Cattle,1984,1587700,A,,,,
68,250,France,866,Cattle,1984,23893008,A,,,,
70,258,French Polynesia,866,Cattle,1984,7400,A,,,,
74,266,Gabon,866,Cattle,1984,6218,A,,,,
75,270,Gambia,866,Cattle,1984,285000,E,,,,
79,276,Germany,866,Cattle,1984,21319520,A,,,,
81,288,Ghana,866,Cattle,1984,1078000,A,,,,
84,300,Greece,866,Cattle,1984,754751,A,,,,
86,308,Grenada,866,Cattle,1984,5600,E,,,,
89,320,Guatemala,866,Cattle,1984,2079000,A,,,,
90,324,Guinea,866,Cattle,1984,1500000,E,,,,
175,624,Guinea-Bissau,866,Cattle,1984,318000,E,,,,
91,328,Guyana,866,Cattle,1984,120000,E,,,,
93,332,Haiti,866,Cattle,1984,1300000,E,,,,
95,340,Honduras,866,Cattle,1984,2659000,X,,,,
97,348,Hungary,866,Cattle,1984,1906700,A,,,,
99,352,Iceland,866,Cattle,1984,72665,A,,,,
100,356,India,866,Cattle,1984,195154000,X,,,,
101,360,Indonesia,866,Cattle,1984,9236000,A,,,,
102,364,Iran (Islamic Republic of),866,Cattle,1984,5800000,E,,,,
103,368,Iraq,866,Cattle,1984,1698000,A,,,,
104,372,Ireland,866,Cattle,1984,5830500,A,,,,
105,376,Israel,866,Cattle,1984,308500,A,,,,
106,380,Italy,866,Cattle,1984,9112700,A,,,,
109,388,Jamaica,866,Cattle,1984,360000,E,,,,
110,392,Japan,866,Cattle,1984,4682000,A,,,,
112,400,Jordan,866,Cattle,1984,34000,A,,,,
114,404,Kenya,866,Cattle,1984,13082000,A,,,,
118,414,Kuwait,866,Cattle,1984,19963,A,,,,
120,418,Lao People's Democratic Republic,866,Cattle,1984,547000,A,,,,
121,422,Lebanon,866,Cattle,1984,45000,A,,,,
122,426,Lesotho,866,Cattle,1984,529125,A,,,,
123,430,Liberia,866,Cattle,1984,42000,E,,,,
124,434,Libya,866,Cattle,1984,190000,A,,,,
129,450,Madagascar,866,Cattle,1984,10363000,A,,,,
130,454,Malawi,866,Cattle,1984,948519,A,,,,
131,458,Malaysia,866,Cattle,1984,618328,A,,,,
133,466,Mali,866,Cattle,1984,4899000,A,,,,
134,470,Malta,866,Cattle,1984,14000,X,,,,
136,478,Mauritania,866,Cattle,1984,1100000,A,,,,
137,480,Mauritius,866,Cattle,1984,26685,A,,,,
138,484,Mexico,866,Cattle,1984,30479008,A,,,,
141,496,Mongolia,866,Cattle,1984,2373900,A,,,,
143,504,Morocco,866,Cattle,1984,2362880,A,,,,
144,508,Mozambique,866,Cattle,1984,1320000,E,,,,
28,104,Myanmar,866,Cattle,1984,9503000,A,,,,
147,516,Namibia,866,Cattle,1984,1882184,A,,,,
149,524,Nepal,866,Cattle,1984,6550000,E,,,,
150,528,Netherlands (Kingdom of the),866,Cattle,1984,5516243,A,,,,
153,540,New Caledonia,866,Cattle,1984,120824,A,,,,
156,554,New Zealand,866,Cattle,1984,7776600,A,,,,
157,558,Nicaragua,866,Cattle,1984,2344043,A,,,,
158,562,Niger,866,Cattle,1984,3586950,A,,,,
159,566,Nigeria,866,Cattle,1984,12702000,A,,,,
160,570,Niue,866,Cattle,1984,450,E,,,,
162,578,Norway,866,Cattle,1984,975600,A,,,,
221,512,Oman,866,Cattle,1984,126000,A,,,,
165,586,Pakistan,866,Cattle,1984,16352000,A,,,,
166,591,Panama,866,Cattle,1984,1452100,A,,,,
168,598,Papua New Guinea,866,Cattle,1984,120000,X,,,,
169,600,Paraguay,866,Cattle,1984,6794868,A,,,,
170,604,Peru,866,Cattle,1984,4090400,A,,,,
171,608,Philippines,866,Cattle,1984,1848950,A,,,,
173,616,Poland,866,Cattle,1984,11196559,A,,,,
174,620,Portugal,866,Cattle,1984,1283000,X,,,,
177,630,Puerto Rico,866,Cattle,1984,592890,A,,,,
179,634,Qatar,866,Cattle,1984,5883,A,,,,
117,410,Republic of Korea,866,Cattle,1984,2652000,A,,,,
183,642,Romania,866,Cattle,1984,6752200,A,,,,
184,646,Rwanda,866,Cattle,1984,628143,A,,,,
188,659,Saint Kitts and Nevis,866,Cattle,1984,4900,E,,,,
189,662,Saint Lucia,866,Cattle,1984,12240,A,,,,
191,670,Saint Vincent and the Grenadines,866,Cattle,1984,8200,A,,,,
244,882,Samoa,866,Cattle,1984,20052,A,,,,
193,678,Sao Tome and Principe,866,Cattle,1984,3200,E,,,,
194,682,Saudi Arabia,866,Cattle,1984,270582,A,,,,
195,686,Senegal,866,Cattle,1984,2200000,A,,,,
196,690,Seychelles,866,Cattle,1984,1800,E,,,,
197,694,Sierra Leone,866,Cattle,1984,333000,E,,,,
200,702,Singapore,866,Cattle,1984,650,A,,,,
25,90,Solomon Islands,866,Cattle,1984,22722,A,,,,
201,706,Somalia,866,Cattle,1984,4296000,A,,,,
202,710,South Africa,866,Cattle,1984,12900000,A,,,,
203,724,Spain,866,Cattle,1984,5004000,A,,,,
38,144,Sri Lanka,866,Cattle,1984,1737900,A,,,,
207,740,Suriname,866,Cattle,1984,58092,A,,,,
210,752,Sweden,866,Cattle,1984,1877832,A,,,,
211,756,Switzerland,866,Cattle,1984,1943000,A,,,,
212,760,Syrian Arab Republic,866,Cattle,1984,736000,A,,,,
216,764,Thailand,866,Cattle,1984,4788989,A,,,,
176,626,Timor-Leste,866,Cattle,1984,45000,E,,,,
217,768,Togo,866,Cattle,1984,246873,A,,,,
219,776,Tonga,866,Cattle,1984,7900,A,,,,
220,780,Trinidad and Tobago,866,Cattle,1984,60000,E,,,,
222,788,Tunisia,866,Cattle,1984,613000,A,,,,
223,792,Türkiye,866,Cattle,1984,14099000,A,,,,
226,800,Uganda,866,Cattle,1984,4993100,A,,,,
225,784,United Arab Emirates,866,Cattle,1984,32871,A,,,,
229,826,United Kingdom of Great Britain and Northern Ireland,866,Cattle,1984,13213000,A,,,,
215,834,United Republic of Tanzania,866,Cattle,1984,12492646,A,,,,
231,840,United States of America,866,Cattle,1984,113360000,A,,,,
234,858,Uruguay,866,Cattle,1984,9061919,A,,,,
155,548,Vanuatu,866,Cattle,1984,100000,X,,,,
236,862,Venezuela (Bolivarian Republic of),866,Cattle,1984,11575000,A,,,,
237,704,Viet Nam,866,Cattle,1984,2418000,A,,,,
249,887,Yemen,866,Cattle,1984,1055610,A,,,,
251,894,Zambia,866,Cattle,1984,2215377,A,,,,
181,716,Zimbabwe,866,Cattle,1984,5465000,A,,,,
15,58,Belgium-Luxembourg,866,Cattle,1985,3210000,A,,,,
135,474,Martinique,866,Cattle,1985,41000,A,,,,
87,312,Guadeloupe,866,Cattle,1985,94000,A,,,,
228,810,USSR,866,Cattle,1985,121055008,A,,,,
51,200,Czechoslovakia,866,Cattle,1985,5150134,A,,,,
62,230,Ethiopia PDR,866,Cattle,1985,28000000,E,,,,
69,254,French Guiana,866,Cattle,1985,14300,A,,,,
206,736,Sudan (former),866,Cattle,1985,20942000,A,,,,
182,638,Réunion,866,Cattle,1985,18910,A,,,,
248,890,Yugoslav SFR,866,Cattle,1985,5199000,A,,,,
2,4,Afghanistan,866,Cattle,1985,2200000,E,,,,
3,8,Albania,866,Cattle,1985,590000,A,,,,
4,12,Algeria,866,Cattle,1985,1416000,A,,,,
7,24,Angola,866,Cattle,1985,3350000,E,,,,
8,28,Antigua and Barbuda,866,Cattle,1985,18000,E,,,,
9,32,Argentina,866,Cattle,1985,54000000,A,,,,
10,36,Australia,866,Cattle,1985,22737760,A,,,,
11,40,Austria,866,Cattle,1985,2669062,A,,,,
12,44,Bahamas,866,Cattle,1985,1200,E,,,,
13,48,Bahrain,866,Cattle,1985,7500,E,,,,
16,50,Bangladesh,866,Cattle,1985,22132000,A,,,,
14,52,Barbados,866,Cattle,1985,18000,E,,,,
23,84,Belize,866,Cattle,1985,48363,A,,,,
53,204,Benin,866,Cattle,1985,961500,A,,,,
18,64,Bhutan,866,Cattle,1985,378650,A,,,,
19,68,Bolivia (Plurinational State of),866,Cattle,1985,5515100,A,,,,
20,72,Botswana,866,Cattle,1985,2459400,A,,,,
21,76,Brazil,866,Cattle,1985,128422672,A,,,,
26,96,Brunei Darussalam,866,Cattle,1985,1000,X,,,,
27,100,Bulgaria,866,Cattle,1985,1751305,A,,,,
233,854,Burkina Faso,866,Cattle,1985,3566000,A,,,,
29,108,Burundi,866,Cattle,1985,377670,A,,,,
35,132,Cabo Verde,866,Cattle,1985,10000,A,,,,
115,116,Cambodia,866,Cattle,1985,1559700,A,,,,
32,120,Cameroon,866,Cattle,1985,4151370,A,,,,
33,124,Canada,866,Cattle,1985,11329500,A,,,,
37,140,Central African Republic,866,Cattle,1985,2128000,A,,,,
39,148,Chad,866,Cattle,1985,5276000,E,,,,
40,152,Chile,866,Cattle,1985,3191000,A,,,,
96,344,"China, Hong Kong SAR",866,Cattle,1985,2730,A,,,,
214,158,"China, Taiwan Province of",866,Cattle,1985,89469,A,,,,
41,156,"China, mainland",866,Cattle,1985,62622000,A,,,,
44,170,Colombia,866,Cattle,1985,23271008,A,,,,
45,174,Comoros,866,Cattle,1985,52000,E,,,,
46,178,Congo,866,Cattle,1985,67197,A,,,,
47,184,Cook Islands,866,Cattle,1985,230,E,,,,
48,188,Costa Rica,866,Cattle,1985,2309000,X,,,,
49,192,Cuba,866,Cattle,1985,5115200,A,,,,
50,196,Cyprus,866,Cattle,1985,38141,A,,,,
107,384,Côte d'Ivoire,866,Cattle,1985,843000,A,,,,
116,408,Democratic People's Republic of Korea,866,Cattle,1985,1100000,E,,,,
250,180,Democratic Republic of the Congo,866,Cattle,1985,1295630,A,,,,
54,208,Denmark,866,Cattle,1985,2618000,A,,,,
72,262,Djibouti,866,Cattle,1985,100000,E,,,,
55,212,Dominica,866,Cattle,1985,9100,A,,,,
56,214,Dominican Republic,866,Cattle,1985,2018540,A,,,,
58,218,Ecuador,866,Cattle,1985,3730356,A,,,,
59,818,Egypt,866,Cattle,1985,1709000,A,,,,
60,222,El Salvador,866,Cattle,1985,979990,A,,,,
61,226,Equatorial Guinea,866,Cattle,1985,4400,E,,,,
209,748,Eswatini,866,Cattle,1985,648332,A,,,,
64,234,Faroe Islands,866,Cattle,1985,2000,E,,,,
66,242,Fiji,866,Cattle,1985,247000,E,,,,
67,246,Finland,866,Cattle,1985,1591600,A,,,,
68,250,France,866,Cattle,1985,23480976,A,,,,
70,258,French Polynesia,866,Cattle,1985,7300,E,,,,
74,266,Gabon,866,Cattle,1985,10955,A,,,,
75,270,Gambia,866,Cattle,1985,290000,A,,,,
79,276,Germany,866,Cattle,1985,21535968,A,,,,
81,288,Ghana,866,Cattle,1985,1132000,A,,,,
84,300,Greece,866,Cattle,1985,724651,A,,,,
86,308,Grenada,866,Cattle,1985,5000,E,,,,
89,320,Guatemala,866,Cattle,1985,2084000,A,,,,
90,324,Guinea,866,Cattle,1985,1300000,E,,,,
175,624,Guinea-Bissau,866,Cattle,1985,325000,E,,,,
91,328,Guyana,866,Cattle,1985,110000,E,,,,
93,332,Haiti,866,Cattle,1985,1300000,E,,,,
95,340,Honduras,866,Cattle,1985,2618000,X,,,,
97,348,Hungary,866,Cattle,1985,1901000,A,,,,
99,352,Iceland,866,Cattle,1985,72889,A,,,,
100,356,India,866,Cattle,1985,196520000,X,,,,
101,360,Indonesia,866,Cattle,1985,9318000,A,,,,
102,364,Iran (Islamic Republic of),866,Cattle,1985,6200000,E,,,,
103,368,Iraq,866,Cattle,1985,1635000,E,,,,
104,372,Ireland,866,Cattle,1985,5860900,A,,,,
105,376,Israel,866,Cattle,1985,312000,A,,,,
106,380,Italy,866,Cattle,1985,9106000,A,,,,
109,388,Jamaica,866,Cattle,1985,330000,E,,,,
110,392,Japan,866,Cattle,1985,4698000,A,,,,
112,400,Jordan,866,Cattle,1985,34500,A,,,,
114,404,Kenya,866,Cattle,1985,12500000,E,,,,
118,414,Kuwait,866,Cattle,1985,23085,A,,,,
120,418,Lao People's Democratic Republic,866,Cattle,1985,626510,A,,,,
121,422,Lebanon,866,Cattle,1985,48000,E,,,,
122,426,Lesotho,866,Cattle,1985,522125,A,,,,
123,430,Liberia,866,Cattle,1985,42000,E,,,,
124,434,Libya,866,Cattle,1985,200000,A,,,,
129,450,Madagascar,866,Cattle,1985,10194000,A,,,,
130,454,Malawi,866,Cattle,1985,1019959,A,,,,
131,458,Malaysia,866,Cattle,1985,619100,A,,,,
133,466,Mali,866,Cattle,1985,4344000,A,,,,
134,470,Malta,866,Cattle,1985,14000,X,,,,
136,478,Mauritania,866,Cattle,1985,1200000,A,,,,
137,480,Mauritius,866,Cattle,1985,30000,A,,,,
138,484,Mexico,866,Cattle,1985,31489168,A,,,,
141,496,Mongolia,866,Cattle,1985,2373900,A,,,,
143,504,Morocco,866,Cattle,1985,2501000,A,,,,
144,508,Mozambique,866,Cattle,1985,1330000,E,,,,
28,104,Myanmar,866,Cattle,1985,9720000,A,,,,
147,516,Namibia,866,Cattle,1985,1874752,A,,,,
149,524,Nepal,866,Cattle,1985,6356994,A,,,,
150,528,Netherlands (Kingdom of the),866,Cattle,1985,5247651,A,,,,
153,540,New Caledonia,866,Cattle,1985,122000,E,,,,
156,554,New Zealand,866,Cattle,1985,7921150,A,,,,
157,558,Nicaragua,866,Cattle,1985,2369205,A,,,,
158,562,Niger,866,Cattle,1985,2792960,A,,,,
159,566,Nigeria,866,Cattle,1985,12908000,A,,,,
160,570,Niue,866,Cattle,1985,400,E,,,,
162,578,Norway,866,Cattle,1985,970200,A,,,,
221,512,Oman,866,Cattle,1985,130000,E,,,,
165,586,Pakistan,866,Cattle,1985,16549000,A,,,,
166,591,Panama,866,Cattle,1985,1446900,A,,,,
168,598,Papua New Guinea,866,Cattle,1985,117000,X,,,,
169,600,Paraguay,866,Cattle,1985,6956200,A,,,,
170,604,Peru,866,Cattle,1985,4110000,A,,,,
171,608,Philippines,866,Cattle,1985,1786390,A,,,,
173,616,Poland,866,Cattle,1985,11055238,A,,,,
174,620,Portugal,866,Cattle,1985,1297000,X,,,,
177,630,Puerto Rico,866,Cattle,1985,589809,A,,,,
179,634,Qatar,866,Cattle,1985,6108,A,,,,
117,410,Republic of Korea,866,Cattle,1985,2943584,A,,,,
183,642,Romania,866,Cattle,1985,7039000,A,,,,
184,646,Rwanda,866,Cattle,1985,650025,A,,,,
188,659,Saint Kitts and Nevis,866,Cattle,1985,4900,E,,,,
189,662,Saint Lucia,866,Cattle,1985,12250,E,,,,
191,670,Saint Vincent and the Grenadines,866,Cattle,1985,7500,A,,,,
244,882,Samoa,866,Cattle,1985,20000,E,,,,
193,678,Sao Tome and Principe,866,Cattle,1985,3300,E,,,,
194,682,Saudi Arabia,866,Cattle,1985,289847,A,,,,
195,686,Senegal,866,Cattle,1985,2200000,A,,,,
196,690,Seychelles,866,Cattle,1985,2100,E,,,,
197,694,Sierra Leone,866,Cattle,1985,333000,E,,,,
200,702,Singapore,866,Cattle,1985,420,A,,,,
25,90,Solomon Islands,866,Cattle,1985,22722,A,,,,
201,706,Somalia,866,Cattle,1985,4494000,A,,,,
202,710,South Africa,866,Cattle,1985,12000000,A,,,,
203,724,Spain,866,Cattle,1985,5007058,A,,,,
38,144,Sri Lanka,866,Cattle,1985,1782800,A,,,,
207,740,Suriname,866,Cattle,1985,60430,A,,,,
210,752,Sweden,866,Cattle,1985,1837201,A,,,,
211,756,Switzerland,866,Cattle,1985,1926200,A,,,,
212,760,Syrian Arab Republic,866,Cattle,1985,742000,A,,,,
216,764,Thailand,866,Cattle,1985,4828983,A,,,,
176,626,Timor-Leste,866,Cattle,1985,49761,A,,,,
217,768,Togo,866,Cattle,1985,227685,A,,,,
219,776,Tonga,866,Cattle,1985,9318,A,,,,
220,780,Trinidad and Tobago,866,Cattle,1985,55000,E,,,,
222,788,Tunisia,866,Cattle,1985,620000,A,,,,
223,792,Türkiye,866,Cattle,1985,12410000,A,,,,
226,800,Uganda,866,Cattle,1985,5000000,A,,,,
225,784,United Arab Emirates,866,Cattle,1985,35172,A,,,,
229,826,United Kingdom of Great Britain and Northern Ireland,866,Cattle,1985,12911000,A,,,,
215,834,United Republic of Tanzania,866,Cattle,1985,12599630,A,,,,
231,840,United States of America,866,Cattle,1985,109582000,A,,,,
234,858,Uruguay,866,Cattle,1985,9371000,A,,,,
155,548,Vanuatu,866,Cattle,1985,104800,A,,,,
236,862,Venezuela (Bolivarian Republic of),866,Cattle,1985,11843600,A,,,,
237,704,Viet Nam,866,Cattle,1985,2597600,A,,,,
249,887,Yemen,866,Cattle,1985,1080635,A,,,,
251,894,Zambia,866,Cattle,1985,2469721,A,,,,
181,716,Zimbabwe,866,Cattle,1985,5499000,A,,,,
135,474,Martinique,866,Cattle,1986,37500,A,,,,
206,736,Sudan (former),866,Cattle,1986,19632000,A,,,,
228,810,USSR,866,Cattle,1986,120888000,A,,,,
69,254,French Guiana,866,Cattle,1986,16500,A,,,,
87,312,Guadeloupe,866,Cattle,1986,82000,A,,,,
15,58,Belgium-Luxembourg,866,Cattle,1986,3163000,A,,,,
51,200,Czechoslovakia,866,Cattle,1986,5065496,A,,,,
248,890,Yugoslav SFR,866,Cattle,1986,5034000,A,,,,
182,638,Réunion,866,Cattle,1986,18900,A,,,,
62,230,Ethiopia PDR,866,Cattle,1986,30000000,X,,,,
2,4,Afghanistan,866,Cattle,1986,1532000,A,,,,
3,8,Albania,866,Cattle,1986,618000,A,,,,
4,12,Algeria,866,Cattle,1986,1346670,A,,,,
7,24,Angola,866,Cattle,1986,3400000,A,,,,
8,28,Antigua and Barbuda,866,Cattle,1986,18000,E,,,,
9,32,Argentina,866,Cattle,1986,52537008,A,,,,
10,36,Australia,866,Cattle,1986,23436080,A,,,,
11,40,Austria,866,Cattle,1986,2650574,A,,,,
12,44,Bahamas,866,Cattle,1986,1200,E,,,,
13,48,Bahrain,866,Cattle,1986,8200,E,,,,
16,50,Bangladesh,866,Cattle,1986,22348000,A,,,,
14,52,Barbados,866,Cattle,1986,20000,E,,,,
23,84,Belize,866,Cattle,1986,48500,A,,,,
53,204,Benin,866,Cattle,1986,895100,A,,,,
18,64,Bhutan,866,Cattle,1986,376000,A,,,,
19,68,Bolivia (Plurinational State of),866,Cattle,1986,5055183,A,,,,
20,72,Botswana,866,Cattle,1986,2332000,A,,,,
21,76,Brazil,866,Cattle,1986,132221568,A,,,,
26,96,Brunei Darussalam,866,Cattle,1986,1117,A,,,,
27,100,Bulgaria,866,Cattle,1986,1705685,A,,,,
233,854,Burkina Faso,866,Cattle,1986,3637000,A,,,,
29,108,Burundi,866,Cattle,1986,479200,A,,,,
35,132,Cabo Verde,866,Cattle,1986,11500,A,,,,
115,116,Cambodia,866,Cattle,1986,1705000,A,,,,
32,120,Cameroon,866,Cattle,1986,4255154,A,,,,
33,124,Canada,866,Cattle,1986,10955800,A,,,,
37,140,Central African Republic,866,Cattle,1986,2216000,A,,,,
39,148,Chad,866,Cattle,1986,5556000,E,,,,
40,152,Chile,866,Cattle,1986,3220000,A,,,,
96,344,"China, Hong Kong SAR",866,Cattle,1986,2530,A,,,,
214,158,"China, Taiwan Province of",866,Cattle,1986,104756,A,,,,
41,156,"China, mainland",866,Cattle,1986,66886000,A,,,,
44,170,Colombia,866,Cattle,1986,23593280,A,,,,
45,174,Comoros,866,Cattle,1986,49000,E,,,,
46,178,Congo,866,Cattle,1986,70203,A,,,,
47,184,Cook Islands,866,Cattle,1986,229,A,,,,
48,188,Costa Rica,866,Cattle,1986,2306000,X,,,,
49,192,Cuba,866,Cattle,1986,5019500,A,,,,
50,196,Cyprus,866,Cattle,1986,42118,A,,,,
107,384,Côte d'Ivoire,866,Cattle,1986,885000,X,,,,
116,408,Democratic People's Republic of Korea,866,Cattle,1986,1150000,E,,,,
250,180,Democratic Republic of the Congo,866,Cattle,1986,1340260,A,,,,
54,208,Denmark,866,Cattle,1986,2495000,A,,,,
72,262,Djibouti,866,Cattle,1986,120000,E,,,,
55,212,Dominica,866,Cattle,1986,10000,E,,,,
56,214,Dominican Republic,866,Cattle,1986,2055277,A,,,,
58,218,Ecuador,866,Cattle,1986,3764800,A,,,,
59,818,Egypt,866,Cattle,1986,1855000,A,,,,
60,222,El Salvador,866,Cattle,1986,1050400,A,,,,
61,226,Equatorial Guinea,866,Cattle,1986,4450,E,,,,
209,748,Eswatini,866,Cattle,1986,653222,A,,,,
64,234,Faroe Islands,866,Cattle,1986,2000,E,,,,
66,242,Fiji,866,Cattle,1986,254000,E,,,,
67,246,Finland,866,Cattle,1986,1566500,A,,,,
68,250,France,866,Cattle,1986,23289888,A,,,,
70,258,French Polynesia,866,Cattle,1986,9907,A,,,,
74,266,Gabon,866,Cattle,1986,18519,A,,,,
75,270,Gambia,866,Cattle,1986,295000,A,,,,
79,276,Germany,866,Cattle,1986,21453088,A,,,,
81,288,Ghana,866,Cattle,1986,1134870,A,,,,
84,300,Greece,866,Cattle,1986,721916,A,,,,
86,308,Grenada,866,Cattle,1986,4500,E,,,,
89,320,Guatemala,866,Cattle,1986,2022000,A,,,,
90,324,Guinea,866,Cattle,1986,927000,A,,,,
175,624,Guinea-Bissau,866,Cattle,1986,333000,A,,,,
91,328,Guyana,866,Cattle,1986,110000,E,,,,
93,332,Haiti,866,Cattle,1986,1250000,E,,,,
95,340,Honduras,866,Cattle,1986,2574000,X,,,,
97,348,Hungary,866,Cattle,1986,1766000,A,,,,
99,352,Iceland,866,Cattle,1986,71383,A,,,,
100,356,India,866,Cattle,1986,197895008,X,,,,
101,360,Indonesia,866,Cattle,1986,9432000,A,,,,
102,364,Iran (Islamic Republic of),866,Cattle,1986,6691120,A,,,,
103,368,Iraq,866,Cattle,1986,1578418,A,,,,
104,372,Ireland,866,Cattle,1986,5813000,A,,,,
105,376,Israel,866,Cattle,1986,316000,A,,,,
106,380,Italy,866,Cattle,1986,8907800,A,,,,
109,388,Jamaica,866,Cattle,1986,370000,E,,,,
110,392,Japan,866,Cattle,1986,4742000,A,,,,
112,400,Jordan,866,Cattle,1986,31100,A,,,,
114,404,Kenya,866,Cattle,1986,12600000,E,,,,
118,414,Kuwait,866,Cattle,1986,23374,A,,,,
120,418,Lao People's Democratic Republic,866,Cattle,1986,646364,A,,,,
121,422,Lebanon,866,Cattle,1986,55000,E,,,,
122,426,Lesotho,866,Cattle,1986,524675,A,,,,
123,430,Liberia,866,Cattle,1986,42000,E,,,,
124,434,Libya,866,Cattle,1986,210000,E,,,,
129,450,Madagascar,866,Cattle,1986,10207000,A,,,,
130,454,Malawi,866,Cattle,1986,1010659,A,,,,
131,458,Malaysia,866,Cattle,1986,607200,A,,,,
133,466,Mali,866,Cattle,1986,4475000,A,,,,
134,470,Malta,866,Cattle,1986,16000,E,,,,
136,478,Mauritania,866,Cattle,1986,1200000,A,,,,
137,480,Mauritius,866,Cattle,1986,32000,A,,,,
138,484,Mexico,866,Cattle,1986,32300000,X,,,,
141,496,Mongolia,866,Cattle,1986,2408100,A,,,,
143,504,Morocco,866,Cattle,1986,2851339,A,,,,
144,508,Mozambique,866,Cattle,1986,1100000,E,,,,
28,104,Myanmar,866,Cattle,1986,9760000,A,,,,
147,516,Namibia,866,Cattle,1986,1989664,A,,,,
149,524,Nepal,866,Cattle,1986,6371743,A,,,,
150,528,Netherlands (Kingdom of the),866,Cattle,1986,5122950,A,,,,
153,540,New Caledonia,866,Cattle,1986,125000,E,,,,
156,554,New Zealand,866,Cattle,1986,8279122,A,,,,
157,558,Nicaragua,866,Cattle,1986,2110000,X,,,,
158,562,Niger,866,Cattle,1986,2424670,A,,,,
159,566,Nigeria,866,Cattle,1986,13156000,A,,,,
160,570,Niue,866,Cattle,1986,350,E,,,,
162,578,Norway,866,Cattle,1986,967500,A,,,,
221,512,Oman,866,Cattle,1986,130000,E,,,,
165,586,Pakistan,866,Cattle,1986,17541008,A,,,,
166,591,Panama,866,Cattle,1986,1430200,A,,,,
168,598,Papua New Guinea,866,Cattle,1986,116000,X,,,,
169,600,Paraguay,866,Cattle,1986,7150815,A,,,,
170,604,Peru,866,Cattle,1986,4171700,A,,,,
171,608,Philippines,866,Cattle,1986,1814460,A,,,,
173,616,Poland,866,Cattle,1986,10919043,A,,,,
174,620,Portugal,866,Cattle,1986,1310000,X,,,,
177,630,Puerto Rico,866,Cattle,1986,599511,A,,,,
179,634,Qatar,866,Cattle,1986,7713,A,,,,
117,410,Republic of Korea,866,Cattle,1986,2807344,A,,,,
183,642,Romania,866,Cattle,1986,6692000,A,,,,
184,646,Rwanda,866,Cattle,1986,614230,A,,,,
188,659,Saint Kitts and Nevis,866,Cattle,1986,4850,E,,,,
189,662,Saint Lucia,866,Cattle,1986,12300,E,,,,
191,670,Saint Vincent and the Grenadines,866,Cattle,1986,6900,A,,,,
244,882,Samoa,866,Cattle,1986,22000,E,,,,
193,678,Sao Tome and Principe,866,Cattle,1986,3350,E,,,,
194,682,Saudi Arabia,866,Cattle,1986,303026,A,,,,
195,686,Senegal,866,Cattle,1986,2300000,A,,,,
196,690,Seychelles,866,Cattle,1986,2200,E,,,,
197,694,Sierra Leone,866,Cattle,1986,333000,E,,,,
200,702,Singapore,866,Cattle,1986,350,A,,,,
25,90,Solomon Islands,866,Cattle,1986,19830,A,,,,
201,706,Somalia,866,Cattle,1986,4571000,A,,,,
202,710,South Africa,866,Cattle,1986,12000000,A,,,,
203,724,Spain,866,Cattle,1986,4953000,A,,,,
38,144,Sri Lanka,866,Cattle,1986,1782500,A,,,,
207,740,Suriname,866,Cattle,1986,66895,A,,,,
210,752,Sweden,866,Cattle,1986,1715539,A,,,,
211,756,Switzerland,866,Cattle,1986,1902000,A,,,,
212,760,Syrian Arab Republic,866,Cattle,1986,706000,A,,,,
216,764,Thailand,866,Cattle,1986,4878741,A,,,,
176,626,Timor-Leste,866,Cattle,1986,51947,A,,,,
217,768,Togo,866,Cattle,1986,232000,A,,,,
219,776,Tonga,866,Cattle,1986,9000,X,,,,
220,780,Trinidad and Tobago,866,Cattle,1986,57000,E,,,,
222,788,Tunisia,866,Cattle,1986,624000,A,,,,
223,792,Türkiye,866,Cattle,1986,12466000,A,,,,
226,800,Uganda,866,Cattle,1986,5200000,A,,,,
225,784,United Arab Emirates,866,Cattle,1986,41433,A,,,,
229,826,United Kingdom of Great Britain and Northern Ireland,866,Cattle,1986,12533000,A,,,,
215,834,United Republic of Tanzania,866,Cattle,1986,12687800,A,,,,
231,840,United States of America,866,Cattle,1986,105378000,A,,,,
234,858,Uruguay,866,Cattle,1986,9300479,A,,,,
155,548,Vanuatu,866,Cattle,1986,107000,A,,,,
236,862,Venezuela (Bolivarian Republic of),866,Cattle,1986,12330771,A,,,,
237,704,Viet Nam,866,Cattle,1986,2783500,A,,,,
249,887,Yemen,866,Cattle,1986,1099603,A,,,,
251,894,Zambia,866,Cattle,1986,2520061,A,,,,
181,716,Zimbabwe,866,Cattle,1986,5783000,A,,,,
62,230,Ethiopia PDR,866,Cattle,1987,27000000,X,,,,
51,200,Czechoslovakia,866,Cattle,1987,5072796,A,,,,
206,736,Sudan (former),866,Cattle,1987,19737872,A,,,,
87,312,Guadeloupe,866,Cattle,1987,76000,A,,,,
135,474,Martinique,866,Cattle,1987,36600,A,,,,
248,890,Yugoslav SFR,866,Cattle,1987,5030142,A,,,,
15,58,Belgium-Luxembourg,866,Cattle,1987,3190000,A,,,,
69,254,French Guiana,866,Cattle,1987,16500,A,,,,
182,638,Réunion,866,Cattle,1987,18890,A,,,,
228,810,USSR,866,Cattle,1987,122103008,A,,,,
2,4,Afghanistan,866,Cattle,1987,1580000,E,,,,
3,8,Albania,866,Cattle,1987,671000,A,,,,
4,12,Algeria,866,Cattle,1987,1416000,A,,,,
7,24,Angola,866,Cattle,1987,3300000,A,,,,
8,28,Antigua and Barbuda,866,Cattle,1987,18000,E,,,,
9,32,Argentina,866,Cattle,1987,50994000,A,,,,
10,36,Australia,866,Cattle,1987,21914672,A,,,,
11,40,Austria,866,Cattle,1987,2637224,A,,,,
12,44,Bahamas,866,Cattle,1987,1100,E,,,,
13,48,Bahrain,866,Cattle,1987,9000,E,,,,
16,50,Bangladesh,866,Cattle,1987,22567008,A,,,,
14,52,Barbados,866,Cattle,1987,22000,E,,,,
23,84,Belize,866,Cattle,1987,49000,X,,,,
53,204,Benin,866,Cattle,1987,896403,A,,,,
18,64,Bhutan,866,Cattle,1987,387100,A,,,,
19,68,Bolivia (Plurinational State of),866,Cattle,1987,5238591,A,,,,
20,72,Botswana,866,Cattle,1987,2263400,A,,,,
21,76,Brazil,866,Cattle,1987,135720288,A,,,,
26,96,Brunei Darussalam,866,Cattle,1987,1083,A,,,,
27,100,Bulgaria,866,Cattle,1987,1678364,A,,,,
233,854,Burkina Faso,866,Cattle,1987,3711000,A,,,,
29,108,Burundi,866,Cattle,1987,421857,A,,,,
35,132,Cabo Verde,866,Cattle,1987,13000,A,,,,
115,116,Cambodia,866,Cattle,1987,1852000,A,,,,
32,120,Cameroon,866,Cattle,1987,4361540,A,,,,
33,124,Canada,866,Cattle,1987,10666600,A,,,,
37,140,Central African Republic,866,Cattle,1987,2224604,A,,,,
39,148,Chad,866,Cattle,1987,5851000,E,,,,
40,152,Chile,866,Cattle,1987,3371000,A,,,,
96,344,"China, Hong Kong SAR",866,Cattle,1987,1760,A,,,,
214,158,"China, Taiwan Province of",866,Cattle,1987,116580,A,,,,
41,156,"China, mainland",866,Cattle,1987,70847008,A,,,,
44,170,Colombia,866,Cattle,1987,23971200,A,,,,
45,174,Comoros,866,Cattle,1987,44030,A,,,,
46,178,Congo,866,Cattle,1987,69897,A,,,,
47,184,Cook Islands,866,Cattle,1987,240,E,,,,
48,188,Costa Rica,866,Cattle,1987,2294000,X,,,,
49,192,Cuba,866,Cattle,1987,5007100,A,,,,
50,196,Cyprus,866,Cattle,1987,43832,A,,,,
107,384,Côte d'Ivoire,866,Cattle,1987,917000,A,,,,
116,408,Democratic People's Republic of Korea,866,Cattle,1987,1200000,E,,,,
250,180,Democratic Republic of the Congo,866,Cattle,1987,1386430,A,,,,
54,208,Denmark,866,Cattle,1987,2351000,A,,,,
72,262,Djibouti,866,Cattle,1987,140000,E,,,,
55,212,Dominica,866,Cattle,1987,12600,E,,,,
56,214,Dominican Republic,866,Cattle,1987,2091539,A,,,,
58,218,Ecuador,866,Cattle,1987,3884100,A,,,,
59,818,Egypt,866,Cattle,1987,2300000,E,,,,
60,222,El Salvador,866,Cattle,1987,1088300,A,,,,
61,226,Equatorial Guinea,866,Cattle,1987,4500,E,,,,
209,748,Eswatini,866,Cattle,1987,640901,A,,,,
64,234,Faroe Islands,866,Cattle,1987,2000,E,,,,
66,242,Fiji,866,Cattle,1987,261000,E,,,,
67,246,Finland,866,Cattle,1987,1484700,A,,,,
68,250,France,866,Cattle,1987,21967008,A,,,,
70,258,French Polynesia,866,Cattle,1987,8200,A,,,,
74,266,Gabon,866,Cattle,1987,20916,A,,,,
75,270,Gambia,866,Cattle,1987,305000,A,,,,
79,276,Germany,866,Cattle,1987,21108928,A,,,,
81,288,Ghana,866,Cattle,1987,1169777,A,,,,
84,300,Greece,866,Cattle,1987,724651,A,,,,
86,308,Grenada,866,Cattle,1987,4200,E,,,,
89,320,Guatemala,866,Cattle,1987,2004000,A,,,,
90,324,Guinea,866,Cattle,1987,1130029,A,,,,
175,624,Guinea-Bissau,866,Cattle,1987,350000,E,,,,
91,328,Guyana,866,Cattle,1987,120000,E,,,,
93,332,Haiti,866,Cattle,1987,1200000,E,,,,
95,340,Honduras,866,Cattle,1987,2532000,X,,,,
97,348,Hungary,866,Cattle,1987,1724700,A,,,,
99,352,Iceland,866,Cattle,1987,69029,A,,,,
100,356,India,866,Cattle,1987,199695008,A,,,,
101,360,Indonesia,866,Cattle,1987,9510000,A,,,,
102,364,Iran (Islamic Republic of),866,Cattle,1987,6500000,E,,,,
103,368,Iraq,866,Cattle,1987,1580000,E,,,,
104,372,Ireland,866,Cattle,1987,5670300,A,,,,
105,376,Israel,866,Cattle,1987,325000,A,,,,
106,380,Italy,866,Cattle,1987,8819000,A,,,,
109,388,Jamaica,866,Cattle,1987,370000,E,,,,
110,392,Japan,866,Cattle,1987,4694000,A,,,,
112,400,Jordan,866,Cattle,1987,29032,A,,,,
114,404,Kenya,866,Cattle,1987,12645000,A,,,,
118,414,Kuwait,866,Cattle,1987,27834,A,,,,
120,418,Lao People's Democratic Republic,866,Cattle,1987,702630,A,,,,
121,422,Lebanon,866,Cattle,1987,61320,A,,,,
122,426,Lesotho,866,Cattle,1987,625270,A,,,,
123,430,Liberia,866,Cattle,1987,42000,E,,,,
124,434,Libya,866,Cattle,1987,220000,E,,,,
129,450,Madagascar,866,Cattle,1987,10220000,A,,,,
130,454,Malawi,866,Cattle,1987,1055185,A,,,,
131,458,Malaysia,866,Cattle,1987,663300,A,,,,
133,466,Mali,866,Cattle,1987,4598000,A,,,,
134,470,Malta,866,Cattle,1987,18000,E,,,,
136,478,Mauritania,866,Cattle,1987,1220000,A,,,,
137,480,Mauritius,866,Cattle,1987,32000,A,,,,
138,484,Mexico,866,Cattle,1987,31156496,X,,,,
141,496,Mongolia,866,Cattle,1987,2479600,A,,,,
143,504,Morocco,866,Cattle,1987,3177540,A,,,,
144,508,Mozambique,866,Cattle,1987,1000000,E,,,,
28,104,Myanmar,866,Cattle,1987,9922000,A,,,,
147,516,Namibia,866,Cattle,1987,1835378,A,,,,
149,524,Nepal,866,Cattle,1987,6362930,A,,,,
150,528,Netherlands (Kingdom of the),866,Cattle,1987,4894841,A,,,,
153,540,New Caledonia,866,Cattle,1987,130000,E,,,,
156,554,New Zealand,866,Cattle,1987,7998958,A,,,,
157,558,Nicaragua,866,Cattle,1987,1885000,X,,,,
158,562,Niger,866,Cattle,1987,2570150,A,,,,
159,566,Nigeria,866,Cattle,1987,13415000,A,,,,
160,570,Niue,866,Cattle,1987,300,E,,,,
162,578,Norway,866,Cattle,1987,945000,A,,,,
221,512,Oman,866,Cattle,1987,135000,E,,,,
165,586,Pakistan,866,Cattle,1987,17575008,A,,,,
166,591,Panama,866,Cattle,1987,1409500,A,,,,
168,598,Papua New Guinea,866,Cattle,1987,105000,E,,,,
169,600,Paraguay,866,Cattle,1987,7374269,A,,,,
170,604,Peru,866,Cattle,1987,4161100,A,,,,
171,608,Philippines,866,Cattle,1987,1746850,A,,,,
173,616,Poland,866,Cattle,1987,10522676,A,,,,
174,620,Portugal,866,Cattle,1987,1332000,X,,,,
177,630,Puerto Rico,866,Cattle,1987,520000,A,,,,
179,634,Qatar,866,Cattle,1987,9422,A,,,,
117,410,Republic of Korea,866,Cattle,1987,2386451,A,,,,
183,642,Romania,866,Cattle,1987,6703000,A,,,,
184,646,Rwanda,866,Cattle,1987,582700,A,,,,
188,659,Saint Kitts and Nevis,866,Cattle,1987,4860,E,,,,
189,662,Saint Lucia,866,Cattle,1987,12350,E,,,,
191,670,Saint Vincent and the Grenadines,866,Cattle,1987,6000,A,,,,
244,882,Samoa,866,Cattle,1987,24096,A,,,,
193,678,Sao Tome and Principe,866,Cattle,1987,3400,E,,,,
194,682,Saudi Arabia,866,Cattle,1987,195379,A,,,,
195,686,Senegal,866,Cattle,1987,2500000,A,,,,
196,690,Seychelles,866,Cattle,1987,2200,E,,,,
197,694,Sierra Leone,866,Cattle,1987,333000,E,,,,
200,702,Singapore,866,Cattle,1987,400,E,,,,
25,90,Solomon Islands,866,Cattle,1987,13927,A,,,,
201,706,Somalia,866,Cattle,1987,4770000,A,,,,
202,710,South Africa,866,Cattle,1987,12200000,A,,,,
203,724,Spain,866,Cattle,1987,4795000,A,,,,
38,144,Sri Lanka,866,Cattle,1987,1807900,A,,,,
207,740,Suriname,866,Cattle,1987,76367,A,,,,
210,752,Sweden,866,Cattle,1987,1655944,A,,,,
211,756,Switzerland,866,Cattle,1987,1857600,A,,,,
212,760,Syrian Arab Republic,866,Cattle,1987,710000,A,,,,
216,764,Thailand,866,Cattle,1987,4968845,A,,,,
176,626,Timor-Leste,866,Cattle,1987,53593,A,,,,
217,768,Togo,866,Cattle,1987,235297,A,,,,
219,776,Tonga,866,Cattle,1987,10000,X,,,,
220,780,Trinidad and Tobago,866,Cattle,1987,60000,E,,,,
222,788,Tunisia,866,Cattle,1987,666000,A,,,,
223,792,Türkiye,866,Cattle,1987,12713000,A,,,,
226,800,Uganda,866,Cattle,1987,3905200,A,,,,
225,784,United Arab Emirates,866,Cattle,1987,44109,A,,,,
229,826,United Kingdom of Great Britain and Northern Ireland,866,Cattle,1987,12170000,A,,,,
215,834,United Republic of Tanzania,866,Cattle,1987,12776642,A,,,,
231,840,United States of America,866,Cattle,1987,102118000,A,,,,
234,858,Uruguay,866,Cattle,1987,9945313,A,,,,
155,548,Vanuatu,866,Cattle,1987,110000,A,,,,
236,862,Venezuela (Bolivarian Republic of),866,Cattle,1987,12640800,A,,,,
237,704,Viet Nam,866,Cattle,1987,2979130,A,,,,
249,887,Yemen,866,Cattle,1987,1119667,A,,,,
251,894,Zambia,866,Cattle,1987,2600810,A,,,,
181,716,Zimbabwe,866,Cattle,1987,5918000,A,,,,
62,230,Ethiopia PDR,866,Cattle,1988,27000000,X,,,,
228,810,USSR,866,Cattle,1988,118300000,A,,,,
69,254,French Guiana,866,Cattle,1988,14550,A,,,,
15,58,Belgium-Luxembourg,866,Cattle,1988,3159000,A,,,,
51,200,Czechoslovakia,866,Cattle,1988,5043695,A,,,,
87,312,Guadeloupe,866,Cattle,1988,74000,A,,,,
135,474,Martinique,866,Cattle,1988,35000,A,,,,
248,890,Yugoslav SFR,866,Cattle,1988,4881000,A,,,,
182,638,Réunion,866,Cattle,1988,18910,A,,,,
206,736,Sudan (former),866,Cattle,1988,19858288,A,,,,
2,4,Afghanistan,866,Cattle,1988,1600000,E,,,,
3,8,Albania,866,Cattle,1988,695000,A,,,,
4,12,Algeria,866,Cattle,1988,1434670,A,,,,
7,24,Angola,866,Cattle,1988,3200000,A,,,,
8,28,Antigua and Barbuda,866,Cattle,1988,18000,E,,,,
9,32,Argentina,866,Cattle,1988,52257000,A,,,,
10,36,Australia,866,Cattle,1988,21850816,A,,,,
11,40,Austria,866,Cattle,1988,2589509,A,,,,
12,44,Bahamas,866,Cattle,1988,1000,E,,,,
13,48,Bahrain,866,Cattle,1988,11500,X,,,,
16,50,Bangladesh,866,Cattle,1988,22789008,A,,,,
14,52,Barbados,866,Cattle,1988,24000,E,,,,
23,84,Belize,866,Cattle,1988,50000,X,,,,
53,204,Benin,866,Cattle,1988,925200,A,,,,
18,64,Bhutan,866,Cattle,1988,393000,A,,,,
19,68,Bolivia (Plurinational State of),866,Cattle,1988,5401561,A,,,,
20,72,Botswana,866,Cattle,1988,2408400,A,,,,
21,76,Brazil,866,Cattle,1988,139599104,A,,,,
26,96,Brunei Darussalam,866,Cattle,1988,1542,A,,,,
27,100,Bulgaria,866,Cattle,1988,1648605,A,,,,
233,854,Burkina Faso,866,Cattle,1988,3785000,A,,,,
29,108,Burundi,866,Cattle,1988,429243,A,,,,
35,132,Cabo Verde,866,Cattle,1988,17996,A,,,,
115,116,Cambodia,866,Cattle,1988,1891000,A,,,,
32,120,Cameroon,866,Cattle,1988,4470575,A,,,,
33,124,Canada,866,Cattle,1988,10756200,A,,,,
37,140,Central African Republic,866,Cattle,1988,2301470,A,,,,
39,148,Chad,866,Cattle,1988,6161000,E,,,,
40,152,Chile,866,Cattle,1988,3466000,A,,,,
96,344,"China, Hong Kong SAR",866,Cattle,1988,1210,A,,,,
214,158,"China, Taiwan Province of",866,Cattle,1988,136266,A,,,,
41,156,"China, mainland",866,Cattle,1988,73088800,X,,,,
44,170,Colombia,866,Cattle,1988,24245200,A,,,,
45,174,Comoros,866,Cattle,1988,45350,A,,,,
46,178,Congo,866,Cattle,1988,68760,A,,,,
47,184,Cook Islands,866,Cattle,1988,246,A,,,,
48,188,Costa Rica,866,Cattle,1988,2190189,A,,,,
49,192,Cuba,866,Cattle,1988,4984000,A,,,,
50,196,Cyprus,866,Cattle,1988,44522,A,,,,
107,384,Côte d'Ivoire,866,Cattle,1988,992000,A,,,,
116,408,Democratic People's Republic of Korea,866,Cattle,1988,1250000,E,,,,
250,180,Democratic Republic of the Congo,866,Cattle,1988,1434190,A,,,,
54,208,Denmark,866,Cattle,1988,2262000,A,,,,
72,262,Djibouti,866,Cattle,1988,160000,E,,,,
55,212,Dominica,866,Cattle,1988,12900,E,,,,
56,214,Dominican Republic,866,Cattle,1988,2128593,A,,,,
58,218,Ecuador,866,Cattle,1988,3997400,A,,,,
59,818,Egypt,866,Cattle,1988,2780000,A,,,,
60,222,El Salvador,866,Cattle,1988,1144100,A,,,,
61,226,Equatorial Guinea,866,Cattle,1988,4550,E,,,,
209,748,Eswatini,866,Cattle,1988,639943,A,,,,
64,234,Faroe Islands,866,Cattle,1988,2000,E,,,,
66,242,Fiji,866,Cattle,1988,265000,E,,,,
67,246,Finland,866,Cattle,1988,1434200,A,,,,
68,250,France,866,Cattle,1988,21340000,A,,,,
70,258,French Polynesia,866,Cattle,1988,8200,A,,,,
74,266,Gabon,866,Cattle,1988,23614,A,,,,
75,270,Gambia,866,Cattle,1988,317000,A,,,,
79,276,Germany,866,Cattle,1988,20607440,A,,,,
81,288,Ghana,866,Cattle,1988,1144978,A,,,,
84,300,Greece,866,Cattle,1988,683066,A,,,,
86,308,Grenada,866,Cattle,1988,4000,E,,,,
89,320,Guatemala,866,Cattle,1988,2071000,A,,,,
90,324,Guinea,866,Cattle,1988,1310779,A,,,,
175,624,Guinea-Bissau,866,Cattle,1988,370000,E,,,,
91,328,Guyana,866,Cattle,1988,135000,E,,,,
93,332,Haiti,866,Cattle,1988,1150000,E,,,,
95,340,Honduras,866,Cattle,1988,2489000,X,,,,
97,348,Hungary,866,Cattle,1988,1664000,A,,,,
99,352,Iceland,866,Cattle,1988,70824,A,,,,
100,356,India,866,Cattle,1988,200650000,X,,,,
101,360,Indonesia,866,Cattle,1988,9776000,A,,,,
102,364,Iran (Islamic Republic of),866,Cattle,1988,6368000,A,,,,
103,368,Iraq,866,Cattle,1988,1600000,E,,,,
104,372,Ireland,866,Cattle,1988,5632700,A,,,,
105,376,Israel,866,Cattle,1988,345000,A,,,,
106,380,Italy,866,Cattle,1988,8793500,A,,,,
109,388,Jamaica,866,Cattle,1988,350000,E,,,,
110,392,Japan,866,Cattle,1988,4667000,A,,,,
112,400,Jordan,866,Cattle,1988,29542,A,,,,
114,404,Kenya,866,Cattle,1988,13050000,A,,,,
118,414,Kuwait,866,Cattle,1988,24389,A,,,,
120,418,Lao People's Democratic Republic,866,Cattle,1988,764097,A,,,,
121,422,Lebanon,866,Cattle,1988,58785,A,,,,
122,426,Lesotho,866,Cattle,1988,627195,A,,,,
123,430,Liberia,866,Cattle,1988,42000,E,,,,
124,434,Libya,866,Cattle,1988,230000,X,,,,
129,450,Madagascar,866,Cattle,1988,10232000,A,,,,
130,454,Malawi,866,Cattle,1988,859505,A,,,,
131,458,Malaysia,866,Cattle,1988,637000,A,,,,
133,466,Mali,866,Cattle,1988,4703000,A,,,,
134,470,Malta,866,Cattle,1988,19000,E,,,,
136,478,Mauritania,866,Cattle,1988,1260000,A,,,,
137,480,Mauritius,866,Cattle,1988,33000,A,,,,
138,484,Mexico,866,Cattle,1988,31240000,X,,,,
141,496,Mongolia,866,Cattle,1988,2525900,A,,,,
143,504,Morocco,866,Cattle,1988,3136926,A,,,,
144,508,Mozambique,866,Cattle,1988,1000000,E,,,,
28,104,Myanmar,866,Cattle,1988,10093000,A,,,,
147,516,Namibia,866,Cattle,1988,1969955,A,,,,
149,524,Nepal,866,Cattle,1988,6343108,A,,,,
150,528,Netherlands (Kingdom of the),866,Cattle,1988,4546000,A,,,,
153,540,New Caledonia,866,Cattle,1988,136000,A,,,,
156,554,New Zealand,866,Cattle,1988,8057898,A,,,,
157,558,Nicaragua,866,Cattle,1988,2150000,E,,,,
158,562,Niger,866,Cattle,1988,2724360,A,,,,
159,566,Nigeria,866,Cattle,1988,13759000,A,,,,
160,570,Niue,866,Cattle,1988,250,E,,,,
162,578,Norway,866,Cattle,1988,931900,A,,,,
221,512,Oman,866,Cattle,1988,135500,E,,,,
165,586,Pakistan,866,Cattle,1988,17609008,A,,,,
166,591,Panama,866,Cattle,1988,1422500,A,,,,
168,598,Papua New Guinea,866,Cattle,1988,100600,X,,,,
169,600,Paraguay,866,Cattle,1988,7779558,A,,,,
170,604,Peru,866,Cattle,1988,4174300,A,,,,
171,608,Philippines,866,Cattle,1988,1700010,A,,,,
173,616,Poland,866,Cattle,1988,10322063,A,,,,
174,620,Portugal,866,Cattle,1988,1371000,A,,,,
177,630,Puerto Rico,866,Cattle,1988,559187,A,,,,
179,634,Qatar,866,Cattle,1988,9516,A,,,,
117,410,Republic of Korea,866,Cattle,1988,2039191,A,,,,
183,642,Romania,866,Cattle,1988,6559000,A,,,,
184,646,Rwanda,866,Cattle,1988,579230,A,,,,
188,659,Saint Kitts and Nevis,866,Cattle,1988,4600,E,,,,
189,662,Saint Lucia,866,Cattle,1988,12300,E,,,,
191,670,Saint Vincent and the Grenadines,866,Cattle,1988,6900,A,,,,
244,882,Samoa,866,Cattle,1988,24096,A,,,,
193,678,Sao Tome and Principe,866,Cattle,1988,3450,E,,,,
194,682,Saudi Arabia,866,Cattle,1988,195441,A,,,,
195,686,Senegal,866,Cattle,1988,2465000,A,,,,
196,690,Seychelles,866,Cattle,1988,2300,E,,,,
197,694,Sierra Leone,866,Cattle,1988,333000,A,,,,
200,702,Singapore,866,Cattle,1988,400,E,,,,
25,90,Solomon Islands,866,Cattle,1988,13000,X,,,,
201,706,Somalia,866,Cattle,1988,4983000,A,,,,
202,710,South Africa,866,Cattle,1988,12400000,A,,,,
203,724,Spain,866,Cattle,1988,5094000,A,,,,
38,144,Sri Lanka,866,Cattle,1988,1788000,A,,,,
207,740,Suriname,866,Cattle,1988,83732,A,,,,
210,752,Sweden,866,Cattle,1988,1661528,A,,,,
211,756,Switzerland,866,Cattle,1988,1836973,A,,,,
212,760,Syrian Arab Republic,866,Cattle,1988,763000,A,,,,
216,764,Thailand,866,Cattle,1988,5072024,A,,,,
176,626,Timor-Leste,866,Cattle,1988,57139,A,,,,
217,768,Togo,866,Cattle,1988,255000,A,,,,
219,776,Tonga,866,Cattle,1988,10000,A,,,,
220,780,Trinidad and Tobago,866,Cattle,1988,54000,E,,,,
222,788,Tunisia,866,Cattle,1988,634300,A,,,,
223,792,Türkiye,866,Cattle,1988,12713000,A,,,,
226,800,Uganda,866,Cattle,1988,4259800,A,,,,
225,784,United Arab Emirates,866,Cattle,1988,46118,A,,,,
229,826,United Kingdom of Great Britain and Northern Ireland,866,Cattle,1988,11884000,A,,,,
215,834,United Republic of Tanzania,866,Cattle,1988,12866079,A,,,,
231,840,United States of America,866,Cattle,1988,99622000,A,,,,
234,858,Uruguay,866,Cattle,1988,10330911,A,,,,
155,548,Vanuatu,866,Cattle,1988,113000,A,,,,
236,862,Venezuela (Bolivarian Republic of),866,Cattle,1988,12856400,A,,,,
237,704,Viet Nam,866,Cattle,1988,3126600,A,,,,
249,887,Yemen,866,Cattle,1988,1136999,A,,,,
251,894,Zambia,866,Cattle,1988,2637649,A,,,,
181,716,Zimbabwe,866,Cattle,1988,5820000,A,,,,
182,638,Réunion,866,Cattle,1989,18100,A,,,,
135,474,Martinique,866,Cattle,1989,36700,A,,,,
206,736,Sudan (former),866,Cattle,1989,20583000,A,,,,
15,58,Belgium-Luxembourg,866,Cattle,1989,3174000,A,,,,
62,230,Ethiopia PDR,866,Cattle,1989,28900000,X,,,,
228,810,USSR,866,Cattle,1989,119600000,A,,,,
87,312,Guadeloupe,866,Cattle,1989,74000,A,,,,
69,254,French Guiana,866,Cattle,1989,15600,A,,,,
248,890,Yugoslav SFR,866,Cattle,1989,4759000,A,,,,
51,200,Czechoslovakia,866,Cattle,1989,5074582,A,,,,
2,4,Afghanistan,866,Cattle,1989,1600000,E,,,,
3,8,Albania,866,Cattle,1989,699000,A,,,,
4,12,Algeria,866,Cattle,1989,1405330,A,,,,
7,24,Angola,866,Cattle,1989,3100000,A,,,,
8,28,Antigua and Barbuda,866,Cattle,1989,16000,E,,,,
9,32,Argentina,866,Cattle,1989,52602000,A,,,,
10,36,Australia,866,Cattle,1989,22434288,A,,,,
11,40,Austria,866,Cattle,1989,2541405,A,,,,
12,44,Bahamas,866,Cattle,1989,1000,E,,,,
13,48,Bahrain,866,Cattle,1989,13230,X,,,,
16,50,Bangladesh,866,Cattle,1989,23015008,A,,,,
14,52,Barbados,866,Cattle,1989,31000,E,,,,
23,84,Belize,866,Cattle,1989,54025,A,,,,
53,204,Benin,866,Cattle,1989,918130,A,,,,
18,64,Bhutan,866,Cattle,1989,387000,A,,,,
19,68,Bolivia (Plurinational State of),866,Cattle,1989,5475891,A,,,,
20,72,Botswana,866,Cattle,1989,2528000,A,,,,
21,76,Brazil,866,Cattle,1989,144154096,A,,,,
26,96,Brunei Darussalam,866,Cattle,1989,1607,A,,,,
27,100,Bulgaria,866,Cattle,1989,1613116,A,,,,
233,854,Burkina Faso,866,Cattle,1989,3860000,A,,,,
29,108,Burundi,866,Cattle,1989,423064,A,,,,
35,132,Cabo Verde,866,Cattle,1989,18700,A,,,,
115,116,Cambodia,866,Cattle,1989,2095000,A,,,,
32,120,Cameroon,866,Cattle,1989,4582000,A,,,,
33,124,Canada,866,Cattle,1989,10984400,A,,,,
37,140,Central African Republic,866,Cattle,1989,2410319,A,,,,
39,148,Chad,866,Cattle,1989,6488000,E,,,,
40,152,Chile,866,Cattle,1989,3465830,A,,,,
96,344,"China, Hong Kong SAR",866,Cattle,1989,1490,A,,,,
214,158,"China, Taiwan Province of",866,Cattle,1989,142110,A,,,,
41,156,"China, mainland",866,Cattle,1989,76114200,X,,,,
44,170,Colombia,866,Cattle,1989,24414896,A,,,,
45,174,Comoros,866,Cattle,1989,46710,A,,,,
46,178,Congo,866,Cattle,1989,61606,A,,,,
47,184,Cook Islands,866,Cattle,1989,246,A,,,,
48,188,Costa Rica,866,Cattle,1989,2168000,X,,,,
49,192,Cuba,866,Cattle,1989,4926800,A,,,,
50,196,Cyprus,866,Cattle,1989,45966,A,,,,
107,384,Côte d'Ivoire,866,Cattle,1989,1049000,A,,,,
116,408,Democratic People's Republic of Korea,866,Cattle,1989,1100000,E,,,,
250,180,Democratic Republic of the Congo,866,Cattle,1989,1483590,A,,,,
54,208,Denmark,866,Cattle,1989,2221000,A,,,,
72,262,Djibouti,866,Cattle,1989,180000,E,,,,
55,212,Dominica,866,Cattle,1989,14200,E,,,,
56,214,Dominican Republic,866,Cattle,1989,2245000,A,,,,
58,218,Ecuador,866,Cattle,1989,4176600,A,,,,
59,818,Egypt,866,Cattle,1989,2720615,A,,,,
60,222,El Salvador,866,Cattle,1989,1176200,A,,,,
61,226,Equatorial Guinea,866,Cattle,1989,4600,E,,,,
209,748,Eswatini,866,Cattle,1989,679188,A,,,,
64,234,Faroe Islands,866,Cattle,1989,2000,E,,,,
66,242,Fiji,866,Cattle,1989,268000,E,,,,
67,246,Finland,866,Cattle,1989,1379000,A,,,,
68,250,France,866,Cattle,1989,21377008,A,,,,
70,258,French Polynesia,866,Cattle,1989,8500,A,,,,
74,266,Gabon,866,Cattle,1989,26684,A,,,,
75,270,Gambia,866,Cattle,1989,327000,A,,,,
79,276,Germany,866,Cattle,1989,20369056,A,,,,
81,288,Ghana,866,Cattle,1989,1136421,A,,,,
84,300,Greece,866,Cattle,1989,677066,A,,,,
86,308,Grenada,866,Cattle,1989,4050,E,,,,
89,320,Guatemala,866,Cattle,1989,2046900,A,,,,
90,324,Guinea,866,Cattle,1989,1436075,A,,,,
175,624,Guinea-Bissau,866,Cattle,1989,400000,A,,,,
91,328,Guyana,866,Cattle,1989,145000,E,,,,
93,332,Haiti,866,Cattle,1989,1100000,E,,,,
95,340,Honduras,866,Cattle,1989,2423520,A,,,,
97,348,Hungary,866,Cattle,1989,1689700,A,,,,
99,352,Iceland,866,Cattle,1989,72789,A,,,,
100,356,India,866,Cattle,1989,201600000,X,,,,
101,360,Indonesia,866,Cattle,1989,10094800,A,,,,
102,364,Iran (Islamic Republic of),866,Cattle,1989,7917747,A,,,,
103,368,Iraq,866,Cattle,1989,1578000,X,,,,
104,372,Ireland,866,Cattle,1989,5698700,A,,,,
105,376,Israel,866,Cattle,1989,348100,A,,,,
106,380,Italy,866,Cattle,1989,8736800,A,,,,
109,388,Jamaica,866,Cattle,1989,345000,E,,,,
110,392,Japan,866,Cattle,1989,4682000,A,,,,
112,400,Jordan,866,Cattle,1989,28953,A,,,,
114,404,Kenya,866,Cattle,1989,13457000,A,,,,
118,414,Kuwait,866,Cattle,1989,20419,A,,,,
120,418,Lao People's Democratic Republic,866,Cattle,1989,816526,A,,,,
121,422,Lebanon,866,Cattle,1989,59235,A,,,,
122,426,Lesotho,866,Cattle,1989,583260,A,,,,
123,430,Liberia,866,Cattle,1989,40000,E,,,,
124,434,Libya,866,Cattle,1989,240000,X,,,,
129,450,Madagascar,866,Cattle,1989,10243000,A,,,,
130,454,Malawi,866,Cattle,1989,850000,E,,,,
131,458,Malaysia,866,Cattle,1989,661000,A,,,,
133,466,Mali,866,Cattle,1989,4826000,A,,,,
134,470,Malta,866,Cattle,1989,20540,A,,,,
136,478,Mauritania,866,Cattle,1989,1300000,A,,,,
137,480,Mauritius,866,Cattle,1989,34000,A,,,,
138,484,Mexico,866,Cattle,1989,33068288,A,,,,
141,496,Mongolia,866,Cattle,1989,2541300,A,,,,
143,504,Morocco,866,Cattle,1989,3324240,A,,,,
144,508,Mozambique,866,Cattle,1989,950000,E,,,,
28,104,Myanmar,866,Cattle,1989,9145000,A,,,,
147,516,Namibia,866,Cattle,1989,2014075,A,,,,
149,524,Nepal,866,Cattle,1989,6284918,A,,,,
150,528,Netherlands (Kingdom of the),866,Cattle,1989,4772000,A,,,,
153,540,New Caledonia,866,Cattle,1989,120800,A,,,,
156,554,New Zealand,866,Cattle,1989,7828433,A,,,,
157,558,Nicaragua,866,Cattle,1989,2800000,E,,,,
158,562,Niger,866,Cattle,1989,2887820,A,,,,
159,566,Nigeria,866,Cattle,1989,13957940,A,,,,
160,570,Niue,866,Cattle,1989,200,E,,,,
162,578,Norway,866,Cattle,1989,949400,A,,,,
221,512,Oman,866,Cattle,1989,136000,E,,,,
165,586,Pakistan,866,Cattle,1989,17643008,A,,,,
166,591,Panama,866,Cattle,1989,1416600,A,,,,
168,598,Papua New Guinea,866,Cattle,1989,100000,E,,,,
169,600,Paraguay,866,Cattle,1989,8073625,A,,,,
170,604,Peru,866,Cattle,1989,4233800,A,,,,
171,608,Philippines,866,Cattle,1989,1681650,A,,,,
173,616,Poland,866,Cattle,1989,10732577,A,,,,
174,620,Portugal,866,Cattle,1989,1359000,A,,,,
177,630,Puerto Rico,866,Cattle,1989,585581,A,,,,
179,634,Qatar,866,Cattle,1989,9821,A,,,,
117,410,Republic of Korea,866,Cattle,1989,2051238,A,,,,
183,642,Romania,866,Cattle,1989,6416000,A,,,,
184,646,Rwanda,866,Cattle,1989,594059,A,,,,
188,659,Saint Kitts and Nevis,866,Cattle,1989,4300,E,,,,
189,662,Saint Lucia,866,Cattle,1989,12300,E,,,,
191,670,Saint Vincent and the Grenadines,866,Cattle,1989,6600,A,,,,
244,882,Samoa,866,Cattle,1989,24096,A,,,,
193,678,Sao Tome and Principe,866,Cattle,1989,3500,E,,,,
194,682,Saudi Arabia,866,Cattle,1989,193634,A,,,,
195,686,Senegal,866,Cattle,1989,2548000,A,,,,
196,690,Seychelles,866,Cattle,1989,2300,E,,,,
197,694,Sierra Leone,866,Cattle,1989,333000,A,,,,
200,702,Singapore,866,Cattle,1989,400,E,,,,
25,90,Solomon Islands,866,Cattle,1989,13000,E,,,,
201,706,Somalia,866,Cattle,1989,4800000,E,,,,
202,710,South Africa,866,Cattle,1989,12800000,A,,,,
203,724,Spain,866,Cattle,1989,5061000,A,,,,
38,144,Sri Lanka,866,Cattle,1989,1819900,A,,,,
207,740,Suriname,866,Cattle,1989,89335,A,,,,
210,752,Sweden,866,Cattle,1989,1687650,A,,,,
211,756,Switzerland,866,Cattle,1989,1850300,A,,,,
212,760,Syrian Arab Republic,866,Cattle,1989,800000,A,,,,
216,764,Thailand,866,Cattle,1989,5284960,A,,,,
176,626,Timor-Leste,866,Cattle,1989,63300,A,,,,
217,768,Togo,866,Cattle,1989,250000,E,,,,
219,776,Tonga,866,Cattle,1989,11651,A,,,,
220,780,Trinidad and Tobago,866,Cattle,1989,45000,E,,,,
222,788,Tunisia,866,Cattle,1989,625700,A,,,,
223,792,Türkiye,866,Cattle,1989,12562000,A,,,,
226,800,Uganda,866,Cattle,1989,4416500,A,,,,
225,784,United Arab Emirates,866,Cattle,1989,46102,A,,,,
229,826,United Kingdom of Great Britain and Northern Ireland,866,Cattle,1989,11975000,A,,,,
215,834,United Republic of Tanzania,866,Cattle,1989,12956142,A,,,,
231,840,United States of America,866,Cattle,1989,96740000,A,,,,
234,858,Uruguay,866,Cattle,1989,9446155,A,,,,
155,548,Vanuatu,866,Cattle,1989,116235,A,,,,
236,862,Venezuela (Bolivarian Republic of),866,Cattle,1989,13075900,A,,,,
237,704,Viet Nam,866,Cattle,1989,3201700,A,,,,
249,887,Yemen,866,Cattle,1989,1170272,A,,,,
251,894,Zambia,866,Cattle,1989,2672413,A,,,,
181,716,Zimbabwe,866,Cattle,1989,5846000,A,,,,
206,736,Sudan (former),866,Cattle,1990,21027800,A,,,,
15,58,Belgium-Luxembourg,866,Cattle,1990,3257000,A,,,,
182,638,Réunion,866,Cattle,1990,20100,A,,,,
228,810,USSR,866,Cattle,1990,118388000,A,,,,
51,200,Czechoslovakia,866,Cattle,1990,5129222,A,,,,
248,890,Yugoslav SFR,866,Cattle,1990,4705000,A,,,,
69,254,French Guiana,866,Cattle,1990,14600,A,,,,
135,474,Martinique,866,Cattle,1990,36700,A,,,,
62,230,Ethiopia PDR,866,Cattle,1990,30000000,E,,,,
87,312,Guadeloupe,866,Cattle,1990,68000,A,,,,
2,4,Afghanistan,866,Cattle,1990,1600000,E,,,,
3,8,Albania,866,Cattle,1990,632600,A,,,,
4,12,Algeria,866,Cattle,1990,1392700,A,,,,
7,24,Angola,866,Cattle,1990,3100000,E,,,,
8,28,Antigua and Barbuda,866,Cattle,1990,16000,E,,,,
9,32,Argentina,866,Cattle,1990,52845000,A,,,,
10,36,Australia,866,Cattle,1990,23162208,A,,,,
11,40,Austria,866,Cattle,1990,2562393,A,,,,
12,44,Bahamas,866,Cattle,1990,1000,E,,,,
13,48,Bahrain,866,Cattle,1990,13500,X,,,,
16,50,Bangladesh,866,Cattle,1990,23244000,A,,,,
14,52,Barbados,866,Cattle,1990,32300,E,,,,
23,84,Belize,866,Cattle,1990,61500,E,,,,
53,204,Benin,866,Cattle,1990,1080000,A,,,,
18,64,Bhutan,866,Cattle,1990,392952,A,,,,
19,68,Bolivia (Plurinational State of),866,Cattle,1990,5131659,A,,,,
20,72,Botswana,866,Cattle,1990,2696000,A,,,,
21,76,Brazil,866,Cattle,1990,147102320,A,,,,
26,96,Brunei Darussalam,866,Cattle,1990,1503,A,,,,
27,100,Bulgaria,866,Cattle,1990,1575107,A,,,,
233,854,Burkina Faso,866,Cattle,1990,3860000,A,,,,
29,108,Burundi,866,Cattle,1990,431839,A,,,,
35,132,Cabo Verde,866,Cattle,1990,19191,A,,,,
115,116,Cambodia,866,Cattle,1990,2181000,A,,,,
32,120,Cameroon,866,Cattle,1990,4697000,A,,,,
33,124,Canada,866,Cattle,1990,11220400,A,,,,
37,140,Central African Republic,866,Cattle,1990,2500270,A,,,,
39,148,Chad,866,Cattle,1990,6833000,E,,,,
40,152,Chile,866,Cattle,1990,3403850,A,,,,
96,344,"China, Hong Kong SAR",866,Cattle,1990,1510,A,,,,
214,158,"China, Taiwan Province of",866,Cattle,1990,138309,A,,,,
41,156,"China, mainland",866,Cattle,1990,77769856,X,,,,
44,170,Colombia,866,Cattle,1990,24383504,A,,,,
45,174,Comoros,866,Cattle,1990,45000,E,,,,
46,178,Congo,866,Cattle,1990,70198,A,,,,
47,184,Cook Islands,866,Cattle,1990,250,A,,,,
48,188,Costa Rica,866,Cattle,1990,2201000,X,,,,
49,192,Cuba,866,Cattle,1990,4802600,A,,,,
50,196,Cyprus,866,Cattle,1990,49296,A,,,,
107,384,Côte d'Ivoire,866,Cattle,1990,1108000,A,,,,
116,408,Democratic People's Republic of Korea,866,Cattle,1990,1000000,E,,,,
250,180,Democratic Republic of the Congo,866,Cattle,1990,1534700,A,,,,
54,208,Denmark,866,Cattle,1990,2239000,A,,,,
72,262,Djibouti,866,Cattle,1990,195000,E,,,,
55,212,Dominica,866,Cattle,1990,13750,E,,,,
56,214,Dominican Republic,866,Cattle,1990,2240000,X,,,,
58,218,Ecuador,866,Cattle,1990,4359393,A,,,,
59,818,Egypt,866,Cattle,1990,2617835,A,,,,
60,222,El Salvador,866,Cattle,1990,1219700,A,,,,
61,226,Equatorial Guinea,866,Cattle,1990,4650,E,,,,
209,748,Eswatini,866,Cattle,1990,715941,A,,,,
64,234,Faroe Islands,866,Cattle,1990,2070,A,,,,
66,242,Fiji,866,Cattle,1990,273000,E,,,,
67,246,Finland,866,Cattle,1990,1363000,A,,,,
68,250,France,866,Cattle,1990,21394000,A,,,,
70,258,French Polynesia,866,Cattle,1990,7000,A,,,,
74,266,Gabon,866,Cattle,1990,30877,A,,,,
75,270,Gambia,866,Cattle,1990,327000,A,,,,
79,276,Germany,866,Cattle,1990,20287824,A,,,,
81,288,Ghana,866,Cattle,1990,1144787,A,,,,
84,300,Greece,866,Cattle,1990,653860,A,,,,
86,308,Grenada,866,Cattle,1990,4100,E,,,,
89,320,Guatemala,866,Cattle,1990,2032400,A,,,,
90,324,Guinea,866,Cattle,1990,1471946,A,,,,
175,624,Guinea-Bissau,866,Cattle,1990,410044,A,,,,
91,328,Guyana,866,Cattle,1990,160000,E,,,,
93,332,Haiti,866,Cattle,1990,1000000,E,,,,
95,340,Honduras,866,Cattle,1990,2424000,X,,,,
97,348,Hungary,866,Cattle,1990,1597600,A,,,,
99,352,Iceland,866,Cattle,1990,74889,A,,,,
100,356,India,866,Cattle,1990,202500000,X,,,,
101,360,Indonesia,866,Cattle,1990,10410207,A,,,,
102,364,Iran (Islamic Republic of),866,Cattle,1990,7532120,A,,,,
103,368,Iraq,866,Cattle,1990,1520000,E,,,,
104,372,Ireland,866,Cattle,1990,5969100,A,,,,
105,376,Israel,866,Cattle,1990,342100,A,,,,
106,380,Italy,866,Cattle,1990,8745900,A,,,,
109,388,Jamaica,866,Cattle,1990,380000,E,,,,
110,392,Japan,866,Cattle,1990,4760000,A,,,,
112,400,Jordan,866,Cattle,1990,35000,E,,,,
114,404,Kenya,866,Cattle,1990,13793000,A,,,,
118,414,Kuwait,866,Cattle,1990,21280,A,,,,
120,418,Lao People's Democratic Republic,866,Cattle,1990,841900,A,,,,
121,422,Lebanon,866,Cattle,1990,65000,E,,,,
122,426,Lesotho,866,Cattle,1990,523244,A,,,,
123,430,Liberia,866,Cattle,1990,38000,E,,,,
124,434,Libya,866,Cattle,1990,250000,X,,,,
129,450,Madagascar,866,Cattle,1990,10254000,A,,,,
130,454,Malawi,866,Cattle,1990,838552,A,,,,
131,458,Malaysia,866,Cattle,1990,667720,A,,,,
133,466,Mali,866,Cattle,1990,4996000,A,,,,
134,470,Malta,866,Cattle,1990,21000,E,,,,
136,478,Mauritania,866,Cattle,1990,1350000,A,,,,
137,480,Mauritius,866,Cattle,1990,30000,E,,,,
138,484,Mexico,866,Cattle,1990,32054304,A,,,,
141,496,Mongolia,866,Cattle,1990,2692700,A,,,,
143,504,Morocco,866,Cattle,1990,3346258,A,,,,
144,508,Mozambique,866,Cattle,1990,920000,E,,,,
28,104,Myanmar,866,Cattle,1990,9310000,A,,,,
147,516,Namibia,866,Cattle,1990,2086551,A,,,,
149,524,Nepal,866,Cattle,1990,6280852,A,,,,
150,528,Netherlands (Kingdom of the),866,Cattle,1990,4926000,A,,,,
153,540,New Caledonia,866,Cattle,1990,120000,A,,,,
156,554,New Zealand,866,Cattle,1990,8033976,A,,,,
157,558,Nicaragua,866,Cattle,1990,3200000,E,,,,
158,562,Niger,866,Cattle,1990,3061090,A,,,,
159,566,Nigeria,866,Cattle,1990,13947000,A,,,,
160,570,Niue,866,Cattle,1990,112,A,,,,
162,578,Norway,866,Cattle,1990,953100,A,,,,
221,512,Oman,866,Cattle,1990,137000,A,,,,
165,586,Pakistan,866,Cattle,1990,17677008,A,,,,
166,591,Panama,866,Cattle,1990,1388000,A,,,,
168,598,Papua New Guinea,866,Cattle,1990,99000,E,,,,
169,600,Paraguay,866,Cattle,1990,8253900,A,,,,
170,604,Peru,866,Cattle,1990,4102300,A,,,,
171,608,Philippines,866,Cattle,1990,1629230,A,,,,
173,616,Poland,866,Cattle,1990,10048929,A,,,,
174,620,Portugal,866,Cattle,1990,1392000,A,,,,
177,630,Puerto Rico,866,Cattle,1990,601280,A,,,,
179,634,Qatar,866,Cattle,1990,10095,A,,,,
117,410,Republic of Korea,866,Cattle,1990,2125601,A,,,,
183,642,Romania,866,Cattle,1990,6290700,A,,,,
184,646,Rwanda,866,Cattle,1990,581812,A,,,,
188,659,Saint Kitts and Nevis,866,Cattle,1990,4100,E,,,,
189,662,Saint Lucia,866,Cattle,1990,12250,E,,,,
191,670,Saint Vincent and the Grenadines,866,Cattle,1990,6300,A,,,,
244,882,Samoa,866,Cattle,1990,24000,E,,,,
193,678,Sao Tome and Principe,866,Cattle,1990,3550,E,,,,
194,682,Saudi Arabia,866,Cattle,1990,192764,A,,,,
195,686,Senegal,866,Cattle,1990,2465000,A,,,,
196,690,Seychelles,866,Cattle,1990,3000,E,,,,
197,694,Sierra Leone,866,Cattle,1990,333000,A,,,,
200,702,Singapore,866,Cattle,1990,400,E,,,,
25,90,Solomon Islands,866,Cattle,1990,13000,E,,,,
201,706,Somalia,866,Cattle,1990,4000000,E,,,,
202,710,South Africa,866,Cattle,1990,13300000,A,,,,
203,724,Spain,866,Cattle,1990,5187000,A,,,,
38,144,Sri Lanka,866,Cattle,1990,1772700,A,,,,
207,740,Suriname,866,Cattle,1990,91975,A,,,,
210,752,Sweden,866,Cattle,1990,1718443,A,,,,
211,756,Switzerland,866,Cattle,1990,1855200,A,,,,
212,760,Syrian Arab Republic,866,Cattle,1990,787000,A,,,,
216,764,Thailand,866,Cattle,1990,5668530,A,,,,
176,626,Timor-Leste,866,Cattle,1990,68028,A,,,,
217,768,Togo,866,Cattle,1990,243000,A,,,,
219,776,Tonga,866,Cattle,1990,10000,X,,,,
220,780,Trinidad and Tobago,866,Cattle,1990,41000,E,,,,
222,788,Tunisia,866,Cattle,1990,622000,A,,,,
223,792,Türkiye,866,Cattle,1990,12173000,A,,,,
226,800,Uganda,866,Cattle,1990,4913200,A,,,,
225,784,United Arab Emirates,866,Cattle,1990,49328,A,,,,
229,826,United Kingdom of Great Britain and Northern Ireland,866,Cattle,1990,12079000,A,,,,
215,834,United Republic of Tanzania,866,Cattle,1990,13046835,A,,,,
231,840,United States of America,866,Cattle,1990,95816000,A,,,,
234,858,Uruguay,866,Cattle,1990,8692000,A,,,,
155,548,Vanuatu,866,Cattle,1990,125000,E,,,,
236,862,Venezuela (Bolivarian Republic of),866,Cattle,1990,13272100,A,,,,
237,704,Viet Nam,866,Cattle,1990,3116900,A,,,,
249,887,Yemen,866,Cattle,1990,1175272,A,,,,
251,894,Zambia,866,Cattle,1990,2878000,X,,,,
181,716,Zimbabwe,866,Cattle,1990,6407000,A,,,,
62,230,Ethiopia PDR,866,Cattle,1991,30000000,E,,,,
15,58,Belgium-Luxembourg,866,Cattle,1991,3360000,A,,,,
299,275,Palestine,866,Cattle,1991,,M,,,,
51,200,Czechoslovakia,866,Cattle,1991,4923046,A,,,,
228,810,USSR,866,Cattle,1991,115643008,A,,,,
182,638,Réunion,866,Cattle,1991,21600,A,,,,
87,312,Guadeloupe,866,Cattle,1991,66700,A,,,,
248,890,Yugoslav SFR,866,Cattle,1991,4513845,A,,,,
135,474,Martinique,866,Cattle,1991,36700,A,,,,
206,736,Sudan (former),866,Cattle,1991,21630000,X,,,,
69,254,French Guiana,866,Cattle,1991,14600,A,,,,
145,583,Micronesia (Federated States of),866,Cattle,1991,14000,E,,,,
2,4,Afghanistan,866,Cattle,1991,1600000,E,,,,
3,8,Albania,866,Cattle,1991,640000,A,,,,
4,12,Algeria,866,Cattle,1991,1300180,A,,,,
7,24,Angola,866,Cattle,1991,3150000,A,,,,
8,28,Antigua and Barbuda,866,Cattle,1991,13179,I,,,,
9,32,Argentina,866,Cattle,1991,52452000,A,,,,
10,36,Australia,866,Cattle,1991,23662256,A,,,,
11,40,Austria,866,Cattle,1991,2583914,A,,,,
12,44,Bahamas,866,Cattle,1991,900,E,,,,
13,48,Bahrain,866,Cattle,1991,12500,E,,,,
16,50,Bangladesh,866,Cattle,1991,23259008,A,,,,
14,52,Barbados,866,Cattle,1991,32300,E,,,,
23,84,Belize,866,Cattle,1991,55374,A,,,,
53,204,Benin,866,Cattle,1991,1088000,A,,,,
18,64,Bhutan,866,Cattle,1991,366000,E,,,,
19,68,Bolivia (Plurinational State of),866,Cattle,1991,5228026,A,,,,
20,72,Botswana,866,Cattle,1991,2200000,E,,,,
21,76,Brazil,866,Cattle,1991,152135505,A,,,,
26,96,Brunei Darussalam,866,Cattle,1991,1613,A,,,,
27,100,Bulgaria,866,Cattle,1991,1456900,A,,,,
233,854,Burkina Faso,866,Cattle,1991,4015000,A,,,,
29,108,Burundi,866,Cattle,1991,436761,A,,,,
35,132,Cabo Verde,866,Cattle,1991,16262,A,,,,
115,116,Cambodia,866,Cattle,1991,2257000,A,,,,
32,120,Cameroon,866,Cattle,1991,4700000,E,,,,
33,124,Canada,866,Cattle,1991,11288800,A,,,,
37,140,Central African Republic,866,Cattle,1991,2677000,A,,,,
39,148,Chad,866,Cattle,1991,7195000,E,,,,
40,152,Chile,866,Cattle,1991,3460530,A,,,,
96,344,"China, Hong Kong SAR",866,Cattle,1991,1520,A,,,,
214,158,"China, Taiwan Province of",866,Cattle,1991,132362,A,,,,
41,156,"China, mainland",866,Cattle,1991,81194000,A,,,,
44,170,Colombia,866,Cattle,1991,24350208,A,,,,
45,174,Comoros,866,Cattle,1991,43200,X,,,,
46,178,Congo,866,Cattle,1991,63971,A,,,,
47,184,Cook Islands,866,Cattle,1991,250,A,,,,
48,188,Costa Rica,866,Cattle,1991,2175000,X,,,,
49,192,Cuba,866,Cattle,1991,4735500,A,,,,
50,196,Cyprus,866,Cattle,1991,54682,A,,,,
107,384,Côte d'Ivoire,866,Cattle,1991,1145000,A,,,,
116,408,Democratic People's Republic of Korea,866,Cattle,1991,858000,A,,,,
250,180,Democratic Republic of the Congo,866,Cattle,1991,1380660,A,,,,
54,208,Denmark,866,Cattle,1991,2222000,A,,,,
72,262,Djibouti,866,Cattle,1991,190000,E,,,,
55,212,Dominica,866,Cattle,1991,13500,E,,,,
56,214,Dominican Republic,866,Cattle,1991,2365000,X,,,,
58,218,Ecuador,866,Cattle,1991,4516000,A,,,,
59,818,Egypt,866,Cattle,1991,3537100,A,,,,
60,222,El Salvador,866,Cattle,1991,1242900,A,,,,
61,226,Equatorial Guinea,866,Cattle,1991,4700,E,,,,
209,748,Eswatini,866,Cattle,1991,740170,A,,,,
64,234,Faroe Islands,866,Cattle,1991,2000,E,,,,
66,242,Fiji,866,Cattle,1991,280221,A,,,,
67,246,Finland,866,Cattle,1991,1309900,A,,,,
68,250,France,866,Cattle,1991,21097138,A,,,,
70,258,French Polynesia,866,Cattle,1991,7000,E,,,,
74,266,Gabon,866,Cattle,1991,34296,A,,,,
75,270,Gambia,866,Cattle,1991,340433,A,,,,
79,276,Germany,866,Cattle,1991,19488000,A,,,,
81,288,Ghana,866,Cattle,1991,1194633,A,,,,
84,300,Greece,866,Cattle,1991,623514,A,,,,
86,308,Grenada,866,Cattle,1991,4150,E,,,,
89,320,Guatemala,866,Cattle,1991,2086400,A,,,,
90,324,Guinea,866,Cattle,1991,1595460,A,,,,
175,624,Guinea-Bissau,866,Cattle,1991,410000,A,,,,
91,328,Guyana,866,Cattle,1991,190000,E,,,,
93,332,Haiti,866,Cattle,1991,1100000,E,,,,
95,340,Honduras,866,Cattle,1991,2388000,X,,,,
97,348,Hungary,866,Cattle,1991,1571000,A,,,,
99,352,Iceland,866,Cattle,1991,77681,A,,,,
100,356,India,866,Cattle,1991,203500000,X,,,,
101,360,Indonesia,866,Cattle,1991,10667000,A,,,,
102,364,Iran (Islamic Republic of),866,Cattle,1991,6697320,A,,,,
103,368,Iraq,866,Cattle,1991,1000000,E,,,,
104,372,Ireland,866,Cattle,1991,6100500,A,,,,
105,376,Israel,866,Cattle,1991,331000,A,,,,
106,380,Italy,866,Cattle,1991,8140000,A,,,,
109,388,Jamaica,866,Cattle,1991,420000,E,,,,
110,392,Japan,866,Cattle,1991,4873000,A,,,,
112,400,Jordan,866,Cattle,1991,50000,E,,,,
114,404,Kenya,866,Cattle,1991,13074800,A,,,,
118,414,Kuwait,866,Cattle,1991,4000,E,,,,
120,418,Lao People's Democratic Republic,866,Cattle,1991,899100,A,,,,
121,422,Lebanon,866,Cattle,1991,70260,A,,,,
122,426,Lesotho,866,Cattle,1991,542399,A,,,,
123,430,Liberia,866,Cattle,1991,37000,E,,,,
124,434,Libya,866,Cattle,1991,225000,E,,,,
129,450,Madagascar,866,Cattle,1991,10265300,A,,,,
130,454,Malawi,866,Cattle,1991,807613,A,,,,
131,458,Malaysia,866,Cattle,1991,653321,A,,,,
133,466,Mali,866,Cattle,1991,5092130,A,,,,
134,470,Malta,866,Cattle,1991,22000,E,,,,
136,478,Mauritania,866,Cattle,1991,1400000,A,,,,
137,480,Mauritius,866,Cattle,1991,23000,E,,,,
138,484,Mexico,866,Cattle,1991,31822776,A,,,,
141,496,Mongolia,866,Cattle,1991,2848700,A,,,,
143,504,Morocco,866,Cattle,1991,3182920,A,,,,
144,508,Mozambique,866,Cattle,1991,900000,E,,,,
28,104,Myanmar,866,Cattle,1991,9384000,A,,,,
147,516,Namibia,866,Cattle,1991,2211624,A,,,,
149,524,Nepal,866,Cattle,1991,6254819,A,,,,
150,528,Netherlands (Kingdom of the),866,Cattle,1991,5062000,A,,,,
153,540,New Caledonia,866,Cattle,1991,125397,A,,,,
156,554,New Zealand,866,Cattle,1991,8099996,A,,,,
157,558,Nicaragua,866,Cattle,1991,2500000,E,,,,
158,562,Niger,866,Cattle,1991,3244760,A,,,,
159,566,Nigeria,866,Cattle,1991,14016740,A,,,,
160,570,Niue,866,Cattle,1991,113,I,,,,
162,578,Norway,866,Cattle,1991,974185,A,,,,
221,512,Oman,866,Cattle,1991,158000,E,,,,
165,586,Pakistan,866,Cattle,1991,17711008,A,,,,
166,591,Panama,866,Cattle,1991,1399487,A,,,,
168,598,Papua New Guinea,866,Cattle,1991,98000,E,,,,
169,600,Paraguay,866,Cattle,1991,7626617,A,,,,
170,604,Peru,866,Cattle,1991,4041500,A,,,,
171,608,Philippines,866,Cattle,1991,1679866,A,,,,
173,616,Poland,866,Cattle,1991,8844000,A,,,,
174,620,Portugal,866,Cattle,1991,1367000,A,,,,
177,630,Puerto Rico,866,Cattle,1991,598575,A,,,,
179,634,Qatar,866,Cattle,1991,9247,A,,,,
117,410,Republic of Korea,866,Cattle,1991,2268729,A,,,,
183,642,Romania,866,Cattle,1991,5380700,A,,,,
184,646,Rwanda,866,Cattle,1991,600000,E,,,,
188,659,Saint Kitts and Nevis,866,Cattle,1991,3900,E,,,,
189,662,Saint Lucia,866,Cattle,1991,12300,E,,,,
191,670,Saint Vincent and the Grenadines,866,Cattle,1991,6000,A,,,,
244,882,Samoa,866,Cattle,1991,25000,E,,,,
193,678,Sao Tome and Principe,866,Cattle,1991,3600,E,,,,
194,682,Saudi Arabia,866,Cattle,1991,197893,A,,,,
195,686,Senegal,866,Cattle,1991,2539000,A,,,,
196,690,Seychelles,866,Cattle,1991,3100,E,,,,
197,694,Sierra Leone,866,Cattle,1991,333000,A,,,,
200,702,Singapore,866,Cattle,1991,400,E,,,,
25,90,Solomon Islands,866,Cattle,1991,13000,E,,,,
201,706,Somalia,866,Cattle,1991,3500000,E,,,,
202,710,South Africa,866,Cattle,1991,13500000,A,,,,
203,724,Spain,866,Cattle,1991,5126000,A,,,,
38,144,Sri Lanka,866,Cattle,1991,1476800,A,,,,
207,740,Suriname,866,Cattle,1991,92485,A,,,,
210,752,Sweden,866,Cattle,1991,1706778,A,,,,
211,756,Switzerland,866,Cattle,1991,1828900,A,,,,
212,760,Syrian Arab Republic,866,Cattle,1991,771118,A,,,,
216,764,Thailand,866,Cattle,1991,6626971,A,,,,
176,626,Timor-Leste,866,Cattle,1991,76907,A,,,,
217,768,Togo,866,Cattle,1991,238000,A,,,,
219,776,Tonga,866,Cattle,1991,10000,X,,,,
220,780,Trinidad and Tobago,866,Cattle,1991,40000,E,,,,
222,788,Tunisia,866,Cattle,1991,631000,A,,,,
223,792,Türkiye,866,Cattle,1991,11972923,A,,,,
226,800,Uganda,866,Cattle,1991,5121000,A,,,,
225,784,United Arab Emirates,866,Cattle,1991,52781,A,,,,
229,826,United Kingdom of Great Britain and Northern Ireland,866,Cattle,1991,11885000,A,,,,
215,834,United Republic of Tanzania,866,Cattle,1991,13138162,A,,,,
231,840,United States of America,866,Cattle,1991,96393000,A,,,,
234,858,Uruguay,866,Cattle,1991,9001000,A,,,,
155,548,Vanuatu,866,Cattle,1991,130000,A,,,,
236,862,Venezuela (Bolivarian Republic of),866,Cattle,1991,13586200,A,,,,
237,704,Viet Nam,866,Cattle,1991,3135600,A,,,,
249,887,Yemen,866,Cattle,1991,1116917,A,,,,
251,894,Zambia,866,Cattle,1991,2984000,X,,,,
181,716,Zimbabwe,866,Cattle,1991,5349000,A,,,,
69,254,French Guiana,866,Cattle,1992,12000,A,,,,
80,70,Bosnia and Herzegovina,866,Cattle,1992,550000,E,,,,
119,428,Latvia,866,Cattle,1992,1382900,A,,,,
62,230,Ethiopia PDR,866,Cattle,1992,31000000,E,,,,
51,200,Czechoslovakia,866,Cattle,1992,4346144,A,,,,
299,275,Palestine,866,Cattle,1992,,M,,,,
208,762,Tajikistan,866,Cattle,1992,1390700,A,,,,
87,312,Guadeloupe,866,Cattle,1992,64000,A,,,,
145,583,Micronesia (Federated States of),866,Cattle,1992,14000,E,,,,
126,440,Lithuania,866,Cattle,1992,2196600,A,,,,
213,795,Turkmenistan,866,Cattle,1992,777000,A,,,,
1,51,Armenia,866,Cattle,1992,566452,A,,,,
182,638,Réunion,866,Cattle,1992,23000,A,,,,
135,474,Martinique,866,Cattle,1992,34700,A,,,,
186,891,Serbia and Montenegro,866,Cattle,1992,1975000,A,,,,
57,112,Belarus,866,Cattle,1992,6577000,A,,,,
98,191,Croatia,866,Cattle,1992,590000,A,,,,
198,705,Slovenia,866,Cattle,1992,483865,A,,,,
15,58,Belgium-Luxembourg,866,Cattle,1992,3311000,A,,,,
146,498,Republic of Moldova,866,Cattle,1992,771891,A,,,,
235,860,Uzbekistan,866,Cattle,1992,5112600,A,,,,
52,31,Azerbaijan,866,Cattle,1992,1533300,A,,,,
73,268,Georgia,866,Cattle,1992,978100,A,,,,
108,398,Kazakhstan,866,Cattle,1992,9592400,A,,,,
113,417,Kyrgyzstan,866,Cattle,1992,1190000,A,,,,
154,807,North Macedonia,866,Cattle,1992,282349,A,,,,
185,643,Russian Federation,866,Cattle,1992,54676704,A,,,,
230,804,Ukraine,866,Cattle,1992,23727600,A,,,,
63,233,Estonia,866,Cattle,1992,708273,A,,,,
206,736,Sudan (former),866,Cattle,1992,25092000,X,,,,
2,4,Afghanistan,866,Cattle,1992,1700000,E,,,,
3,8,Albania,866,Cattle,1992,616000,A,,,,
4,12,Algeria,866,Cattle,1992,1333730,A,,,,
7,24,Angola,866,Cattle,1992,3200000,A,,,,
8,28,Antigua and Barbuda,866,Cattle,1992,12309,I,,,,
9,32,Argentina,866,Cattle,1992,53011000,A,,,,
10,36,Australia,866,Cattle,1992,23879984,A,,,,
11,40,Austria,866,Cattle,1992,2534008,A,,,,
12,44,Bahamas,866,Cattle,1992,900,E,,,,
13,48,Bahrain,866,Cattle,1992,13000,E,,,,
16,50,Bangladesh,866,Cattle,1992,23480000,A,,,,
14,52,Barbados,866,Cattle,1992,33600,E,,,,
23,84,Belize,866,Cattle,1992,68210,A,,,,
53,204,Benin,866,Cattle,1992,1140990,A,,,,
18,64,Bhutan,866,Cattle,1992,339749,A,,,,
19,68,Bolivia (Plurinational State of),866,Cattle,1992,5349406,A,,,,
20,72,Botswana,866,Cattle,1992,2000000,E,,,,
21,76,Brazil,866,Cattle,1992,154229303,A,,,,
26,96,Brunei Darussalam,866,Cattle,1992,1600,A,,,,
27,100,Bulgaria,866,Cattle,1992,1310454,A,,,,
233,854,Burkina Faso,866,Cattle,1992,4095900,A,,,,
29,108,Burundi,866,Cattle,1992,439922,A,,,,
35,132,Cabo Verde,866,Cattle,1992,17545,A,,,,
115,116,Cambodia,866,Cattle,1992,2468000,A,,,,
32,120,Cameroon,866,Cattle,1992,4700000,E,,,,
33,124,Canada,866,Cattle,1992,11869000,A,,,,
37,140,Central African Republic,866,Cattle,1992,2680491,A,,,,
39,148,Chad,866,Cattle,1992,7577000,E,,,,
40,152,Chile,866,Cattle,1992,3557480,A,,,,
96,344,"China, Hong Kong SAR",866,Cattle,1992,1710,A,,,,
214,158,"China, Taiwan Province of",866,Cattle,1992,134238,A,,,,
41,156,"China, mainland",866,Cattle,1992,82587000,A,,,,
44,170,Colombia,866,Cattle,1992,24772496,A,,,,
45,174,Comoros,866,Cattle,1992,43200,X,,,,
46,178,Congo,866,Cattle,1992,65000,E,,,,
47,184,Cook Islands,866,Cattle,1992,150,A,,,,
48,188,Costa Rica,866,Cattle,1992,2132000,X,,,,
49,192,Cuba,866,Cattle,1992,4609300,A,,,,
50,196,Cyprus,866,Cattle,1992,55513,A,,,,
107,384,Côte d'Ivoire,866,Cattle,1992,1180000,A,,,,
116,408,Democratic People's Republic of Korea,866,Cattle,1992,880000,E,,,,
250,180,Democratic Republic of the Congo,866,Cattle,1992,1380930,A,,,,
54,208,Denmark,866,Cattle,1992,2190000,A,,,,
72,262,Djibouti,866,Cattle,1992,190000,E,,,,
55,212,Dominica,866,Cattle,1992,13500,E,,,,
56,214,Dominican Republic,866,Cattle,1992,2356000,X,,,,
58,218,Ecuador,866,Cattle,1992,4682000,A,,,,
59,818,Egypt,866,Cattle,1992,3612000,A,,,,
60,222,El Salvador,866,Cattle,1992,1256500,A,,,,
61,226,Equatorial Guinea,866,Cattle,1992,4750,E,,,,
209,748,Eswatini,866,Cattle,1992,752775,A,,,,
64,234,Faroe Islands,866,Cattle,1992,2000,E,,,,
66,242,Fiji,866,Cattle,1992,288000,E,,,,
67,246,Finland,866,Cattle,1992,1273200,A,,,,
68,250,France,866,Cattle,1992,20654916,A,,,,
70,258,French Polynesia,866,Cattle,1992,7000,E,,,,
74,266,Gabon,866,Cattle,1992,36824,A,,,,
75,270,Gambia,866,Cattle,1992,342986,A,,,,
79,276,Germany,866,Cattle,1992,17133800,A,,,,
81,288,Ghana,866,Cattle,1992,1159431,A,,,,
84,300,Greece,866,Cattle,1992,601831,A,,,,
86,308,Grenada,866,Cattle,1992,4222,I,,,,
89,320,Guatemala,866,Cattle,1992,2250000,A,,,,
90,324,Guinea,866,Cattle,1992,1729350,A,,,,
175,624,Guinea-Bissau,866,Cattle,1992,420250,A,,,,
91,328,Guyana,866,Cattle,1992,200000,E,,,,
93,332,Haiti,866,Cattle,1992,1339000,X,,,,
95,340,Honduras,866,Cattle,1992,2351000,X,,,,
97,348,Hungary,866,Cattle,1992,1420046,A,,,,
99,352,Iceland,866,Cattle,1992,76034,A,,,,
100,356,India,866,Cattle,1992,204584000,A,,,,
101,360,Indonesia,866,Cattle,1992,11211000,A,,,,
102,364,Iran (Islamic Republic of),866,Cattle,1992,7911400,A,,,,
103,368,Iraq,866,Cattle,1992,1260000,E,,,,
104,372,Ireland,866,Cattle,1992,6147400,A,,,,
105,376,Israel,866,Cattle,1992,349100,A,,,,
106,380,Italy,866,Cattle,1992,8004000,A,,,,
109,388,Jamaica,866,Cattle,1992,460000,E,,,,
110,392,Japan,866,Cattle,1992,4980000,A,,,,
112,400,Jordan,866,Cattle,1992,64150,A,,,,
114,404,Kenya,866,Cattle,1992,13000000,E,,,,
118,414,Kuwait,866,Cattle,1992,6256,A,,,,
120,418,Lao People's Democratic Republic,866,Cattle,1992,993000,A,,,,
121,422,Lebanon,866,Cattle,1992,73000,E,,,,
122,426,Lesotho,866,Cattle,1992,699000,A,,,,
123,430,Liberia,866,Cattle,1992,36000,E,,,,
124,434,Libya,866,Cattle,1992,180000,E,,,,
129,450,Madagascar,866,Cattle,1992,10276000,A,,,,
130,454,Malawi,866,Cattle,1992,813576,A,,,,
131,458,Malaysia,866,Cattle,1992,668793,A,,,,
133,466,Mali,866,Cattle,1992,5129394,A,,,,
134,470,Malta,866,Cattle,1992,22000,E,,,,
136,478,Mauritania,866,Cattle,1992,1200000,A,,,,
137,480,Mauritius,866,Cattle,1992,24000,E,,,,
138,484,Mexico,866,Cattle,1992,31158115,A,,,,
141,496,Mongolia,866,Cattle,1992,2822000,A,,,,
143,504,Morocco,866,Cattle,1992,3004830,A,,,,
144,508,Mozambique,866,Cattle,1992,950000,E,,,,
28,104,Myanmar,866,Cattle,1992,9508000,A,,,,
147,516,Namibia,866,Cattle,1992,2206373,A,,,,
149,524,Nepal,866,Cattle,1992,6245682,A,,,,
150,528,Netherlands (Kingdom of the),866,Cattle,1992,4920000,A,,,,
153,540,New Caledonia,866,Cattle,1992,125000,E,,,,
156,554,New Zealand,866,Cattle,1992,8144321,A,,,,
157,558,Nicaragua,866,Cattle,1992,2800000,E,,,,
158,562,Niger,866,Cattle,1992,3439440,A,,,,
159,566,Nigeria,866,Cattle,1992,14086820,A,,,,
160,570,Niue,866,Cattle,1992,113,I,,,,
162,578,Norway,866,Cattle,1992,982507,A,,,,
221,512,Oman,866,Cattle,1992,180000,E,,,,
165,586,Pakistan,866,Cattle,1992,17745008,A,,,,
166,591,Panama,866,Cattle,1992,1427200,A,,,,
168,598,Papua New Guinea,866,Cattle,1992,96000,E,,,,
169,600,Paraguay,866,Cattle,1992,7886000,A,,,,
170,604,Peru,866,Cattle,1992,3972000,A,,,,
171,608,Philippines,866,Cattle,1992,1729000,A,,,,
173,616,Poland,866,Cattle,1992,8221359,A,,,,
174,620,Portugal,866,Cattle,1992,1398000,A,,,,
177,630,Puerto Rico,866,Cattle,1992,429000,A,,,,
179,634,Qatar,866,Cattle,1992,10858,A,,,,
117,410,Republic of Korea,866,Cattle,1992,2527195,A,,,,
183,642,Romania,866,Cattle,1992,4355000,A,,,,
184,646,Rwanda,866,Cattle,1992,550000,E,,,,
188,659,Saint Kitts and Nevis,866,Cattle,1992,3700,E,,,,
189,662,Saint Lucia,866,Cattle,1992,12350,E,,,,
191,670,Saint Vincent and the Grenadines,866,Cattle,1992,6100,E,,,,
244,882,Samoa,866,Cattle,1992,24000,E,,,,
193,678,Sao Tome and Principe,866,Cattle,1992,3650,E,,,,
194,682,Saudi Arabia,866,Cattle,1992,224013,A,,,,
195,686,Senegal,866,Cattle,1992,2602000,A,,,,
196,690,Seychelles,866,Cattle,1992,3000,E,,,,
197,694,Sierra Leone,866,Cattle,1992,348600,A,,,,
200,702,Singapore,866,Cattle,1992,400,E,,,,
25,90,Solomon Islands,866,Cattle,1992,13000,E,,,,
201,706,Somalia,866,Cattle,1992,3300000,E,,,,
202,710,South Africa,866,Cattle,1992,13500000,A,,,,
203,724,Spain,866,Cattle,1992,5063000,A,,,,
38,144,Sri Lanka,866,Cattle,1992,1567562,A,,,,
207,740,Suriname,866,Cattle,1992,96495,A,,,,
210,752,Sweden,866,Cattle,1992,1775302,A,,,,
211,756,Switzerland,866,Cattle,1992,1782600,A,,,,
212,760,Syrian Arab Republic,866,Cattle,1992,765000,A,,,,
216,764,Thailand,866,Cattle,1992,7121000,A,,,,
176,626,Timor-Leste,866,Cattle,1992,84568,A,,,,
217,768,Togo,866,Cattle,1992,234100,A,,,,
219,776,Tonga,866,Cattle,1992,9600,E,,,,
220,780,Trinidad and Tobago,866,Cattle,1992,32000,E,,,,
222,788,Tunisia,866,Cattle,1992,635900,X,,,,
223,792,Türkiye,866,Cattle,1992,11950907,A,,,,
226,800,Uganda,866,Cattle,1992,5209000,A,,,,
225,784,United Arab Emirates,866,Cattle,1992,56475,A,,,,
229,826,United Kingdom of Great Britain and Northern Ireland,866,Cattle,1992,11924000,A,,,,
215,834,United Republic of Tanzania,866,Cattle,1992,13230100,A,,,,
231,840,United States of America,866,Cattle,1992,97556000,A,,,,
234,858,Uruguay,866,Cattle,1992,9670000,A,,,,
155,548,Vanuatu,866,Cattle,1992,140000,E,,,,
236,862,Venezuela (Bolivarian Republic of),866,Cattle,1992,13648000,X,,,,
237,704,Viet Nam,866,Cattle,1992,3201800,A,,,,
249,887,Yemen,866,Cattle,1992,1139256,A,,,,
251,894,Zambia,866,Cattle,1992,3000000,E,,,,
181,716,Zimbabwe,866,Cattle,1992,6024000,A,,,,
206,736,Sudan (former),866,Cattle,1993,27571000,X,,,,
154,807,North Macedonia,866,Cattle,1993,284919,A,,,,
119,428,Latvia,866,Cattle,1993,1144300,A,,,,
235,860,Uzbekistan,866,Cattle,1993,5275000,A,,,,
63,233,Estonia,866,Cattle,1993,614600,A,,,,
113,417,Kyrgyzstan,866,Cattle,1993,1122400,A,,,,
146,498,Republic of Moldova,866,Cattle,1993,591473,A,,,,
1,51,Armenia,866,Cattle,1993,498863,A,,,,
238,231,Ethiopia,866,Cattle,1993,29450000,E,,,,
69,254,French Guiana,866,Cattle,1993,8290,A,,,,
135,474,Martinique,866,Cattle,1993,30000,A,,,,
145,583,Micronesia (Federated States of),866,Cattle,1993,14000,E,,,,
108,398,Kazakhstan,866,Cattle,1993,9576300,A,,,,
185,643,Russian Federation,866,Cattle,1993,52226000,A,,,,
80,70,Bosnia and Herzegovina,866,Cattle,1993,550000,E,,,,
167,203,Czechia,866,Cattle,1993,2511737,A,,,,
198,705,Slovenia,866,Cattle,1993,503770,A,,,,
230,804,Ukraine,866,Cattle,1993,22456800,A,,,,
52,31,Azerbaijan,866,Cattle,1993,1433300,A,,,,
57,112,Belarus,866,Cattle,1993,6220600,A,,,,
126,440,Lithuania,866,Cattle,1993,1701000,A,,,,
73,268,Georgia,866,Cattle,1993,906400,A,,,,
208,762,Tajikistan,866,Cattle,1993,1246100,A,,,,
15,58,Belgium-Luxembourg,866,Cattle,1993,3303000,A,,,,
87,312,Guadeloupe,866,Cattle,1993,56100,A,,,,
178,232,Eritrea,866,Cattle,1993,1268560,X,,,,
186,891,Serbia and Montenegro,866,Cattle,1993,1991450,A,,,,
299,275,Palestine,866,Cattle,1993,,M,,,,
98,191,Croatia,866,Cattle,1993,589635,A,,,,
199,703,Slovakia,866,Cattle,1993,1181660,A,,,,
213,795,Turkmenistan,866,Cattle,1993,1004000,A,,,,
182,638,Réunion,866,Cattle,1993,25340,A,,,,
2,4,Afghanistan,866,Cattle,1993,1800000,E,,,,
3,8,Albania,866,Cattle,1993,654700,A,,,,
4,12,Algeria,866,Cattle,1993,1313820,A,,,,
7,24,Angola,866,Cattle,1993,3100000,E,,,,
8,28,Antigua and Barbuda,866,Cattle,1993,12146,I,,,,
9,32,Argentina,866,Cattle,1993,52665200,A,,,,
10,36,Australia,866,Cattle,1993,24061808,A,,,,
11,40,Austria,866,Cattle,1993,2400725,A,,,,
12,44,Bahamas,866,Cattle,1993,800,E,,,,
13,48,Bahrain,866,Cattle,1993,12500,E,,,,
16,50,Bangladesh,866,Cattle,1993,23569000,A,,,,
14,52,Barbados,866,Cattle,1993,31000,E,,,,
23,84,Belize,866,Cattle,1993,58000,X,,,,
53,204,Benin,866,Cattle,1993,1140200,A,,,,
18,64,Bhutan,866,Cattle,1993,338000,E,,,,
19,68,Bolivia (Plurinational State of),866,Cattle,1993,5463082,A,,,,
20,72,Botswana,866,Cattle,1993,1821000,A,,,,
21,76,Brazil,866,Cattle,1993,155134074,A,,,,
26,96,Brunei Darussalam,866,Cattle,1993,1449,A,,,,
27,100,Bulgaria,866,Cattle,1993,973727,A,,,,
233,854,Burkina Faso,866,Cattle,1993,4177500,A,,,,
29,108,Burundi,866,Cattle,1993,418974,A,,,,
35,132,Cabo Verde,866,Cattle,1993,17867,A,,,,
115,116,Cambodia,866,Cattle,1993,2542000,A,,,,
32,120,Cameroon,866,Cattle,1993,4700000,E,,,,
33,124,Canada,866,Cattle,1993,11860000,A,,,,
37,140,Central African Republic,866,Cattle,1993,2674400,A,,,,
39,148,Chad,866,Cattle,1993,7979000,E,,,,
40,152,Chile,866,Cattle,1993,3691730,A,,,,
96,344,"China, Hong Kong SAR",866,Cattle,1993,2070,A,,,,
214,158,"China, Taiwan Province of",866,Cattle,1993,141250,A,,,,
41,156,"China, mainland",866,Cattle,1993,85640000,A,,,,
44,170,Colombia,866,Cattle,1993,25324000,A,,,,
45,174,Comoros,866,Cattle,1993,43800,X,,,,
46,178,Congo,866,Cattle,1993,68000,E,,,,
47,184,Cook Islands,866,Cattle,1993,220,A,,,,
48,188,Costa Rica,866,Cattle,1993,2122000,X,,,,
49,192,Cuba,866,Cattle,1993,4583000,A,,,,
50,196,Cyprus,866,Cattle,1993,60954,A,,,,
107,384,Côte d'Ivoire,866,Cattle,1993,1205000,A,,,,
116,408,Democratic People's Republic of Korea,866,Cattle,1993,900000,E,,,,
250,180,Democratic Republic of the Congo,866,Cattle,1993,1225482,A,,,,
54,208,Denmark,866,Cattle,1993,2195000,A,,,,
72,262,Djibouti,866,Cattle,1993,200000,E,,,,
55,212,Dominica,866,Cattle,1993,13450,E,,,,
56,214,Dominican Republic,866,Cattle,1993,2371000,X,,,,
58,218,Ecuador,866,Cattle,1993,4803000,A,,,,
59,818,Egypt,866,Cattle,1993,3688000,A,,,,
60,222,El Salvador,866,Cattle,1993,1196900,A,,,,
61,226,Equatorial Guinea,866,Cattle,1993,4800,E,,,,
209,748,Eswatini,866,Cattle,1993,607513,A,,,,
64,234,Faroe Islands,866,Cattle,1993,2129,I,,,,
66,242,Fiji,866,Cattle,1993,315000,A,,,,
67,246,Finland,866,Cattle,1993,1252300,A,,,,
68,250,France,866,Cattle,1993,20446184,A,,,,
70,258,French Polynesia,866,Cattle,1993,7500,E,,,,
74,266,Gabon,866,Cattle,1993,37288,A,,,,
75,270,Gambia,866,Cattle,1993,345558,A,,,,
79,276,Germany,866,Cattle,1993,16207340,A,,,,
81,288,Ghana,866,Cattle,1993,1168640,A,,,,
84,300,Greece,866,Cattle,1993,587177,A,,,,
86,308,Grenada,866,Cattle,1993,4287,I,,,,
89,320,Guatemala,866,Cattle,1993,2400000,A,,,,
90,324,Guinea,866,Cattle,1993,1874470,A,,,,
175,624,Guinea-Bissau,866,Cattle,1993,430760,A,,,,
91,328,Guyana,866,Cattle,1993,190000,E,,,,
93,332,Haiti,866,Cattle,1993,1251000,X,,,,
95,340,Honduras,866,Cattle,1993,2077460,A,,,,
97,348,Hungary,866,Cattle,1993,1159000,A,,,,
99,352,Iceland,866,Cattle,1993,73912,A,,,,
100,356,India,866,Cattle,1993,203634000,X,,,,
101,360,Indonesia,866,Cattle,1993,10829200,A,,,,
102,364,Iran (Islamic Republic of),866,Cattle,1993,7996160,A,,,,
103,368,Iraq,866,Cattle,1993,1480000,E,,,,
104,372,Ireland,866,Cattle,1993,6236400,A,,,,
105,376,Israel,866,Cattle,1993,366100,A,,,,
106,380,Italy,866,Cattle,1993,7600300,A,,,,
109,388,Jamaica,866,Cattle,1993,460000,E,,,,
110,392,Japan,866,Cattle,1993,5024000,A,,,,
112,400,Jordan,866,Cattle,1993,64100,A,,,,
114,404,Kenya,866,Cattle,1993,13000000,E,,,,
118,414,Kuwait,866,Cattle,1993,11128,A,,,,
120,418,Lao People's Democratic Republic,866,Cattle,1993,1019800,A,,,,
121,422,Lebanon,866,Cattle,1993,75000,E,,,,
122,426,Lesotho,866,Cattle,1993,658305,A,,,,
123,430,Liberia,866,Cattle,1993,36000,E,,,,
124,434,Libya,866,Cattle,1993,155000,E,,,,
129,450,Madagascar,866,Cattle,1993,10287000,A,,,,
130,454,Malawi,866,Cattle,1993,796728,A,,,,
131,458,Malaysia,866,Cattle,1993,703116,A,,,,
133,466,Mali,866,Cattle,1993,5178741,A,,,,
134,470,Malta,866,Cattle,1993,21500,A,,,,
136,478,Mauritania,866,Cattle,1993,1200000,A,,,,
137,480,Mauritius,866,Cattle,1993,24000,E,,,,
138,484,Mexico,866,Cattle,1993,31974240,A,,,,
141,496,Mongolia,866,Cattle,1993,2819000,A,,,,
143,504,Morocco,866,Cattle,1993,2348258,A,,,,
144,508,Mozambique,866,Cattle,1993,1000000,E,,,,
28,104,Myanmar,866,Cattle,1993,9611000,A,,,,
147,516,Namibia,866,Cattle,1993,2073540,A,,,,
149,524,Nepal,866,Cattle,1993,6237231,A,,,,
150,528,Netherlands (Kingdom of the),866,Cattle,1993,4797000,A,,,,
153,540,New Caledonia,866,Cattle,1993,120000,E,,,,
156,554,New Zealand,866,Cattle,1993,8308000,A,,,,
157,558,Nicaragua,866,Cattle,1993,3170000,E,,,,
158,562,Niger,866,Cattle,1993,3645810,A,,,,
159,566,Nigeria,866,Cattle,1993,14807320,A,,,,
160,570,Niue,866,Cattle,1993,113,I,,,,
162,578,Norway,866,Cattle,1993,974736,A,,,,
221,512,Oman,866,Cattle,1993,200000,E,,,,
165,586,Pakistan,866,Cattle,1993,17779008,A,,,,
166,591,Panama,866,Cattle,1993,1436600,A,,,,
168,598,Papua New Guinea,866,Cattle,1993,94000,E,,,,
169,600,Paraguay,866,Cattle,1993,8600000,E,,,,
170,604,Peru,866,Cattle,1993,3954900,A,,,,
171,608,Philippines,866,Cattle,1993,1913860,A,,,,
173,616,Poland,866,Cattle,1993,7642576,A,,,,
174,620,Portugal,866,Cattle,1993,1336000,A,,,,
177,630,Puerto Rico,866,Cattle,1993,428778,A,,,,
179,634,Qatar,866,Cattle,1993,11651,A,,,,
117,410,Republic of Korea,866,Cattle,1993,2813815,A,,,,
183,642,Romania,866,Cattle,1993,3683100,A,,,,
184,646,Rwanda,866,Cattle,1993,500000,E,,,,
188,659,Saint Kitts and Nevis,866,Cattle,1993,3500,A,,,,
189,662,Saint Lucia,866,Cattle,1993,12400,E,,,,
191,670,Saint Vincent and the Grenadines,866,Cattle,1993,6200,E,,,,
244,882,Samoa,866,Cattle,1993,25000,E,,,,
193,678,Sao Tome and Principe,866,Cattle,1993,3700,E,,,,
194,682,Saudi Arabia,866,Cattle,1993,229222,A,,,,
195,686,Senegal,866,Cattle,1993,2693000,A,,,,
196,690,Seychelles,866,Cattle,1993,2850,E,,,,
197,694,Sierra Leone,866,Cattle,1993,360200,A,,,,
200,702,Singapore,866,Cattle,1993,400,E,,,,
25,90,Solomon Islands,866,Cattle,1993,13000,E,,,,
201,706,Somalia,866,Cattle,1993,4200000,E,,,,
202,710,South Africa,866,Cattle,1993,13100000,A,,,,
203,724,Spain,866,Cattle,1993,4976000,A,,,,
38,144,Sri Lanka,866,Cattle,1993,1704100,A,,,,
207,740,Suriname,866,Cattle,1993,97000,E,,,,
210,752,Sweden,866,Cattle,1993,1807366,A,,,,
211,756,Switzerland,866,Cattle,1993,1745087,A,,,,
212,760,Syrian Arab Republic,866,Cattle,1993,707168,A,,,,
216,764,Thailand,866,Cattle,1993,7473000,A,,,,
176,626,Timor-Leste,866,Cattle,1993,93153,A,,,,
217,768,Togo,866,Cattle,1993,230600,A,,,,
219,776,Tonga,866,Cattle,1993,9500,E,,,,
220,780,Trinidad and Tobago,866,Cattle,1993,36000,A,,,,
222,788,Tunisia,866,Cattle,1993,659000,A,,,,
223,792,Türkiye,866,Cattle,1993,11910000,A,,,,
226,800,Uganda,866,Cattle,1993,5370000,A,,,,
225,784,United Arab Emirates,866,Cattle,1993,60428,A,,,,
229,826,United Kingdom of Great Britain and Northern Ireland,866,Cattle,1993,11851000,A,,,,
215,834,United Republic of Tanzania,866,Cattle,1993,13322700,A,,,,
231,840,United States of America,866,Cattle,1993,99175900,A,,,,
234,858,Uruguay,866,Cattle,1993,10217000,A,,,,
155,548,Vanuatu,866,Cattle,1993,150000,A,,,,
236,862,Venezuela (Bolivarian Republic of),866,Cattle,1993,13325000,A,,,,
237,704,Viet Nam,866,Cattle,1993,3333000,A,,,,
249,887,Yemen,866,Cattle,1993,1162896,A,,,,
251,894,Zambia,866,Cattle,1993,2800000,E,,,,
181,716,Zimbabwe,866,Cattle,1993,4180000,X,,,,
206,736,Sudan (former),866,Cattle,1994,29000000,E,,,,
57,112,Belarus,866,Cattle,1994,5851400,A,,,,
185,643,Russian Federation,866,Cattle,1994,48914000,A,,,,
119,428,Latvia,866,Cattle,1994,677900,A,,,,
80,70,Bosnia and Herzegovina,866,Cattle,1994,500000,E,,,,
213,795,Turkmenistan,866,Cattle,1994,1104000,A,,,,
238,231,Ethiopia,866,Cattle,1994,29450000,E,,,,
73,268,Georgia,866,Cattle,1994,921900,A,,,,
113,417,Kyrgyzstan,866,Cattle,1994,1062300,A,,,,
126,440,Lithuania,866,Cattle,1994,1384300,A,,,,
154,807,North Macedonia,866,Cattle,1994,280324,A,,,,
146,498,Republic of Moldova,866,Cattle,1994,815060,A,,,,
199,703,Slovakia,866,Cattle,1994,992963,A,,,,
230,804,Ukraine,866,Cattle,1994,21607300,A,,,,
98,191,Croatia,866,Cattle,1994,518708,A,,,,
178,232,Eritrea,866,Cattle,1994,1290120,X,,,,
69,254,French Guiana,866,Cattle,1994,8250,A,,,,
135,474,Martinique,866,Cattle,1994,30000,A,,,,
208,762,Tajikistan,866,Cattle,1994,1250200,A,,,,
299,275,Palestine,866,Cattle,1994,16470,A,,,,
145,583,Micronesia (Federated States of),866,Cattle,1994,14000,E,,,,
1,51,Armenia,866,Cattle,1994,501635,A,,,,
63,233,Estonia,866,Cattle,1994,463200,A,,,,
167,203,Czechia,866,Cattle,1994,2161438,A,,,,
198,705,Slovenia,866,Cattle,1994,477548,A,,,,
15,58,Belgium-Luxembourg,866,Cattle,1994,3289000,A,,,,
108,398,Kazakhstan,866,Cattle,1994,9346600,A,,,,
186,891,Serbia and Montenegro,866,Cattle,1994,1808574,A,,,,
52,31,Azerbaijan,866,Cattle,1994,1330400,A,,,,
87,312,Guadeloupe,866,Cattle,1994,60060,A,,,,
235,860,Uzbekistan,866,Cattle,1994,5430600,A,,,,
182,638,Réunion,866,Cattle,1994,25960,A,,,,
2,4,Afghanistan,866,Cattle,1994,1900000,E,,,,
3,8,Albania,866,Cattle,1994,820000,A,,,,
4,12,Algeria,866,Cattle,1994,1269130,A,,,,
7,24,Angola,866,Cattle,1994,3000000,E,,,,
8,28,Antigua and Barbuda,866,Cattle,1994,11749,I,,,,
9,32,Argentina,866,Cattle,1994,53156952,A,,,,
10,36,Australia,866,Cattle,1994,25757600,A,,,,
11,40,Austria,866,Cattle,1994,2333887,A,,,,
12,44,Bahamas,866,Cattle,1994,769,A,,,,
13,48,Bahrain,866,Cattle,1994,12000,E,,,,
16,50,Bangladesh,866,Cattle,1994,23769000,A,,,,
14,52,Barbados,866,Cattle,1994,31000,E,,,,
23,84,Belize,866,Cattle,1994,59474,A,,,,
53,204,Benin,866,Cattle,1994,1286850,A,,,,
18,64,Bhutan,866,Cattle,1994,336568,A,,,,
19,68,Bolivia (Plurinational State of),866,Cattle,1994,5603739,A,,,,
20,72,Botswana,866,Cattle,1994,2100000,E,,,,
21,76,Brazil,866,Cattle,1994,158243229,A,,,,
26,96,Brunei Darussalam,866,Cattle,1994,2092,A,,,,
27,100,Bulgaria,866,Cattle,1994,750395,A,,,,
233,854,Burkina Faso,866,Cattle,1994,4260900,A,,,,
29,108,Burundi,866,Cattle,1994,374871,A,,,,
35,132,Cabo Verde,866,Cattle,1994,18195,A,,,,
115,116,Cambodia,866,Cattle,1994,2621424,A,,,,
32,120,Cameroon,866,Cattle,1994,4700000,E,,,,
33,124,Canada,866,Cattle,1994,12012000,A,,,,
37,140,Central African Republic,866,Cattle,1994,2735100,A,,,,
39,148,Chad,866,Cattle,1994,8403000,E,,,,
40,152,Chile,866,Cattle,1994,3814242,A,,,,
96,344,"China, Hong Kong SAR",866,Cattle,1994,2200,A,,,,
214,158,"China, Taiwan Province of",866,Cattle,1994,149112,A,,,,
41,156,"China, mainland",866,Cattle,1994,90757000,A,,,,
44,170,Colombia,866,Cattle,1994,25634000,X,,,,
45,174,Comoros,866,Cattle,1994,44500,X,,,,
46,178,Congo,866,Cattle,1994,69000,E,,,,
47,184,Cook Islands,866,Cattle,1994,200,A,,,,
48,188,Costa Rica,866,Cattle,1994,1894000,X,,,,
49,192,Cuba,866,Cattle,1994,4617100,A,,,,
50,196,Cyprus,866,Cattle,1994,64214,A,,,,
107,384,Côte d'Ivoire,866,Cattle,1994,1231000,A,,,,
116,408,Democratic People's Republic of Korea,866,Cattle,1994,911000,A,,,,
250,180,Democratic Republic of the Congo,866,Cattle,1994,1127131,A,,,,
54,208,Denmark,866,Cattle,1994,2104904,A,,,,
72,262,Djibouti,866,Cattle,1994,213420,X,,,,
55,212,Dominica,866,Cattle,1994,13400,E,,,,
56,214,Dominican Republic,866,Cattle,1994,2366000,X,,,,
58,218,Ecuador,866,Cattle,1994,4937000,A,,,,
59,818,Egypt,866,Cattle,1994,2728000,A,,,,
60,222,El Salvador,866,Cattle,1994,1261500,A,,,,
61,226,Equatorial Guinea,866,Cattle,1994,4800,E,,,,
209,748,Eswatini,866,Cattle,1994,626356,A,,,,
64,234,Faroe Islands,866,Cattle,1994,2304,A,,,,
66,242,Fiji,866,Cattle,1994,334000,A,,,,
67,246,Finland,866,Cattle,1994,1233000,A,,,,
68,250,France,866,Cattle,1994,20450490,A,,,,
70,258,French Polynesia,866,Cattle,1994,7300,A,,,,
74,266,Gabon,866,Cattle,1994,37500,E,,,,
75,270,Gambia,866,Cattle,1994,348150,A,,,,
79,276,Germany,866,Cattle,1994,15896620,A,,,,
81,288,Ghana,866,Cattle,1994,1187000,A,,,,
84,300,Greece,866,Cattle,1994,579028,A,,,,
86,308,Grenada,866,Cattle,1994,4354,I,,,,
89,320,Guatemala,866,Cattle,1994,2300000,A,,,,
90,324,Guinea,866,Cattle,1994,2031760,A,,,,
175,624,Guinea-Bissau,866,Cattle,1994,441530,A,,,,
91,328,Guyana,866,Cattle,1994,180000,E,,,,
93,332,Haiti,866,Cattle,1994,1234000,X,,,,
95,340,Honduras,866,Cattle,1994,2286000,X,,,,
97,348,Hungary,866,Cattle,1994,999000,A,,,,
99,352,Iceland,866,Cattle,1994,71923,A,,,,
100,356,India,866,Cattle,1994,202684000,X,,,,
101,360,Indonesia,866,Cattle,1994,11367700,A,,,,
102,364,Iran (Islamic Republic of),866,Cattle,1994,8203000,A,,,,
103,368,Iraq,866,Cattle,1994,1354380,X,,,,
104,372,Ireland,866,Cattle,1994,6263900,A,,,,
105,376,Israel,866,Cattle,1994,387250,A,,,,
106,380,Italy,866,Cattle,1994,7458900,A,,,,
109,388,Jamaica,866,Cattle,1994,440000,E,,,,
110,392,Japan,866,Cattle,1994,4989000,A,,,,
112,400,Jordan,866,Cattle,1994,61371,A,,,,
114,404,Kenya,866,Cattle,1994,13000000,E,,,,
118,414,Kuwait,866,Cattle,1994,14820,A,,,,
120,418,Lao People's Democratic Republic,866,Cattle,1994,1081100,A,,,,
121,422,Lebanon,866,Cattle,1994,77002,A,,,,
122,426,Lesotho,866,Cattle,1994,577975,A,,,,
123,430,Liberia,866,Cattle,1994,36000,E,,,,
124,434,Libya,866,Cattle,1994,140000,X,,,,
129,450,Madagascar,866,Cattle,1994,10298000,A,,,,
130,454,Malawi,866,Cattle,1994,748891,A,,,,
131,458,Malaysia,866,Cattle,1994,728753,A,,,,
133,466,Mali,866,Cattle,1994,5240860,A,,,,
134,470,Malta,866,Cattle,1994,19800,A,,,,
136,478,Mauritania,866,Cattle,1994,1100000,A,,,,
137,480,Mauritius,866,Cattle,1994,24000,E,,,,
138,484,Mexico,866,Cattle,1994,31769164,A,,,,
141,496,Mongolia,866,Cattle,1994,2730500,A,,,,
143,504,Morocco,866,Cattle,1994,2343200,A,,,,
144,508,Mozambique,866,Cattle,1994,950000,E,,,,
28,104,Myanmar,866,Cattle,1994,9690810,A,,,,
147,516,Namibia,866,Cattle,1994,2035790,A,,,,
149,524,Nepal,866,Cattle,1994,6546177,A,,,,
150,528,Netherlands (Kingdom of the),866,Cattle,1994,4716000,A,,,,
153,540,New Caledonia,866,Cattle,1994,108088,A,,,,
156,554,New Zealand,866,Cattle,1994,8887000,A,,,,
157,558,Nicaragua,866,Cattle,1994,3200000,E,,,,
158,562,Niger,866,Cattle,1994,3864560,A,,,,
159,566,Nigeria,866,Cattle,1994,14881350,A,,,,
160,570,Niue,866,Cattle,1994,113,I,,,,
162,578,Norway,866,Cattle,1994,979456,A,,,,
221,512,Oman,866,Cattle,1994,223000,X,,,,
165,586,Pakistan,866,Cattle,1994,17814000,A,,,,
166,591,Panama,866,Cattle,1994,1453700,A,,,,
168,598,Papua New Guinea,866,Cattle,1994,93000,E,,,,
169,600,Paraguay,866,Cattle,1994,9100000,E,,,,
170,604,Peru,866,Cattle,1994,4061685,A,,,,
171,608,Philippines,866,Cattle,1994,1936049,A,,,,
173,616,Poland,866,Cattle,1994,7695680,A,,,,
174,620,Portugal,866,Cattle,1994,1348000,A,,,,
177,630,Puerto Rico,866,Cattle,1994,428604,A,,,,
179,634,Qatar,866,Cattle,1994,12974,A,,,,
117,410,Republic of Korea,866,Cattle,1994,2944699,A,,,,
183,642,Romania,866,Cattle,1994,3956782,A,,,,
184,646,Rwanda,866,Cattle,1994,453827,A,,,,
188,659,Saint Kitts and Nevis,866,Cattle,1994,3500,E,,,,
189,662,Saint Lucia,866,Cattle,1994,12400,E,,,,
191,670,Saint Vincent and the Grenadines,866,Cattle,1994,6200,E,,,,
244,882,Samoa,866,Cattle,1994,26000,E,,,,
193,678,Sao Tome and Principe,866,Cattle,1994,3750,E,,,,
194,682,Saudi Arabia,866,Cattle,1994,242547,A,,,,
195,686,Senegal,866,Cattle,1994,2760000,A,,,,
196,690,Seychelles,866,Cattle,1994,2650,E,,,,
197,694,Sierra Leone,866,Cattle,1994,370000,E,,,,
200,702,Singapore,866,Cattle,1994,400,E,,,,
25,90,Solomon Islands,866,Cattle,1994,13000,E,,,,
201,706,Somalia,866,Cattle,1994,5000000,A,,,,
202,710,South Africa,866,Cattle,1994,12500000,A,,,,
203,724,Spain,866,Cattle,1994,5018000,A,,,,
38,144,Sri Lanka,866,Cattle,1994,1702500,A,,,,
207,740,Suriname,866,Cattle,1994,99000,A,,,,
210,752,Sweden,866,Cattle,1994,1826489,A,,,,
211,756,Switzerland,866,Cattle,1994,1755400,A,,,,
212,760,Syrian Arab Republic,866,Cattle,1994,720646,A,,,,
216,764,Thailand,866,Cattle,1994,7637350,A,,,,
176,626,Timor-Leste,866,Cattle,1994,122189,A,,,,
217,768,Togo,866,Cattle,1994,227100,A,,,,
219,776,Tonga,866,Cattle,1994,9500,E,,,,
220,780,Trinidad and Tobago,866,Cattle,1994,36000,A,,,,
222,788,Tunisia,866,Cattle,1994,662000,A,,,,
223,792,Türkiye,866,Cattle,1994,11901000,A,,,,
226,800,Uganda,866,Cattle,1994,5106000,A,,,,
225,784,United Arab Emirates,866,Cattle,1994,64657,A,,,,
229,826,United Kingdom of Great Britain and Northern Ireland,866,Cattle,1994,11954000,A,,,,
215,834,United Republic of Tanzania,866,Cattle,1994,13416000,A,,,,
231,840,United States of America,866,Cattle,1994,100973600,A,,,,
234,858,Uruguay,866,Cattle,1994,10511000,A,,,,
155,548,Vanuatu,866,Cattle,1994,151000,X,,,,
236,862,Venezuela (Bolivarian Republic of),866,Cattle,1994,13796000,A,,,,
237,704,Viet Nam,866,Cattle,1994,3466800,A,,,,
249,887,Yemen,866,Cattle,1994,1151076,A,,,,
251,894,Zambia,866,Cattle,1994,2600000,E,,,,
181,716,Zimbabwe,866,Cattle,1994,4300000,E,,,,
167,203,Czechia,866,Cattle,1995,2029827,A,,,,
199,703,Slovakia,866,Cattle,1995,916153,A,,,,
299,275,Palestine,866,Cattle,1995,18024,A,,,,
87,312,Guadeloupe,866,Cattle,1995,60513,A,,,,
113,417,Kyrgyzstan,866,Cattle,1995,920100,A,,,,
238,231,Ethiopia,866,Cattle,1995,29825030,A,,,,
186,891,Serbia and Montenegro,866,Cattle,1995,1950000,A,,,,
154,807,North Macedonia,866,Cattle,1995,281336,A,,,,
198,705,Slovenia,866,Cattle,1995,477400,A,,,,
146,498,Republic of Moldova,866,Cattle,1995,750835,A,,,,
135,474,Martinique,866,Cattle,1995,30000,E,,,,
178,232,Eritrea,866,Cattle,1995,1312050,X,,,,
57,112,Belarus,866,Cattle,1995,5403300,A,,,,
63,233,Estonia,866,Cattle,1995,419500,A,,,,
230,804,Ukraine,866,Cattle,1995,19624300,A,,,,
235,860,Uzbekistan,866,Cattle,1995,5483300,A,,,,
98,191,Croatia,866,Cattle,1995,493418,A,,,,
108,398,Kazakhstan,866,Cattle,1995,8072900,A,,,,
119,428,Latvia,866,Cattle,1995,550800,A,,,,
185,643,Russian Federation,866,Cattle,1995,43296500,A,,,,
206,736,Sudan (former),866,Cattle,1995,30077000,A,,,,
73,268,Georgia,866,Cattle,1995,951200,A,,,,
145,583,Micronesia (Federated States of),866,Cattle,1995,13900,E,,,,
15,58,Belgium-Luxembourg,866,Cattle,1995,3369000,A,,,,
182,638,Réunion,866,Cattle,1995,25960,A,,,,
80,70,Bosnia and Herzegovina,866,Cattle,1995,403000,E,,,,
213,795,Turkmenistan,866,Cattle,1995,1181000,A,,,,
52,31,Azerbaijan,866,Cattle,1995,1340900,A,,,,
126,440,Lithuania,866,Cattle,1995,1152400,A,,,,
208,762,Tajikistan,866,Cattle,1995,1198900,A,,,,
1,51,Armenia,866,Cattle,1995,503693,A,,,,
69,254,French Guiana,866,Cattle,1995,8070,A,,,,
2,4,Afghanistan,866,Cattle,1995,2094560,A,,,,
3,8,Albania,866,Cattle,1995,840000,A,,,,
4,12,Algeria,866,Cattle,1995,1266620,A,,,,
7,24,Angola,866,Cattle,1995,3000000,A,,,,
8,28,Antigua and Barbuda,866,Cattle,1995,11618,I,,,,
9,32,Argentina,866,Cattle,1995,52648600,A,,,,
10,36,Australia,866,Cattle,1995,25731220,A,,,,
11,40,Austria,866,Cattle,1995,2328518,A,,,,
12,44,Bahamas,866,Cattle,1995,800,A,,,,
13,48,Bahrain,866,Cattle,1995,11010,A,,,,
16,50,Bangladesh,866,Cattle,1995,23977000,A,,,,
14,52,Barbados,866,Cattle,1995,31000,E,,,,
23,84,Belize,866,Cattle,1995,40835,A,,,,
53,204,Benin,866,Cattle,1995,1087290,A,,,,
18,64,Bhutan,866,Cattle,1995,372095,A,,,,
19,68,Bolivia (Plurinational State of),866,Cattle,1995,5737977,A,,,,
20,72,Botswana,866,Cattle,1995,2530000,A,,,,
21,76,Brazil,866,Cattle,1995,161227938,A,,,,
26,96,Brunei Darussalam,866,Cattle,1995,1600,A,,,,
27,100,Bulgaria,866,Cattle,1995,638238,A,,,,
233,854,Burkina Faso,866,Cattle,1995,4345900,A,,,,
29,108,Burundi,866,Cattle,1995,393615,A,,,,
35,132,Cabo Verde,866,Cattle,1995,18530,A,,,,
115,116,Cambodia,866,Cattle,1995,2785700,A,,,,
32,120,Cameroon,866,Cattle,1995,4650000,E,,,,
33,124,Canada,866,Cattle,1995,12708700,A,,,,
37,140,Central African Republic,866,Cattle,1995,2797200,A,,,,
39,148,Chad,866,Cattle,1995,8849000,E,,,,
40,152,Chile,866,Cattle,1995,3858248,A,,,,
96,344,"China, Hong Kong SAR",866,Cattle,1995,1570,A,,,,
214,158,"China, Taiwan Province of",866,Cattle,1995,149361,A,,,,
41,156,"China, mainland",866,Cattle,1995,100405000,A,,,,
44,170,Colombia,866,Cattle,1995,25551400,A,,,,
45,174,Comoros,866,Cattle,1995,45700,X,,,,
46,178,Congo,866,Cattle,1995,70000,E,,,,
47,184,Cook Islands,866,Cattle,1995,150,A,,,,
48,188,Costa Rica,866,Cattle,1995,1645000,X,,,,
49,192,Cuba,866,Cattle,1995,4632000,A,,,,
50,196,Cyprus,866,Cattle,1995,67949,A,,,,
107,384,Côte d'Ivoire,866,Cattle,1995,1258000,A,,,,
116,408,Democratic People's Republic of Korea,866,Cattle,1995,886000,A,,,,
250,180,Democratic Republic of the Congo,866,Cattle,1995,1113140,A,,,,
54,208,Denmark,866,Cattle,1995,2090733,A,,,,
72,262,Djibouti,866,Cattle,1995,246770,X,,,,
55,212,Dominica,866,Cattle,1995,13400,E,,,,
56,214,Dominican Republic,866,Cattle,1995,2301866,A,,,,
58,218,Ecuador,866,Cattle,1995,4996000,A,,,,
59,818,Egypt,866,Cattle,1995,2704000,A,,,,
60,222,El Salvador,866,Cattle,1995,1125000,A,,,,
61,226,Equatorial Guinea,866,Cattle,1995,4850,E,,,,
209,748,Eswatini,866,Cattle,1995,641979,A,,,,
64,234,Faroe Islands,866,Cattle,1995,2322,A,,,,
66,242,Fiji,866,Cattle,1995,354000,A,,,,
67,246,Finland,866,Cattle,1995,1147900,A,,,,
68,250,France,866,Cattle,1995,20540297,A,,,,
70,258,French Polynesia,866,Cattle,1995,7000,E,,,,
74,266,Gabon,866,Cattle,1995,38000,X,,,,
75,270,Gambia,866,Cattle,1995,350761,A,,,,
79,276,Germany,866,Cattle,1995,15962237,A,,,,
81,288,Ghana,866,Cattle,1995,1216677,A,,,,
84,300,Greece,866,Cattle,1995,577808,A,,,,
86,308,Grenada,866,Cattle,1995,4368,A,,,,
89,320,Guatemala,866,Cattle,1995,2293460,A,,,,
90,324,Guinea,866,Cattle,1995,2202260,A,,,,
175,624,Guinea-Bissau,866,Cattle,1995,452570,A,,,,
91,328,Guyana,866,Cattle,1995,170000,E,,,,
93,332,Haiti,866,Cattle,1995,1250000,A,,,,
95,340,Honduras,866,Cattle,1995,2110500,A,,,,
97,348,Hungary,866,Cattle,1995,910000,A,,,,
99,352,Iceland,866,Cattle,1995,73199,A,,,,
100,356,India,866,Cattle,1995,201734000,X,,,,
101,360,Indonesia,866,Cattle,1995,11534000,A,,,,
102,364,Iran (Islamic Republic of),866,Cattle,1995,8347000,A,,,,
103,368,Iraq,866,Cattle,1995,1190000,E,,,,
104,372,Ireland,866,Cattle,1995,6343900,A,,,,
105,376,Israel,866,Cattle,1995,391355,A,,,,
106,380,Italy,866,Cattle,1995,7163600,A,,,,
109,388,Jamaica,866,Cattle,1995,450000,E,,,,
110,392,Japan,866,Cattle,1995,4916000,A,,,,
112,400,Jordan,866,Cattle,1995,47356,A,,,,
114,404,Kenya,866,Cattle,1995,12779000,A,,,,
118,414,Kuwait,866,Cattle,1995,19879,A,,,,
120,418,Lao People's Democratic Republic,866,Cattle,1995,1145870,A,,,,
121,422,Lebanon,866,Cattle,1995,59790,X,,,,
122,426,Lesotho,866,Cattle,1995,580230,A,,,,
123,430,Liberia,866,Cattle,1995,36000,E,,,,
124,434,Libya,866,Cattle,1995,145000,X,,,,
129,450,Madagascar,866,Cattle,1995,10309000,A,,,,
130,454,Malawi,866,Cattle,1995,745830,A,,,,
131,458,Malaysia,866,Cattle,1995,715279,A,,,,
133,466,Mali,866,Cattle,1995,5316527,A,,,,
134,470,Malta,866,Cattle,1995,18500,A,,,,
136,478,Mauritania,866,Cattle,1995,1111000,A,,,,
137,480,Mauritius,866,Cattle,1995,23000,E,,,,
138,484,Mexico,866,Cattle,1995,31319928,A,,,,
141,496,Mongolia,866,Cattle,1995,3005200,A,,,,
143,504,Morocco,866,Cattle,1995,2370800,A,,,,
144,508,Mozambique,866,Cattle,1995,900000,E,,,,
28,104,Myanmar,866,Cattle,1995,9856680,A,,,,
147,516,Namibia,866,Cattle,1995,2031350,A,,,,
149,524,Nepal,866,Cattle,1995,6837913,A,,,,
150,528,Netherlands (Kingdom of the),866,Cattle,1995,4654000,A,,,,
153,540,New Caledonia,866,Cattle,1995,110000,E,,,,
156,554,New Zealand,866,Cattle,1995,9272325,A,,,,
157,558,Nicaragua,866,Cattle,1995,2700000,E,,,,
158,562,Niger,866,Cattle,1995,4096430,A,,,,
159,566,Nigeria,866,Cattle,1995,15000000,E,,,,
160,570,Niue,866,Cattle,1995,113,I,,,,
162,578,Norway,866,Cattle,1995,988403,A,,,,
221,512,Oman,866,Cattle,1995,235000,A,,,,
165,586,Pakistan,866,Cattle,1995,17848000,A,,,,
166,591,Panama,866,Cattle,1995,1455612,A,,,,
168,598,Papua New Guinea,866,Cattle,1995,90000,E,,,,
169,600,Paraguay,866,Cattle,1995,9788400,A,,,,
170,604,Peru,866,Cattle,1995,4512832,A,,,,
171,608,Philippines,866,Cattle,1995,2020651,A,,,,
173,616,Poland,866,Cattle,1995,7305594,A,,,,
174,620,Portugal,866,Cattle,1995,1363000,A,,,,
177,630,Puerto Rico,866,Cattle,1995,367733,A,,,,
179,634,Qatar,866,Cattle,1995,13635,A,,,,
117,410,Republic of Korea,866,Cattle,1995,3147494,A,,,,
183,642,Romania,866,Cattle,1995,3480800,A,,,,
184,646,Rwanda,866,Cattle,1995,465173,A,,,,
188,659,Saint Kitts and Nevis,866,Cattle,1995,3500,E,,,,
189,662,Saint Lucia,866,Cattle,1995,12450,E,,,,
191,670,Saint Vincent and the Grenadines,866,Cattle,1995,6200,E,,,,
244,882,Samoa,866,Cattle,1995,26000,E,,,,
193,678,Sao Tome and Principe,866,Cattle,1995,3800,E,,,,
194,682,Saudi Arabia,866,Cattle,1995,252760,A,,,,
195,686,Senegal,866,Cattle,1995,2800000,A,,,,
196,690,Seychelles,866,Cattle,1995,2400,E,,,,
197,694,Sierra Leone,866,Cattle,1995,350000,E,,,,
200,702,Singapore,866,Cattle,1995,200,E,,,,
25,90,Solomon Islands,866,Cattle,1995,13000,E,,,,
201,706,Somalia,866,Cattle,1995,5200000,E,,,,
202,710,South Africa,866,Cattle,1995,12600000,A,,,,
203,724,Spain,866,Cattle,1995,5248000,A,,,,
38,144,Sri Lanka,866,Cattle,1995,1704100,A,,,,
207,740,Suriname,866,Cattle,1995,102000,A,,,,
210,752,Sweden,866,Cattle,1995,1777000,A,,,,
211,756,Switzerland,866,Cattle,1995,1748274,A,,,,
212,760,Syrian Arab Republic,866,Cattle,1995,775000,A,,,,
216,764,Thailand,866,Cattle,1995,6667631,A,,,,
176,626,Timor-Leste,866,Cattle,1995,124408,A,,,,
217,768,Togo,866,Cattle,1995,202340,A,,,,
219,776,Tonga,866,Cattle,1995,9318,A,,,,
220,780,Trinidad and Tobago,866,Cattle,1995,36000,A,,,,
222,788,Tunisia,866,Cattle,1995,654300,A,,,,
223,792,Türkiye,866,Cattle,1995,11789000,A,,,,
226,800,Uganda,866,Cattle,1995,5233000,A,,,,
225,784,United Arab Emirates,866,Cattle,1995,69183,A,,,,
229,826,United Kingdom of Great Britain and Northern Ireland,866,Cattle,1995,11857000,A,,,,
215,834,United Republic of Tanzania,866,Cattle,1995,15644800,A,,,,
231,840,United States of America,866,Cattle,1995,102785200,A,,,,
234,858,Uruguay,866,Cattle,1995,10450000,A,,,,
155,548,Vanuatu,866,Cattle,1995,151000,X,,,,
236,862,Venezuela (Bolivarian Republic of),866,Cattle,1995,13950403,A,,,,
237,704,Viet Nam,866,Cattle,1995,3638900,A,,,,
249,887,Yemen,866,Cattle,1995,1174213,A,,,,
251,894,Zambia,866,Cattle,1995,2400000,E,,,,
181,716,Zimbabwe,866,Cattle,1995,4500000,A,,,,
238,231,Ethiopia,866,Cattle,1996,31207040,A,,,,
206,736,Sudan (former),866,Cattle,1996,31669000,A,,,,
135,474,Martinique,866,Cattle,1996,28300,A,,,,
185,643,Russian Federation,866,Cattle,1996,39696000,A,,,,
230,804,Ukraine,866,Cattle,1996,17557300,A,,,,
299,275,Palestine,866,Cattle,1996,19312,A,,,,
63,233,Estonia,866,Cattle,1996,370400,A,,,,
52,31,Azerbaijan,866,Cattle,1996,1383700,A,,,,
235,860,Uzbekistan,866,Cattle,1996,5203500,A,,,,
98,191,Croatia,866,Cattle,1996,461645,A,,,,
167,203,Czechia,866,Cattle,1996,1988810,A,,,,
57,112,Belarus,866,Cattle,1996,5053900,A,,,,
15,58,Belgium-Luxembourg,866,Cattle,1996,3363000,A,,,,
178,232,Eritrea,866,Cattle,1996,1600000,X,,,,
87,312,Guadeloupe,866,Cattle,1996,80411,A,,,,
146,498,Republic of Moldova,866,Cattle,1996,726497,A,,,,
113,417,Kyrgyzstan,866,Cattle,1996,869000,A,,,,
208,762,Tajikistan,866,Cattle,1996,1147400,A,,,,
108,398,Kazakhstan,866,Cattle,1996,6859900,A,,,,
1,51,Armenia,866,Cattle,1996,507512,A,,,,
126,440,Lithuania,866,Cattle,1996,1065100,A,,,,
199,703,Slovakia,866,Cattle,1996,928706,A,,,,
213,795,Turkmenistan,866,Cattle,1996,1199000,A,,,,
80,70,Bosnia and Herzegovina,866,Cattle,1996,330000,E,,,,
198,705,Slovenia,866,Cattle,1996,495535,A,,,,
186,891,Serbia and Montenegro,866,Cattle,1996,1926000,A,,,,
73,268,Georgia,866,Cattle,1996,985200,A,,,,
145,583,Micronesia (Federated States of),866,Cattle,1996,13900,E,,,,
154,807,North Macedonia,866,Cattle,1996,283237,A,,,,
69,254,French Guiana,866,Cattle,1996,8852,A,,,,
182,638,Réunion,866,Cattle,1996,25960,A,,,,
119,428,Latvia,866,Cattle,1996,537060,A,,,,
2,4,Afghanistan,866,Cattle,1996,2641400,X,,,,
3,8,Albania,866,Cattle,1996,806000,A,,,,
4,12,Algeria,866,Cattle,1996,1227940,A,,,,
7,24,Angola,866,Cattle,1996,3309000,A,,,,
8,28,Antigua and Barbuda,866,Cattle,1996,11250,I,,,,
9,32,Argentina,866,Cattle,1996,50829700,A,,,,
10,36,Australia,866,Cattle,1996,26377400,A,,,,
11,40,Austria,866,Cattle,1996,2325825,A,,,,
12,44,Bahamas,866,Cattle,1996,750,A,,,,
13,48,Bahrain,866,Cattle,1996,12000,A,,,,
16,50,Bangladesh,866,Cattle,1996,22020000,A,,,,
14,52,Barbados,866,Cattle,1996,31000,E,,,,
23,84,Belize,866,Cattle,1996,42544,A,,,,
53,204,Benin,866,Cattle,1996,1300000,A,,,,
18,64,Bhutan,866,Cattle,1996,353755,A,,,,
19,68,Bolivia (Plurinational State of),866,Cattle,1996,5886283,A,,,,
20,72,Botswana,866,Cattle,1996,2249000,A,,,,
21,76,Brazil,866,Cattle,1996,158288540,A,,,,
26,96,Brunei Darussalam,866,Cattle,1996,2017,A,,,,
27,100,Bulgaria,866,Cattle,1996,631739,A,,,,
233,854,Burkina Faso,866,Cattle,1996,4432900,A,,,,
29,108,Burundi,866,Cattle,1996,383522,A,,,,
35,132,Cabo Verde,866,Cattle,1996,21224,A,,,,
115,116,Cambodia,866,Cattle,1996,2761800,A,,,,
32,120,Cameroon,866,Cattle,1996,4623000,A,,,,
33,124,Canada,866,Cattle,1996,13401700,A,,,,
37,140,Central African Republic,866,Cattle,1996,2860726,A,,,,
39,148,Chad,866,Cattle,1996,9318000,E,,,,
40,152,Chile,866,Cattle,1996,3913593,A,,,,
96,344,"China, Hong Kong SAR",866,Cattle,1996,1740,A,,,,
214,158,"China, Taiwan Province of",866,Cattle,1996,151492,A,,,,
41,156,"China, mainland",866,Cattle,1996,108760000,X,,,,
44,170,Colombia,866,Cattle,1996,26088000,X,,,,
45,174,Comoros,866,Cattle,1996,47000,X,,,,
46,178,Congo,866,Cattle,1996,72000,E,,,,
47,184,Cook Islands,866,Cattle,1996,120,A,,,,
48,188,Costa Rica,866,Cattle,1996,1585000,X,,,,
49,192,Cuba,866,Cattle,1996,4601100,A,,,,
50,196,Cyprus,866,Cattle,1996,69918,A,,,,
107,384,Côte d'Ivoire,866,Cattle,1996,1286000,A,,,,
116,408,Democratic People's Republic of Korea,866,Cattle,1996,615000,A,,,,
250,180,Democratic Republic of the Congo,866,Cattle,1996,1060272,A,,,,
54,208,Denmark,866,Cattle,1996,2093256,A,,,,
72,262,Djibouti,866,Cattle,1996,266450,X,,,,
55,212,Dominica,866,Cattle,1996,13400,E,,,,
56,214,Dominican Republic,866,Cattle,1996,2435370,A,,,,
58,218,Ecuador,866,Cattle,1996,5189000,A,,,,
59,818,Egypt,866,Cattle,1996,3262000,A,,,,
60,222,El Salvador,866,Cattle,1996,1286600,A,,,,
61,226,Equatorial Guinea,866,Cattle,1996,4850,E,,,,
209,748,Eswatini,866,Cattle,1996,656484,A,,,,
64,234,Faroe Islands,866,Cattle,1996,2249,A,,,,
66,242,Fiji,866,Cattle,1996,350000,E,,,,
67,246,Finland,866,Cattle,1996,1145600,A,,,,
68,250,France,866,Cattle,1996,20507820,A,,,,
70,258,French Polynesia,866,Cattle,1996,7200,E,,,,
74,266,Gabon,866,Cattle,1996,36000,A,,,,
75,270,Gambia,866,Cattle,1996,353392,A,,,,
79,276,Germany,866,Cattle,1996,15889915,A,,,,
81,288,Ghana,866,Cattle,1996,1247861,A,,,,
84,300,Greece,866,Cattle,1996,581081,A,,,,
86,308,Grenada,866,Cattle,1996,4491,I,,,,
89,320,Guatemala,866,Cattle,1996,2291440,A,,,,
90,324,Guinea,866,Cattle,1996,2316620,A,,,,
175,624,Guinea-Bissau,866,Cattle,1996,463880,A,,,,
91,328,Guyana,866,Cattle,1996,160000,E,,,,
93,332,Haiti,866,Cattle,1996,1246000,A,,,,
95,340,Honduras,866,Cattle,1996,2127300,A,,,,
97,348,Hungary,866,Cattle,1996,928000,A,,,,
99,352,Iceland,866,Cattle,1996,74816,A,,,,
100,356,India,866,Cattle,1996,200784000,X,,,,
101,360,Indonesia,866,Cattle,1996,11815606,A,,,,
102,364,Iran (Islamic Republic of),866,Cattle,1996,8492000,A,,,,
103,368,Iraq,866,Cattle,1996,1050000,E,,,,
104,372,Ireland,866,Cattle,1996,6450600,A,,,,
105,376,Israel,866,Cattle,1996,391000,A,,,,
106,380,Italy,866,Cattle,1996,7265100,A,,,,
109,388,Jamaica,866,Cattle,1996,420000,E,,,,
110,392,Japan,866,Cattle,1996,4828000,A,,,,
112,400,Jordan,866,Cattle,1996,51568,A,,,,
114,404,Kenya,866,Cattle,1996,11511700,A,,,,
118,414,Kuwait,866,Cattle,1996,19476,A,,,,
120,418,Lao People's Democratic Republic,866,Cattle,1996,1186000,A,,,,
121,422,Lebanon,866,Cattle,1996,69875,A,,,,
122,426,Lesotho,866,Cattle,1996,539000,A,,,,
123,430,Liberia,866,Cattle,1996,36000,E,,,,
124,434,Libya,866,Cattle,1996,145000,X,,,,
129,450,Madagascar,866,Cattle,1996,10320340,A,,,,
130,454,Malawi,866,Cattle,1996,700096,A,,,,
131,458,Malaysia,866,Cattle,1996,693542,A,,,,
133,466,Mali,866,Cattle,1996,5406641,A,,,,
134,470,Malta,866,Cattle,1996,21000,A,,,,
136,478,Mauritania,866,Cattle,1996,1122000,A,,,,
137,480,Mauritius,866,Cattle,1996,22900,E,,,,
138,484,Mexico,866,Cattle,1996,30294900,A,,,,
141,496,Mongolia,866,Cattle,1996,3317000,A,,,,
143,504,Morocco,866,Cattle,1996,2408400,A,,,,
144,508,Mozambique,866,Cattle,1996,920000,E,,,,
28,104,Myanmar,866,Cattle,1996,10120700,A,,,,
147,516,Namibia,866,Cattle,1996,1989947,A,,,,
149,524,Nepal,866,Cattle,1996,7008420,A,,,,
150,528,Netherlands (Kingdom of the),866,Cattle,1996,4557000,A,,,,
153,540,New Caledonia,866,Cattle,1996,110000,E,,,,
156,554,New Zealand,866,Cattle,1996,9017277,A,,,,
157,558,Nicaragua,866,Cattle,1996,2600000,E,,,,
158,562,Niger,866,Cattle,1996,4342220,A,,,,
159,566,Nigeria,866,Cattle,1996,15050000,E,,,,
160,570,Niue,866,Cattle,1996,113,I,,,,
162,578,Norway,866,Cattle,1996,1005766,A,,,,
221,512,Oman,866,Cattle,1996,246000,A,,,,
165,586,Pakistan,866,Cattle,1996,20424000,A,,,,
166,591,Panama,866,Cattle,1996,1442100,A,,,,
168,598,Papua New Guinea,866,Cattle,1996,88000,E,,,,
169,600,Paraguay,866,Cattle,1996,9764524,A,,,,
170,604,Peru,866,Cattle,1996,4645660,A,,,,
171,608,Philippines,866,Cattle,1996,2128455,A,,,,
173,616,Poland,866,Cattle,1996,7136466,A,,,,
174,620,Portugal,866,Cattle,1996,1386000,A,,,,
177,630,Puerto Rico,866,Cattle,1996,370546,A,,,,
179,634,Qatar,866,Cattle,1996,13651,A,,,,
117,410,Republic of Korea,866,Cattle,1996,3395028,A,,,,
183,642,Romania,866,Cattle,1996,3496300,A,,,,
184,646,Rwanda,866,Cattle,1996,500000,E,,,,
188,659,Saint Kitts and Nevis,866,Cattle,1996,3500,E,,,,
189,662,Saint Lucia,866,Cattle,1996,12450,E,,,,
191,670,Saint Vincent and the Grenadines,866,Cattle,1996,6200,E,,,,
244,882,Samoa,866,Cattle,1996,26000,E,,,,
193,678,Sao Tome and Principe,866,Cattle,1996,3850,E,,,,
194,682,Saudi Arabia,866,Cattle,1996,259081,A,,,,
195,686,Senegal,866,Cattle,1996,2870000,A,,,,
196,690,Seychelles,866,Cattle,1996,2200,E,,,,
197,694,Sierra Leone,866,Cattle,1996,300000,E,,,,
200,702,Singapore,866,Cattle,1996,400,E,,,,
25,90,Solomon Islands,866,Cattle,1996,13000,E,,,,
201,706,Somalia,866,Cattle,1996,5400000,E,,,,
202,710,South Africa,866,Cattle,1996,13000000,A,,,,
203,724,Spain,866,Cattle,1996,5512000,A,,,,
38,144,Sri Lanka,866,Cattle,1996,1644000,A,,,,
207,740,Suriname,866,Cattle,1996,98000,A,,,,
210,752,Sweden,866,Cattle,1996,1790200,A,,,,
211,756,Switzerland,866,Cattle,1996,1747071,A,,,,
212,760,Syrian Arab Republic,866,Cattle,1996,810150,A,,,,
216,764,Thailand,866,Cattle,1996,6386926,A,,,,
176,626,Timor-Leste,866,Cattle,1996,136849,A,,,,
217,768,Togo,866,Cattle,1996,217221,A,,,,
219,776,Tonga,866,Cattle,1996,9500,E,,,,
220,780,Trinidad and Tobago,866,Cattle,1996,38000,E,,,,
222,788,Tunisia,866,Cattle,1996,696000,A,,,,
223,792,Türkiye,866,Cattle,1996,11886000,A,,,,
226,800,Uganda,866,Cattle,1996,5301000,A,,,,
225,784,United Arab Emirates,866,Cattle,1996,74026,A,,,,
229,826,United Kingdom of Great Britain and Northern Ireland,866,Cattle,1996,12040000,A,,,,
215,834,United Republic of Tanzania,866,Cattle,1996,13604500,A,,,,
231,840,United States of America,866,Cattle,1996,103548200,A,,,,
234,858,Uruguay,866,Cattle,1996,10651000,A,,,,
155,548,Vanuatu,866,Cattle,1996,151000,E,,,,
236,862,Venezuela (Bolivarian Republic of),866,Cattle,1996,14016307,A,,,,
237,704,Viet Nam,866,Cattle,1996,3800336,A,,,,
249,887,Yemen,866,Cattle,1996,1180934,A,,,,
251,894,Zambia,866,Cattle,1996,2200000,E,,,,
181,716,Zimbabwe,866,Cattle,1996,5436214,A,,,,
108,398,Kazakhstan,866,Cattle,1997,5424600,A,,,,
186,891,Serbia and Montenegro,866,Cattle,1997,1899000,A,,,,
1,51,Armenia,866,Cattle,1997,509559,A,,,,
98,191,Croatia,866,Cattle,1997,451266,A,,,,
213,795,Turkmenistan,866,Cattle,1997,959000,X,,,,
199,703,Slovakia,866,Cattle,1997,891991,A,,,,
135,474,Martinique,866,Cattle,1997,25600,A,,,,
119,428,Latvia,866,Cattle,1997,509400,A,,,,
208,762,Tajikistan,866,Cattle,1997,1103500,A,,,,
238,231,Ethiopia,866,Cattle,1997,32612350,A,,,,
80,70,Bosnia and Herzegovina,866,Cattle,1997,411800,E,,,,
167,203,Czechia,866,Cattle,1997,1865902,A,,,,
73,268,Georgia,866,Cattle,1997,1004500,A,,,,
113,417,Kyrgyzstan,866,Cattle,1997,847600,A,,,,
57,112,Belarus,866,Cattle,1997,4854600,A,,,,
178,232,Eritrea,866,Cattle,1997,1927800,X,,,,
15,58,Belgium-Luxembourg,866,Cattle,1997,3280000,A,,,,
63,233,Estonia,866,Cattle,1997,343000,A,,,,
299,275,Palestine,866,Cattle,1997,20976,A,,,,
52,31,Azerbaijan,866,Cattle,1997,1477900,A,,,,
126,440,Lithuania,866,Cattle,1997,1054100,A,,,,
145,583,Micronesia (Federated States of),866,Cattle,1997,13900,E,,,,
235,860,Uzbekistan,866,Cattle,1997,5102500,A,,,,
182,638,Réunion,866,Cattle,1997,26700,X,,,,
206,736,Sudan (former),866,Cattle,1997,33103000,A,,,,
69,254,French Guiana,866,Cattle,1997,9562,A,,,,
87,312,Guadeloupe,866,Cattle,1997,84997,A,,,,
146,498,Republic of Moldova,866,Cattle,1997,570044,A,,,,
185,643,Russian Federation,866,Cattle,1997,35102800,A,,,,
198,705,Slovenia,866,Cattle,1997,486198,A,,,,
230,804,Ukraine,866,Cattle,1997,15313200,A,,,,
154,807,North Macedonia,866,Cattle,1997,294613,A,,,,
2,4,Afghanistan,866,Cattle,1997,2895000,X,,,,
3,8,Albania,866,Cattle,1997,771000,A,,,,
4,12,Algeria,866,Cattle,1997,1255410,A,,,,
7,24,Angola,866,Cattle,1997,3556000,X,,,,
8,28,Antigua and Barbuda,866,Cattle,1997,11138,I,,,,
9,32,Argentina,866,Cattle,1997,50058900,A,,,,
10,36,Australia,866,Cattle,1997,26780000,A,,,,
11,40,Austria,866,Cattle,1997,2271949,A,,,,
12,44,Bahamas,866,Cattle,1997,750,E,,,,
13,48,Bahrain,866,Cattle,1997,12030,A,,,,
16,50,Bangladesh,866,Cattle,1997,22090000,A,,,,
14,52,Barbados,866,Cattle,1997,28000,E,,,,
23,84,Belize,866,Cattle,1997,47000,E,,,,
53,204,Benin,866,Cattle,1997,1345000,A,,,,
18,64,Bhutan,866,Cattle,1997,353517,A,,,,
19,68,Bolivia (Plurinational State of),866,Cattle,1997,6061216,A,,,,
20,72,Botswana,866,Cattle,1997,2212000,A,,,,
21,76,Brazil,866,Cattle,1997,161416157,A,,,,
26,96,Brunei Darussalam,866,Cattle,1997,1924,A,,,,
27,100,Bulgaria,866,Cattle,1997,582055,A,,,,
233,854,Burkina Faso,866,Cattle,1997,4521500,A,,,,
29,108,Burundi,866,Cattle,1997,393110,A,,,,
35,132,Cabo Verde,866,Cattle,1997,21250,E,,,,
115,116,Cambodia,866,Cattle,1997,2820783,A,,,,
32,120,Cameroon,866,Cattle,1997,4737000,A,,,,
33,124,Canada,866,Cattle,1997,13411600,A,,,,
37,140,Central African Republic,866,Cattle,1997,2926000,A,,,,
39,148,Chad,866,Cattle,1997,9813000,E,,,,
40,152,Chile,866,Cattle,1997,4097244,A,,,,
96,344,"China, Hong Kong SAR",866,Cattle,1997,1500,E,,,,
214,158,"China, Taiwan Province of",866,Cattle,1997,151901,A,,,,
41,156,"China, mainland",866,Cattle,1997,90682000,X,,,,
44,170,Colombia,866,Cattle,1997,25672700,A,,,,
45,174,Comoros,866,Cattle,1997,48200,X,,,,
46,178,Congo,866,Cattle,1997,75000,A,,,,
47,184,Cook Islands,866,Cattle,1997,173,I,,,,
48,188,Costa Rica,866,Cattle,1997,1529000,X,,,,
49,192,Cuba,866,Cattle,1997,4606000,A,,,,
50,196,Cyprus,866,Cattle,1997,62276,A,,,,
107,384,Côte d'Ivoire,866,Cattle,1997,1316000,A,,,,
116,408,Democratic People's Republic of Korea,866,Cattle,1997,545000,A,,,,
250,180,Democratic Republic of the Congo,866,Cattle,1997,1102289,A,,,,
54,208,Denmark,866,Cattle,1997,2004212,A,,,,
72,262,Djibouti,866,Cattle,1997,270000,E,,,,
55,212,Dominica,866,Cattle,1997,13400,E,,,,
56,214,Dominican Republic,866,Cattle,1997,2481384,A,,,,
58,218,Ecuador,866,Cattle,1997,5437000,A,,,,
59,818,Egypt,866,Cattle,1997,3293000,A,,,,
60,222,El Salvador,866,Cattle,1997,1162100,A,,,,
61,226,Equatorial Guinea,866,Cattle,1997,4900,E,,,,
209,748,Eswatini,866,Cattle,1997,658453,A,,,,
64,234,Faroe Islands,866,Cattle,1997,2271,A,,,,
66,242,Fiji,866,Cattle,1997,350000,E,,,,
67,246,Finland,866,Cattle,1997,1142400,A,,,,
68,250,France,866,Cattle,1997,20205040,A,,,,
70,258,French Polynesia,866,Cattle,1997,7600,E,,,,
74,266,Gabon,866,Cattle,1997,33000,A,,,,
75,270,Gambia,866,Cattle,1997,356042,A,,,,
79,276,Germany,866,Cattle,1997,15759573,A,,,,
81,288,Ghana,866,Cattle,1997,1260300,A,,,,
84,300,Greece,866,Cattle,1997,580408,A,,,,
86,308,Grenada,866,Cattle,1997,4561,I,,,,
89,320,Guatemala,866,Cattle,1997,2337000,X,,,,
90,324,Guinea,866,Cattle,1997,2436910,A,,,,
175,624,Guinea-Bissau,866,Cattle,1997,475480,A,,,,
91,328,Guyana,866,Cattle,1997,150000,E,,,,
93,332,Haiti,866,Cattle,1997,1270000,A,,,,
95,340,Honduras,866,Cattle,1997,2061000,A,,,,
97,348,Hungary,866,Cattle,1997,909000,A,,,,
99,352,Iceland,866,Cattle,1997,74791,A,,,,
100,356,India,866,Cattle,1997,198882000,A,,,,
101,360,Indonesia,866,Cattle,1997,11938856,A,,,,
102,364,Iran (Islamic Republic of),866,Cattle,1997,8638000,A,,,,
103,368,Iraq,866,Cattle,1997,1300375,X,,,,
104,372,Ireland,866,Cattle,1997,6660900,A,,,,
105,376,Israel,866,Cattle,1997,380000,A,,,,
106,380,Italy,866,Cattle,1997,7162500,A,,,,
109,388,Jamaica,866,Cattle,1997,400000,E,,,,
110,392,Japan,866,Cattle,1997,4750000,A,,,,
112,400,Jordan,866,Cattle,1997,56065,A,,,,
114,404,Kenya,866,Cattle,1997,11408500,A,,,,
118,414,Kuwait,866,Cattle,1997,21023,A,,,,
120,418,Lao People's Democratic Republic,866,Cattle,1997,1227500,A,,,,
121,422,Lebanon,866,Cattle,1997,68502,A,,,,
122,426,Lesotho,866,Cattle,1997,601410,A,,,,
123,430,Liberia,866,Cattle,1997,36000,E,,,,
124,434,Libya,866,Cattle,1997,142000,E,,,,
129,450,Madagascar,866,Cattle,1997,10331000,A,,,,
130,454,Malawi,866,Cattle,1997,598175,A,,,,
131,458,Malaysia,866,Cattle,1997,690756,A,,,,
133,466,Mali,866,Cattle,1997,5512240,A,,,,
134,470,Malta,866,Cattle,1997,21000,E,,,,
136,478,Mauritania,866,Cattle,1997,1353000,A,,,,
137,480,Mauritius,866,Cattle,1997,20500,E,,,,
138,484,Mexico,866,Cattle,1997,30771666,A,,,,
141,496,Mongolia,866,Cattle,1997,3476300,A,,,,
143,504,Morocco,866,Cattle,1997,2547200,A,,,,
144,508,Mozambique,866,Cattle,1997,880000,E,,,,
28,104,Myanmar,866,Cattle,1997,10303200,A,,,,
147,516,Namibia,866,Cattle,1997,2055416,A,,,,
149,524,Nepal,866,Cattle,1997,7024780,A,,,,
150,528,Netherlands (Kingdom of the),866,Cattle,1997,4411000,A,,,,
153,540,New Caledonia,866,Cattle,1997,110000,E,,,,
156,554,New Zealand,866,Cattle,1997,9145000,A,,,,
157,558,Nicaragua,866,Cattle,1997,2850000,E,,,,
158,562,Niger,866,Cattle,1997,4602750,A,,,,
159,566,Nigeria,866,Cattle,1997,15073000,A,,,,
160,570,Niue,866,Cattle,1997,113,I,,,,
162,578,Norway,866,Cattle,1997,1017775,A,,,,
221,512,Oman,866,Cattle,1997,258000,A,,,,
165,586,Pakistan,866,Cattle,1997,20802000,A,,,,
166,591,Panama,866,Cattle,1997,1362200,A,,,,
168,598,Papua New Guinea,866,Cattle,1997,87000,A,,,,
169,600,Paraguay,866,Cattle,1997,9793683,A,,,,
170,604,Peru,866,Cattle,1997,4560156,A,,,,
171,608,Philippines,866,Cattle,1997,2266280,A,,,,
173,616,Poland,866,Cattle,1997,7307382,A,,,,
174,620,Portugal,866,Cattle,1997,1389000,A,,,,
177,630,Puerto Rico,866,Cattle,1997,388307,A,,,,
179,634,Qatar,866,Cattle,1997,13849,A,,,,
117,410,Republic of Korea,866,Cattle,1997,3279849,A,,,,
183,642,Romania,866,Cattle,1997,3434900,A,,,,
184,646,Rwanda,866,Cattle,1997,570000,E,,,,
188,659,Saint Kitts and Nevis,866,Cattle,1997,3600,A,,,,
189,662,Saint Lucia,866,Cattle,1997,12450,E,,,,
191,670,Saint Vincent and the Grenadines,866,Cattle,1997,6200,E,,,,
244,882,Samoa,866,Cattle,1997,26000,E,,,,
193,678,Sao Tome and Principe,866,Cattle,1997,3900,E,,,,
194,682,Saudi Arabia,866,Cattle,1997,277261,A,,,,
195,686,Senegal,866,Cattle,1997,2898000,A,,,,
196,690,Seychelles,866,Cattle,1997,2050,E,,,,
197,694,Sierra Leone,866,Cattle,1997,250000,E,,,,
200,702,Singapore,866,Cattle,1997,200,E,,,,
25,90,Solomon Islands,866,Cattle,1997,13000,E,,,,
201,706,Somalia,866,Cattle,1997,5600000,E,,,,
202,710,South Africa,866,Cattle,1997,13400000,A,,,,
203,724,Spain,866,Cattle,1997,5925000,A,,,,
38,144,Sri Lanka,866,Cattle,1997,1578800,A,,,,
207,740,Suriname,866,Cattle,1997,97000,A,,,,
210,752,Sweden,866,Cattle,1997,1781000,A,,,,
211,756,Switzerland,866,Cattle,1997,1672900,A,,,,
212,760,Syrian Arab Republic,866,Cattle,1997,856747,A,,,,
216,764,Thailand,866,Cattle,1997,5789747,A,,,,
176,626,Timor-Leste,866,Cattle,1997,146485,A,,,,
217,768,Togo,866,Cattle,1997,271289,A,,,,
219,776,Tonga,866,Cattle,1997,9500,E,,,,
220,780,Trinidad and Tobago,866,Cattle,1997,37500,E,,,,
222,788,Tunisia,866,Cattle,1997,701390,A,,,,
223,792,Türkiye,866,Cattle,1997,11185000,A,,,,
226,800,Uganda,866,Cattle,1997,5460000,A,,,,
225,784,United Arab Emirates,866,Cattle,1997,79208,A,,,,
229,826,United Kingdom of Great Britain and Northern Ireland,866,Cattle,1997,11633000,A,,,,
215,834,United Republic of Tanzania,866,Cattle,1997,13699700,A,,,,
231,840,United States of America,866,Cattle,1997,101655700,A,,,,
234,858,Uruguay,866,Cattle,1997,10553000,A,,,,
155,548,Vanuatu,866,Cattle,1997,151000,E,,,,
236,862,Venezuela (Bolivarian Republic of),866,Cattle,1997,14249724,A,,,,
237,704,Viet Nam,866,Cattle,1997,3904818,A,,,,
249,887,Yemen,866,Cattle,1997,1151000,A,,,,
251,894,Zambia,866,Cattle,1997,2700516,A,,,,
181,716,Zimbabwe,866,Cattle,1997,5400000,E,,,,
178,232,Eritrea,866,Cattle,1998,2026200,X,,,,
230,804,Ukraine,866,Cattle,1998,12758500,A,,,,
198,705,Slovenia,866,Cattle,1998,445724,A,,,,
208,762,Tajikistan,866,Cattle,1998,1050200,A,,,,
167,203,Czechia,866,Cattle,1998,1700789,A,,,,
80,70,Bosnia and Herzegovina,866,Cattle,1998,425743,X,,,,
145,583,Micronesia (Federated States of),866,Cattle,1998,13900,E,,,,
199,703,Slovakia,866,Cattle,1998,803398,A,,,,
63,233,Estonia,866,Cattle,1998,325600,A,,,,
108,398,Kazakhstan,866,Cattle,1998,4307100,A,,,,
113,417,Kyrgyzstan,866,Cattle,1998,884800,A,,,,
69,254,French Guiana,866,Cattle,1998,9135,A,,,,
1,51,Armenia,866,Cattle,1998,465751,A,,,,
57,112,Belarus,866,Cattle,1998,4801100,A,,,,
238,231,Ethiopia,866,Cattle,1998,35371768,A,,,,
119,428,Latvia,866,Cattle,1998,476900,A,,,,
73,268,Georgia,866,Cattle,1998,1028100,A,,,,
126,440,Lithuania,866,Cattle,1998,1016300,A,,,,
135,474,Martinique,866,Cattle,1998,25400,A,,,,
182,638,Réunion,866,Cattle,1998,27000,E,,,,
98,191,Croatia,866,Cattle,1998,443000,A,,,,
206,736,Sudan (former),866,Cattle,1998,34584000,A,,,,
213,795,Turkmenistan,866,Cattle,1998,1100000,E,,,,
235,860,Uzbekistan,866,Cattle,1998,5196400,A,,,,
52,31,Azerbaijan,866,Cattle,1998,1550200,A,,,,
185,643,Russian Federation,866,Cattle,1998,31519900,A,,,,
87,312,Guadeloupe,866,Cattle,1998,84964,A,,,,
15,58,Belgium-Luxembourg,866,Cattle,1998,3184000,A,,,,
186,891,Serbia and Montenegro,866,Cattle,1998,1878000,A,,,,
154,807,North Macedonia,866,Cattle,1998,289000,A,,,,
299,275,Palestine,866,Cattle,1998,22050,A,,,,
146,498,Republic of Moldova,866,Cattle,1998,485442,A,,,,
2,4,Afghanistan,866,Cattle,1998,3008330,A,,,,
3,8,Albania,866,Cattle,1998,705000,A,,,,
4,12,Algeria,866,Cattle,1998,1317240,A,,,,
7,24,Angola,866,Cattle,1998,3898000,X,,,,
8,28,Antigua and Barbuda,866,Cattle,1998,10784,I,,,,
9,32,Argentina,866,Cattle,1998,48048900,A,,,,
10,36,Australia,866,Cattle,1998,26852000,A,,,,
11,40,Austria,866,Cattle,1998,2197940,A,,,,
12,44,Bahamas,866,Cattle,1998,750,E,,,,
13,48,Bahrain,866,Cattle,1998,13013,A,,,,
16,50,Bangladesh,866,Cattle,1998,22160000,A,,,,
14,52,Barbados,866,Cattle,1998,27000,E,,,,
23,84,Belize,866,Cattle,1998,52000,E,,,,
53,204,Benin,866,Cattle,1998,1370780,A,,,,
18,64,Bhutan,866,Cattle,1998,354000,E,,,,
19,68,Bolivia (Plurinational State of),866,Cattle,1998,6225688,A,,,,
20,72,Botswana,866,Cattle,1998,2345000,A,,,,
21,76,Brazil,866,Cattle,1998,163154357,A,,,,
26,96,Brunei Darussalam,866,Cattle,1998,1854,A,,,,
27,100,Bulgaria,866,Cattle,1998,611720,A,,,,
233,854,Burkina Faso,866,Cattle,1998,4611871,A,,,,
29,108,Burundi,866,Cattle,1998,386108,A,,,,
35,132,Cabo Verde,866,Cattle,1998,22400,E,,,,
115,116,Cambodia,866,Cattle,1998,2679940,A,,,,
32,120,Cameroon,866,Cattle,1998,4846000,A,,,,
33,124,Canada,866,Cattle,1998,13359900,A,,,,
37,140,Central African Republic,866,Cattle,1998,2992000,A,,,,
39,148,Chad,866,Cattle,1998,10334000,E,,,,
40,152,Chile,866,Cattle,1998,4160000,A,,,,
96,344,"China, Hong Kong SAR",866,Cattle,1998,1500,E,,,,
214,158,"China, Taiwan Province of",866,Cattle,1998,156792,A,,,,
41,156,"China, mainland",866,Cattle,1998,99277000,A,,,,
44,170,Colombia,866,Cattle,1998,25763700,A,,,,
45,174,Comoros,866,Cattle,1998,49500,X,,,,
46,178,Congo,866,Cattle,1998,72000,A,,,,
47,184,Cook Islands,866,Cattle,1998,173,I,,,,
48,188,Costa Rica,866,Cattle,1998,1527000,X,,,,
49,192,Cuba,866,Cattle,1998,4643700,A,,,,
50,196,Cyprus,866,Cattle,1998,55741,A,,,,
107,384,Côte d'Ivoire,866,Cattle,1998,1280229,A,,,,
116,408,Democratic People's Republic of Korea,866,Cattle,1998,565000,A,,,,
250,180,Democratic Republic of the Congo,866,Cattle,1998,880773,A,,,,
54,208,Denmark,866,Cattle,1998,1977367,A,,,,
72,262,Djibouti,866,Cattle,1998,280000,E,,,,
55,212,Dominica,866,Cattle,1998,13400,E,,,,
56,214,Dominican Republic,866,Cattle,1998,2528300,A,,,,
58,218,Ecuador,866,Cattle,1998,5076400,A,,,,
59,818,Egypt,866,Cattle,1998,3216698,A,,,,
60,222,El Salvador,866,Cattle,1998,1037718,A,,,,
61,226,Equatorial Guinea,866,Cattle,1998,4900,E,,,,
209,748,Eswatini,866,Cattle,1998,623446,A,,,,
64,234,Faroe Islands,866,Cattle,1998,2149,A,,,,
66,242,Fiji,866,Cattle,1998,344636,A,,,,
67,246,Finland,866,Cattle,1998,1117100,A,,,,
68,250,France,866,Cattle,1998,20051494,A,,,,
70,258,French Polynesia,866,Cattle,1998,9200,E,,,,
74,266,Gabon,866,Cattle,1998,34000,E,,,,
75,270,Gambia,866,Cattle,1998,358712,A,,,,
79,276,Germany,866,Cattle,1998,15227152,A,,,,
81,288,Ghana,866,Cattle,1998,1272900,A,,,,
84,300,Greece,866,Cattle,1998,580317,A,,,,
86,308,Grenada,866,Cattle,1998,4632,I,,,,
89,320,Guatemala,866,Cattle,1998,2330000,X,,,,
90,324,Guinea,866,Cattle,1998,2563460,A,,,,
175,624,Guinea-Bissau,866,Cattle,1998,487360,A,,,,
91,328,Guyana,866,Cattle,1998,145000,E,,,,
93,332,Haiti,866,Cattle,1998,1300000,A,,,,
95,340,Honduras,866,Cattle,1998,1945000,X,,,,
97,348,Hungary,866,Cattle,1998,871000,A,,,,
99,352,Iceland,866,Cattle,1998,75500,A,,,,
100,356,India,866,Cattle,1998,196535008,A,,,,
101,360,Indonesia,866,Cattle,1998,11633876,A,,,,
102,364,Iran (Islamic Republic of),866,Cattle,1998,8785000,A,,,,
103,368,Iraq,866,Cattle,1998,1320000,X,,,,
104,372,Ireland,866,Cattle,1998,6881600,A,,,,
105,376,Israel,866,Cattle,1998,388000,A,,,,
106,380,Italy,866,Cattle,1998,7166000,A,,,,
109,388,Jamaica,866,Cattle,1998,400000,E,,,,
110,392,Japan,866,Cattle,1998,4708000,A,,,,
112,400,Jordan,866,Cattle,1998,56820,A,,,,
114,404,Kenya,866,Cattle,1998,11687000,A,,,,
118,414,Kuwait,866,Cattle,1998,18481,A,,,,
120,418,Lao People's Democratic Republic,866,Cattle,1998,1126600,A,,,,
121,422,Lebanon,866,Cattle,1998,72183,A,,,,
122,426,Lesotho,866,Cattle,1998,495614,A,,,,
123,430,Liberia,866,Cattle,1998,36000,E,,,,
124,434,Libya,866,Cattle,1998,140000,E,,,,
129,450,Madagascar,866,Cattle,1998,10342000,A,,,,
130,454,Malawi,866,Cattle,1998,715391,A,,,,
131,458,Malaysia,866,Cattle,1998,714337,A,,,,
133,466,Mali,866,Cattle,1998,5634512,A,,,,
134,470,Malta,866,Cattle,1998,19000,E,,,,
136,478,Mauritania,866,Cattle,1998,1394000,A,,,,
137,480,Mauritius,866,Cattle,1998,22000,E,,,,
138,484,Mexico,866,Cattle,1998,31059500,A,,,,
141,496,Mongolia,866,Cattle,1998,3612800,A,,,,
143,504,Morocco,866,Cattle,1998,2568600,A,,,,
144,508,Mozambique,866,Cattle,1998,850000,E,,,,
28,104,Myanmar,866,Cattle,1998,10492700,A,,,,
147,516,Namibia,866,Cattle,1998,2192359,A,,,,
149,524,Nepal,866,Cattle,1998,7048660,A,,,,
150,528,Netherlands (Kingdom of the),866,Cattle,1998,4283000,A,,,,
153,540,New Caledonia,866,Cattle,1998,94387,A,,,,
156,554,New Zealand,866,Cattle,1998,8873000,A,,,,
157,558,Nicaragua,866,Cattle,1998,2735000,E,,,,
158,562,Niger,866,Cattle,1998,4878920,A,,,,
159,566,Nigeria,866,Cattle,1998,15088100,A,,,,
160,570,Niue,866,Cattle,1998,113,I,,,,
162,578,Norway,866,Cattle,1998,1036416,A,,,,
221,512,Oman,866,Cattle,1998,271000,A,,,,
165,586,Pakistan,866,Cattle,1998,21192000,A,,,,
166,591,Panama,866,Cattle,1998,1382200,A,,,,
168,598,Papua New Guinea,866,Cattle,1998,86000,X,,,,
169,600,Paraguay,866,Cattle,1998,9832800,X,,,,
170,604,Peru,866,Cattle,1998,4656827,A,,,,
171,608,Philippines,866,Cattle,1998,2395020,A,,,,
173,616,Poland,866,Cattle,1998,6955251,A,,,,
174,620,Portugal,866,Cattle,1998,1386000,A,,,,
177,630,Puerto Rico,866,Cattle,1998,386980,A,,,,
179,634,Qatar,866,Cattle,1998,13989,A,,,,
117,410,Republic of Korea,866,Cattle,1998,2922046,A,,,,
183,642,Romania,866,Cattle,1998,3235400,A,,,,
184,646,Rwanda,866,Cattle,1998,657137,A,,,,
188,659,Saint Kitts and Nevis,866,Cattle,1998,3800,E,,,,
189,662,Saint Lucia,866,Cattle,1998,12450,E,,,,
191,670,Saint Vincent and the Grenadines,866,Cattle,1998,6200,E,,,,
244,882,Samoa,866,Cattle,1998,27000,E,,,,
193,678,Sao Tome and Principe,866,Cattle,1998,3950,E,,,,
194,682,Saudi Arabia,866,Cattle,1998,294000,A,,,,
195,686,Senegal,866,Cattle,1998,2912000,A,,,,
196,690,Seychelles,866,Cattle,1998,1850,E,,,,
197,694,Sierra Leone,866,Cattle,1998,250000,E,,,,
200,702,Singapore,866,Cattle,1998,100,E,,,,
25,90,Solomon Islands,866,Cattle,1998,13000,E,,,,
201,706,Somalia,866,Cattle,1998,5300000,E,,,,
202,710,South Africa,866,Cattle,1998,13700000,A,,,,
203,724,Spain,866,Cattle,1998,5884000,A,,,,
38,144,Sri Lanka,866,Cattle,1998,1178400,A,,,,
207,740,Suriname,866,Cattle,1998,111000,A,,,,
210,752,Sweden,866,Cattle,1998,1738500,A,,,,
211,756,Switzerland,866,Cattle,1998,1640871,A,,,,
212,760,Syrian Arab Republic,866,Cattle,1998,931982,A,,,,
216,764,Thailand,866,Cattle,1998,5159237,A,,,,
176,626,Timor-Leste,866,Cattle,1998,161104,A,,,,
217,768,Togo,866,Cattle,1998,273230,A,,,,
219,776,Tonga,866,Cattle,1998,9500,E,,,,
220,780,Trinidad and Tobago,866,Cattle,1998,34000,E,,,,
222,788,Tunisia,866,Cattle,1998,723000,A,,,,
223,792,Türkiye,866,Cattle,1998,11031000,A,,,,
226,800,Uganda,866,Cattle,1998,5651000,A,,,,
225,784,United Arab Emirates,866,Cattle,1998,84753,A,,,,
229,826,United Kingdom of Great Britain and Northern Ireland,866,Cattle,1998,11519000,A,,,,
215,834,United Republic of Tanzania,866,Cattle,1998,13795600,A,,,,
231,840,United States of America,866,Cattle,1998,99744000,A,,,,
234,858,Uruguay,866,Cattle,1998,10297000,A,,,,
155,548,Vanuatu,866,Cattle,1998,151000,E,,,,
236,862,Venezuela (Bolivarian Republic of),866,Cattle,1998,14539512,A,,,,
237,704,Viet Nam,866,Cattle,1998,3984176,A,,,,
249,887,Yemen,866,Cattle,1998,1210000,A,,,,
251,894,Zambia,866,Cattle,1998,2747176,A,,,,
181,716,Zimbabwe,866,Cattle,1998,5668000,A,,,,
52,31,Azerbaijan,866,Cattle,1999,1621100,A,,,,
73,268,Georgia,866,Cattle,1999,1098300,A,,,,
213,795,Turkmenistan,866,Cattle,1999,1250000,E,,,,
154,807,North Macedonia,866,Cattle,1999,267000,A,,,,
15,58,Belgium-Luxembourg,866,Cattle,1999,3395000,A,,,,
108,398,Kazakhstan,866,Cattle,1999,3957900,A,,,,
113,417,Kyrgyzstan,866,Cattle,1999,910564,A,,,,
57,112,Belarus,866,Cattle,1999,4685500,A,,,,
69,254,French Guiana,866,Cattle,1999,9200,E,,,,
126,440,Lithuania,866,Cattle,1999,922800,A,,,,
98,191,Croatia,866,Cattle,1999,438543,A,,,,
178,232,Eritrea,866,Cattle,1999,2100000,E,,,,
182,638,Réunion,866,Cattle,1999,26915,A,,,,
199,703,Slovakia,866,Cattle,1999,704792,A,,,,
198,705,Slovenia,866,Cattle,1999,453097,A,,,,
1,51,Armenia,866,Cattle,1999,469077,A,,,,
80,70,Bosnia and Herzegovina,866,Cattle,1999,442537,X,,,,
299,275,Palestine,866,Cattle,1999,23858,A,,,,
135,474,Martinique,866,Cattle,1999,25000,E,,,,
208,762,Tajikistan,866,Cattle,1999,1036900,A,,,,
230,804,Ukraine,866,Cattle,1999,11721600,A,,,,
186,891,Serbia and Montenegro,866,Cattle,1999,1812000,A,,,,
63,233,Estonia,866,Cattle,1999,307500,A,,,,
145,583,Micronesia (Federated States of),866,Cattle,1999,13900,E,,,,
185,643,Russian Federation,866,Cattle,1999,28480800,A,,,,
146,498,Republic of Moldova,866,Cattle,1999,452000,A,,,,
235,860,Uzbekistan,866,Cattle,1999,5225200,A,,,,
119,428,Latvia,866,Cattle,1999,434400,A,,,,
238,231,Ethiopia,866,Cattle,1999,35095232,A,,,,
87,312,Guadeloupe,866,Cattle,1999,65249,A,,,,
167,203,Czechia,866,Cattle,1999,1657337,A,,,,
206,736,Sudan (former),866,Cattle,1999,35825000,A,,,,
2,4,Afghanistan,866,Cattle,1999,3477549,A,,,,
3,8,Albania,866,Cattle,1999,720000,A,,,,
4,12,Algeria,866,Cattle,1999,1579653,A,,,,
7,24,Angola,866,Cattle,1999,3900000,X,,,,
8,28,Antigua and Barbuda,866,Cattle,1999,10675,I,,,,
9,32,Argentina,866,Cattle,1999,49056700,A,,,,
10,36,Australia,866,Cattle,1999,26578000,A,,,,
11,40,Austria,866,Cattle,1999,2171681,A,,,,
12,44,Bahamas,866,Cattle,1999,695,A,,,,
13,48,Bahrain,866,Cattle,1999,13000,E,,,,
16,50,Bangladesh,866,Cattle,1999,22230000,A,,,,
14,52,Barbados,866,Cattle,1999,25000,E,,,,
23,84,Belize,866,Cattle,1999,58000,E,,,,
53,204,Benin,866,Cattle,1999,1438140,A,,,,
18,64,Bhutan,866,Cattle,1999,384199,A,,,,
19,68,Bolivia (Plurinational State of),866,Cattle,1999,6392425,A,,,,
20,72,Botswana,866,Cattle,1999,2581000,A,,,,
21,76,Brazil,866,Cattle,1999,164621038,A,,,,
26,96,Brunei Darussalam,866,Cattle,1999,1836,A,,,,
27,100,Bulgaria,866,Cattle,1999,671376,A,,,,
233,854,Burkina Faso,866,Cattle,1999,4704138,A,,,,
29,108,Burundi,866,Cattle,1999,355416,A,,,,
35,132,Cabo Verde,866,Cattle,1999,22000,A,,,,
115,116,Cambodia,866,Cattle,1999,2826378,A,,,,
32,120,Cameroon,866,Cattle,1999,5500000,A,,,,
33,124,Canada,866,Cattle,1999,13211300,A,,,,
37,140,Central African Republic,866,Cattle,1999,3060000,A,,,,
39,148,Chad,866,Cattle,1999,10882000,E,,,,
40,152,Chile,866,Cattle,1999,4134000,A,,,,
96,344,"China, Hong Kong SAR",866,Cattle,1999,1500,E,,,,
214,158,"China, Taiwan Province of",866,Cattle,1999,156843,A,,,,
41,156,"China, mainland",866,Cattle,1999,101754000,A,,,,
44,170,Colombia,866,Cattle,1999,24363000,A,,,,
45,174,Comoros,866,Cattle,1999,50000,A,,,,
46,178,Congo,866,Cattle,1999,83000,A,,,,
47,184,Cook Islands,866,Cattle,1999,178,I,,,,
48,188,Costa Rica,866,Cattle,1999,1427500,A,,,,
49,192,Cuba,866,Cattle,1999,4405800,A,,,,
50,196,Cyprus,866,Cattle,1999,54023,A,,,,
107,384,Côte d'Ivoire,866,Cattle,1999,1308030,A,,,,
116,408,Democratic People's Republic of Korea,866,Cattle,1999,577000,A,,,,
250,180,Democratic Republic of the Congo,866,Cattle,1999,852812,A,,,,
54,208,Denmark,866,Cattle,1999,1887057,A,,,,
72,262,Djibouti,866,Cattle,1999,297000,A,,,,
55,212,Dominica,866,Cattle,1999,13400,E,,,,
56,214,Dominican Republic,866,Cattle,1999,2150000,E,,,,
58,218,Ecuador,866,Cattle,1999,5105690,A,,,,
59,818,Egypt,866,Cattle,1999,3417580,A,,,,
60,222,El Salvador,866,Cattle,1999,1141489,A,,,,
61,226,Equatorial Guinea,866,Cattle,1999,4950,E,,,,
209,748,Eswatini,866,Cattle,1999,613932,A,,,,
64,234,Faroe Islands,866,Cattle,1999,2192,A,,,,
66,242,Fiji,866,Cattle,1999,330000,E,,,,
67,246,Finland,866,Cattle,1999,1086800,A,,,,
68,250,France,866,Cattle,1999,20066844,A,,,,
70,258,French Polynesia,866,Cattle,1999,9000,E,,,,
74,266,Gabon,866,Cattle,1999,35000,E,,,,
75,270,Gambia,866,Cattle,1999,361402,A,,,,
79,276,Germany,866,Cattle,1999,14942024,A,,,,
81,288,Ghana,866,Cattle,1999,1288000,A,,,,
84,300,Greece,866,Cattle,1999,583367,A,,,,
86,308,Grenada,866,Cattle,1999,4704,I,,,,
89,320,Guatemala,866,Cattle,1999,2500000,E,,,,
90,324,Guinea,866,Cattle,1999,2696570,A,,,,
175,624,Guinea-Bissau,866,Cattle,1999,499550,A,,,,
91,328,Guyana,866,Cattle,1999,135000,E,,,,
93,332,Haiti,866,Cattle,1999,1300000,E,,,,
95,340,Honduras,866,Cattle,1999,1715386,A,,,,
97,348,Hungary,866,Cattle,1999,873000,A,,,,
99,352,Iceland,866,Cattle,1999,74534,A,,,,
100,356,India,866,Cattle,1999,194216000,A,,,,
101,360,Indonesia,866,Cattle,1999,11275703,A,,,,
102,364,Iran (Islamic Republic of),866,Cattle,1999,8047420,A,,,,
103,368,Iraq,866,Cattle,1999,1325000,X,,,,
104,372,Ireland,866,Cattle,1999,6951700,A,,,,
105,376,Israel,866,Cattle,1999,395000,A,,,,
106,380,Italy,866,Cattle,1999,7129000,A,,,,
109,388,Jamaica,866,Cattle,1999,400000,E,,,,
110,392,Japan,866,Cattle,1999,4658000,A,,,,
112,400,Jordan,866,Cattle,1999,59753,A,,,,
114,404,Kenya,866,Cattle,1999,12787700,A,,,,
118,414,Kuwait,866,Cattle,1999,19980,A,,,,
120,418,Lao People's Democratic Republic,866,Cattle,1999,1000000,A,,,,
121,422,Lebanon,866,Cattle,1999,75874,A,,,,
122,426,Lesotho,866,Cattle,1999,755134,A,,,,
123,430,Liberia,866,Cattle,1999,36000,E,,,,
124,434,Libya,866,Cattle,1999,138000,A,,,,
129,450,Madagascar,866,Cattle,1999,10353000,A,,,,
130,454,Malawi,866,Cattle,1999,711675,A,,,,
131,458,Malaysia,866,Cattle,1999,714916,A,,,,
133,466,Mali,866,Cattle,1999,5774818,A,,,,
134,470,Malta,866,Cattle,1999,20000,E,,,,
136,478,Mauritania,866,Cattle,1999,1475330,A,,,,
137,480,Mauritius,866,Cattle,1999,25000,E,,,,
138,484,Mexico,866,Cattle,1999,30177135,A,,,,
141,496,Mongolia,866,Cattle,1999,3725800,A,,,,
143,504,Morocco,866,Cattle,1999,2565500,A,,,,
144,508,Mozambique,866,Cattle,1999,800000,E,,,,
28,104,Myanmar,866,Cattle,1999,10739513,A,,,,
147,516,Namibia,866,Cattle,1999,2294040,A,,,,
149,524,Nepal,866,Cattle,1999,7030698,A,,,,
150,528,Netherlands (Kingdom of the),866,Cattle,1999,4206000,A,,,,
153,540,New Caledonia,866,Cattle,1999,110000,E,,,,
156,554,New Zealand,866,Cattle,1999,8960114,A,,,,
157,558,Nicaragua,866,Cattle,1999,3186400,A,,,,
158,562,Niger,866,Cattle,1999,5171650,A,,,,
159,566,Nigeria,866,Cattle,1999,15103200,A,,,,
160,570,Niue,866,Cattle,1999,113,I,,,,
162,578,Norway,866,Cattle,1999,1033070,A,,,,
221,512,Oman,866,Cattle,1999,285000,A,,,,
165,586,Pakistan,866,Cattle,1999,21592000,A,,,,
166,591,Panama,866,Cattle,1999,1359800,A,,,,
168,598,Papua New Guinea,866,Cattle,1999,87000,X,,,,
169,600,Paraguay,866,Cattle,1999,9647220,A,,,,
170,604,Peru,866,Cattle,1999,4903363,A,,,,
171,608,Philippines,866,Cattle,1999,2425929,A,,,,
173,616,Poland,866,Cattle,1999,6555033,A,,,,
174,620,Portugal,866,Cattle,1999,1409000,A,,,,
177,630,Puerto Rico,866,Cattle,1999,383498,A,,,,
179,634,Qatar,866,Cattle,1999,14726,A,,,,
117,410,Republic of Korea,866,Cattle,1999,2486495,A,,,,
183,642,Romania,866,Cattle,1999,3143000,A,,,,
184,646,Rwanda,866,Cattle,1999,748976,A,,,,
188,659,Saint Kitts and Nevis,866,Cattle,1999,4000,E,,,,
189,662,Saint Lucia,866,Cattle,1999,12450,E,,,,
191,670,Saint Vincent and the Grenadines,866,Cattle,1999,6200,E,,,,
244,882,Samoa,866,Cattle,1999,27883,A,,,,
193,678,Sao Tome and Principe,866,Cattle,1999,4000,E,,,,
194,682,Saudi Arabia,866,Cattle,1999,280513,A,,,,
195,686,Senegal,866,Cattle,1999,2927000,A,,,,
196,690,Seychelles,866,Cattle,1999,1660,E,,,,
197,694,Sierra Leone,866,Cattle,1999,200000,E,,,,
200,702,Singapore,866,Cattle,1999,200,E,,,,
25,90,Solomon Islands,866,Cattle,1999,13000,E,,,,
201,706,Somalia,866,Cattle,1999,5132000,A,,,,
202,710,South Africa,866,Cattle,1999,13800000,A,,,,
203,724,Spain,866,Cattle,1999,5965000,A,,,,
38,144,Sri Lanka,866,Cattle,1999,1191500,A,,,,
207,740,Suriname,866,Cattle,1999,120000,A,,,,
210,752,Sweden,866,Cattle,1999,1713000,A,,,,
211,756,Switzerland,866,Cattle,1999,1608735,A,,,,
212,760,Syrian Arab Republic,866,Cattle,1999,977944,A,,,,
216,764,Thailand,866,Cattle,1999,4755792,A,,,,
176,626,Timor-Leste,866,Cattle,1999,96692,A,,,,
217,768,Togo,866,Cattle,1999,280000,A,,,,
219,776,Tonga,866,Cattle,1999,10328,A,,,,
220,780,Trinidad and Tobago,866,Cattle,1999,35000,E,,,,
222,788,Tunisia,866,Cattle,1999,749000,A,,,,
223,792,Türkiye,866,Cattle,1999,11054000,A,,,,
226,800,Uganda,866,Cattle,1999,5820000,A,,,,
225,784,United Arab Emirates,866,Cattle,1999,90686,A,,,,
229,826,United Kingdom of Great Britain and Northern Ireland,866,Cattle,1999,11423000,A,,,,
215,834,United Republic of Tanzania,866,Cattle,1999,17250762,A,,,,
231,840,United States of America,866,Cattle,1999,99115000,A,,,,
234,858,Uruguay,866,Cattle,1999,10389000,A,,,,
155,548,Vanuatu,866,Cattle,1999,151000,E,,,,
236,862,Venezuela (Bolivarian Republic of),866,Cattle,1999,14858779,A,,,,
237,704,Viet Nam,866,Cattle,1999,4063700,A,,,,
249,887,Yemen,866,Cattle,1999,1228000,A,,,,
251,894,Zambia,866,Cattle,1999,2904880,A,,,,
181,716,Zimbabwe,866,Cattle,1999,6068760,A,,,,
52,31,Azerbaijan,866,Cattle,2000,1664400,A,,,,
238,231,Ethiopia,866,Cattle,2000,33075330,A,,,,
87,312,Guadeloupe,866,Cattle,2000,65003,A,,,,
206,736,Sudan (former),866,Cattle,2000,37093000,A,,,,
98,191,Croatia,866,Cattle,2000,426570,A,,,,
235,860,Uzbekistan,866,Cattle,2000,5281800,A,,,,
57,112,Belarus,866,Cattle,2000,4326200,A,,,,
80,70,Bosnia and Herzegovina,866,Cattle,2000,461928,X,,,,
167,203,Czechia,866,Cattle,2000,1573530,A,,,,
255,56,Belgium,866,Cattle,2000,3041560,A,,,,
73,268,Georgia,866,Cattle,2000,1153000,A,,,,
113,417,Kyrgyzstan,866,Cattle,2000,932273,A,,,,
126,440,Lithuania,866,Cattle,2000,897800,A,,,,
63,233,Estonia,866,Cattle,2000,267300,A,,,,
135,474,Martinique,866,Cattle,2000,28400,A,,,,
185,643,Russian Federation,866,Cattle,2000,28060323,A,,,,
198,705,Slovenia,866,Cattle,2000,471425,A,,,,
208,762,Tajikistan,866,Cattle,2000,1036700,A,,,,
154,807,North Macedonia,866,Cattle,2000,270000,A,,,,
213,795,Turkmenistan,866,Cattle,2000,1400000,E,,,,
146,498,Republic of Moldova,866,Cattle,2000,422969,A,,,,
178,232,Eritrea,866,Cattle,2000,2150000,E,,,,
299,275,Palestine,866,Cattle,2000,23688,A,,,,
145,583,Micronesia (Federated States of),866,Cattle,2000,13900,E,,,,
182,638,Réunion,866,Cattle,2000,27692,A,,,,
186,891,Serbia and Montenegro,866,Cattle,2000,1427000,A,,,,
69,254,French Guiana,866,Cattle,2000,9200,E,,,,
108,398,Kazakhstan,866,Cattle,2000,3998200,A,,,,
199,703,Slovakia,866,Cattle,2000,665055,A,,,,
256,442,Luxembourg,866,Cattle,2000,205072,A,,,,
119,428,Latvia,866,Cattle,2000,378400,A,,,,
1,51,Armenia,866,Cattle,2000,478730,A,,,,
230,804,Ukraine,866,Cattle,2000,10626500,A,,,,
2,4,Afghanistan,866,Cattle,2000,2900000,E,,,,
3,8,Albania,866,Cattle,2000,728000,A,,,,
4,12,Algeria,866,Cattle,2000,1595259,A,,,,
7,24,Angola,866,Cattle,2000,4042000,X,,,,
8,28,Antigua and Barbuda,866,Cattle,2000,13154,A,,,,
9,32,Argentina,866,Cattle,2000,48674400,A,,,,
10,36,Australia,866,Cattle,2000,27588000,A,,,,
11,40,Austria,866,Cattle,2000,2152811,A,,,,
12,44,Bahamas,866,Cattle,2000,669,A,,,,
13,48,Bahrain,866,Cattle,2000,11000,A,,,,
16,50,Bangladesh,866,Cattle,2000,22310000,A,,,,
14,52,Barbados,866,Cattle,2000,23000,E,,,,
23,84,Belize,866,Cattle,2000,52500,E,,,,
53,204,Benin,866,Cattle,2000,1540647,A,,,,
18,64,Bhutan,866,Cattle,2000,355437,A,,,,
19,68,Bolivia (Plurinational State of),866,Cattle,2000,6911930,A,,,,
20,72,Botswana,866,Cattle,2000,2600000,E,,,,
21,76,Brazil,866,Cattle,2000,169875524,A,,,,
26,96,Brunei Darussalam,866,Cattle,2000,1726,A,,,,
27,100,Bulgaria,866,Cattle,2000,681661,A,,,,
233,854,Burkina Faso,866,Cattle,2000,4798223,A,,,,
29,108,Burundi,866,Cattle,2000,358492,A,,,,
35,132,Cabo Verde,866,Cattle,2000,21500,A,,,,
115,116,Cambodia,866,Cattle,2000,2992640,A,,,,
32,120,Cameroon,866,Cattle,2000,5882000,A,,,,
33,124,Canada,866,Cattle,2000,13201300,A,,,,
37,140,Central African Republic,866,Cattle,2000,3128000,A,,,,
39,148,Chad,866,Cattle,2000,11460000,E,,,,
40,152,Chile,866,Cattle,2000,4068000,A,,,,
96,344,"China, Hong Kong SAR",866,Cattle,2000,1500,E,,,,
214,158,"China, Taiwan Province of",866,Cattle,2000,156059,A,,,,
41,156,"China, mainland",866,Cattle,2000,104396000,A,,,,
44,170,Colombia,866,Cattle,2000,24363700,A,,,,
45,174,Comoros,866,Cattle,2000,51000,E,,,,
46,178,Congo,866,Cattle,2000,87000,A,,,,
47,184,Cook Islands,866,Cattle,2000,180,I,,,,
48,188,Costa Rica,866,Cattle,2000,1358200,A,,,,
49,192,Cuba,866,Cattle,2000,4110200,A,,,,
50,196,Cyprus,866,Cattle,2000,53979,A,,,,
107,384,Côte d'Ivoire,866,Cattle,2000,1308030,A,,,,
116,408,Democratic People's Republic of Korea,866,Cattle,2000,579000,A,,,,
250,180,Democratic Republic of the Congo,866,Cattle,2000,822355,A,,,,
54,208,Denmark,866,Cattle,2000,1867937,A,,,,
72,262,Djibouti,866,Cattle,2000,297000,A,,,,
55,212,Dominica,866,Cattle,2000,13400,E,,,,
56,214,Dominican Republic,866,Cattle,2000,2018340,A,,,,
58,218,Ecuador,866,Cattle,2000,4486020,A,,,,
59,818,Egypt,866,Cattle,2000,3529720,A,,,,
60,222,El Salvador,866,Cattle,2000,1050000,A,,,,
61,226,Equatorial Guinea,866,Cattle,2000,4950,E,,,,
209,748,Eswatini,866,Cattle,2000,588288,X,,,,
64,234,Faroe Islands,866,Cattle,2000,2306,A,,,,
66,242,Fiji,866,Cattle,2000,335000,E,,,,
67,246,Finland,866,Cattle,2000,1056700,A,,,,
68,250,France,866,Cattle,2000,21256247,A,,,,
70,258,French Polynesia,866,Cattle,2000,11000,E,,,,
74,266,Gabon,866,Cattle,2000,36000,E,,,,
75,270,Gambia,866,Cattle,2000,364113,A,,,,
79,276,Germany,866,Cattle,2000,14657901,A,,,,
81,288,Ghana,866,Cattle,2000,1302000,A,,,,
84,300,Greece,866,Cattle,2000,601933,A,,,,
86,308,Grenada,866,Cattle,2000,4777,I,,,,
89,320,Guatemala,866,Cattle,2000,2500000,E,,,,
90,324,Guinea,866,Cattle,2000,2876189,A,,,,
175,624,Guinea-Bissau,866,Cattle,2000,512040,A,,,,
91,328,Guyana,866,Cattle,2000,125000,E,,,,
93,332,Haiti,866,Cattle,2000,1430000,A,,,,
95,340,Honduras,866,Cattle,2000,1780000,A,,,,
97,348,Hungary,866,Cattle,2000,857000,A,,,,
99,352,Iceland,866,Cattle,2000,72135,A,,,,
100,356,India,866,Cattle,2000,191924000,A,,,,
101,360,Indonesia,866,Cattle,2000,11008000,A,,,,
102,364,Iran (Islamic Republic of),866,Cattle,2000,8270100,A,,,,
103,368,Iraq,866,Cattle,2000,1350000,X,,,,
104,372,Ireland,866,Cattle,2000,7037400,A,,,,
105,376,Israel,866,Cattle,2000,395000,A,,,,
106,380,Italy,866,Cattle,2000,7162000,A,,,,
109,388,Jamaica,866,Cattle,2000,400000,E,,,,
110,392,Japan,866,Cattle,2000,4588000,A,,,,
112,400,Jordan,866,Cattle,2000,60421,A,,,,
114,404,Kenya,866,Cattle,2000,11444800,A,,,,
118,414,Kuwait,866,Cattle,2000,20555,A,,,,
120,418,Lao People's Democratic Republic,866,Cattle,2000,1157000,A,,,,
121,422,Lebanon,866,Cattle,2000,77000,A,,,,
122,426,Lesotho,866,Cattle,2000,709884,A,,,,
123,430,Liberia,866,Cattle,2000,36000,E,,,,
124,434,Libya,866,Cattle,2000,130210,A,,,,
129,450,Madagascar,866,Cattle,2000,10364000,A,,,,
130,454,Malawi,866,Cattle,2000,763724,A,,,,
131,458,Malaysia,866,Cattle,2000,738783,A,,,,
133,466,Mali,866,Cattle,2000,5934736,A,,,,
134,470,Malta,866,Cattle,2000,19200,A,,,,
136,478,Mauritania,866,Cattle,2000,1519590,A,,,,
137,480,Mauritius,866,Cattle,2000,27000,E,,,,
138,484,Mexico,866,Cattle,2000,30523735,A,,,,
141,496,Mongolia,866,Cattle,2000,3824700,A,,,,
143,504,Morocco,866,Cattle,2000,2674600,A,,,,
144,508,Mozambique,866,Cattle,2000,780000,E,,,,
28,104,Myanmar,866,Cattle,2000,10982000,A,,,,
147,516,Namibia,866,Cattle,2000,2504930,A,,,,
149,524,Nepal,866,Cattle,2000,7023166,A,,,,
150,528,Netherlands (Kingdom of the),866,Cattle,2000,4070000,A,,,,
153,540,New Caledonia,866,Cattle,2000,110000,E,,,,
156,554,New Zealand,866,Cattle,2000,9015000,A,,,,
157,558,Nicaragua,866,Cattle,2000,3275000,A,,,,
158,562,Niger,866,Cattle,2000,5481952,A,,,,
159,566,Nigeria,866,Cattle,2000,15118300,A,,,,
160,570,Niue,866,Cattle,2000,113,I,,,,
162,578,Norway,866,Cattle,2000,987915,A,,,,
221,512,Oman,866,Cattle,2000,299000,A,,,,
165,586,Pakistan,866,Cattle,2000,22004000,A,,,,
166,591,Panama,866,Cattle,2000,1342400,A,,,,
168,598,Papua New Guinea,866,Cattle,2000,87000,X,,,,
169,600,Paraguay,866,Cattle,2000,9736860,A,,,,
170,604,Peru,866,Cattle,2000,4980291,A,,,,
171,608,Philippines,866,Cattle,2000,2478850,A,,,,
173,616,Poland,866,Cattle,2000,6082549,A,,,,
174,620,Portugal,866,Cattle,2000,1421000,A,,,,
177,630,Puerto Rico,866,Cattle,2000,392309,A,,,,
179,634,Qatar,866,Cattle,2000,14831,A,,,,
117,410,Republic of Korea,866,Cattle,2000,2133728,A,,,,
183,642,Romania,866,Cattle,2000,3051000,A,,,,
184,646,Rwanda,866,Cattle,2000,732123,A,,,,
188,659,Saint Kitts and Nevis,866,Cattle,2000,4349,A,,,,
189,662,Saint Lucia,866,Cattle,2000,10000,E,,,,
191,670,Saint Vincent and the Grenadines,866,Cattle,2000,6000,E,,,,
244,882,Samoa,866,Cattle,2000,28000,X,,,,
193,678,Sao Tome and Principe,866,Cattle,2000,4100,E,,,,
194,682,Saudi Arabia,866,Cattle,2000,290506,A,,,,
195,686,Senegal,866,Cattle,2000,2986000,A,,,,
196,690,Seychelles,866,Cattle,2000,1500,E,,,,
197,694,Sierra Leone,866,Cattle,2000,200000,E,,,,
200,702,Singapore,866,Cattle,2000,200,E,,,,
25,90,Solomon Islands,866,Cattle,2000,13000,E,,,,
201,706,Somalia,866,Cattle,2000,5139000,A,,,,
202,710,South Africa,866,Cattle,2000,13600000,A,,,,
203,724,Spain,866,Cattle,2000,6216883,A,,,,
38,144,Sri Lanka,866,Cattle,2000,1147600,A,,,,
207,740,Suriname,866,Cattle,2000,110000,E,,,,
210,752,Sweden,866,Cattle,2000,1683700,A,,,,
211,756,Switzerland,866,Cattle,2000,1588005,A,,,,
212,760,Syrian Arab Republic,866,Cattle,2000,984393,A,,,,
216,764,Thailand,866,Cattle,2000,4601697,A,,,,
176,626,Timor-Leste,866,Cattle,2000,120000,E,,,,
217,768,Togo,866,Cattle,2000,275800,A,,,,
219,776,Tonga,866,Cattle,2000,11250,E,,,,
220,780,Trinidad and Tobago,866,Cattle,2000,30000,E,,,,
222,788,Tunisia,866,Cattle,2000,767000,A,,,,
223,792,Türkiye,866,Cattle,2000,10761000,A,,,,
226,800,Uganda,866,Cattle,2000,5965500,A,,,,
225,784,United Arab Emirates,866,Cattle,2000,96050,A,,,,
229,826,United Kingdom of Great Britain and Northern Ireland,866,Cattle,2000,11133000,A,,,,
215,834,United Republic of Tanzania,866,Cattle,2000,16713000,A,,,,
231,840,United States of America,866,Cattle,2000,98199000,A,,,,
234,858,Uruguay,866,Cattle,2000,10353000,A,,,,
155,548,Vanuatu,866,Cattle,2000,140000,E,,,,
236,862,Venezuela (Bolivarian Republic of),866,Cattle,2000,15164370,A,,,,
237,704,Viet Nam,866,Cattle,2000,4127872,A,,,,
249,887,Yemen,866,Cattle,2000,1283000,A,,,,
251,894,Zambia,866,Cattle,2000,2620987,A,,,,
181,716,Zimbabwe,866,Cattle,2000,6186000,A,,,,
119,428,Latvia,866,Cattle,2001,366700,A,,,,
208,762,Tajikistan,866,Cattle,2001,1061700,A,,,,
98,191,Croatia,866,Cattle,2001,438423,A,,,,
154,807,North Macedonia,866,Cattle,2001,265000,X,,,,
167,203,Czechia,866,Cattle,2001,1582027,A,,,,
69,254,French Guiana,866,Cattle,2001,9200,E,,,,
126,440,Lithuania,866,Cattle,2001,748300,A,,,,
178,232,Eritrea,866,Cattle,2001,1950000,E,,,,
57,112,Belarus,866,Cattle,2001,4220500,A,,,,
73,268,Georgia,866,Cattle,2001,1156300,A,,,,
235,860,Uzbekistan,866,Cattle,2001,5353400,A,,,,
63,233,Estonia,866,Cattle,2001,252800,A,,,,
145,583,Micronesia (Federated States of),866,Cattle,2001,13900,E,,,,
199,703,Slovakia,866,Cattle,2001,646148,A,,,,
198,705,Slovenia,866,Cattle,2001,493670,A,,,,
135,474,Martinique,866,Cattle,2001,28342,A,,,,
52,31,Azerbaijan,866,Cattle,2001,1722900,A,,,,
1,51,Armenia,866,Cattle,2001,497306,A,,,,
255,56,Belgium,866,Cattle,2001,3037760,A,,,,
108,398,Kazakhstan,866,Cattle,2001,4106600,A,,,,
186,891,Serbia and Montenegro,866,Cattle,2001,1341000,A,,,,
113,417,Kyrgyzstan,866,Cattle,2001,947021,A,,,,
256,442,Luxembourg,866,Cattle,2001,205193,A,,,,
213,795,Turkmenistan,866,Cattle,2001,1600000,A,,,,
87,312,Guadeloupe,866,Cattle,2001,63200,A,,,,
182,638,Réunion,866,Cattle,2001,30089,A,,,,
206,736,Sudan (former),866,Cattle,2001,38325000,A,,,,
230,804,Ukraine,866,Cattle,2001,9423700,A,,,,
238,231,Ethiopia,866,Cattle,2001,35383312,A,,,,
299,275,Palestine,866,Cattle,2001,26601,A,,,,
146,498,Republic of Moldova,866,Cattle,2001,394006,A,,,,
80,70,Bosnia and Herzegovina,866,Cattle,2001,440000,E,,,,
185,643,Russian Federation,866,Cattle,2001,27519840,A,,,,
2,4,Afghanistan,866,Cattle,2001,2249000,A,,,,
3,8,Albania,866,Cattle,2001,708400,A,,,,
4,12,Algeria,866,Cattle,2001,1613040,A,,,,
7,24,Angola,866,Cattle,2001,4000000,E,,,,
8,28,Antigua and Barbuda,866,Cattle,2001,10047,I,,,,
9,32,Argentina,866,Cattle,2001,48851400,A,,,,
10,36,Australia,866,Cattle,2001,27721000,A,,,,
11,40,Austria,866,Cattle,2001,2155447,A,,,,
12,44,Bahamas,866,Cattle,2001,682,A,,,,
13,48,Bahrain,866,Cattle,2001,10000,A,,,,
16,50,Bangladesh,866,Cattle,2001,22380000,A,,,,
14,52,Barbados,866,Cattle,2001,21000,E,,,,
23,84,Belize,866,Cattle,2001,58037,A,,,,
53,204,Benin,866,Cattle,2001,1598592,A,,,,
18,64,Bhutan,866,Cattle,2001,325944,A,,,,
19,68,Bolivia (Plurinational State of),866,Cattle,2001,6500096,A,,,,
20,72,Botswana,866,Cattle,2001,2468000,A,,,,
21,76,Brazil,866,Cattle,2001,176388726,A,,,,
26,96,Brunei Darussalam,866,Cattle,2001,1617,A,,,,
27,100,Bulgaria,866,Cattle,2001,639778,A,,,,
233,854,Burkina Faso,866,Cattle,2001,4894190,A,,,,
29,108,Burundi,866,Cattle,2001,360440,A,,,,
35,132,Cabo Verde,866,Cattle,2001,21500,E,,,,
115,116,Cambodia,866,Cattle,2001,2868727,A,,,,
32,120,Cameroon,866,Cattle,2001,5800000,E,,,,
33,124,Canada,866,Cattle,2001,13608200,A,,,,
37,140,Central African Republic,866,Cattle,2001,3200000,A,,,,
39,148,Chad,866,Cattle,2001,12068000,E,,,,
40,152,Chile,866,Cattle,2001,3980000,X,,,,
96,344,"China, Hong Kong SAR",866,Cattle,2001,1500,E,,,,
214,158,"China, Taiwan Province of",866,Cattle,2001,153933,A,,,,
41,156,"China, mainland",866,Cattle,2001,100774000,A,,,,
44,170,Colombia,866,Cattle,2001,24510400,A,,,,
45,174,Comoros,866,Cattle,2001,53000,E,,,,
46,178,Congo,866,Cattle,2001,90000,A,,,,
47,184,Cook Islands,866,Cattle,2001,182,I,,,,
48,188,Costa Rica,866,Cattle,2001,1288900,A,,,,
49,192,Cuba,866,Cattle,2001,4038400,A,,,,
50,196,Cyprus,866,Cattle,2001,53434,A,,,,
107,384,Côte d'Ivoire,866,Cattle,2001,1336442,A,,,,
116,408,Democratic People's Republic of Korea,866,Cattle,2001,570000,A,,,,
250,180,Democratic Republic of the Congo,866,Cattle,2001,792986,A,,,,
54,208,Denmark,866,Cattle,2001,1906911,A,,,,
72,262,Djibouti,866,Cattle,2001,297000,A,,,,
55,212,Dominica,866,Cattle,2001,13400,E,,,,
56,214,Dominican Republic,866,Cattle,2001,2106800,A,,,,
58,218,Ecuador,866,Cattle,2001,4657016,A,,,,
59,818,Egypt,866,Cattle,2001,3801071,A,,,,
60,222,El Salvador,866,Cattle,2001,1216300,A,,,,
61,226,Equatorial Guinea,866,Cattle,2001,5000,E,,,,
209,748,Eswatini,866,Cattle,2001,505966,A,,,,
64,234,Faroe Islands,866,Cattle,2001,2371,A,,,,
66,242,Fiji,866,Cattle,2001,340000,E,,,,
67,246,Finland,866,Cattle,2001,1037400,A,,,,
68,250,France,866,Cattle,2001,21137970,A,,,,
70,258,French Polynesia,866,Cattle,2001,8500,E,,,,
74,266,Gabon,866,Cattle,2001,36000,E,,,,
75,270,Gambia,866,Cattle,2001,323167,A,,,,
79,276,Germany,866,Cattle,2001,14567737,A,,,,
81,288,Ghana,866,Cattle,2001,1315000,A,,,,
84,300,Greece,866,Cattle,2001,613060,A,,,,
86,308,Grenada,866,Cattle,2001,4851,I,,,,
89,320,Guatemala,866,Cattle,2001,2568200,A,,,,
90,324,Guinea,866,Cattle,2001,3033942,A,,,,
175,624,Guinea-Bissau,866,Cattle,2001,515000,E,,,,
91,328,Guyana,866,Cattle,2001,120000,E,,,,
93,332,Haiti,866,Cattle,2001,1440000,E,,,,
95,340,Honduras,866,Cattle,2001,1859737,A,,,,
97,348,Hungary,866,Cattle,2001,805000,A,,,,
99,352,Iceland,866,Cattle,2001,70168,A,,,,
100,356,India,866,Cattle,2001,189660000,A,,,,
101,360,Indonesia,866,Cattle,2001,11137700,A,,,,
102,364,Iran (Islamic Republic of),866,Cattle,2001,8500100,A,,,,
103,368,Iraq,866,Cattle,2001,1458000,A,,,,
104,372,Ireland,866,Cattle,2001,7049700,A,,,,
105,376,Israel,866,Cattle,2001,390000,A,,,,
106,380,Italy,866,Cattle,2001,6050000,A,,,,
109,388,Jamaica,866,Cattle,2001,400000,E,,,,
110,392,Japan,866,Cattle,2001,4531000,A,,,,
112,400,Jordan,866,Cattle,2001,65370,A,,,,
114,404,Kenya,866,Cattle,2001,11475861,A,,,,
118,414,Kuwait,866,Cattle,2001,20331,A,,,,
120,418,Lao People's Democratic Republic,866,Cattle,2001,1216600,A,,,,
121,422,Lebanon,866,Cattle,2001,78124,A,,,,
122,426,Lesotho,866,Cattle,2001,732191,A,,,,
123,430,Liberia,866,Cattle,2001,36000,E,,,,
124,434,Libya,866,Cattle,2001,130210,A,,,,
129,450,Madagascar,866,Cattle,2001,8800000,E,,,,
130,454,Malawi,866,Cattle,2001,749029,A,,,,
131,458,Malaysia,866,Cattle,2001,748183,A,,,,
133,466,Mali,866,Cattle,2001,6116077,A,,,,
134,470,Malta,866,Cattle,2001,19200,A,,,,
136,478,Mauritania,866,Cattle,2001,1565178,A,,,,
137,480,Mauritius,866,Cattle,2001,11000,E,,,,
138,484,Mexico,866,Cattle,2001,30620933,A,,,,
141,496,Mongolia,866,Cattle,2001,3097600,A,,,,
143,504,Morocco,866,Cattle,2001,2647100,A,,,,
144,508,Mozambique,866,Cattle,2001,722199,A,,,,
28,104,Myanmar,866,Cattle,2001,11243000,A,,,,
147,516,Namibia,866,Cattle,2001,2508570,A,,,,
149,524,Nepal,866,Cattle,2001,6982664,A,,,,
150,528,Netherlands (Kingdom of the),866,Cattle,2001,4047000,A,,,,
153,540,New Caledonia,866,Cattle,2001,110000,E,,,,
156,554,New Zealand,866,Cattle,2001,9281000,A,,,,
157,558,Nicaragua,866,Cattle,2001,3300000,A,,,,
158,562,Niger,866,Cattle,2001,5810869,A,,,,
159,566,Nigeria,866,Cattle,2001,15133400,A,,,,
160,570,Niue,866,Cattle,2001,113,I,,,,
162,578,Norway,866,Cattle,2001,978854,A,,,,
221,512,Oman,866,Cattle,2001,313500,A,,,,
165,586,Pakistan,866,Cattle,2001,22424000,A,,,,
166,591,Panama,866,Cattle,2001,1533461,A,,,,
168,598,Papua New Guinea,866,Cattle,2001,88000,X,,,,
169,600,Paraguay,866,Cattle,2001,9889260,A,,,,
170,604,Peru,866,Cattle,2001,5035612,A,,,,
171,608,Philippines,866,Cattle,2001,2495600,A,,,,
173,616,Poland,866,Cattle,2001,5734339,A,,,,
174,620,Portugal,866,Cattle,2001,1414000,A,,,,
177,630,Puerto Rico,866,Cattle,2001,396350,A,,,,
179,634,Qatar,866,Cattle,2001,9671,A,,,,
117,410,Republic of Korea,866,Cattle,2001,1954025,A,,,,
183,642,Romania,866,Cattle,2001,2870000,A,,,,
184,646,Rwanda,866,Cattle,2001,815898,A,,,,
188,659,Saint Kitts and Nevis,866,Cattle,2001,4300,E,,,,
189,662,Saint Lucia,866,Cattle,2001,10000,E,,,,
191,670,Saint Vincent and the Grenadines,866,Cattle,2001,5800,E,,,,
244,882,Samoa,866,Cattle,2001,28000,E,,,,
193,678,Sao Tome and Principe,866,Cattle,2001,4100,E,,,,
194,682,Saudi Arabia,866,Cattle,2001,306202,A,,,,
195,686,Senegal,866,Cattle,2001,3061000,A,,,,
196,690,Seychelles,866,Cattle,2001,1250,E,,,,
197,694,Sierra Leone,866,Cattle,2001,150000,E,,,,
200,702,Singapore,866,Cattle,2001,200,E,,,,
25,90,Solomon Islands,866,Cattle,2001,13000,E,,,,
201,706,Somalia,866,Cattle,2001,5256000,A,,,,
202,710,South Africa,866,Cattle,2001,13500000,A,,,,
203,724,Spain,866,Cattle,2001,6410780,A,,,,
38,144,Sri Lanka,866,Cattle,2001,1153200,A,,,,
207,740,Suriname,866,Cattle,2001,90000,E,,,,
210,752,Sweden,866,Cattle,2001,1651500,A,,,,
211,756,Switzerland,866,Cattle,2001,1611351,A,,,,
212,760,Syrian Arab Republic,866,Cattle,2001,836868,A,,,,
216,764,Thailand,866,Cattle,2001,4640355,A,,,,
176,626,Timor-Leste,866,Cattle,2001,166195,A,,,,
217,768,Togo,866,Cattle,2001,278500,A,,,,
219,776,Tonga,866,Cattle,2001,11250,E,,,,
220,780,Trinidad and Tobago,866,Cattle,2001,30300,E,,,,
222,788,Tunisia,866,Cattle,2001,763000,A,,,,
223,792,Türkiye,866,Cattle,2001,10548000,A,,,,
226,800,Uganda,866,Cattle,2001,6144000,A,,,,
225,784,United Arab Emirates,866,Cattle,2001,101795,A,,,,
229,826,United Kingdom of Great Britain and Northern Ireland,866,Cattle,2001,10600000,A,,,,
215,834,United Republic of Tanzania,866,Cattle,2001,17037000,A,,,,
231,840,United States of America,866,Cattle,2001,97297500,A,,,,
234,858,Uruguay,866,Cattle,2001,10595000,A,,,,
155,548,Vanuatu,866,Cattle,2001,130000,E,,,,
236,862,Venezuela (Bolivarian Republic of),866,Cattle,2001,15474090,A,,,,
237,704,Viet Nam,866,Cattle,2001,3899683,A,,,,
249,887,Yemen,866,Cattle,2001,1342000,A,,,,
251,894,Zambia,866,Cattle,2001,2700000,E,,,,
181,716,Zimbabwe,866,Cattle,2001,6270000,A,,,,
146,498,Republic of Moldova,866,Cattle,2002,404845,A,,,,
185,643,Russian Federation,866,Cattle,2002,27390195,A,,,,
186,891,Serbia and Montenegro,866,Cattle,2002,1306000,A,,,,
235,860,Uzbekistan,866,Cattle,2002,5416100,A,,,,
69,254,French Guiana,866,Cattle,2002,9200,E,,,,
87,312,Guadeloupe,866,Cattle,2002,88840,X,,,,
208,762,Tajikistan,866,Cattle,2002,1090700,A,,,,
198,705,Slovenia,866,Cattle,2002,477075,A,,,,
63,233,Estonia,866,Cattle,2002,260500,A,,,,
206,736,Sudan (former),866,Cattle,2002,38183000,A,,,,
119,428,Latvia,866,Cattle,2002,384700,A,,,,
199,703,Slovakia,866,Cattle,2002,625190,A,,,,
213,795,Turkmenistan,866,Cattle,2002,1750000,E,,,,
1,51,Armenia,866,Cattle,2002,514244,A,,,,
167,203,Czechia,866,Cattle,2002,1520136,A,,,,
108,398,Kazakhstan,866,Cattle,2002,4293500,A,,,,
182,638,Réunion,866,Cattle,2002,30589,A,,,,
154,807,North Macedonia,866,Cattle,2002,259000,A,,,,
80,70,Bosnia and Herzegovina,866,Cattle,2002,410000,E,,,,
126,440,Lithuania,866,Cattle,2002,751700,A,,,,
256,442,Luxembourg,866,Cattle,2002,197257,A,,,,
230,804,Ukraine,866,Cattle,2002,9421100,A,,,,
178,232,Eritrea,866,Cattle,2002,1900000,E,,,,
57,112,Belarus,866,Cattle,2002,4084500,A,,,,
73,268,Georgia,866,Cattle,2002,1191900,A,,,,
113,417,Kyrgyzstan,866,Cattle,2002,969549,A,,,,
135,474,Martinique,866,Cattle,2002,23986,A,,,,
255,56,Belgium,866,Cattle,2002,2891260,A,,,,
52,31,Azerbaijan,866,Cattle,2002,1794300,A,,,,
98,191,Croatia,866,Cattle,2002,417113,A,,,,
238,231,Ethiopia,866,Cattle,2002,40638800,A,,,,
145,583,Micronesia (Federated States of),866,Cattle,2002,13900,E,,,,
299,275,Palestine,866,Cattle,2002,30105,A,,,,
2,4,Afghanistan,866,Cattle,2002,3715000,A,,,,
3,8,Albania,866,Cattle,2002,690000,A,,,,
4,12,Algeria,866,Cattle,2002,1510770,A,,,,
7,24,Angola,866,Cattle,2002,3900000,E,,,,
8,28,Antigua and Barbuda,866,Cattle,2002,9521,I,,,,
9,32,Argentina,866,Cattle,2002,52000000,A,,,,
10,36,Australia,866,Cattle,2002,27870000,A,,,,
11,40,Austria,866,Cattle,2002,2118454,A,,,,
12,44,Bahamas,866,Cattle,2002,650,E,,,,
13,48,Bahrain,866,Cattle,2002,15000,A,,,,
16,50,Bangladesh,866,Cattle,2002,22460000,A,,,,
14,52,Barbados,866,Cattle,2002,19000,E,,,,
23,84,Belize,866,Cattle,2002,56949,A,,,,
53,204,Benin,866,Cattle,2002,1639183,A,,,,
18,64,Bhutan,866,Cattle,2002,326010,A,,,,
19,68,Bolivia (Plurinational State of),866,Cattle,2002,6673475,A,,,,
20,72,Botswana,866,Cattle,2002,2000000,E,,,,
21,76,Brazil,866,Cattle,2002,185348838,A,,,,
26,96,Brunei Darussalam,866,Cattle,2002,1412,A,,,,
27,100,Bulgaria,866,Cattle,2002,634466,A,,,,
233,854,Burkina Faso,866,Cattle,2002,4992076,A,,,,
29,108,Burundi,866,Cattle,2002,324000,A,,,,
35,132,Cabo Verde,866,Cattle,2002,22000,E,,,,
115,116,Cambodia,866,Cattle,2002,2924457,A,,,,
32,120,Cameroon,866,Cattle,2002,5600000,X,,,,
33,124,Canada,866,Cattle,2002,13751500,A,,,,
37,140,Central African Republic,866,Cattle,2002,3273000,A,,,,
39,148,Chad,866,Cattle,2002,12708000,E,,,,
40,152,Chile,866,Cattle,2002,3927000,X,,,,
96,344,"China, Hong Kong SAR",866,Cattle,2002,1500,E,,,,
214,158,"China, Taiwan Province of",866,Cattle,2002,145976,A,,,,
41,156,"China, mainland",866,Cattle,2002,95408000,A,,,,
44,170,Colombia,866,Cattle,2002,24765300,A,,,,
45,174,Comoros,866,Cattle,2002,55000,A,,,,
46,178,Congo,866,Cattle,2002,93000,E,,,,
47,184,Cook Islands,866,Cattle,2002,183,I,,,,
48,188,Costa Rica,866,Cattle,2002,1219500,A,,,,
49,192,Cuba,866,Cattle,2002,3972300,A,,,,
50,196,Cyprus,866,Cattle,2002,58156,A,,,,
107,384,Côte d'Ivoire,866,Cattle,2002,1365478,A,,,,
116,408,Democratic People's Republic of Korea,866,Cattle,2002,575000,A,,,,
250,180,Democratic Republic of the Congo,866,Cattle,2002,761266,A,,,,
54,208,Denmark,866,Cattle,2002,1796118,A,,,,
72,262,Djibouti,866,Cattle,2002,297000,A,,,,
55,212,Dominica,866,Cattle,2002,13400,E,,,,
56,214,Dominican Republic,866,Cattle,2002,2159623,A,,,,
58,218,Ecuador,866,Cattle,2002,5015770,A,,,,
59,818,Egypt,866,Cattle,2002,4081000,A,,,,
60,222,El Salvador,866,Cattle,2002,1300891,A,,,,
61,226,Equatorial Guinea,866,Cattle,2002,5000,E,,,,
209,748,Eswatini,866,Cattle,2002,522260,X,,,,
64,234,Faroe Islands,866,Cattle,2002,2398,A,,,,
66,242,Fiji,866,Cattle,2002,320000,E,,,,
67,246,Finland,866,Cattle,2002,1025400,A,,,,
68,250,France,866,Cattle,2002,20461291,A,,,,
70,258,French Polynesia,866,Cattle,2002,6300,E,,,,
74,266,Gabon,866,Cattle,2002,36000,E,,,,
75,270,Gambia,866,Cattle,2002,326556,A,,,,
79,276,Germany,866,Cattle,2002,14226600,A,,,,
81,288,Ghana,866,Cattle,2002,1330000,A,,,,
84,300,Greece,866,Cattle,2002,621358,A,,,,
86,308,Grenada,866,Cattle,2002,4926,I,,,,
89,320,Guatemala,866,Cattle,2002,2606400,A,,,,
90,324,Guinea,866,Cattle,2002,3200347,A,,,,
175,624,Guinea-Bissau,866,Cattle,2002,515000,E,,,,
91,328,Guyana,866,Cattle,2002,110000,E,,,,
93,332,Haiti,866,Cattle,2002,1450000,E,,,,
95,340,Honduras,866,Cattle,2002,2050360,A,,,,
97,348,Hungary,866,Cattle,2002,783000,A,,,,
99,352,Iceland,866,Cattle,2002,67225,A,,,,
100,356,India,866,Cattle,2002,187422000,A,,,,
101,360,Indonesia,866,Cattle,2002,11297600,A,,,,
102,364,Iran (Islamic Republic of),866,Cattle,2002,7445000,A,,,,
103,368,Iraq,866,Cattle,2002,1500000,A,,,,
104,372,Ireland,866,Cattle,2002,6992200,A,,,,
105,376,Israel,866,Cattle,2002,355000,A,,,,
106,380,Italy,866,Cattle,2002,6739000,A,,,,
109,388,Jamaica,866,Cattle,2002,400000,E,,,,
110,392,Japan,866,Cattle,2002,4564000,A,,,,
112,400,Jordan,866,Cattle,2002,68070,A,,,,
114,404,Kenya,866,Cattle,2002,11939977,A,,,,
118,414,Kuwait,866,Cattle,2002,24969,A,,,,
120,418,Lao People's Democratic Republic,866,Cattle,2002,1221000,A,,,,
121,422,Lebanon,866,Cattle,2002,88216,A,,,,
122,426,Lesotho,866,Cattle,2002,644550,A,,,,
123,430,Liberia,866,Cattle,2002,36000,E,,,,
124,434,Libya,866,Cattle,2002,135000,E,,,,
129,450,Madagascar,866,Cattle,2002,7877075,A,,,,
130,454,Malawi,866,Cattle,2002,753075,A,,,,
131,458,Malaysia,866,Cattle,2002,720246,A,,,,
133,466,Mali,866,Cattle,2002,6818343,A,,,,
134,470,Malta,866,Cattle,2002,19003,A,,,,
136,478,Mauritania,866,Cattle,2002,1563665,A,,,,
137,480,Mauritius,866,Cattle,2002,8800,E,,,,
138,484,Mexico,866,Cattle,2002,31406955,A,,,,
141,496,Mongolia,866,Cattle,2002,2069600,A,,,,
143,504,Morocco,866,Cattle,2002,2669600,A,,,,
144,508,Mozambique,866,Cattle,2002,872000,A,,,,
28,104,Myanmar,866,Cattle,2002,11551000,A,,,,
147,516,Namibia,866,Cattle,2002,2329553,A,,,,
149,524,Nepal,866,Cattle,2002,6978690,A,,,,
150,528,Netherlands (Kingdom of the),866,Cattle,2002,3858000,A,,,,
153,540,New Caledonia,866,Cattle,2002,111308,A,,,,
156,554,New Zealand,866,Cattle,2002,9652870,A,,,,
157,558,Nicaragua,866,Cattle,2002,3350000,A,,,,
158,562,Niger,866,Cattle,2002,6159521,A,,,,
159,566,Nigeria,866,Cattle,2002,15148600,A,,,,
160,570,Niue,866,Cattle,2002,113,I,,,,
162,578,Norway,866,Cattle,2002,958661,A,,,,
221,512,Oman,866,Cattle,2002,319800,A,,,,
165,586,Pakistan,866,Cattle,2002,22858000,A,,,,
166,591,Panama,866,Cattle,2002,1532500,A,,,,
168,598,Papua New Guinea,866,Cattle,2002,89000,X,,,,
169,600,Paraguay,866,Cattle,2002,9260000,A,,,,
170,604,Peru,866,Cattle,2002,5163700,A,,,,
171,608,Philippines,866,Cattle,2002,2547820,A,,,,
173,616,Poland,866,Cattle,2002,5532728,A,,,,
174,620,Portugal,866,Cattle,2002,1404000,A,,,,
177,630,Puerto Rico,866,Cattle,2002,400313,A,,,,
179,634,Qatar,866,Cattle,2002,9875,A,,,,
117,410,Republic of Korea,866,Cattle,2002,1953815,A,,,,
183,642,Romania,866,Cattle,2002,2800000,A,,,,
184,646,Rwanda,866,Cattle,2002,815450,A,,,,
188,659,Saint Kitts and Nevis,866,Cattle,2002,4300,E,,,,
189,662,Saint Lucia,866,Cattle,2002,10300,E,,,,
191,670,Saint Vincent and the Grenadines,866,Cattle,2002,5500,E,,,,
244,882,Samoa,866,Cattle,2002,28000,E,,,,
193,678,Sao Tome and Principe,866,Cattle,2002,4300,E,,,,
194,682,Saudi Arabia,866,Cattle,2002,322202,A,,,,
195,686,Senegal,866,Cattle,2002,2996937,A,,,,
196,690,Seychelles,866,Cattle,2002,1467,A,,,,
197,694,Sierra Leone,866,Cattle,2002,150000,A,,,,
200,702,Singapore,866,Cattle,2002,200,E,,,,
25,90,Solomon Islands,866,Cattle,2002,13000,E,,,,
201,706,Somalia,866,Cattle,2002,5319000,X,,,,
202,710,South Africa,866,Cattle,2002,13635000,A,,,,
203,724,Spain,866,Cattle,2002,6477895,A,,,,
38,144,Sri Lanka,866,Cattle,2002,1112950,A,,,,
207,740,Suriname,866,Cattle,2002,41180,A,,,,
210,752,Sweden,866,Cattle,2002,1637465,A,,,,
211,756,Switzerland,866,Cattle,2002,1593697,A,,,,
212,760,Syrian Arab Republic,866,Cattle,2002,866675,A,,,,
216,764,Thailand,866,Cattle,2002,4819713,A,,,,
176,626,Timor-Leste,866,Cattle,2002,162000,E,,,,
217,768,Togo,866,Cattle,2002,284300,A,,,,
219,776,Tonga,866,Cattle,2002,11250,E,,,,
220,780,Trinidad and Tobago,866,Cattle,2002,31600,E,,,,
222,788,Tunisia,866,Cattle,2002,753000,A,,,,
223,792,Türkiye,866,Cattle,2002,9803498,A,,,,
226,800,Uganda,866,Cattle,2002,6328000,A,,,,
225,784,United Arab Emirates,866,Cattle,2002,107444,A,,,,
229,826,United Kingdom of Great Britain and Northern Ireland,866,Cattle,2002,10343000,A,,,,
215,834,United Republic of Tanzania,866,Cattle,2002,17367000,A,,,,
231,840,United States of America,866,Cattle,2002,96723000,A,,,,
234,858,Uruguay,866,Cattle,2002,11268000,A,,,,
155,548,Vanuatu,866,Cattle,2002,130000,E,,,,
236,862,Venezuela (Bolivarian Republic of),866,Cattle,2002,15791136,A,,,,
237,704,Viet Nam,866,Cattle,2002,4062966,A,,,,
249,887,Yemen,866,Cattle,2002,1355000,A,,,,
251,894,Zambia,866,Cattle,2002,2517550,A,,,,
181,716,Zimbabwe,866,Cattle,2002,5673000,A,,,,
167,203,Czechia,866,Cattle,2003,1473828,A,,,,
73,268,Georgia,866,Cattle,2003,1218400,A,,,,
113,417,Kyrgyzstan,866,Cattle,2003,988016,A,,,,
119,428,Latvia,866,Cattle,2003,388100,A,,,,
208,762,Tajikistan,866,Cattle,2003,1135784,A,,,,
126,440,Lithuania,866,Cattle,2003,779100,A,,,,
52,31,Azerbaijan,866,Cattle,2003,1872200,A,,,,
146,498,Republic of Moldova,866,Cattle,2003,409639,A,,,,
206,736,Sudan (former),866,Cattle,2003,39669000,A,,,,
256,442,Luxembourg,866,Cattle,2003,189674,A,,,,
186,891,Serbia and Montenegro,866,Cattle,2003,1294000,A,,,,
238,231,Ethiopia,866,Cattle,2003,39000000,E,,,,
87,312,Guadeloupe,866,Cattle,2003,76923,X,,,,
80,70,Bosnia and Herzegovina,866,Cattle,2003,440000,E,,,,
63,233,Estonia,866,Cattle,2003,253900,A,,,,
108,398,Kazakhstan,866,Cattle,2003,4559500,A,,,,
185,643,Russian Federation,866,Cattle,2003,26846084,A,,,,
199,703,Slovakia,866,Cattle,2003,607835,A,,,,
154,807,North Macedonia,866,Cattle,2003,260000,A,,,,
69,254,French Guiana,866,Cattle,2003,9200,E,,,,
299,275,Palestine,866,Cattle,2003,33235,A,,,,
213,795,Turkmenistan,866,Cattle,2003,1900000,A,,,,
255,56,Belgium,866,Cattle,2003,2778077,A,,,,
135,474,Martinique,866,Cattle,2003,23183,A,,,,
235,860,Uzbekistan,866,Cattle,2003,5477600,A,,,,
178,232,Eritrea,866,Cattle,2003,1927457,E,,,,
1,51,Armenia,866,Cattle,2003,535784,A,,,,
57,112,Belarus,866,Cattle,2003,4005100,A,,,,
230,804,Ukraine,866,Cattle,2003,9108400,A,,,,
98,191,Croatia,866,Cattle,2003,444320,A,,,,
182,638,Réunion,866,Cattle,2003,32280,A,,,,
198,705,Slovenia,866,Cattle,2003,473242,A,,,,
145,583,Micronesia (Federated States of),866,Cattle,2003,13900,E,,,,
2,4,Afghanistan,866,Cattle,2003,3829000,A,,,,
3,8,Albania,866,Cattle,2003,684000,A,,,,
4,12,Algeria,866,Cattle,2003,1560545,A,,,,
7,24,Angola,866,Cattle,2003,3800000,E,,,,
8,28,Antigua and Barbuda,866,Cattle,2003,9200,I,,,,
9,32,Argentina,866,Cattle,2003,55875764,A,,,,
10,36,Australia,866,Cattle,2003,26664000,A,,,,
11,40,Austria,866,Cattle,2003,2066942,A,,,,
12,44,Bahamas,866,Cattle,2003,700,E,,,,
13,48,Bahrain,866,Cattle,2003,11000,E,,,,
16,50,Bangladesh,866,Cattle,2003,22580000,A,,,,
14,52,Barbados,866,Cattle,2003,17000,E,,,,
23,84,Belize,866,Cattle,2003,57800,A,,,,
53,204,Benin,866,Cattle,2003,1676000,A,,,,
18,64,Bhutan,866,Cattle,2003,332714,A,,,,
19,68,Bolivia (Plurinational State of),866,Cattle,2003,6851256,A,,,,
20,72,Botswana,866,Cattle,2003,2028000,A,,,,
21,76,Brazil,866,Cattle,2003,195551576,A,,,,
26,96,Brunei Darussalam,866,Cattle,2003,1443,A,,,,
27,100,Bulgaria,866,Cattle,2003,691230,A,,,,
233,854,Burkina Faso,866,Cattle,2003,7311544,A,,,,
29,108,Burundi,866,Cattle,2003,355222,A,,,,
35,132,Cabo Verde,866,Cattle,2003,21823,A,,,,
115,116,Cambodia,866,Cattle,2003,2985416,A,,,,
32,120,Cameroon,866,Cattle,2003,5800000,E,,,,
33,124,Canada,866,Cattle,2003,13466000,A,,,,
37,140,Central African Republic,866,Cattle,2003,3347000,A,,,,
39,148,Chad,866,Cattle,2003,13383000,E,,,,
40,152,Chile,866,Cattle,2003,3932000,X,,,,
96,344,"China, Hong Kong SAR",866,Cattle,2003,1500,E,,,,
214,158,"China, Taiwan Province of",866,Cattle,2003,144089,A,,,,
41,156,"China, mainland",866,Cattle,2003,92954000,A,,,,
44,170,Colombia,866,Cattle,2003,24799260,A,,,,
45,174,Comoros,866,Cattle,2003,45000,X,,,,
46,178,Congo,866,Cattle,2003,100000,E,,,,
47,184,Cook Islands,866,Cattle,2003,135,A,,,,
48,188,Costa Rica,866,Cattle,2003,1150200,A,,,,
49,192,Cuba,866,Cattle,2003,4025400,A,,,,
50,196,Cyprus,866,Cattle,2003,58335,A,,,,
107,384,Côte d'Ivoire,866,Cattle,2003,1392787,A,,,,
116,408,Democratic People's Republic of Korea,866,Cattle,2003,576000,A,,,,
250,180,Democratic Republic of the Congo,866,Cattle,2003,759820,A,,,,
54,208,Denmark,866,Cattle,2003,1724409,A,,,,
72,262,Djibouti,866,Cattle,2003,297000,E,,,,
55,212,Dominica,866,Cattle,2003,13400,E,,,,
56,214,Dominican Republic,866,Cattle,2003,2206780,A,,,,
58,218,Ecuador,866,Cattle,2003,4985378,A,,,,
59,818,Egypt,866,Cattle,2003,4227000,A,,,,
60,222,El Salvador,866,Cattle,2003,1248710,A,,,,
61,226,Equatorial Guinea,866,Cattle,2003,5050,E,,,,
209,748,Eswatini,866,Cattle,2003,600252,A,,,,
64,234,Faroe Islands,866,Cattle,2003,2397,A,,,,
66,242,Fiji,866,Cattle,2003,310000,E,,,,
67,246,Finland,866,Cattle,2003,1000200,A,,,,
68,250,France,866,Cattle,2003,19772441,A,,,,
70,258,French Polynesia,866,Cattle,2003,8300,E,,,,
74,266,Gabon,866,Cattle,2003,35000,E,,,,
75,270,Gambia,866,Cattle,2003,396000,A,,,,
79,276,Germany,866,Cattle,2003,13643703,A,,,,
81,288,Ghana,866,Cattle,2003,1344000,A,,,,
84,300,Greece,866,Cattle,2003,625854,A,,,,
86,308,Grenada,866,Cattle,2003,5003,I,,,,
89,320,Guatemala,866,Cattle,2003,2383300,A,,,,
90,324,Guinea,866,Cattle,2003,3375879,A,,,,
175,624,Guinea-Bissau,866,Cattle,2003,520000,E,,,,
91,328,Guyana,866,Cattle,2003,110000,E,,,,
93,332,Haiti,866,Cattle,2003,1455000,E,,,,
95,340,Honduras,866,Cattle,2003,2403240,A,,,,
97,348,Hungary,866,Cattle,2003,770000,A,,,,
99,352,Iceland,866,Cattle,2003,66035,A,,,,
100,356,India,866,Cattle,2003,185180992,A,,,,
101,360,Indonesia,866,Cattle,2003,10504100,A,,,,
102,364,Iran (Islamic Republic of),866,Cattle,2003,7535000,A,,,,
103,368,Iraq,866,Cattle,2003,1425000,A,,,,
104,372,Ireland,866,Cattle,2003,6999500,A,,,,
105,376,Israel,866,Cattle,2003,360000,A,,,,
106,380,Italy,866,Cattle,2003,6504703,A,,,,
109,388,Jamaica,866,Cattle,2003,430000,E,,,,
110,392,Japan,866,Cattle,2003,4524000,A,,,,
112,400,Jordan,866,Cattle,2003,66260,A,,,,
114,404,Kenya,866,Cattle,2003,12531324,A,,,,
118,414,Kuwait,866,Cattle,2003,27444,A,,,,
120,418,Lao People's Democratic Republic,866,Cattle,2003,1244000,A,,,,
121,422,Lebanon,866,Cattle,2003,86182,A,,,,
122,426,Lesotho,866,Cattle,2003,682488,A,,,,
123,430,Liberia,866,Cattle,2003,36000,E,,,,
124,434,Libya,866,Cattle,2003,137000,E,,,,
129,450,Madagascar,866,Cattle,2003,8020450,A,,,,
130,454,Malawi,866,Cattle,2003,781747,A,,,,
131,458,Malaysia,866,Cattle,2003,759152,A,,,,
133,466,Mali,866,Cattle,2003,7022894,A,,,,
134,470,Malta,866,Cattle,2003,18770,A,,,,
136,478,Mauritania,866,Cattle,2003,1600000,E,,,,
137,480,Mauritius,866,Cattle,2003,8100,E,,,,
138,484,Mexico,866,Cattle,2003,31476600,A,,,,
141,496,Mongolia,866,Cattle,2003,2053700,A,,,,
143,504,Morocco,866,Cattle,2003,2688600,A,,,,
144,508,Mozambique,866,Cattle,2003,961000,A,,,,
28,104,Myanmar,866,Cattle,2003,11728000,A,,,,
147,516,Namibia,866,Cattle,2003,2336094,A,,,,
149,524,Nepal,866,Cattle,2003,6953584,A,,,,
150,528,Netherlands (Kingdom of the),866,Cattle,2003,3759000,A,,,,
153,540,New Caledonia,866,Cattle,2003,111000,E,,,,
156,554,New Zealand,866,Cattle,2003,9728220,A,,,,
157,558,Nicaragua,866,Cattle,2003,3500000,A,,,,
158,562,Niger,866,Cattle,2003,6529092,A,,,,
159,566,Nigeria,866,Cattle,2003,15163700,A,,,,
160,570,Niue,866,Cattle,2003,113,I,,,,
162,578,Norway,866,Cattle,2003,956916,A,,,,
221,512,Oman,866,Cattle,2003,326200,A,,,,
165,586,Pakistan,866,Cattle,2003,23303000,A,,,,
166,591,Panama,866,Cattle,2003,1498400,A,,,,
168,598,Papua New Guinea,866,Cattle,2003,90000,X,,,,
169,600,Paraguay,866,Cattle,2003,10128377,A,,,,
170,604,Peru,866,Cattle,2003,5193414,A,,,,
171,608,Philippines,866,Cattle,2003,2584500,A,,,,
173,616,Poland,866,Cattle,2003,5488943,A,,,,
174,620,Portugal,866,Cattle,2003,1395000,A,,,,
177,630,Puerto Rico,866,Cattle,2003,420856,A,,,,
179,634,Qatar,866,Cattle,2003,10073,A,,,,
117,410,Republic of Korea,866,Cattle,2003,1998936,A,,,,
183,642,Romania,866,Cattle,2003,2878000,A,,,,
184,646,Rwanda,866,Cattle,2003,991697,A,,,,
188,659,Saint Kitts and Nevis,866,Cattle,2003,4300,E,,,,
189,662,Saint Lucia,866,Cattle,2003,10300,E,,,,
191,670,Saint Vincent and the Grenadines,866,Cattle,2003,5000,A,,,,
244,882,Samoa,866,Cattle,2003,29000,E,,,,
193,678,Sao Tome and Principe,866,Cattle,2003,4500,E,,,,
194,682,Saudi Arabia,866,Cattle,2003,331933,A,,,,
195,686,Senegal,866,Cattle,2003,3017513,A,,,,
196,690,Seychelles,866,Cattle,2003,1250,E,,,,
197,694,Sierra Leone,866,Cattle,2003,170000,A,,,,
200,702,Singapore,866,Cattle,2003,200,E,,,,
25,90,Solomon Islands,866,Cattle,2003,13000,E,,,,
201,706,Somalia,866,Cattle,2003,5350000,E,,,,
202,710,South Africa,866,Cattle,2003,13538000,A,,,,
203,724,Spain,866,Cattle,2003,6548379,A,,,,
38,144,Sri Lanka,866,Cattle,2003,1138700,A,,,,
207,740,Suriname,866,Cattle,2003,39480,A,,,,
210,752,Sweden,866,Cattle,2003,1606674,A,,,,
211,756,Switzerland,866,Cattle,2003,1570178,A,,,,
212,760,Syrian Arab Republic,866,Cattle,2003,937000,A,,,,
216,764,Thailand,866,Cattle,2003,5048170,A,,,,
176,626,Timor-Leste,866,Cattle,2003,146000,E,,,,
217,768,Togo,866,Cattle,2003,285000,A,,,,
219,776,Tonga,866,Cattle,2003,11250,E,,,,
220,780,Trinidad and Tobago,866,Cattle,2003,28980,A,,,,
222,788,Tunisia,866,Cattle,2003,679440,A,,,,
223,792,Türkiye,866,Cattle,2003,9788102,A,,,,
226,800,Uganda,866,Cattle,2003,6519000,A,,,,
225,784,United Arab Emirates,866,Cattle,2003,113082,A,,,,
229,826,United Kingdom of Great Britain and Northern Ireland,866,Cattle,2003,10517000,A,,,,
215,834,United Republic of Tanzania,866,Cattle,2003,17704000,A,,,,
231,840,United States of America,866,Cattle,2003,96100000,A,,,,
234,858,Uruguay,866,Cattle,2003,11708000,A,,,,
155,548,Vanuatu,866,Cattle,2003,135000,E,,,,
236,862,Venezuela (Bolivarian Republic of),866,Cattle,2003,15988907,A,,,,
237,704,Viet Nam,866,Cattle,2003,4394400,A,,,,
249,887,Yemen,866,Cattle,2003,1418000,A,,,,
251,894,Zambia,866,Cattle,2003,2375473,A,,,,
181,716,Zimbabwe,866,Cattle,2003,5405000,A,,,,
98,191,Croatia,866,Cattle,2004,465935,A,,,,
113,417,Kyrgyzstan,866,Cattle,2004,1004363,A,,,,
299,275,Palestine,866,Cattle,2004,32395,A,,,,
206,736,Sudan (former),866,Cattle,2004,39760000,A,,,,
145,583,Micronesia (Federated States of),866,Cattle,2004,13900,E,,,,
186,891,Serbia and Montenegro,866,Cattle,2004,1276000,A,,,,
230,804,Ukraine,866,Cattle,2004,7712100,A,,,,
52,31,Azerbaijan,866,Cattle,2004,1934420,A,,,,
238,231,Ethiopia,866,Cattle,2004,38749312,A,,,,
198,705,Slovenia,866,Cattle,2004,450226,A,,,,
73,268,Georgia,866,Cattle,2004,1155600,A,,,,
255,56,Belgium,866,Cattle,2004,2738648,A,,,,
119,428,Latvia,866,Cattle,2004,378600,A,,,,
182,638,Réunion,866,Cattle,2004,33994,A,,,,
235,860,Uzbekistan,866,Cattle,2004,5878800,A,,,,
1,51,Armenia,866,Cattle,2004,565844,A,,,,
69,254,French Guiana,866,Cattle,2004,11352,A,,,,
108,398,Kazakhstan,866,Cattle,2004,4871000,A,,,,
135,474,Martinique,866,Cattle,2004,25000,E,,,,
80,70,Bosnia and Herzegovina,866,Cattle,2004,452895,A,,,,
126,440,Lithuania,866,Cattle,2004,812100,A,,,,
178,232,Eritrea,866,Cattle,2004,1930000,E,,,,
199,703,Slovakia,866,Cattle,2004,593182,A,,,,
208,762,Tajikistan,866,Cattle,2004,1218979,A,,,,
256,442,Luxembourg,866,Cattle,2004,186725,A,,,,
167,203,Czechia,866,Cattle,2004,1428329,A,,,,
213,795,Turkmenistan,866,Cattle,2004,2000000,A,,,,
185,643,Russian Federation,866,Cattle,2004,25091098,A,,,,
57,112,Belarus,866,Cattle,2004,3924100,A,,,,
154,807,North Macedonia,866,Cattle,2004,255000,A,,,,
63,233,Estonia,866,Cattle,2004,257200,A,,,,
87,312,Guadeloupe,866,Cattle,2004,73063,X,,,,
146,498,Republic of Moldova,866,Cattle,2004,372838,A,,,,
2,4,Afghanistan,866,Cattle,2004,3494000,A,,,,
3,8,Albania,866,Cattle,2004,654000,A,,,,
4,12,Algeria,866,Cattle,2004,1613700,A,,,,
7,24,Angola,866,Cattle,2004,3680500,A,,,,
8,28,Antigua and Barbuda,866,Cattle,2004,8688,I,,,,
9,32,Argentina,866,Cattle,2004,56844020,A,,,,
10,36,Australia,866,Cattle,2004,27465000,A,,,,
11,40,Austria,866,Cattle,2004,2052033,A,,,,
12,44,Bahamas,866,Cattle,2004,750,E,,,,
13,48,Bahrain,866,Cattle,2004,9010,A,,,,
16,50,Bangladesh,866,Cattle,2004,22600000,A,,,,
14,52,Barbados,866,Cattle,2004,15000,E,,,,
23,84,Belize,866,Cattle,2004,57800,A,,,,
53,204,Benin,866,Cattle,2004,1717900,A,,,,
18,64,Bhutan,866,Cattle,2004,337550,A,,,,
19,68,Bolivia (Plurinational State of),866,Cattle,2004,7033582,A,,,,
20,72,Botswana,866,Cattle,2004,2050000,E,,,,
21,76,Brazil,866,Cattle,2004,204512737,A,,,,
26,96,Brunei Darussalam,866,Cattle,2004,1211,A,,,,
27,100,Bulgaria,866,Cattle,2004,728336,A,,,,
233,854,Burkina Faso,866,Cattle,2004,7457754,A,,,,
29,108,Burundi,866,Cattle,2004,374475,A,,,,
35,132,Cabo Verde,866,Cattle,2004,22306,A,,,,
115,116,Cambodia,866,Cattle,2004,3039945,A,,,,
32,120,Cameroon,866,Cattle,2004,5900000,E,,,,
33,124,Canada,866,Cattle,2004,14555000,A,,,,
37,140,Central African Republic,866,Cattle,2004,3423000,X,,,,
39,148,Chad,866,Cattle,2004,14093000,E,,,,
40,152,Chile,866,Cattle,2004,3989000,X,,,,
96,344,"China, Hong Kong SAR",866,Cattle,2004,1500,E,,,,
214,158,"China, Taiwan Province of",866,Cattle,2004,143958,A,,,,
41,156,"China, mainland",866,Cattle,2004,92062000,A,,,,
44,170,Colombia,866,Cattle,2004,24921742,A,,,,
45,174,Comoros,866,Cattle,2004,46000,E,,,,
46,178,Congo,866,Cattle,2004,150000,E,,,,
47,184,Cook Islands,866,Cattle,2004,189,I,,,,
48,188,Costa Rica,866,Cattle,2004,1080900,A,,,,
49,192,Cuba,866,Cattle,2004,3942600,A,,,,
50,196,Cyprus,866,Cattle,2004,60311,A,,,,
107,384,Côte d'Ivoire,866,Cattle,2004,1420642,A,,,,
116,408,Democratic People's Republic of Korea,866,Cattle,2004,566000,A,,,,
250,180,Democratic Republic of the Congo,866,Cattle,2004,758376,A,,,,
54,208,Denmark,866,Cattle,2004,1645764,A,,,,
72,262,Djibouti,866,Cattle,2004,300000,E,,,,
55,212,Dominica,866,Cattle,2004,13400,E,,,,
56,214,Dominican Republic,866,Cattle,2004,2508756,A,,,,
58,218,Ecuador,866,Cattle,2004,5082094,A,,,,
59,818,Egypt,866,Cattle,2004,4369000,A,,,,
60,222,El Salvador,866,Cattle,2004,1259209,A,,,,
61,226,Equatorial Guinea,866,Cattle,2004,5050,E,,,,
209,748,Eswatini,866,Cattle,2004,610000,E,,,,
64,234,Faroe Islands,866,Cattle,2004,2342,A,,,,
66,242,Fiji,866,Cattle,2004,310000,E,,,,
67,246,Finland,866,Cattle,2004,969000,A,,,,
68,250,France,866,Cattle,2004,19516224,A,,,,
70,258,French Polynesia,866,Cattle,2004,9300,E,,,,
74,266,Gabon,866,Cattle,2004,35000,E,,,,
75,270,Gambia,866,Cattle,2004,408000,A,,,,
79,276,Germany,866,Cattle,2004,13195800,A,,,,
81,288,Ghana,866,Cattle,2004,1359000,A,,,,
84,300,Greece,866,Cattle,2004,620686,A,,,,
86,308,Grenada,866,Cattle,2004,5080,I,,,,
89,320,Guatemala,866,Cattle,2004,2523500,A,,,,
90,324,Guinea,866,Cattle,2004,3561038,A,,,,
175,624,Guinea-Bissau,866,Cattle,2004,520000,E,,,,
91,328,Guyana,866,Cattle,2004,110000,E,,,,
93,332,Haiti,866,Cattle,2004,1456000,E,,,,
95,340,Honduras,866,Cattle,2004,2451310,A,,,,
97,348,Hungary,866,Cattle,2004,739000,A,,,,
99,352,Iceland,866,Cattle,2004,64639,A,,,,
100,356,India,866,Cattle,2004,188570000,A,,,,
101,360,Indonesia,866,Cattle,2004,10532889,A,,,,
102,364,Iran (Islamic Republic of),866,Cattle,2004,7631000,A,,,,
103,368,Iraq,866,Cattle,2004,1516000,A,,,,
104,372,Ireland,866,Cattle,2004,7015600,A,,,,
105,376,Israel,866,Cattle,2004,350000,A,,,,
106,380,Italy,866,Cattle,2004,6504000,A,,,,
109,388,Jamaica,866,Cattle,2004,385000,E,,,,
110,392,Japan,866,Cattle,2004,4478000,A,,,,
112,400,Jordan,866,Cattle,2004,69280,A,,,,
114,404,Kenya,866,Cattle,2004,13022412,A,,,,
118,414,Kuwait,866,Cattle,2004,28220,A,,,,
120,418,Lao People's Democratic Republic,866,Cattle,2004,1281000,A,,,,
121,422,Lebanon,866,Cattle,2004,80343,A,,,,
122,426,Lesotho,866,Cattle,2004,677215,A,,,,
123,430,Liberia,866,Cattle,2004,36000,E,,,,
124,434,Libya,866,Cattle,2004,145000,E,,,,
129,450,Madagascar,866,Cattle,2004,8105000,A,,,,
130,454,Malawi,866,Cattle,2004,765000,A,,,,
131,458,Malaysia,866,Cattle,2004,793005,A,,,,
133,466,Mali,866,Cattle,2004,7233580,A,,,,
134,470,Malta,866,Cattle,2004,17940,A,,,,
136,478,Mauritania,866,Cattle,2004,1369000,A,,,,
137,480,Mauritius,866,Cattle,2004,8180,E,,,,
138,484,Mexico,866,Cattle,2004,31247734,A,,,,
141,496,Mongolia,866,Cattle,2004,1792800,A,,,,
143,504,Morocco,866,Cattle,2004,2728800,A,,,,
144,508,Mozambique,866,Cattle,2004,1106159,A,,,,
28,104,Myanmar,866,Cattle,2004,11939000,A,,,,
147,516,Namibia,866,Cattle,2004,2309390,A,,,,
149,524,Nepal,866,Cattle,2004,6966436,A,,,,
150,528,Netherlands (Kingdom of the),866,Cattle,2004,3767000,A,,,,
153,540,New Caledonia,866,Cattle,2004,111000,E,,,,
156,554,New Zealand,866,Cattle,2004,9599892,A,,,,
157,558,Nicaragua,866,Cattle,2004,3400000,X,,,,
158,562,Niger,866,Cattle,2004,6920838,A,,,,
159,566,Nigeria,866,Cattle,2004,15700000,A,,,,
160,570,Niue,866,Cattle,2004,113,I,,,,
162,578,Norway,866,Cattle,2004,943208,A,,,,
221,512,Oman,866,Cattle,2004,333000,A,,,,
165,586,Pakistan,866,Cattle,2004,23757000,A,,,,
166,591,Panama,866,Cattle,2004,1480400,A,,,,
168,598,Papua New Guinea,866,Cattle,2004,91000,E,,,,
169,600,Paraguay,866,Cattle,2004,9622340,A,,,,
170,604,Peru,866,Cattle,2004,5184822,A,,,,
171,608,Philippines,866,Cattle,2004,2593286,A,,,,
173,616,Poland,866,Cattle,2004,5353421,A,,,,
174,620,Portugal,866,Cattle,2004,1389000,A,,,,
177,630,Puerto Rico,866,Cattle,2004,388233,A,,,,
179,634,Qatar,866,Cattle,2004,10274,A,,,,
117,410,Republic of Korea,866,Cattle,2004,2162965,A,,,,
183,642,Romania,866,Cattle,2004,2897000,A,,,,
184,646,Rwanda,866,Cattle,2004,1003720,A,,,,
188,659,Saint Kitts and Nevis,866,Cattle,2004,4300,E,,,,
189,662,Saint Lucia,866,Cattle,2004,10500,E,,,,
191,670,Saint Vincent and the Grenadines,866,Cattle,2004,5000,E,,,,
244,882,Samoa,866,Cattle,2004,30000,E,,,,
193,678,Sao Tome and Principe,866,Cattle,2004,3600,E,,,,
194,682,Saudi Arabia,866,Cattle,2004,341958,A,,,,
195,686,Senegal,866,Cattle,2004,3039472,A,,,,
196,690,Seychelles,866,Cattle,2004,1050,E,,,,
197,694,Sierra Leone,866,Cattle,2004,200000,A,,,,
200,702,Singapore,866,Cattle,2004,200,E,,,,
25,90,Solomon Islands,866,Cattle,2004,13500,E,,,,
201,706,Somalia,866,Cattle,2004,5400000,E,,,,
202,710,South Africa,866,Cattle,2004,13512000,A,,,,
203,724,Spain,866,Cattle,2004,6653087,A,,,,
38,144,Sri Lanka,866,Cattle,2004,1160900,A,,,,
207,740,Suriname,866,Cattle,2004,43240,A,,,,
210,752,Sweden,866,Cattle,2004,1628464,A,,,,
211,756,Switzerland,866,Cattle,2004,1544547,A,,,,
212,760,Syrian Arab Republic,866,Cattle,2004,1024000,A,,,,
216,764,Thailand,866,Cattle,2004,5296839,A,,,,
176,626,Timor-Leste,866,Cattle,2004,133641,A,,,,
217,768,Togo,866,Cattle,2004,290000,A,,,,
219,776,Tonga,866,Cattle,2004,11250,E,,,,
220,780,Trinidad and Tobago,866,Cattle,2004,28980,A,,,,
222,788,Tunisia,866,Cattle,2004,656820,A,,,,
223,792,Türkiye,866,Cattle,2004,10069346,A,,,,
226,800,Uganda,866,Cattle,2004,6567000,A,,,,
225,784,United Arab Emirates,866,Cattle,2004,100000,E,,,,
229,826,United Kingdom of Great Britain and Northern Ireland,866,Cattle,2004,10551000,A,,,,
215,834,United Republic of Tanzania,866,Cattle,2004,17472118,A,,,,
231,840,United States of America,866,Cattle,2004,94888000,A,,,,
234,858,Uruguay,866,Cattle,2004,11958000,A,,,,
155,548,Vanuatu,866,Cattle,2004,138000,E,,,,
236,862,Venezuela (Bolivarian Republic of),866,Cattle,2004,16231616,A,,,,
237,704,Viet Nam,866,Cattle,2004,4907710,A,,,,
249,887,Yemen,866,Cattle,2004,1433213,A,,,,
251,894,Zambia,866,Cattle,2004,2341970,A,,,,
181,716,Zimbabwe,866,Cattle,2004,5227000,A,,,,
167,203,Czechia,866,Cattle,2005,1397308,A,,,,
1,51,Armenia,866,Cattle,2005,573260,A,,,,
63,233,Estonia,866,Cattle,2005,249800,A,,,,
146,498,Republic of Moldova,866,Cattle,2005,330593,A,,,,
206,736,Sudan (former),866,Cattle,2005,40468000,A,,,,
230,804,Ukraine,866,Cattle,2005,6902900,A,,,,
108,398,Kazakhstan,866,Cattle,2005,5203900,A,,,,
185,643,Russian Federation,866,Cattle,2005,23153790,A,,,,
186,891,Serbia and Montenegro,866,Cattle,2005,1195794,A,,,,
238,231,Ethiopia,866,Cattle,2005,40390096,A,,,,
80,70,Bosnia and Herzegovina,866,Cattle,2005,459790,A,,,,
135,474,Martinique,866,Cattle,2005,21915,A,,,,
73,268,Georgia,866,Cattle,2005,1168600,A,,,,
182,638,Réunion,866,Cattle,2005,36210,A,,,,
213,795,Turkmenistan,866,Cattle,2005,2024500,A,,,,
119,428,Latvia,866,Cattle,2005,371100,A,,,,
126,440,Lithuania,866,Cattle,2005,792000,A,,,,
208,762,Tajikistan,866,Cattle,2005,1303346,A,,,,
235,860,Uzbekistan,866,Cattle,2005,6242700,A,,,,
178,232,Eritrea,866,Cattle,2005,1950000,E,,,,
255,56,Belgium,866,Cattle,2005,2698649,A,,,,
57,112,Belarus,866,Cattle,2005,3962600,A,,,,
299,275,Palestine,866,Cattle,2005,33746,A,,,,
113,417,Kyrgyzstan,866,Cattle,2005,1034890,A,,,,
199,703,Slovakia,866,Cattle,2005,540146,A,,,,
154,807,North Macedonia,866,Cattle,2005,248185,A,,,,
198,705,Slovenia,866,Cattle,2005,451136,A,,,,
69,254,French Guiana,866,Cattle,2005,12701,A,,,,
256,442,Luxembourg,866,Cattle,2005,185235,A,,,,
98,191,Croatia,866,Cattle,2005,471025,A,,,,
52,31,Azerbaijan,866,Cattle,2005,2007210,A,,,,
87,312,Guadeloupe,866,Cattle,2005,73400,A,,,,
145,583,Micronesia (Federated States of),866,Cattle,2005,13900,E,,,,
2,4,Afghanistan,866,Cattle,2005,3723000,A,,,,
3,8,Albania,866,Cattle,2005,655000,A,,,,
4,12,Algeria,866,Cattle,2005,1586070,A,,,,
7,24,Angola,866,Cattle,2005,4015424,A,,,,
8,28,Antigua and Barbuda,866,Cattle,2005,8336,I,,,,
9,32,Argentina,866,Cattle,2005,57033528,A,,,,
10,36,Australia,866,Cattle,2005,27782000,A,,,,
11,40,Austria,866,Cattle,2005,2050991,A,,,,
12,44,Bahamas,866,Cattle,2005,750,E,,,,
13,48,Bahrain,866,Cattle,2005,9000,E,,,,
16,50,Bangladesh,866,Cattle,2005,22670000,A,,,,
14,52,Barbados,866,Cattle,2005,13000,E,,,,
23,84,Belize,866,Cattle,2005,57800,E,,,,
53,204,Benin,866,Cattle,2005,1717900,A,,,,
18,64,Bhutan,866,Cattle,2005,384385,A,,,,
19,68,Bolivia (Plurinational State of),866,Cattle,2005,7217507,A,,,,
20,72,Botswana,866,Cattle,2005,2125000,E,,,,
21,76,Brazil,866,Cattle,2005,207156696,A,,,,
26,96,Brunei Darussalam,866,Cattle,2005,1079,A,,,,
27,100,Bulgaria,866,Cattle,2005,671579,A,,,,
233,854,Burkina Faso,866,Cattle,2005,7606887,A,,,,
29,108,Burundi,866,Cattle,2005,395741,A,,,,
35,132,Cabo Verde,866,Cattle,2005,25000,E,,,,
115,116,Cambodia,866,Cattle,2005,3184146,A,,,,
32,120,Cameroon,866,Cattle,2005,6000000,X,,,,
33,124,Canada,866,Cattle,2005,14925000,A,,,,
37,140,Central African Republic,866,Cattle,2005,3500000,E,,,,
39,148,Chad,866,Cattle,2005,14841000,E,,,,
40,152,Chile,866,Cattle,2005,3985000,E,,,,
96,344,"China, Hong Kong SAR",866,Cattle,2005,1500,E,,,,
214,158,"China, Taiwan Province of",866,Cattle,2005,139831,A,,,,
41,156,"China, mainland",866,Cattle,2005,89993000,A,,,,
44,170,Colombia,866,Cattle,2005,25699400,A,,,,
45,174,Comoros,866,Cattle,2005,47000,E,,,,
46,178,Congo,866,Cattle,2005,200000,E,,,,
47,184,Cook Islands,866,Cattle,2005,193,I,,,,
48,188,Costa Rica,866,Cattle,2005,1150000,E,,,,
49,192,Cuba,866,Cattle,2005,3703700,A,,,,
50,196,Cyprus,866,Cattle,2005,57579,A,,,,
107,384,Côte d'Ivoire,866,Cattle,2005,1449054,A,,,,
116,408,Democratic People's Republic of Korea,866,Cattle,2005,570000,E,,,,
250,180,Democratic Republic of the Congo,866,Cattle,2005,756940,A,,,,
54,208,Denmark,866,Cattle,2005,1570085,A,,,,
72,262,Djibouti,866,Cattle,2005,300000,E,,,,
55,212,Dominica,866,Cattle,2005,13400,E,,,,
56,214,Dominican Republic,866,Cattle,2005,2200000,E,,,,
58,218,Ecuador,866,Cattle,2005,4970836,A,,,,
59,818,Egypt,866,Cattle,2005,4485000,A,,,,
60,222,El Salvador,866,Cattle,2005,1256517,A,,,,
61,226,Equatorial Guinea,866,Cattle,2005,5050,E,,,,
209,748,Eswatini,866,Cattle,2005,615000,E,,,,
64,234,Faroe Islands,866,Cattle,2005,2135,A,,,,
66,242,Fiji,866,Cattle,2005,310000,E,,,,
67,246,Finland,866,Cattle,2005,958925,A,,,,
68,250,France,866,Cattle,2005,19421068,A,,,,
70,258,French Polynesia,866,Cattle,2005,7000,E,,,,
74,266,Gabon,866,Cattle,2005,35000,E,,,,
75,270,Gambia,866,Cattle,2005,410000,A,,,,
79,276,Germany,866,Cattle,2005,13034500,A,,,,
81,288,Ghana,866,Cattle,2005,1373000,A,,,,
84,300,Greece,866,Cattle,2005,603993,A,,,,
86,308,Grenada,866,Cattle,2005,5159,I,,,,
89,320,Guatemala,866,Cattle,2005,2601300,A,,,,
90,324,Guinea,866,Cattle,2005,3756353,A,,,,
175,624,Guinea-Bissau,866,Cattle,2005,530000,E,,,,
91,328,Guyana,866,Cattle,2005,110000,E,,,,
93,332,Haiti,866,Cattle,2005,1460000,E,,,,
95,340,Honduras,866,Cattle,2005,2500020,A,,,,
97,348,Hungary,866,Cattle,2005,723000,A,,,,
99,352,Iceland,866,Cattle,2005,65979,A,,,,
100,356,India,866,Cattle,2005,192020992,A,,,,
101,360,Indonesia,866,Cattle,2005,10569000,A,,,,
102,364,Iran (Islamic Republic of),866,Cattle,2005,7819000,A,,,,
103,368,Iraq,866,Cattle,2005,1648000,A,,,,
104,372,Ireland,866,Cattle,2005,6991800,A,,,,
105,376,Israel,866,Cattle,2005,357000,A,,,,
106,380,Italy,866,Cattle,2005,6304000,A,,,,
109,388,Jamaica,866,Cattle,2005,360000,E,,,,
110,392,Japan,866,Cattle,2005,4402000,A,,,,
112,400,Jordan,866,Cattle,2005,67520,A,,,,
114,404,Kenya,866,Cattle,2005,13019049,A,,,,
118,414,Kuwait,866,Cattle,2005,27359,A,,,,
120,418,Lao People's Democratic Republic,866,Cattle,2005,1272000,A,,,,
121,422,Lebanon,866,Cattle,2005,76900,A,,,,
122,426,Lesotho,866,Cattle,2005,729327,A,,,,
123,430,Liberia,866,Cattle,2005,36000,E,,,,
124,434,Libya,866,Cattle,2005,150000,E,,,,
129,450,Madagascar,866,Cattle,2005,9500139,A,,,,
130,454,Malawi,866,Cattle,2005,777846,A,,,,
131,458,Malaysia,866,Cattle,2005,790065,A,,,,
133,466,Mali,866,Cattle,2005,7450588,A,,,,
134,470,Malta,866,Cattle,2005,19408,A,,,,
136,478,Mauritania,866,Cattle,2005,1382000,A,,,,
137,480,Mauritius,866,Cattle,2005,6700,E,,,,
138,484,Mexico,866,Cattle,2005,30989968,A,,,,
141,496,Mongolia,866,Cattle,2005,1963600,A,,,,
143,504,Morocco,866,Cattle,2005,2721700,A,,,,
144,508,Mozambique,866,Cattle,2005,1243000,A,,,,
28,104,Myanmar,866,Cattle,2005,12123060,A,,,,
147,516,Namibia,866,Cattle,2005,3133887,A,,,,
149,524,Nepal,866,Cattle,2005,6994463,A,,,,
150,528,Netherlands (Kingdom of the),866,Cattle,2005,3799000,A,,,,
153,540,New Caledonia,866,Cattle,2005,100000,E,,,,
156,554,New Zealand,866,Cattle,2005,9510802,A,,,,
157,558,Nicaragua,866,Cattle,2005,3500000,E,,,,
158,562,Niger,866,Cattle,2005,7336088,A,,,,
159,566,Nigeria,866,Cattle,2005,15875266,A,,,,
160,570,Niue,866,Cattle,2005,113,I,,,,
162,578,Norway,866,Cattle,2005,933698,A,,,,
221,512,Oman,866,Cattle,2005,301550,A,,,,
165,586,Pakistan,866,Cattle,2005,24218000,A,,,,
166,591,Panama,866,Cattle,2005,1564600,A,,,,
168,598,Papua New Guinea,866,Cattle,2005,92000,E,,,,
169,600,Paraguay,866,Cattle,2005,9837798,A,,,,
170,604,Peru,866,Cattle,2005,5249783,A,,,,
171,608,Philippines,866,Cattle,2005,2489100,A,,,,
173,616,Poland,866,Cattle,2005,5483290,A,,,,
174,620,Portugal,866,Cattle,2005,1443000,A,,,,
177,630,Puerto Rico,866,Cattle,2005,376925,A,,,,
179,634,Qatar,866,Cattle,2005,6565,A,,,,
117,410,Republic of Korea,866,Cattle,2005,2297414,A,,,,
183,642,Romania,866,Cattle,2005,2808000,A,,,,
184,646,Rwanda,866,Cattle,2005,1006572,A,,,,
188,659,Saint Kitts and Nevis,866,Cattle,2005,4800,A,,,,
189,662,Saint Lucia,866,Cattle,2005,10500,E,,,,
191,670,Saint Vincent and the Grenadines,866,Cattle,2005,5000,E,,,,
244,882,Samoa,866,Cattle,2005,30000,E,,,,
193,678,Sao Tome and Principe,866,Cattle,2005,3000,E,,,,
194,682,Saudi Arabia,866,Cattle,2005,352000,A,,,,
195,686,Senegal,866,Cattle,2005,3090720,A,,,,
196,690,Seychelles,866,Cattle,2005,850,E,,,,
197,694,Sierra Leone,866,Cattle,2005,250000,A,,,,
200,702,Singapore,866,Cattle,2005,200,E,,,,
25,90,Solomon Islands,866,Cattle,2005,13500,E,,,,
201,706,Somalia,866,Cattle,2005,5500000,E,,,,
202,710,South Africa,866,Cattle,2005,13790000,A,,,,
203,724,Spain,866,Cattle,2005,6463430,A,,,,
38,144,Sri Lanka,866,Cattle,2005,1185020,A,,,,
207,740,Suriname,866,Cattle,2005,38235,A,,,,
210,752,Sweden,866,Cattle,2005,1604933,A,,,,
211,756,Switzerland,866,Cattle,2005,1554696,A,,,,
212,760,Syrian Arab Republic,866,Cattle,2005,1082623,A,,,,
216,764,Thailand,866,Cattle,2005,5609790,A,,,,
176,626,Timor-Leste,866,Cattle,2005,136446,A,,,,
217,768,Togo,866,Cattle,2005,300000,A,,,,
219,776,Tonga,866,Cattle,2005,11250,E,,,,
220,780,Trinidad and Tobago,866,Cattle,2005,29000,E,,,,
222,788,Tunisia,866,Cattle,2005,686320,A,,,,
223,792,Türkiye,866,Cattle,2005,10526440,A,,,,
226,800,Uganda,866,Cattle,2005,6770000,A,,,,
225,784,United Arab Emirates,866,Cattle,2005,55903,A,,,,
229,826,United Kingdom of Great Britain and Northern Ireland,866,Cattle,2005,10770200,A,,,,
215,834,United Republic of Tanzania,866,Cattle,2005,17719092,A,,,,
231,840,United States of America,866,Cattle,2005,95018000,A,,,,
234,858,Uruguay,866,Cattle,2005,11956000,A,,,,
155,548,Vanuatu,866,Cattle,2005,140000,E,,,,
236,862,Venezuela (Bolivarian Republic of),866,Cattle,2005,16615439,A,,,,
237,704,Viet Nam,866,Cattle,2005,5540700,A,,,,
249,887,Yemen,866,Cattle,2005,1447243,A,,,,
251,894,Zambia,866,Cattle,2005,2566754,A,,,,
181,716,Zimbabwe,866,Cattle,2005,5227000,A,,,,
98,191,Croatia,866,Cattle,2006,482905,A,,,,
108,398,Kazakhstan,866,Cattle,2006,5457400,A,,,,
135,474,Martinique,866,Cattle,2006,23900,A,,,,
146,498,Republic of Moldova,866,Cattle,2006,310476,A,,,,
213,795,Turkmenistan,866,Cattle,2006,2065000,X,,,,
63,233,Estonia,866,Cattle,2006,249500,A,,,,
119,428,Latvia,866,Cattle,2006,385200,A,,,,
57,112,Belarus,866,Cattle,2006,3980200,A,,,,
256,442,Luxembourg,866,Cattle,2006,183640,A,,,,
273,499,Montenegro,866,Cattle,2006,97781,A,,,,
208,762,Tajikistan,866,Cattle,2006,1371882,A,,,,
73,268,Georgia,866,Cattle,2006,1060900,A,,,,
145,583,Micronesia (Federated States of),866,Cattle,2006,13900,E,,,,
272,688,Serbia,866,Cattle,2006,1106000,A,,,,
255,56,Belgium,866,Cattle,2006,2669076,A,,,,
167,203,Czechia,866,Cattle,2006,1373645,A,,,,
178,232,Eritrea,866,Cattle,2006,1950000,E,,,,
299,275,Palestine,866,Cattle,2006,36284,A,,,,
126,440,Lithuania,866,Cattle,2006,800300,A,,,,
52,31,Azerbaijan,866,Cattle,2006,2067000,A,,,,
199,703,Slovakia,866,Cattle,2006,527889,A,,,,
206,736,Sudan (former),866,Cattle,2006,40994000,A,,,,
230,804,Ukraine,866,Cattle,2006,6514100,A,,,,
80,70,Bosnia and Herzegovina,866,Cattle,2006,514869,A,,,,
1,51,Armenia,866,Cattle,2006,592067,A,,,,
238,231,Ethiopia,866,Cattle,2006,43124584,A,,,,
182,638,Réunion,866,Cattle,2006,36372,A,,,,
113,417,Kyrgyzstan,866,Cattle,2006,1074764,A,,,,
235,860,Uzbekistan,866,Cattle,2006,6571500,A,,,,
154,807,North Macedonia,866,Cattle,2006,255430,A,,,,
185,643,Russian Federation,866,Cattle,2006,21625028,A,,,,
198,705,Slovenia,866,Cattle,2006,452517,A,,,,
69,254,French Guiana,866,Cattle,2006,13386,A,,,,
87,312,Guadeloupe,866,Cattle,2006,75830,A,,,,
2,4,Afghanistan,866,Cattle,2006,4110000,A,,,,
3,8,Albania,866,Cattle,2006,634000,A,,,,
4,12,Algeria,866,Cattle,2006,1607890,A,,,,
7,24,Angola,866,Cattle,2006,4105750,A,,,,
8,28,Antigua and Barbuda,866,Cattle,2006,7589,I,,,,
9,32,Argentina,866,Cattle,2006,58293608,A,,,,
10,36,Australia,866,Cattle,2006,28393400,A,,,,
11,40,Austria,866,Cattle,2006,2010680,A,,,,
12,44,Bahamas,866,Cattle,2006,750,E,,,,
13,48,Bahrain,866,Cattle,2006,9000,E,,,,
16,50,Bangladesh,866,Cattle,2006,22800000,A,,,,
14,52,Barbados,866,Cattle,2006,10500,E,,,,
23,84,Belize,866,Cattle,2006,67611,A,,,,
53,204,Benin,866,Cattle,2006,1810000,A,,,,
18,64,Bhutan,866,Cattle,2006,366657,A,,,,
19,68,Bolivia (Plurinational State of),866,Cattle,2006,7409002,A,,,,
20,72,Botswana,866,Cattle,2006,2150000,E,,,,
21,76,Brazil,866,Cattle,2006,205886244,A,,,,
26,96,Brunei Darussalam,866,Cattle,2006,1010,A,,,,
27,100,Bulgaria,866,Cattle,2006,621797,A,,,,
233,854,Burkina Faso,866,Cattle,2006,7759005,A,,,,
29,108,Burundi,866,Cattle,2006,433800,A,,,,
35,132,Cabo Verde,866,Cattle,2006,27370,A,,,,
115,116,Cambodia,866,Cattle,2006,3344612,A,,,,
32,120,Cameroon,866,Cattle,2006,6000000,E,,,,
33,124,Canada,866,Cattle,2006,14655000,A,,,,
37,140,Central African Republic,866,Cattle,2006,3600000,E,,,,
39,148,Chad,866,Cattle,2006,15629000,E,,,,
40,152,Chile,866,Cattle,2006,3900000,E,,,,
96,344,"China, Hong Kong SAR",866,Cattle,2006,1550,E,,,,
214,158,"China, Taiwan Province of",866,Cattle,2006,133841,A,,,,
41,156,"China, mainland",866,Cattle,2006,87413000,A,,,,
44,170,Colombia,866,Cattle,2006,26129020,A,,,,
45,174,Comoros,866,Cattle,2006,49000,E,,,,
46,178,Congo,866,Cattle,2006,250000,E,,,,
47,184,Cook Islands,866,Cattle,2006,197,I,,,,
48,188,Costa Rica,866,Cattle,2006,1100000,E,,,,
49,192,Cuba,866,Cattle,2006,3737200,A,,,,
50,196,Cyprus,866,Cattle,2006,56109,A,,,,
107,384,Côte d'Ivoire,866,Cattle,2006,1478035,A,,,,
116,408,Democratic People's Republic of Korea,866,Cattle,2006,575000,E,,,,
250,180,Democratic Republic of the Congo,866,Cattle,2006,755500,A,,,,
54,208,Denmark,866,Cattle,2006,1534763,A,,,,
72,262,Djibouti,866,Cattle,2006,297000,X,,,,
55,212,Dominica,866,Cattle,2006,13500,E,,,,
56,214,Dominican Republic,866,Cattle,2006,2228149,A,,,,
58,218,Ecuador,866,Cattle,2006,5034652,A,,,,
59,818,Egypt,866,Cattle,2006,4610000,A,,,,
60,222,El Salvador,866,Cattle,2006,1319419,A,,,,
61,226,Equatorial Guinea,866,Cattle,2006,5100,E,,,,
209,748,Eswatini,866,Cattle,2006,580000,E,,,,
64,234,Faroe Islands,866,Cattle,2006,2069,A,,,,
66,242,Fiji,866,Cattle,2006,310000,E,,,,
67,246,Finland,866,Cattle,2006,949291,A,,,,
68,250,France,866,Cattle,2006,19534688,A,,,,
70,258,French Polynesia,866,Cattle,2006,7200,E,,,,
74,266,Gabon,866,Cattle,2006,35000,E,,,,
75,270,Gambia,866,Cattle,2006,413000,A,,,,
79,276,Germany,866,Cattle,2006,12747900,A,,,,
81,288,Ghana,866,Cattle,2006,1392000,A,,,,
84,300,Greece,866,Cattle,2006,617695,A,,,,
86,308,Grenada,866,Cattle,2006,5238,I,,,,
89,320,Guatemala,866,Cattle,2006,2679200,A,,,,
90,324,Guinea,866,Cattle,2006,3962380,A,,,,
175,624,Guinea-Bissau,866,Cattle,2006,550000,E,,,,
91,328,Guyana,866,Cattle,2006,110000,E,,,,
93,332,Haiti,866,Cattle,2006,1450000,E,,,,
95,340,Honduras,866,Cattle,2006,2454096,A,,,,
97,348,Hungary,866,Cattle,2006,708000,A,,,,
99,352,Iceland,866,Cattle,2006,68670,A,,,,
100,356,India,866,Cattle,2006,195535008,A,,,,
101,360,Indonesia,866,Cattle,2006,10875125,A,,,,
102,364,Iran (Islamic Republic of),866,Cattle,2006,7892000,A,,,,
103,368,Iraq,866,Cattle,2006,1130000,A,,,,
104,372,Ireland,866,Cattle,2006,6977800,A,,,,
105,376,Israel,866,Cattle,2006,406000,A,,,,
106,380,Italy,866,Cattle,2006,6255000,A,,,,
109,388,Jamaica,866,Cattle,2006,210000,E,,,,
110,392,Japan,866,Cattle,2006,4391000,A,,,,
112,400,Jordan,866,Cattle,2006,69100,A,,,,
114,404,Kenya,866,Cattle,2006,12416271,A,,,,
118,414,Kuwait,866,Cattle,2006,31529,A,,,,
120,418,Lao People's Democratic Republic,866,Cattle,2006,1321000,A,,,,
121,422,Lebanon,866,Cattle,2006,77000,A,,,,
122,426,Lesotho,866,Cattle,2006,687588,A,,,,
123,430,Liberia,866,Cattle,2006,37000,E,,,,
124,434,Libya,866,Cattle,2006,185000,A,,,,
129,450,Madagascar,866,Cattle,2006,9573290,A,,,,
130,454,Malawi,866,Cattle,2006,799017,A,,,,
131,458,Malaysia,866,Cattle,2006,786201,A,,,,
133,466,Mali,866,Cattle,2006,7532000,A,,,,
134,470,Malta,866,Cattle,2006,19742,A,,,,
136,478,Mauritania,866,Cattle,2006,1700000,E,,,,
137,480,Mauritius,866,Cattle,2006,6934,A,,,,
138,484,Mexico,866,Cattle,2006,31163124,A,,,,
141,496,Mongolia,866,Cattle,2006,2167900,A,,,,
143,504,Morocco,866,Cattle,2006,2755100,A,,,,
144,508,Mozambique,866,Cattle,2006,1053000,A,,,,
28,104,Myanmar,866,Cattle,2006,12364310,A,,,,
147,516,Namibia,866,Cattle,2006,2383960,A,,,,
149,524,Nepal,866,Cattle,2006,7002916,A,,,,
150,528,Netherlands (Kingdom of the),866,Cattle,2006,3749000,A,,,,
153,540,New Caledonia,866,Cattle,2006,87000,E,,,,
156,554,New Zealand,866,Cattle,2006,9608693,A,,,,
157,558,Nicaragua,866,Cattle,2006,3600000,E,,,,
158,562,Niger,866,Cattle,2006,7776953,A,,,,
159,566,Nigeria,866,Cattle,2006,16013382,A,,,,
160,570,Niue,866,Cattle,2006,112,E,,,,
162,578,Norway,866,Cattle,2006,922976,A,,,,
221,512,Oman,866,Cattle,2006,307580,A,,,,
165,586,Pakistan,866,Cattle,2006,29558812,A,,,,
166,591,Panama,866,Cattle,2006,1561600,A,,,,
168,598,Papua New Guinea,866,Cattle,2006,93000,E,,,,
169,600,Paraguay,866,Cattle,2006,9982932,A,,,,
170,604,Peru,866,Cattle,2006,5241102,A,,,,
171,608,Philippines,866,Cattle,2006,2519740,A,,,,
173,616,Poland,866,Cattle,2006,5606358,A,,,,
174,620,Portugal,866,Cattle,2006,1440800,A,,,,
177,630,Puerto Rico,866,Cattle,2006,357417,I,,,,
179,634,Qatar,866,Cattle,2006,7411,A,,,,
117,410,Republic of Korea,866,Cattle,2006,2483572,A,,,,
183,642,Romania,866,Cattle,2006,2862000,A,,,,
184,646,Rwanda,866,Cattle,2006,1122179,A,,,,
188,659,Saint Kitts and Nevis,866,Cattle,2006,6000,A,,,,
189,662,Saint Lucia,866,Cattle,2006,10800,E,,,,
191,670,Saint Vincent and the Grenadines,866,Cattle,2006,5000,E,,,,
244,882,Samoa,866,Cattle,2006,30000,E,,,,
193,678,Sao Tome and Principe,866,Cattle,2006,2500,E,,,,
194,682,Saudi Arabia,866,Cattle,2006,369000,A,,,,
195,686,Senegal,866,Cattle,2006,3136959,A,,,,
196,690,Seychelles,866,Cattle,2006,570,E,,,,
197,694,Sierra Leone,866,Cattle,2006,350000,A,,,,
200,702,Singapore,866,Cattle,2006,200,E,,,,
25,90,Solomon Islands,866,Cattle,2006,14000,E,,,,
201,706,Somalia,866,Cattle,2006,5350000,E,,,,
202,710,South Africa,866,Cattle,2006,13532000,A,,,,
203,724,Spain,866,Cattle,2006,6184092,A,,,,
38,144,Sri Lanka,866,Cattle,2006,1184710,A,,,,
207,740,Suriname,866,Cattle,2006,43495,A,,,,
210,752,Sweden,866,Cattle,2006,1590409,A,,,,
211,756,Switzerland,866,Cattle,2006,1566900,A,,,,
212,760,Syrian Arab Republic,866,Cattle,2006,1121440,A,,,,
216,764,Thailand,866,Cattle,2006,6042039,A,,,,
176,626,Timor-Leste,866,Cattle,2006,139426,A,,,,
217,768,Togo,866,Cattle,2006,302400,A,,,,
219,776,Tonga,866,Cattle,2006,11250,E,,,,
220,780,Trinidad and Tobago,866,Cattle,2006,29000,E,,,,
222,788,Tunisia,866,Cattle,2006,703150,A,,,,
223,792,Türkiye,866,Cattle,2006,10871364,A,,,,
226,800,Uganda,866,Cattle,2006,6973100,A,,,,
225,784,United Arab Emirates,866,Cattle,2006,58838,A,,,,
229,826,United Kingdom of Great Britain and Northern Ireland,866,Cattle,2006,10579000,A,,,,
215,834,United Republic of Tanzania,866,Cattle,2006,18500000,A,,,,
231,840,United States of America,866,Cattle,2006,96701504,A,,,,
234,858,Uruguay,866,Cattle,2006,12437000,A,,,,
155,548,Vanuatu,866,Cattle,2006,142915,A,,,,
236,862,Venezuela (Bolivarian Republic of),866,Cattle,2006,16628837,A,,,,
237,704,Viet Nam,866,Cattle,2006,6510800,A,,,,
249,887,Yemen,866,Cattle,2006,1463700,A,,,,
251,894,Zambia,866,Cattle,2006,2799965,A,,,,
181,716,Zimbabwe,866,Cattle,2006,4987000,A,,,,
52,31,Azerbaijan,866,Cattle,2007,2123000,A,,,,
108,398,Kazakhstan,866,Cattle,2007,5660400,A,,,,
126,440,Lithuania,866,Cattle,2007,838800,A,,,,
57,112,Belarus,866,Cattle,2007,3988711,A,,,,
154,807,North Macedonia,866,Cattle,2007,253766,A,,,,
198,705,Slovenia,866,Cattle,2007,454033,A,,,,
230,804,Ukraine,866,Cattle,2007,6175400,A,,,,
256,442,Luxembourg,866,Cattle,2007,191928,A,,,,
255,56,Belgium,866,Cattle,2007,2649392,A,,,,
119,428,Latvia,866,Cattle,2007,377100,A,,,,
178,232,Eritrea,866,Cattle,2007,2026028,A,,,,
63,233,Estonia,866,Cattle,2007,244800,A,,,,
199,703,Slovakia,866,Cattle,2007,507820,A,,,,
208,762,Tajikistan,866,Cattle,2007,1422614,A,,,,
80,70,Bosnia and Herzegovina,866,Cattle,2007,467986,A,,,,
145,583,Micronesia (Federated States of),866,Cattle,2007,14000,E,,,,
185,643,Russian Federation,866,Cattle,2007,21561609,A,,,,
1,51,Armenia,866,Cattle,2007,620197,A,,,,
73,268,Georgia,866,Cattle,2007,1030100,A,,,,
206,736,Sudan (former),866,Cattle,2007,41138000,A,,,,
113,417,Kyrgyzstan,866,Cattle,2007,1116733,A,,,,
299,275,Palestine,866,Cattle,2007,34255,A,,,,
98,191,Croatia,866,Cattle,2007,467077,A,,,,
272,688,Serbia,866,Cattle,2007,1087077,A,,,,
235,860,Uzbekistan,866,Cattle,2007,7044600,A,,,,
238,231,Ethiopia,866,Cattle,2007,47570680,A,,,,
146,498,Republic of Moldova,866,Cattle,2007,299105,A,,,,
167,203,Czechia,866,Cattle,2007,1391393,A,,,,
213,795,Turkmenistan,866,Cattle,2007,1948000,X,,,,
273,499,Montenegro,866,Cattle,2007,93055,A,,,,
2,4,Afghanistan,866,Cattle,2007,4357000,A,,,,
3,8,Albania,866,Cattle,2007,577000,A,,,,
4,12,Algeria,866,Cattle,2007,1633810,A,,,,
7,24,Angola,866,Cattle,2007,4198109,A,,,,
8,28,Antigua and Barbuda,866,Cattle,2007,7276,I,,,,
9,32,Argentina,866,Cattle,2007,58722108,A,,,,
10,36,Australia,866,Cattle,2007,28036600,A,,,,
11,40,Austria,866,Cattle,2007,2002919,A,,,,
12,44,Bahamas,866,Cattle,2007,750,E,,,,
13,48,Bahrain,866,Cattle,2007,9000,E,,,,
16,50,Bangladesh,866,Cattle,2007,22870000,A,,,,
14,52,Barbados,866,Cattle,2007,8800,E,,,,
23,84,Belize,866,Cattle,2007,72826,A,,,,
53,204,Benin,866,Cattle,2007,1857000,A,,,,
18,64,Bhutan,866,Cattle,2007,372950,A,,,,
19,68,Bolivia (Plurinational State of),866,Cattle,2007,7586526,A,,,,
20,72,Botswana,866,Cattle,2007,2171263,A,,,,
21,76,Brazil,866,Cattle,2007,199752014,A,,,,
26,96,Brunei Darussalam,866,Cattle,2007,935,A,,,,
27,100,Bulgaria,866,Cattle,2007,628271,A,,,,
233,854,Burkina Faso,866,Cattle,2007,7914160,A,,,,
29,108,Burundi,866,Cattle,2007,479106,A,,,,
35,132,Cabo Verde,866,Cattle,2007,23979,A,,,,
115,116,Cambodia,866,Cattle,2007,3368449,A,,,,
32,120,Cameroon,866,Cattle,2007,6000000,E,,,,
33,124,Canada,866,Cattle,2007,14135000,A,,,,
37,140,Central African Republic,866,Cattle,2007,3857000,A,,,,
39,148,Chad,866,Cattle,2007,16458000,E,,,,
40,152,Chile,866,Cattle,2007,3738547,A,,,,
96,344,"China, Hong Kong SAR",866,Cattle,2007,1600,E,,,,
214,158,"China, Taiwan Province of",866,Cattle,2007,131255,A,,,,
41,156,"China, mainland",866,Cattle,2007,81934000,A,,,,
44,170,Colombia,866,Cattle,2007,26703160,A,,,,
45,174,Comoros,866,Cattle,2007,50000,E,,,,
46,178,Congo,866,Cattle,2007,300000,E,,,,
47,184,Cook Islands,866,Cattle,2007,201,I,,,,
48,188,Costa Rica,866,Cattle,2007,1200000,E,,,,
49,192,Cuba,866,Cattle,2007,3787400,A,,,,
50,196,Cyprus,866,Cattle,2007,55920,A,,,,
107,384,Côte d'Ivoire,866,Cattle,2007,1507596,A,,,,
116,408,Democratic People's Republic of Korea,866,Cattle,2007,576000,E,,,,
250,180,Democratic Republic of the Congo,866,Cattle,2007,754060,A,,,,
54,208,Denmark,866,Cattle,2007,1566218,A,,,,
72,262,Djibouti,866,Cattle,2007,297000,X,,,,
55,212,Dominica,866,Cattle,2007,13500,E,,,,
56,214,Dominican Republic,866,Cattle,2007,2652600,E,,,,
58,218,Ecuador,866,Cattle,2007,4727104,A,,,,
59,818,Egypt,866,Cattle,2007,4932656,A,,,,
60,222,El Salvador,866,Cattle,2007,1370000,A,,,,
61,226,Equatorial Guinea,866,Cattle,2007,5100,E,,,,
209,748,Eswatini,866,Cattle,2007,585000,E,,,,
64,234,Faroe Islands,866,Cattle,2007,2093,A,,,,
66,242,Fiji,866,Cattle,2007,315000,E,,,,
67,246,Finland,866,Cattle,2007,926694,A,,,,
68,250,France,866,Cattle,2007,19885156,A,,,,
70,258,French Polynesia,866,Cattle,2007,7200,E,,,,
74,266,Gabon,866,Cattle,2007,36000,E,,,,
75,270,Gambia,866,Cattle,2007,415000,A,,,,
79,276,Germany,866,Cattle,2007,12686644,A,,,,
81,288,Ghana,866,Cattle,2007,1407000,A,,,,
84,300,Greece,866,Cattle,2007,628885,A,,,,
86,308,Grenada,866,Cattle,2007,5319,I,,,,
89,320,Guatemala,866,Cattle,2007,2856000,A,,,,
90,324,Guinea,866,Cattle,2007,4179708,A,,,,
175,624,Guinea-Bissau,866,Cattle,2007,574060,A,,,,
91,328,Guyana,866,Cattle,2007,110000,E,,,,
93,332,Haiti,866,Cattle,2007,1450000,E,,,,
95,340,Honduras,866,Cattle,2007,2499080,A,,,,
97,348,Hungary,866,Cattle,2007,702000,A,,,,
99,352,Iceland,866,Cattle,2007,70660,A,,,,
100,356,India,866,Cattle,2007,199075008,A,,,,
101,360,Indonesia,866,Cattle,2007,11514871,A,,,,
102,364,Iran (Islamic Republic of),866,Cattle,2007,7989010,A,,,,
103,368,Iraq,866,Cattle,2007,1145000,A,,,,
104,372,Ireland,866,Cattle,2007,6890900,A,,,,
105,376,Israel,866,Cattle,2007,394000,A,,,,
106,380,Italy,866,Cattle,2007,6117000,A,,,,
109,388,Jamaica,866,Cattle,2007,185000,E,,,,
110,392,Japan,866,Cattle,2007,4398000,A,,,,
112,400,Jordan,866,Cattle,2007,81000,A,,,,
114,404,Kenya,866,Cattle,2007,17537332,A,,,,
118,414,Kuwait,866,Cattle,2007,32674,A,,,,
120,418,Lao People's Democratic Republic,866,Cattle,2007,1353000,A,,,,
121,422,Lebanon,866,Cattle,2007,77400,A,,,,
122,426,Lesotho,866,Cattle,2007,687588,A,,,,
123,430,Liberia,866,Cattle,2007,38000,E,,,,
124,434,Libya,866,Cattle,2007,185000,A,,,,
129,450,Madagascar,866,Cattle,2007,9647000,A,,,,
130,454,Malawi,866,Cattle,2007,870622,A,,,,
131,458,Malaysia,866,Cattle,2007,842186,A,,,,
133,466,Mali,866,Cattle,2007,7904329,A,,,,
134,470,Malta,866,Cattle,2007,19233,A,,,,
136,478,Mauritania,866,Cattle,2007,1397000,A,,,,
137,480,Mauritius,866,Cattle,2007,7203,A,,,,
138,484,Mexico,866,Cattle,2007,31395916,A,,,,
141,496,Mongolia,866,Cattle,2007,2425800,A,,,,
143,504,Morocco,866,Cattle,2007,2781100,A,,,,
144,508,Mozambique,866,Cattle,2007,1308000,A,,,,
28,104,Myanmar,866,Cattle,2007,12633922,A,,,,
147,516,Namibia,866,Cattle,2007,2353498,A,,,,
149,524,Nepal,866,Cattle,2007,7044279,A,,,,
150,528,Netherlands (Kingdom of the),866,Cattle,2007,3763000,A,,,,
153,540,New Caledonia,866,Cattle,2007,90000,E,,,,
156,554,New Zealand,866,Cattle,2007,9654467,A,,,,
157,558,Nicaragua,866,Cattle,2007,3600000,E,,,,
158,562,Niger,866,Cattle,2007,8242828,A,,,,
159,566,Nigeria,866,Cattle,2007,16152700,A,,,,
160,570,Niue,866,Cattle,2007,115,E,,,,
162,578,Norway,866,Cattle,2007,905515,A,,,,
221,512,Oman,866,Cattle,2007,313580,A,,,,
165,586,Pakistan,866,Cattle,2007,30673000,A,,,,
166,591,Panama,866,Cattle,2007,1526200,A,,,,
168,598,Papua New Guinea,866,Cattle,2007,94000,E,,,,
169,600,Paraguay,866,Cattle,2007,10464001,A,,,,
170,604,Peru,866,Cattle,2007,5420865,A,,,,
171,608,Philippines,866,Cattle,2007,2565900,A,,,,
173,616,Poland,866,Cattle,2007,5696186,A,,,,
174,620,Portugal,866,Cattle,2007,1452000,A,,,,
177,630,Puerto Rico,866,Cattle,2007,342305,I,,,,
179,634,Qatar,866,Cattle,2007,7000,A,,,,
117,410,Republic of Korea,866,Cattle,2007,2653976,A,,,,
183,642,Romania,866,Cattle,2007,2934000,A,,,,
184,646,Rwanda,866,Cattle,2007,1147152,A,,,,
188,659,Saint Kitts and Nevis,866,Cattle,2007,6500,A,,,,
189,662,Saint Lucia,866,Cattle,2007,10800,E,,,,
191,670,Saint Vincent and the Grenadines,866,Cattle,2007,5100,E,,,,
244,882,Samoa,866,Cattle,2007,30000,E,,,,
193,678,Sao Tome and Principe,866,Cattle,2007,2200,E,,,,
194,682,Saudi Arabia,866,Cattle,2007,421000,A,,,,
195,686,Senegal,866,Cattle,2007,3163410,A,,,,
196,690,Seychelles,866,Cattle,2007,740,E,,,,
197,694,Sierra Leone,866,Cattle,2007,325532,A,,,,
200,702,Singapore,866,Cattle,2007,200,E,,,,
25,90,Solomon Islands,866,Cattle,2007,14500,E,,,,
201,706,Somalia,866,Cattle,2007,4815000,E,,,,
202,710,South Africa,866,Cattle,2007,13911358,A,,,,
203,724,Spain,866,Cattle,2007,6584980,A,,,,
38,144,Sri Lanka,866,Cattle,2007,1206490,A,,,,
207,740,Suriname,866,Cattle,2007,43595,A,,,,
210,752,Sweden,866,Cattle,2007,1559725,A,,,,
211,756,Switzerland,866,Cattle,2007,1571764,A,,,,
212,760,Syrian Arab Republic,866,Cattle,2007,1168330,A,,,,
216,764,Thailand,866,Cattle,2007,6480876,A,,,,
176,626,Timor-Leste,866,Cattle,2007,142418,A,,,,
217,768,Togo,866,Cattle,2007,302800,A,,,,
219,776,Tonga,866,Cattle,2007,11300,E,,,,
220,780,Trinidad and Tobago,866,Cattle,2007,30000,E,,,,
222,788,Tunisia,866,Cattle,2007,710130,A,,,,
223,792,Türkiye,866,Cattle,2007,11036753,A,,,,
226,800,Uganda,866,Cattle,2007,7182293,A,,,,
225,784,United Arab Emirates,866,Cattle,2007,61927,A,,,,
229,826,United Kingdom of Great Britain and Northern Ireland,866,Cattle,2007,10304000,A,,,,
215,834,United Republic of Tanzania,866,Cattle,2007,18500000,A,,,,
231,840,United States of America,866,Cattle,2007,96573000,A,,,,
234,858,Uruguay,866,Cattle,2007,12368000,A,,,,
155,548,Vanuatu,866,Cattle,2007,174137,A,,,,
236,862,Venezuela (Bolivarian Republic of),866,Cattle,2007,16853524,A,,,,
237,704,Viet Nam,866,Cattle,2007,6724700,A,,,,
249,887,Yemen,866,Cattle,2007,1495000,A,,,,
251,894,Zambia,866,Cattle,2007,2457563,A,,,,
181,716,Zimbabwe,866,Cattle,2007,5048000,A,,,,
185,643,Russian Federation,866,Cattle,2008,21546025,A,,,,
255,56,Belgium,866,Cattle,2008,2605532,A,,,,
235,860,Uzbekistan,866,Cattle,2008,7457900,A,,,,
299,275,Palestine,866,Cattle,2008,32986,A,,,,
73,268,Georgia,866,Cattle,2008,1027600,A,,,,
198,705,Slovenia,866,Cattle,2008,479581,A,,,,
206,736,Sudan (former),866,Cattle,2008,41426000,A,,,,
108,398,Kazakhstan,866,Cattle,2008,5840900,A,,,,
52,31,Azerbaijan,866,Cattle,2008,2188100,A,,,,
272,688,Serbia,866,Cattle,2008,1057435,A,,,,
145,583,Micronesia (Federated States of),866,Cattle,2008,14000,E,,,,
178,232,Eritrea,866,Cattle,2008,2036158,A,,,,
208,762,Tajikistan,866,Cattle,2008,1702500,A,,,,
63,233,Estonia,866,Cattle,2008,240500,A,,,,
146,498,Republic of Moldova,866,Cattle,2008,231716,A,,,,
167,203,Czechia,866,Cattle,2008,1401607,A,,,,
57,112,Belarus,866,Cattle,2008,4006700,A,,,,
80,70,Bosnia and Herzegovina,866,Cattle,2008,459218,A,,,,
113,417,Kyrgyzstan,866,Cattle,2008,1168026,A,,,,
126,440,Lithuania,866,Cattle,2008,787900,A,,,,
213,795,Turkmenistan,866,Cattle,2008,2157700,A,,,,
230,804,Ukraine,866,Cattle,2008,5490900,A,,,,
238,231,Ethiopia,866,Cattle,2008,49000000,E,,,,
256,442,Luxembourg,866,Cattle,2008,195661,A,,,,
273,499,Montenegro,866,Cattle,2008,88557,A,,,,
1,51,Armenia,866,Cattle,2008,629146,A,,,,
98,191,Croatia,866,Cattle,2008,453555,A,,,,
119,428,Latvia,866,Cattle,2008,398700,A,,,,
154,807,North Macedonia,866,Cattle,2008,253473,A,,,,
199,703,Slovakia,866,Cattle,2008,501817,A,,,,
2,4,Afghanistan,866,Cattle,2008,4745000,A,,,,
3,8,Albania,866,Cattle,2008,541000,A,,,,
4,12,Algeria,866,Cattle,2008,1640730,A,,,,
7,24,Angola,866,Cattle,2008,4292545,A,,,,
8,28,Antigua and Barbuda,866,Cattle,2008,6879,I,,,,
9,32,Argentina,866,Cattle,2008,57583120,A,,,,
10,36,Australia,866,Cattle,2008,27320978,A,,,,
11,40,Austria,866,Cattle,2008,2000196,A,,,,
12,44,Bahamas,866,Cattle,2008,750,E,,,,
13,48,Bahrain,866,Cattle,2008,7000,A,,,,
16,50,Bangladesh,866,Cattle,2008,22900000,A,,,,
14,52,Barbados,866,Cattle,2008,9600,E,,,,
23,84,Belize,866,Cattle,2008,81328,A,,,,
53,204,Benin,866,Cattle,2008,1905000,A,,,,
18,64,Bhutan,866,Cattle,2008,375051,A,,,,
19,68,Bolivia (Plurinational State of),866,Cattle,2008,7786802,A,,,,
20,72,Botswana,866,Cattle,2008,2219503,A,,,,
21,76,Brazil,866,Cattle,2008,202306731,A,,,,
26,96,Brunei Darussalam,866,Cattle,2008,948,A,,,,
27,100,Bulgaria,866,Cattle,2008,602056,A,,,,
233,854,Burkina Faso,866,Cattle,2008,8072420,A,,,,
29,108,Burundi,866,Cattle,2008,471614,A,,,,
35,132,Cabo Verde,866,Cattle,2008,25928,A,,,,
115,116,Cambodia,866,Cattle,2008,3457787,A,,,,
32,120,Cameroon,866,Cattle,2008,5046000,A,,,,
33,124,Canada,866,Cattle,2008,13755000,A,,,,
37,140,Central African Republic,866,Cattle,2008,3723000,A,,,,
39,148,Chad,866,Cattle,2008,17332000,E,,,,
40,152,Chile,866,Cattle,2008,3800000,E,,,,
96,344,"China, Hong Kong SAR",866,Cattle,2008,1600,E,,,,
214,158,"China, Taiwan Province of",866,Cattle,2008,133675,A,,,,
41,156,"China, mainland",866,Cattle,2008,82680000,X,,,,
44,170,Colombia,866,Cattle,2008,26877824,A,,,,
45,174,Comoros,866,Cattle,2008,50000,E,,,,
46,178,Congo,866,Cattle,2008,325000,E,,,,
47,184,Cook Islands,866,Cattle,2008,205,I,,,,
48,188,Costa Rica,866,Cattle,2008,1287100,E,,,,
49,192,Cuba,866,Cattle,2008,3821300,A,,,,
50,196,Cyprus,866,Cattle,2008,55684,A,,,,
107,384,Côte d'Ivoire,866,Cattle,2008,1537748,A,,,,
116,408,Democratic People's Republic of Korea,866,Cattle,2008,576000,A,,,,
250,180,Democratic Republic of the Congo,866,Cattle,2008,752630,A,,,,
54,208,Denmark,866,Cattle,2008,1564393,A,,,,
72,262,Djibouti,866,Cattle,2008,297000,X,,,,
55,212,Dominica,866,Cattle,2008,13500,E,,,,
56,214,Dominican Republic,866,Cattle,2008,2727300,E,,,,
58,218,Ecuador,866,Cattle,2008,4892216,A,,,,
59,818,Egypt,866,Cattle,2008,5023162,A,,,,
60,222,El Salvador,866,Cattle,2008,1397400,A,,,,
61,226,Equatorial Guinea,866,Cattle,2008,5100,E,,,,
209,748,Eswatini,866,Cattle,2008,585000,E,,,,
64,234,Faroe Islands,866,Cattle,2008,1981,A,,,,
66,242,Fiji,866,Cattle,2008,312000,E,,,,
67,246,Finland,866,Cattle,2008,915345,A,,,,
68,250,France,866,Cattle,2008,20046940,A,,,,
70,258,French Polynesia,866,Cattle,2008,7200,E,,,,
74,266,Gabon,866,Cattle,2008,36500,E,,,,
75,270,Gambia,866,Cattle,2008,420000,A,,,,
79,276,Germany,866,Cattle,2008,12969674,A,,,,
81,288,Ghana,866,Cattle,2008,1422000,A,,,,
84,300,Greece,866,Cattle,2008,623643,A,,,,
86,308,Grenada,866,Cattle,2008,5400,I,,,,
89,320,Guatemala,866,Cattle,2008,3036400,A,,,,
90,324,Guinea,866,Cattle,2008,4408956,A,,,,
175,624,Guinea-Bissau,866,Cattle,2008,599200,E,,,,
91,328,Guyana,866,Cattle,2008,110000,E,,,,
93,332,Haiti,866,Cattle,2008,1455000,E,,,,
95,340,Honduras,866,Cattle,2008,2544888,A,,,,
97,348,Hungary,866,Cattle,2008,705000,A,,,,
99,352,Iceland,866,Cattle,2008,72012,A,,,,
100,356,India,866,Cattle,2008,197444992,X,,,,
101,360,Indonesia,866,Cattle,2008,12256604,A,,,,
102,364,Iran (Islamic Republic of),866,Cattle,2008,7089000,A,,,,
103,368,Iraq,866,Cattle,2008,1580000,A,,,,
104,372,Ireland,866,Cattle,2008,6902100,A,,,,
105,376,Israel,866,Cattle,2008,416000,A,,,,
106,380,Italy,866,Cattle,2008,6283000,A,,,,
109,388,Jamaica,866,Cattle,2008,176000,E,,,,
110,392,Japan,866,Cattle,2008,4423000,A,,,,
112,400,Jordan,866,Cattle,2008,79380,A,,,,
114,404,Kenya,866,Cattle,2008,18383184,A,,,,
118,414,Kuwait,866,Cattle,2008,32931,A,,,,
120,418,Lao People's Democratic Republic,866,Cattle,2008,1397000,A,,,,
121,422,Lebanon,866,Cattle,2008,76900,A,,,,
122,426,Lesotho,866,Cattle,2008,616159,A,,,,
123,430,Liberia,866,Cattle,2008,38500,E,,,,
124,434,Libya,866,Cattle,2008,185000,A,,,,
129,450,Madagascar,866,Cattle,2008,9730000,A,,,,
130,454,Malawi,866,Cattle,2008,947498,A,,,,
131,458,Malaysia,866,Cattle,2008,851227,A,,,,
133,466,Mali,866,Cattle,2008,8141459,A,,,,
134,470,Malta,866,Cattle,2008,19442,A,,,,
136,478,Mauritania,866,Cattle,2008,1421000,A,,,,
137,480,Mauritius,866,Cattle,2008,7327,A,,,,
138,484,Mexico,866,Cattle,2008,31760962,A,,,,
141,496,Mongolia,866,Cattle,2008,2503400,A,,,,
143,504,Morocco,866,Cattle,2008,2814000,A,,,,
144,508,Mozambique,866,Cattle,2008,1358000,A,,,,
28,104,Myanmar,866,Cattle,2008,12929242,A,,,,
147,516,Namibia,866,Cattle,2008,2542000,X,,,,
149,524,Nepal,866,Cattle,2008,7090714,A,,,,
150,528,Netherlands (Kingdom of the),866,Cattle,2008,3890000,A,,,,
153,540,New Caledonia,866,Cattle,2008,90000,E,,,,
156,554,New Zealand,866,Cattle,2008,9715312,A,,,,
157,558,Nicaragua,866,Cattle,2008,3600000,E,,,,
158,562,Niger,866,Cattle,2008,8737398,A,,,,
159,566,Nigeria,866,Cattle,2008,16293200,A,,,,
160,570,Niue,866,Cattle,2008,113,I,,,,
162,578,Norway,866,Cattle,2008,891170,A,,,,
221,512,Oman,866,Cattle,2008,319900,A,,,,
165,586,Pakistan,866,Cattle,2008,31830000,A,,,,
166,591,Panama,866,Cattle,2008,1603100,A,,,,
168,598,Papua New Guinea,866,Cattle,2008,94000,E,,,,
169,600,Paraguay,866,Cattle,2008,10496641,A,,,,
170,604,Peru,866,Cattle,2008,5442989,A,,,,
171,608,Philippines,866,Cattle,2008,2566490,A,,,,
173,616,Poland,866,Cattle,2008,5756639,A,,,,
174,620,Portugal,866,Cattle,2008,1491000,A,,,,
177,630,Puerto Rico,866,Cattle,2008,327328,I,,,,
179,634,Qatar,866,Cattle,2008,7000,A,,,,
117,410,Republic of Korea,866,Cattle,2008,2876143,A,,,,
183,642,Romania,866,Cattle,2008,2819000,A,,,,
184,646,Rwanda,866,Cattle,2008,1194895,A,,,,
188,659,Saint Kitts and Nevis,866,Cattle,2008,7000,A,,,,
189,662,Saint Lucia,866,Cattle,2008,11000,E,,,,
191,670,Saint Vincent and the Grenadines,866,Cattle,2008,5100,E,,,,
244,882,Samoa,866,Cattle,2008,30000,E,,,,
193,678,Sao Tome and Principe,866,Cattle,2008,1800,E,,,,
194,682,Saudi Arabia,866,Cattle,2008,417758,A,,,,
195,686,Senegal,866,Cattle,2008,3210210,A,,,,
196,690,Seychelles,866,Cattle,2008,530,E,,,,
197,694,Sierra Leone,866,Cattle,2008,390638,A,,,,
200,702,Singapore,866,Cattle,2008,200,E,,,,
25,90,Solomon Islands,866,Cattle,2008,14500,E,,,,
201,706,Somalia,866,Cattle,2008,4800000,E,,,,
202,710,South Africa,866,Cattle,2008,13865431,A,,,,
203,724,Spain,866,Cattle,2008,6020200,A,,,,
38,144,Sri Lanka,866,Cattle,2008,1195610,A,,,,
207,740,Suriname,866,Cattle,2008,49035,A,,,,
210,752,Sweden,866,Cattle,2008,1558381,A,,,,
211,756,Switzerland,866,Cattle,2008,1604287,A,,,,
212,760,Syrian Arab Republic,866,Cattle,2008,1109000,A,,,,
216,764,Thailand,866,Cattle,2008,6699999,A,,,,
176,626,Timor-Leste,866,Cattle,2008,145343,A,,,,
217,768,Togo,866,Cattle,2008,302500,A,,,,
219,776,Tonga,866,Cattle,2008,11300,E,,,,
220,780,Trinidad and Tobago,866,Cattle,2008,31000,E,,,,
222,788,Tunisia,866,Cattle,2008,694660,A,,,,
223,792,Türkiye,866,Cattle,2008,10859942,A,,,,
226,800,Uganda,866,Cattle,2008,11408740,A,,,,
225,784,United Arab Emirates,866,Cattle,2008,65179,A,,,,
229,826,United Kingdom of Great Britain and Northern Ireland,866,Cattle,2008,10107000,A,,,,
215,834,United Republic of Tanzania,866,Cattle,2008,18800000,A,,,,
231,840,United States of America,866,Cattle,2008,96034500,A,,,,
234,858,Uruguay,866,Cattle,2008,12657000,A,,,,
155,548,Vanuatu,866,Cattle,2008,175000,E,,,,
236,862,Venezuela (Bolivarian Republic of),866,Cattle,2008,16987936,A,,,,
237,704,Viet Nam,866,Cattle,2008,6337700,A,,,,
249,887,Yemen,866,Cattle,2008,1531000,A,,,,
251,894,Zambia,866,Cattle,2008,2315327,A,,,,
181,716,Zimbabwe,866,Cattle,2008,5012000,A,,,,
52,31,Azerbaijan,866,Cattle,2009,2255000,A,,,,
98,191,Croatia,866,Cattle,2009,447000,A,,,,
198,705,Slovenia,866,Cattle,2009,469983,A,,,,
145,583,Micronesia (Federated States of),866,Cattle,2009,15000,E,,,,
272,688,Serbia,866,Cattle,2009,1002295,A,,,,
113,417,Kyrgyzstan,866,Cattle,2009,1278070,A,,,,
146,498,Republic of Moldova,866,Cattle,2009,217712,A,,,,
230,804,Ukraine,866,Cattle,2009,5079000,A,,,,
63,233,Estonia,866,Cattle,2009,237900,A,,,,
154,807,North Macedonia,866,Cattle,2009,252521,A,,,,
273,499,Montenegro,866,Cattle,2009,84280,A,,,,
167,203,Czechia,866,Cattle,2009,1363213,A,,,,
178,232,Eritrea,866,Cattle,2009,2046339,A,,,,
199,703,Slovakia,866,Cattle,2009,488381,A,,,,
185,643,Russian Federation,866,Cattle,2009,21038029,A,,,,
235,860,Uzbekistan,866,Cattle,2009,8026300,A,,,,
57,112,Belarus,866,Cattle,2009,4130500,A,,,,
206,736,Sudan (former),866,Cattle,2009,41563000,A,,,,
119,428,Latvia,866,Cattle,2009,380200,A,,,,
80,70,Bosnia and Herzegovina,866,Cattle,2009,457743,A,,,,
126,440,Lithuania,866,Cattle,2009,770900,A,,,,
208,762,Tajikistan,866,Cattle,2009,1799500,A,,,,
238,231,Ethiopia,866,Cattle,2009,50884004,A,,,,
299,275,Palestine,866,Cattle,2009,32000,E,,,,
108,398,Kazakhstan,866,Cattle,2009,5991600,A,,,,
256,442,Luxembourg,866,Cattle,2009,196470,A,,,,
73,268,Georgia,866,Cattle,2009,997800,A,,,,
213,795,Turkmenistan,866,Cattle,2009,2153900,A,,,,
1,51,Armenia,866,Cattle,2009,584779,A,,,,
255,56,Belgium,866,Cattle,2009,2600453,A,,,,
2,4,Afghanistan,866,Cattle,2009,4721000,A,,,,
3,8,Albania,866,Cattle,2009,494000,A,,,,
4,12,Algeria,866,Cattle,2009,1682433,A,,,,
7,24,Angola,866,Cattle,2009,4389105,A,,,,
8,28,Antigua and Barbuda,866,Cattle,2009,6551,I,,,,
9,32,Argentina,866,Cattle,2009,54463872,A,,,,
10,36,Australia,866,Cattle,2009,27906764,A,,,,
11,40,Austria,866,Cattle,2009,1997209,A,,,,
12,44,Bahamas,866,Cattle,2009,750,E,,,,
13,48,Bahrain,866,Cattle,2009,7200,A,,,,
16,50,Bangladesh,866,Cattle,2009,22976000,A,,,,
14,52,Barbados,866,Cattle,2009,10700,E,,,,
23,84,Belize,866,Cattle,2009,91129,A,,,,
53,204,Benin,866,Cattle,2009,1954000,A,,,,
18,64,Bhutan,866,Cattle,2009,346658,A,,,,
19,68,Bolivia (Plurinational State of),866,Cattle,2009,7985230,A,,,,
20,72,Botswana,866,Cattle,2009,2412635,A,,,,
21,76,Brazil,866,Cattle,2009,205307954,A,,,,
26,96,Brunei Darussalam,866,Cattle,2009,852,A,,,,
27,100,Bulgaria,866,Cattle,2009,564904,A,,,,
233,854,Burkina Faso,866,Cattle,2009,8233845,A,,,,
29,108,Burundi,866,Cattle,2009,554234,A,,,,
35,132,Cabo Verde,866,Cattle,2009,26000,E,,,,
115,116,Cambodia,866,Cattle,2009,3579882,A,,,,
32,120,Cameroon,866,Cattle,2009,5000300,A,,,,
33,124,Canada,866,Cattle,2009,13030000,A,,,,
37,140,Central African Republic,866,Cattle,2009,3807000,A,,,,
39,148,Chad,866,Cattle,2009,18252000,E,,,,
40,152,Chile,866,Cattle,2009,3850000,E,,,,
96,344,"China, Hong Kong SAR",866,Cattle,2009,1500,E,,,,
214,158,"China, Taiwan Province of",866,Cattle,2009,130351,A,,,,
41,156,"China, mainland",866,Cattle,2009,70251020,E,,,,
44,170,Colombia,866,Cattle,2009,26431640,A,,,,
45,174,Comoros,866,Cattle,2009,50000,E,,,,
46,178,Congo,866,Cattle,2009,310000,E,,,,
47,184,Cook Islands,866,Cattle,2009,209,I,,,,
48,188,Costa Rica,866,Cattle,2009,1300000,E,,,,
49,192,Cuba,866,Cattle,2009,3892800,A,,,,
50,196,Cyprus,866,Cattle,2009,54097,A,,,,
107,384,Côte d'Ivoire,866,Cattle,2009,1573116,A,,,,
116,408,Democratic People's Republic of Korea,866,Cattle,2009,576000,A,,,,
250,180,Democratic Republic of the Congo,866,Cattle,2009,751200,A,,,,
54,208,Denmark,866,Cattle,2009,1540340,A,,,,
72,262,Djibouti,866,Cattle,2009,297000,X,,,,
55,212,Dominica,866,Cattle,2009,13500,E,,,,
56,214,Dominican Republic,866,Cattle,2009,2800700,E,,,,
58,218,Ecuador,866,Cattle,2009,5194725,A,,,,
59,818,Egypt,866,Cattle,2009,4524950,A,,,,
60,222,El Salvador,866,Cattle,2009,1342510,A,,,,
61,226,Equatorial Guinea,866,Cattle,2009,5100,E,,,,
209,748,Eswatini,866,Cattle,2009,585000,E,,,,
64,234,Faroe Islands,866,Cattle,2009,2043,A,,,,
66,242,Fiji,866,Cattle,2009,310000,E,,,,
67,246,Finland,866,Cattle,2009,918268,A,,,,
68,250,France,866,Cattle,2009,19805378,A,,,,
70,258,French Polynesia,866,Cattle,2009,7300,E,,,,
74,266,Gabon,866,Cattle,2009,36500,E,,,,
75,270,Gambia,866,Cattle,2009,432000,A,,,,
79,276,Germany,866,Cattle,2009,12944903,A,,,,
81,288,Ghana,866,Cattle,2009,1438000,A,,,,
84,300,Greece,866,Cattle,2009,626301,A,,,,
86,308,Grenada,866,Cattle,2009,5483,I,,,,
89,320,Guatemala,866,Cattle,2009,3215100,A,,,,
90,324,Guinea,866,Cattle,2009,4650780,A,,,,
175,624,Guinea-Bissau,866,Cattle,2009,620000,E,,,,
91,328,Guyana,866,Cattle,2009,110900,E,,,,
93,332,Haiti,866,Cattle,2009,1455000,E,,,,
95,340,Honduras,866,Cattle,2009,2673251,A,,,,
97,348,Hungary,866,Cattle,2009,701000,A,,,,
99,352,Iceland,866,Cattle,2009,73498,A,,,,
100,356,India,866,Cattle,2009,195815008,X,,,,
101,360,Indonesia,866,Cattle,2009,12759838,A,,,,
102,364,Iran (Islamic Republic of),866,Cattle,2009,7257000,A,,,,
103,368,Iraq,866,Cattle,2009,2552000,A,,,,
104,372,Ireland,866,Cattle,2009,6890700,A,,,,
105,376,Israel,866,Cattle,2009,400000,A,,,,
106,380,Italy,866,Cattle,2009,6179000,A,,,,
109,388,Jamaica,866,Cattle,2009,168000,E,,,,
110,392,Japan,866,Cattle,2009,4423000,A,,,,
112,400,Jordan,866,Cattle,2009,64520,A,,,,
114,404,Kenya,866,Cattle,2009,17467774,A,,,,
118,414,Kuwait,866,Cattle,2009,35822,A,,,,
120,418,Lao People's Democratic Republic,866,Cattle,2009,1430000,A,,,,
121,422,Lebanon,866,Cattle,2009,74900,A,,,,
122,426,Lesotho,866,Cattle,2009,616562,A,,,,
123,430,Liberia,866,Cattle,2009,39000,E,,,,
124,434,Libya,866,Cattle,2009,190000,X,,,,
129,450,Madagascar,866,Cattle,2009,9805000,A,,,,
130,454,Malawi,866,Cattle,2009,982921,A,,,,
131,458,Malaysia,866,Cattle,2009,860491,A,,,,
133,466,Mali,866,Cattle,2009,8395703,A,,,,
134,470,Malta,866,Cattle,2009,16264,A,,,,
136,478,Mauritania,866,Cattle,2009,1699000,A,,,,
137,480,Mauritius,866,Cattle,2009,7237,A,,,,
138,484,Mexico,866,Cattle,2009,32307070,A,,,,
141,496,Mongolia,866,Cattle,2009,2599300,A,,,,
143,504,Morocco,866,Cattle,2009,2788100,A,,,,
144,508,Mozambique,866,Cattle,2009,1277044,A,,,,
28,104,Myanmar,866,Cattle,2009,13185521,A,,,,
147,516,Namibia,866,Cattle,2009,2471000,X,,,,
149,524,Nepal,866,Cattle,2009,7175198,A,,,,
150,528,Netherlands (Kingdom of the),866,Cattle,2009,3967600,A,,,,
153,540,New Caledonia,866,Cattle,2009,90000,E,,,,
156,554,New Zealand,866,Cattle,2009,9961494,A,,,,
157,558,Nicaragua,866,Cattle,2009,3650000,E,,,,
158,562,Niger,866,Cattle,2009,9261642,A,,,,
159,566,Nigeria,866,Cattle,2009,16434978,A,,,,
160,570,Niue,866,Cattle,2009,113,I,,,,
162,578,Norway,866,Cattle,2009,878134,A,,,,
221,512,Oman,866,Cattle,2009,325500,A,,,,
165,586,Pakistan,866,Cattle,2009,33029000,A,,,,
166,591,Panama,866,Cattle,2009,1621100,A,,,,
168,598,Papua New Guinea,866,Cattle,2009,94000,E,,,,
169,600,Paraguay,866,Cattle,2009,11643386,A,,,,
170,604,Peru,866,Cattle,2009,5459435,A,,,,
171,608,Philippines,866,Cattle,2009,2586000,A,,,,
173,616,Poland,866,Cattle,2009,5700017,A,,,,
174,620,Portugal,866,Cattle,2009,1495000,A,,,,
177,630,Puerto Rico,866,Cattle,2009,311962,I,,,,
179,634,Qatar,866,Cattle,2009,11111,A,,,,
117,410,Republic of Korea,866,Cattle,2009,3079353,A,,,,
183,642,Romania,866,Cattle,2009,2684000,A,,,,
184,646,Rwanda,866,Cattle,2009,1218518,A,,,,
188,659,Saint Kitts and Nevis,866,Cattle,2009,7000,A,,,,
189,662,Saint Lucia,866,Cattle,2009,11000,E,,,,
191,670,Saint Vincent and the Grenadines,866,Cattle,2009,5200,E,,,,
244,882,Samoa,866,Cattle,2009,38949,A,,,,
193,678,Sao Tome and Principe,866,Cattle,2009,1650,E,,,,
194,682,Saudi Arabia,866,Cattle,2009,424489,A,,,,
195,686,Senegal,866,Cattle,2009,3260880,A,,,,
196,690,Seychelles,866,Cattle,2009,350,E,,,,
197,694,Sierra Leone,866,Cattle,2009,470000,A,,,,
200,702,Singapore,866,Cattle,2009,200,E,,,,
25,90,Solomon Islands,866,Cattle,2009,14500,E,,,,
201,706,Somalia,866,Cattle,2009,4780000,E,,,,
202,710,South Africa,866,Cattle,2009,13761161,A,,,,
203,724,Spain,866,Cattle,2009,6082400,A,,,,
38,144,Sri Lanka,866,Cattle,2009,1136860,A,,,,
207,740,Suriname,866,Cattle,2009,53610,A,,,,
210,752,Sweden,866,Cattle,2009,1538281,A,,,,
211,756,Switzerland,866,Cattle,2009,1597484,A,,,,
212,760,Syrian Arab Republic,866,Cattle,2009,1084542,A,,,,
216,764,Thailand,866,Cattle,2009,6647325,A,,,,
176,626,Timor-Leste,866,Cattle,2009,148402,A,,,,
217,768,Togo,866,Cattle,2009,307500,A,,,,
219,776,Tonga,866,Cattle,2009,11300,E,,,,
220,780,Trinidad and Tobago,866,Cattle,2009,32000,E,,,,
222,788,Tunisia,866,Cattle,2009,679080,A,,,,
223,792,Türkiye,866,Cattle,2009,10723958,A,,,,
226,800,Uganda,866,Cattle,2009,11751002,A,,,,
225,784,United Arab Emirates,866,Cattle,2009,103909,A,,,,
229,826,United Kingdom of Great Britain and Northern Ireland,866,Cattle,2009,10025000,A,,,,
215,834,United Republic of Tanzania,866,Cattle,2009,19100000,A,,,,
231,840,United States of America,866,Cattle,2009,94721000,A,,,,
234,858,Uruguay,866,Cattle,2009,12490000,A,,,,
155,548,Vanuatu,866,Cattle,2009,160000,E,,,,
236,862,Venezuela (Bolivarian Republic of),866,Cattle,2009,17000000,E,,,,
237,704,Viet Nam,866,Cattle,2009,6103300,A,,,,
249,887,Yemen,866,Cattle,2009,1567295,A,,,,
251,894,Zambia,866,Cattle,2009,3038000,A,,,,
181,716,Zimbabwe,866,Cattle,2009,5331000,A,,,,
238,231,Ethiopia,866,Cattle,2010,53382192,A,,,,
154,807,North Macedonia,866,Cattle,2010,259887,A,,,,
199,703,Slovakia,866,Cattle,2010,471965,A,,,,
230,804,Ukraine,866,Cattle,2010,4826700,A,,,,
255,56,Belgium,866,Cattle,2010,2593000,A,,,,
299,275,Palestine,866,Cattle,2010,33925,A,,,,
113,417,Kyrgyzstan,866,Cattle,2010,1298825,A,,,,
206,736,Sudan (former),866,Cattle,2010,41761000,A,,,,
63,233,Estonia,866,Cattle,2010,234700,A,,,,
146,498,Republic of Moldova,866,Cattle,2010,221622,A,,,,
98,191,Croatia,866,Cattle,2010,444000,A,,,,
108,398,Kazakhstan,866,Cattle,2010,6095200,A,,,,
256,442,Luxembourg,866,Cattle,2010,198892,A,,,,
73,268,Georgia,866,Cattle,2010,1032400,A,,,,
52,31,Azerbaijan,866,Cattle,2010,2299700,A,,,,
208,762,Tajikistan,866,Cattle,2010,1829997,A,,,,
213,795,Turkmenistan,866,Cattle,2010,2174600,A,,,,
80,70,Bosnia and Herzegovina,866,Cattle,2010,462368,A,,,,
119,428,Latvia,866,Cattle,2010,378200,A,,,,
126,440,Lithuania,866,Cattle,2010,759400,A,,,,
198,705,Slovenia,866,Cattle,2010,472878,A,,,,
235,860,Uzbekistan,866,Cattle,2010,8510800,A,,,,
1,51,Armenia,866,Cattle,2010,570633,A,,,,
57,112,Belarus,866,Cattle,2010,4151000,A,,,,
273,499,Montenegro,866,Cattle,2010,80208,A,,,,
167,203,Czechia,866,Cattle,2010,1349286,A,,,,
272,688,Serbia,866,Cattle,2010,938038,A,,,,
185,643,Russian Federation,866,Cattle,2010,20671328,A,,,,
178,232,Eritrea,866,Cattle,2010,2056570,E,,,,
145,583,Micronesia (Federated States of),866,Cattle,2010,15000,E,,,,
2,4,Afghanistan,866,Cattle,2010,5673000,A,,,,
3,8,Albania,866,Cattle,2010,493000,A,,,,
4,12,Algeria,866,Cattle,2010,1747700,A,,,,
7,24,Angola,866,Cattle,2010,4487838,A,,,,
8,28,Antigua and Barbuda,866,Cattle,2010,5000,A,,,,
9,32,Argentina,866,Cattle,2010,48949744,A,,,,
10,36,Australia,866,Cattle,2010,26733000,A,,,,
11,40,Austria,866,Cattle,2010,2026260,A,,,,
12,44,Bahamas,866,Cattle,2010,750,E,,,,
13,48,Bahrain,866,Cattle,2010,10000,E,,,,
16,50,Bangladesh,866,Cattle,2010,23051000,A,,,,
14,52,Barbados,866,Cattle,2010,11000,E,,,,
23,84,Belize,866,Cattle,2010,92670,X,,,,
53,204,Benin,866,Cattle,2010,2005000,A,,,,
18,64,Bhutan,866,Cattle,2010,350579,A,,,,
19,68,Bolivia (Plurinational State of),866,Cattle,2010,8189786,A,,,,
20,72,Botswana,866,Cattle,2010,2648842,A,,,,
21,76,Brazil,866,Cattle,2010,209541109,A,,,,
26,96,Brunei Darussalam,866,Cattle,2010,852,A,,,,
27,100,Bulgaria,866,Cattle,2010,539555,A,,,,
233,854,Burkina Faso,866,Cattle,2010,8398499,A,,,,
29,108,Burundi,866,Cattle,2010,596412,A,,,,
35,132,Cabo Verde,866,Cattle,2010,24000,E,,,,
115,116,Cambodia,866,Cattle,2010,3484601,A,,,,
32,120,Cameroon,866,Cattle,2010,4843104,A,,,,
33,124,Canada,866,Cattle,2010,12670000,A,,,,
37,140,Central African Republic,866,Cattle,2010,3893000,A,,,,
39,148,Chad,866,Cattle,2010,19221000,E,,,,
40,152,Chile,866,Cattle,2010,3830000,E,,,,
96,344,"China, Hong Kong SAR",866,Cattle,2010,1600,E,,,,
214,158,"China, Taiwan Province of",866,Cattle,2010,129851,A,,,,
41,156,"China, mainland",866,Cattle,2010,68739790,E,,,,
44,170,Colombia,866,Cattle,2010,27329066,A,,,,
45,174,Comoros,866,Cattle,2010,50000,E,,,,
46,178,Congo,866,Cattle,2010,330000,E,,,,
47,184,Cook Islands,866,Cattle,2010,213,I,,,,
48,188,Costa Rica,866,Cattle,2010,1350000,E,,,,
49,192,Cuba,866,Cattle,2010,3992500,A,,,,
50,196,Cyprus,866,Cattle,2010,54715,A,,,,
107,384,Côte d'Ivoire,866,Cattle,2010,1581582,A,,,,
116,408,Democratic People's Republic of Korea,866,Cattle,2010,577000,A,,,,
250,180,Democratic Republic of the Congo,866,Cattle,2010,749779,A,,,,
54,208,Denmark,866,Cattle,2010,1571050,A,,,,
72,262,Djibouti,866,Cattle,2010,297000,X,,,,
55,212,Dominica,866,Cattle,2010,13500,E,,,,
56,214,Dominican Republic,866,Cattle,2010,2900000,E,,,,
58,218,Ecuador,866,Cattle,2010,5253536,A,,,,
59,818,Egypt,866,Cattle,2010,4728721,A,,,,
60,222,El Salvador,866,Cattle,2010,1247422,A,,,,
61,226,Equatorial Guinea,866,Cattle,2010,5200,E,,,,
209,748,Eswatini,866,Cattle,2010,620000,E,,,,
64,234,Faroe Islands,866,Cattle,2010,1990,A,,,,
66,242,Fiji,866,Cattle,2010,309000,E,,,,
67,246,Finland,866,Cattle,2010,925808,A,,,,
68,250,France,866,Cattle,2010,19555173,A,,,,
70,258,French Polynesia,866,Cattle,2010,7300,E,,,,
74,266,Gabon,866,Cattle,2010,37000,E,,,,
75,270,Gambia,866,Cattle,2010,425000,A,,,,
79,276,Germany,866,Cattle,2010,12809492,A,,,,
81,288,Ghana,866,Cattle,2010,1454000,A,,,,
84,300,Greece,866,Cattle,2010,627192,A,,,,
86,308,Grenada,866,Cattle,2010,5566,I,,,,
89,320,Guatemala,866,Cattle,2010,3356400,A,,,,
90,324,Guinea,866,Cattle,2010,4932851,A,,,,
175,624,Guinea-Bissau,866,Cattle,2010,641500,E,,,,
91,328,Guyana,866,Cattle,2010,112800,E,,,,
93,332,Haiti,866,Cattle,2010,1455000,E,,,,
95,340,Honduras,866,Cattle,2010,2694881,A,,,,
97,348,Hungary,866,Cattle,2010,700000,A,,,,
99,352,Iceland,866,Cattle,2010,73781,A,,,,
100,356,India,866,Cattle,2010,194184992,X,,,,
101,360,Indonesia,866,Cattle,2010,13581570,A,,,,
102,364,Iran (Islamic Republic of),866,Cattle,2010,7432000,A,,,,
103,368,Iraq,866,Cattle,2010,2629000,A,,,,
104,372,Ireland,866,Cattle,2010,6606600,A,,,,
105,376,Israel,866,Cattle,2010,430000,A,,,,
106,380,Italy,866,Cattle,2010,6103000,A,,,,
109,388,Jamaica,866,Cattle,2010,170000,E,,,,
110,392,Japan,866,Cattle,2010,4376000,A,,,,
112,400,Jordan,866,Cattle,2010,65390,A,,,,
114,404,Kenya,866,Cattle,2010,17862852,A,,,,
118,414,Kuwait,866,Cattle,2010,35705,A,,,,
120,418,Lao People's Democratic Republic,866,Cattle,2010,1474000,A,,,,
121,422,Lebanon,866,Cattle,2010,68568,A,,,,
122,426,Lesotho,866,Cattle,2010,626343,A,,,,
123,430,Liberia,866,Cattle,2010,39500,E,,,,
124,434,Libya,866,Cattle,2010,195000,X,,,,
129,450,Madagascar,866,Cattle,2010,9881130,A,,,,
130,454,Malawi,866,Cattle,2010,1069854,A,,,,
131,458,Malaysia,866,Cattle,2010,836859,A,,,,
133,466,Mali,866,Cattle,2010,8896392,A,,,,
134,470,Malta,866,Cattle,2010,14954,A,,,,
136,478,Mauritania,866,Cattle,2010,1701112,A,,,,
137,480,Mauritius,866,Cattle,2010,7491,A,,,,
138,484,Mexico,866,Cattle,2010,32642134,A,,,,
141,496,Mongolia,866,Cattle,2010,2175999,A,,,,
143,504,Morocco,866,Cattle,2010,2895800,A,,,,
144,508,Mozambique,866,Cattle,2010,1277044,A,,,,
28,104,Myanmar,866,Cattle,2010,13608909,A,,,,
147,516,Namibia,866,Cattle,2010,2400000,E,,,,
149,524,Nepal,866,Cattle,2010,7199260,A,,,,
150,528,Netherlands (Kingdom of the),866,Cattle,2010,3975190,A,,,,
153,540,New Caledonia,866,Cattle,2010,90000,E,,,,
156,554,New Zealand,866,Cattle,2010,9863972,A,,,,
157,558,Nicaragua,866,Cattle,2010,3700000,E,,,,
158,562,Niger,866,Cattle,2010,9011897,A,,,,
159,566,Nigeria,866,Cattle,2010,16577962,A,,,,
160,570,Niue,866,Cattle,2010,113,I,,,,
162,578,Norway,866,Cattle,2010,874529,A,,,,
221,512,Oman,866,Cattle,2010,332780,A,,,,
165,586,Pakistan,866,Cattle,2010,34285000,A,,,,
166,591,Panama,866,Cattle,2010,1640900,A,,,,
168,598,Papua New Guinea,866,Cattle,2010,94000,E,,,,
169,600,Paraguay,866,Cattle,2010,12305442,A,,,,
170,604,Peru,866,Cattle,2010,5520200,A,,,,
171,608,Philippines,866,Cattle,2010,2570900,A,,,,
173,616,Poland,866,Cattle,2010,5742094,A,,,,
174,620,Portugal,866,Cattle,2010,1447000,A,,,,
177,630,Puerto Rico,866,Cattle,2010,296621,I,,,,
179,634,Qatar,866,Cattle,2010,11422,A,,,,
117,410,Republic of Korea,866,Cattle,2010,3351391,A,,,,
183,642,Romania,866,Cattle,2010,2512300,A,,,,
184,646,Rwanda,866,Cattle,2010,1334820,A,,,,
188,659,Saint Kitts and Nevis,866,Cattle,2010,7000,A,,,,
189,662,Saint Lucia,866,Cattle,2010,11000,E,,,,
191,670,Saint Vincent and the Grenadines,866,Cattle,2010,5200,E,,,,
244,882,Samoa,866,Cattle,2010,41555,I,,,,
193,678,Sao Tome and Principe,866,Cattle,2010,1300,E,,,,
194,682,Saudi Arabia,866,Cattle,2010,393324,A,,,,
195,686,Senegal,866,Cattle,2010,3313055,A,,,,
196,690,Seychelles,866,Cattle,2010,340,E,,,,
197,694,Sierra Leone,866,Cattle,2010,517000,A,,,,
200,702,Singapore,866,Cattle,2010,200,E,,,,
25,90,Solomon Islands,866,Cattle,2010,14500,E,,,,
201,706,Somalia,866,Cattle,2010,4800000,E,,,,
202,710,South Africa,866,Cattle,2010,13731044,A,,,,
203,724,Spain,866,Cattle,2010,6075100,A,,,,
38,144,Sri Lanka,866,Cattle,2010,1169670,A,,,,
207,740,Suriname,866,Cattle,2010,58150,A,,,,
210,752,Sweden,866,Cattle,2010,1536700,A,,,,
211,756,Switzerland,866,Cattle,2010,1591233,A,,,,
212,760,Syrian Arab Republic,866,Cattle,2010,1010000,A,,,,
216,764,Thailand,866,Cattle,2010,6497996,A,,,,
176,626,Timor-Leste,866,Cattle,2010,161654,A,,,,
217,768,Togo,866,Cattle,2010,309411,A,,,,
219,776,Tonga,866,Cattle,2010,11300,E,,,,
220,780,Trinidad and Tobago,866,Cattle,2010,32500,E,,,,
222,788,Tunisia,866,Cattle,2010,670900,A,,,,
223,792,Türkiye,866,Cattle,2010,11369800,A,,,,
226,800,Uganda,866,Cattle,2010,12103532,A,,,,
225,784,United Arab Emirates,866,Cattle,2010,100860,A,,,,
229,826,United Kingdom of Great Britain and Northern Ireland,866,Cattle,2010,10112000,A,,,,
215,834,United Republic of Tanzania,866,Cattle,2010,19245648,A,,,,
231,840,United States of America,866,Cattle,2010,94081200,A,,,,
234,858,Uruguay,866,Cattle,2010,11800000,X,,,,
155,548,Vanuatu,866,Cattle,2010,165000,E,,,,
236,862,Venezuela (Bolivarian Republic of),866,Cattle,2010,14134039,A,,,,
237,704,Viet Nam,866,Cattle,2010,5808300,A,,,,
249,887,Yemen,866,Cattle,2010,1605000,A,,,,
251,894,Zambia,866,Cattle,2010,3100000,E,,,,
181,716,Zimbabwe,866,Cattle,2010,5773620,A,,,,
52,31,Azerbaijan,866,Cattle,2011,2336600,A,,,,
108,398,Kazakhstan,866,Cattle,2011,6175300,A,,,,
126,440,Lithuania,866,Cattle,2011,748000,A,,,,
146,498,Republic of Moldova,866,Cattle,2011,215951,A,,,,
98,191,Croatia,866,Cattle,2011,446555,A,,,,
119,428,Latvia,866,Cattle,2011,379500,A,,,,
238,231,Ethiopia,866,Cattle,2011,52129016,A,,,,
299,275,Palestine,866,Cattle,2011,39625,A,,,,
255,56,Belgium,866,Cattle,2011,2560319,A,,,,
113,417,Kyrgyzstan,866,Cattle,2011,1338583,A,,,,
235,860,Uzbekistan,866,Cattle,2011,9094700,A,,,,
63,233,Estonia,866,Cattle,2011,236300,A,,,,
272,688,Serbia,866,Cattle,2011,936570,A,,,,
230,804,Ukraine,866,Cattle,2011,4494400,A,,,,
198,705,Slovenia,866,Cattle,2011,470151,A,,,,
178,232,Eritrea,866,Cattle,2011,2065000,E,,,,
256,442,Luxembourg,866,Cattle,2011,192535,A,,,,
185,643,Russian Federation,866,Cattle,2011,19967864,A,,,,
73,268,Georgia,866,Cattle,2011,1070500,A,,,,
80,70,Bosnia and Herzegovina,866,Cattle,2011,455258,A,,,,
145,583,Micronesia (Federated States of),866,Cattle,2011,16000,E,,,,
199,703,Slovakia,866,Cattle,2011,467125,A,,,,
208,762,Tajikistan,866,Cattle,2011,1896894,A,,,,
213,795,Turkmenistan,866,Cattle,2011,2196300,A,,,,
57,112,Belarus,866,Cattle,2011,4151300,A,,,,
273,499,Montenegro,866,Cattle,2011,79301,A,,,,
154,807,North Macedonia,866,Cattle,2011,265299,A,,,,
1,51,Armenia,866,Cattle,2011,571357,A,,,,
206,736,Sudan (former),866,Cattle,2011,41366000,A,,,,
167,203,Czechia,866,Cattle,2011,1343686,A,,,,
2,4,Afghanistan,866,Cattle,2011,5524000,A,,,,
3,8,Albania,866,Cattle,2011,492000,A,,,,
4,12,Algeria,866,Cattle,2011,1790140,A,,,,
7,24,Angola,866,Cattle,2011,4586570,A,,,,
8,28,Antigua and Barbuda,866,Cattle,2011,5000,A,,,,
9,32,Argentina,866,Cattle,2011,47972660,A,,,,
10,36,Australia,866,Cattle,2011,28506168,A,,,,
11,40,Austria,866,Cattle,2011,2013281,A,,,,
12,44,Bahamas,866,Cattle,2011,750,E,,,,
13,48,Bahrain,866,Cattle,2011,10000,E,,,,
16,50,Bangladesh,866,Cattle,2011,23121000,A,,,,
14,52,Barbados,866,Cattle,2011,10800,E,,,,
23,84,Belize,866,Cattle,2011,98260,X,,,,
53,204,Benin,866,Cattle,2011,2058000,A,,,,
18,64,Bhutan,866,Cattle,2011,350185,A,,,,
19,68,Bolivia (Plurinational State of),866,Cattle,2011,8400439,A,,,,
20,72,Botswana,866,Cattle,2011,2554364,A,,,,
21,76,Brazil,866,Cattle,2011,212815311,A,,,,
26,96,Brunei Darussalam,866,Cattle,2011,899,A,,,,
27,100,Bulgaria,866,Cattle,2011,544456,A,,,,
233,854,Burkina Faso,866,Cattle,2011,8566448,A,,,,
29,108,Burundi,866,Cattle,2011,653580,A,,,,
35,132,Cabo Verde,866,Cattle,2011,22652,A,,,,
115,116,Cambodia,866,Cattle,2011,3406972,A,,,,
32,120,Cameroon,866,Cattle,2011,5084754,A,,,,
33,124,Canada,866,Cattle,2011,12155000,A,,,,
37,140,Central African Republic,866,Cattle,2011,4182000,A,,,,
39,148,Chad,866,Cattle,2011,20241000,E,,,,
40,152,Chile,866,Cattle,2011,3758547,A,,,,
96,344,"China, Hong Kong SAR",866,Cattle,2011,1600,E,,,,
214,158,"China, Taiwan Province of",866,Cattle,2011,136158,A,,,,
41,156,"China, mainland",866,Cattle,2011,65688000,E,,,,
44,170,Colombia,866,Cattle,2011,25156068,A,,,,
45,174,Comoros,866,Cattle,2011,50000,E,,,,
46,178,Congo,866,Cattle,2011,335000,E,,,,
47,184,Cook Islands,866,Cattle,2011,240,A,,,,
48,188,Costa Rica,866,Cattle,2011,1350000,E,,,,
49,192,Cuba,866,Cattle,2011,4059100,A,,,,
50,196,Cyprus,866,Cattle,2011,56915,A,,,,
107,384,Côte d'Ivoire,866,Cattle,2011,1582652,A,,,,
116,408,Democratic People's Republic of Korea,866,Cattle,2011,577000,A,,,,
250,180,Democratic Republic of the Congo,866,Cattle,2011,748349,A,,,,
54,208,Denmark,866,Cattle,2011,1567971,A,,,,
72,262,Djibouti,866,Cattle,2011,296000,X,,,,
55,212,Dominica,866,Cattle,2011,13750,E,,,,
56,214,Dominican Republic,866,Cattle,2011,2950000,E,,,,
58,218,Ecuador,866,Cattle,2011,5358904,A,,,,
59,818,Egypt,866,Cattle,2011,4779743,A,,,,
60,222,El Salvador,866,Cattle,2011,1015140,A,,,,
61,226,Equatorial Guinea,866,Cattle,2011,5200,E,,,,
209,748,Eswatini,866,Cattle,2011,625000,E,,,,
64,234,Faroe Islands,866,Cattle,2011,1952,A,,,,
66,242,Fiji,866,Cattle,2011,309000,E,,,,
67,246,Finland,866,Cattle,2011,914053,A,,,,
68,250,France,866,Cattle,2011,19085561,A,,,,
70,258,French Polynesia,866,Cattle,2011,7300,E,,,,
74,266,Gabon,866,Cattle,2011,37500,E,,,,
75,270,Gambia,866,Cattle,2011,398472,A,,,,
79,276,Germany,866,Cattle,2011,12562600,A,,,,
81,288,Ghana,866,Cattle,2011,1498000,A,,,,
84,300,Greece,866,Cattle,2011,627132,A,,,,
86,308,Grenada,866,Cattle,2011,5651,I,,,,
89,320,Guatemala,866,Cattle,2011,3331600,A,,,,
90,324,Guinea,866,Cattle,2011,5203407,A,,,,
175,624,Guinea-Bissau,866,Cattle,2011,650000,E,,,,
91,328,Guyana,866,Cattle,2011,112800,E,,,,
93,332,Haiti,866,Cattle,2011,1460000,E,,,,
95,340,Honduras,866,Cattle,2011,2686533,A,,,,
97,348,Hungary,866,Cattle,2011,682000,A,,,,
99,352,Iceland,866,Cattle,2011,72773,A,,,,
100,356,India,866,Cattle,2011,192555008,X,,,,
101,360,Indonesia,866,Cattle,2011,14824373,A,,,,
102,364,Iran (Islamic Republic of),866,Cattle,2011,7612000,A,,,,
103,368,Iraq,866,Cattle,2011,2707000,A,,,,
104,372,Ireland,866,Cattle,2011,6493000,A,,,,
105,376,Israel,866,Cattle,2011,432000,A,,,,
106,380,Italy,866,Cattle,2011,5832457,A,,,,
109,388,Jamaica,866,Cattle,2011,170000,E,,,,
110,392,Japan,866,Cattle,2011,4230000,A,,,,
112,400,Jordan,866,Cattle,2011,67600,A,,,,
114,404,Kenya,866,Cattle,2011,18173500,A,,,,
118,414,Kuwait,866,Cattle,2011,28745,A,,,,
120,418,Lao People's Democratic Republic,866,Cattle,2011,1538000,A,,,,
121,422,Lebanon,866,Cattle,2011,70000,A,,,,
122,426,Lesotho,866,Cattle,2011,635000,E,,,,
123,430,Liberia,866,Cattle,2011,39800,E,,,,
124,434,Libya,866,Cattle,2011,197000,E,,,,
129,450,Madagascar,866,Cattle,2011,9958000,A,,,,
130,454,Malawi,866,Cattle,2011,1110560,A,,,,
131,458,Malaysia,866,Cattle,2011,768710,A,,,,
133,466,Mali,866,Cattle,2011,9163284,A,,,,
134,470,Malta,866,Cattle,2011,15074,A,,,,
136,478,Mauritania,866,Cattle,2011,1724797,A,,,,
137,480,Mauritius,866,Cattle,2011,6596,A,,,,
138,484,Mexico,866,Cattle,2011,32936334,A,,,,
141,496,Mongolia,866,Cattle,2011,2339700,A,,,,
143,504,Morocco,866,Cattle,2011,3037930,A,,,,
144,508,Mozambique,866,Cattle,2011,1395433,I,,,,
28,104,Myanmar,866,Cattle,2011,14088043,A,,,,
147,516,Namibia,866,Cattle,2011,2350000,E,,,,
149,524,Nepal,866,Cattle,2011,7226050,A,,,,
150,528,Netherlands (Kingdom of the),866,Cattle,2011,3885350,A,,,,
153,540,New Caledonia,866,Cattle,2011,90000,E,,,,
156,554,New Zealand,866,Cattle,2011,10020917,A,,,,
157,558,Nicaragua,866,Cattle,2011,4136422,A,,,,
158,562,Niger,866,Cattle,2011,9552611,A,,,,
159,566,Nigeria,866,Cattle,2011,19041270,A,,,,
160,570,Niue,866,Cattle,2011,113,I,,,,
162,578,Norway,866,Cattle,2011,864139,A,,,,
221,512,Oman,866,Cattle,2011,339500,A,,,,
165,586,Pakistan,866,Cattle,2011,35567000,A,,,,
166,591,Panama,866,Cattle,2011,1728748,A,,,,
168,598,Papua New Guinea,866,Cattle,2011,93000,E,,,,
169,600,Paraguay,866,Cattle,2011,12437120,A,,,,
170,604,Peru,866,Cattle,2011,5589173,A,,,,
171,608,Philippines,866,Cattle,2011,2518400,A,,,,
173,616,Poland,866,Cattle,2011,5761878,A,,,,
174,620,Portugal,866,Cattle,2011,1503000,A,,,,
177,630,Puerto Rico,866,Cattle,2011,281345,I,,,,
179,634,Qatar,866,Cattle,2011,10063,A,,,,
117,410,Republic of Korea,866,Cattle,2011,3353353,A,,,,
183,642,Romania,866,Cattle,2011,2001105,A,,,,
184,646,Rwanda,866,Cattle,2011,1143231,A,,,,
188,659,Saint Kitts and Nevis,866,Cattle,2011,6500,E,,,,
189,662,Saint Lucia,866,Cattle,2011,11000,E,,,,
191,670,Saint Vincent and the Grenadines,866,Cattle,2011,5100,E,,,,
244,882,Samoa,866,Cattle,2011,45201,I,,,,
193,678,Sao Tome and Principe,866,Cattle,2011,1000,A,,,,
194,682,Saudi Arabia,866,Cattle,2011,426204,A,,,,
195,686,Senegal,866,Cattle,2011,3345540,A,,,,
196,690,Seychelles,866,Cattle,2011,150,E,,,,
197,694,Sierra Leone,866,Cattle,2011,568700,A,,,,
200,702,Singapore,866,Cattle,2011,200,E,,,,
25,90,Solomon Islands,866,Cattle,2011,14500,E,,,,
201,706,Somalia,866,Cattle,2011,4850000,E,,,,
202,710,South Africa,866,Cattle,2011,13688328,A,,,,
203,724,Spain,866,Cattle,2011,5923200,A,,,,
38,144,Sri Lanka,866,Cattle,2011,1191850,A,,,,
207,740,Suriname,866,Cattle,2011,55245,A,,,,
210,752,Sweden,866,Cattle,2011,1511846,A,,,,
211,756,Switzerland,866,Cattle,2011,1577407,A,,,,
212,760,Syrian Arab Republic,866,Cattle,2011,1111710,A,,,,
216,764,Thailand,866,Cattle,2011,5890701,A,,,,
176,626,Timor-Leste,866,Cattle,2011,170222,A,,,,
217,768,Togo,866,Cattle,2011,311334,A,,,,
219,776,Tonga,866,Cattle,2011,11300,E,,,,
220,780,Trinidad and Tobago,866,Cattle,2011,33000,E,,,,
222,788,Tunisia,866,Cattle,2011,655730,A,,,,
223,792,Türkiye,866,Cattle,2011,12386337,A,,,,
226,800,Uganda,866,Cattle,2011,12466638,A,,,,
225,784,United Arab Emirates,866,Cattle,2011,88617,A,,,,
229,826,United Kingdom of Great Britain and Northern Ireland,866,Cattle,2011,9933000,A,,,,
215,834,United Republic of Tanzania,866,Cattle,2011,21300000,A,,,,
231,840,United States of America,866,Cattle,2011,92887400,A,,,,
234,858,Uruguay,866,Cattle,2011,11808000,X,,,,
155,548,Vanuatu,866,Cattle,2011,170000,E,,,,
236,862,Venezuela (Bolivarian Republic of),866,Cattle,2011,14334094,A,,,,
237,704,Viet Nam,866,Cattle,2011,5436600,A,,,,
249,887,Yemen,866,Cattle,2011,1654000,A,,,,
251,894,Zambia,866,Cattle,2011,2539797,A,,,,
181,716,Zimbabwe,866,Cattle,2011,6058388,A,,,,
1,51,Armenia,866,Cattle,2012,599243,A,,,,
255,56,Belgium,866,Cattle,2012,2484272,A,,,,
167,203,Czechia,866,Cattle,2012,1353685,A,,,,
178,232,Eritrea,866,Cattle,2012,2070000,E,,,,
235,860,Uzbekistan,866,Cattle,2012,9642700,A,,,,
256,442,Luxembourg,866,Cattle,2012,188473,A,,,,
154,807,North Macedonia,866,Cattle,2012,251240,A,,,,
198,705,Slovenia,866,Cattle,2012,462300,A,,,,
272,688,Serbia,866,Cattle,2012,920762,A,,,,
273,499,Montenegro,866,Cattle,2012,78393,A,,,,
57,112,Belarus,866,Cattle,2012,4247000,A,,,,
80,70,Bosnia and Herzegovina,866,Cattle,2012,444595,A,,,,
185,643,Russian Federation,866,Cattle,2012,20111029,A,,,,
108,398,Kazakhstan,866,Cattle,2012,5702400,A,,,,
277,728,South Sudan,866,Cattle,2012,11757000,A,,,,
98,191,Croatia,866,Cattle,2012,452000,A,,,,
299,275,Palestine,866,Cattle,2012,33670,X,,,,
52,31,Azerbaijan,866,Cattle,2012,2378500,A,,,,
73,268,Georgia,866,Cattle,2012,1211600,A,,,,
146,498,Republic of Moldova,866,Cattle,2012,203875,A,,,,
145,583,Micronesia (Federated States of),866,Cattle,2012,16000,E,,,,
230,804,Ukraine,866,Cattle,2012,4425800,A,,,,
63,233,Estonia,866,Cattle,2012,238300,A,,,,
208,762,Tajikistan,866,Cattle,2012,2015353,A,,,,
238,231,Ethiopia,866,Cattle,2012,53990060,A,,,,
119,428,Latvia,866,Cattle,2012,380600,A,,,,
113,417,Kyrgyzstan,866,Cattle,2012,1367466,A,,,,
199,703,Slovakia,866,Cattle,2012,463358,A,,,,
126,440,Lithuania,866,Cattle,2012,752400,A,,,,
276,729,Sudan,866,Cattle,2012,29840000,A,,,,
213,795,Turkmenistan,866,Cattle,2012,2216500,A,,,,
2,4,Afghanistan,866,Cattle,2012,5244000,A,,,,
3,8,Albania,866,Cattle,2012,498018,A,,,,
4,12,Algeria,866,Cattle,2012,1843930,A,,,,
7,24,Angola,866,Cattle,2012,4687475,A,,,,
8,28,Antigua and Barbuda,866,Cattle,2012,5000,A,,,,
9,32,Argentina,866,Cattle,2012,49865864,A,,,,
10,36,Australia,866,Cattle,2012,28418422,A,,,,
11,40,Austria,866,Cattle,2012,1976527,A,,,,
12,44,Bahamas,866,Cattle,2012,750,E,,,,
13,48,Bahrain,866,Cattle,2012,10000,E,,,,
16,50,Bangladesh,866,Cattle,2012,23195000,A,,,,
14,52,Barbados,866,Cattle,2012,11000,E,,,,
23,84,Belize,866,Cattle,2012,102000,X,,,,
53,204,Benin,866,Cattle,2012,2111000,A,,,,
18,64,Bhutan,866,Cattle,2012,342927,A,,,,
19,68,Bolivia (Plurinational State of),866,Cattle,2012,8620784,A,,,,
20,72,Botswana,866,Cattle,2012,2247893,A,,,,
21,76,Brazil,866,Cattle,2012,211279082,A,,,,
26,96,Brunei Darussalam,866,Cattle,2012,812,A,,,,
27,100,Bulgaria,866,Cattle,2012,557641,A,,,,
233,854,Burkina Faso,866,Cattle,2012,8737755,A,,,,
29,108,Burundi,866,Cattle,2012,609430,A,,,,
35,132,Cabo Verde,866,Cattle,2012,22702,A,,,,
115,116,Cambodia,866,Cattle,2012,2914974,A,,,,
32,120,Cameroon,866,Cattle,2012,5527128,A,,,,
33,124,Canada,866,Cattle,2012,12230000,A,,,,
37,140,Central African Republic,866,Cattle,2012,4250000,E,,,,
39,148,Chad,866,Cattle,2012,21315000,E,,,,
40,152,Chile,866,Cattle,2012,3750000,E,,,,
96,344,"China, Hong Kong SAR",866,Cattle,2012,1700,E,,,,
214,158,"China, Taiwan Province of",866,Cattle,2012,140685,A,,,,
41,156,"China, mainland",866,Cattle,2012,63960750,E,,,,
44,170,Colombia,866,Cattle,2012,23642960,A,,,,
45,174,Comoros,866,Cattle,2012,50000,E,,,,
46,178,Congo,866,Cattle,2012,336000,E,,,,
47,184,Cook Islands,866,Cattle,2012,218,I,,,,
48,188,Costa Rica,866,Cattle,2012,1300000,E,,,,
49,192,Cuba,866,Cattle,2012,4084000,A,,,,
50,196,Cyprus,866,Cattle,2012,56918,A,,,,
107,384,Côte d'Ivoire,866,Cattle,2012,1583725,A,,,,
116,408,Democratic People's Republic of Korea,866,Cattle,2012,576000,A,,,,
250,180,Democratic Republic of the Congo,866,Cattle,2012,893006,A,,,,
54,208,Denmark,866,Cattle,2012,1606826,A,,,,
72,262,Djibouti,866,Cattle,2012,298000,E,,,,
55,212,Dominica,866,Cattle,2012,14000,E,,,,
56,214,Dominican Republic,866,Cattle,2012,3000000,E,,,,
58,218,Ecuador,866,Cattle,2012,5235550,A,,,,
59,818,Egypt,866,Cattle,2012,4946410,A,,,,
60,222,El Salvador,866,Cattle,2012,1123433,A,,,,
61,226,Equatorial Guinea,866,Cattle,2012,5300,E,,,,
209,748,Eswatini,866,Cattle,2012,633954,A,,,,
64,234,Faroe Islands,866,Cattle,2012,1899,A,,,,
66,242,Fiji,866,Cattle,2012,310000,E,,,,
67,246,Finland,866,Cattle,2012,912768,A,,,,
68,250,France,866,Cattle,2012,19005649,A,,,,
70,258,French Polynesia,866,Cattle,2012,7400,E,,,,
74,266,Gabon,866,Cattle,2012,38000,E,,,,
75,270,Gambia,866,Cattle,2012,372801,A,,,,
79,276,Germany,866,Cattle,2012,12477389,A,,,,
81,288,Ghana,866,Cattle,2012,1543000,A,,,,
84,300,Greece,866,Cattle,2012,622715,A,,,,
86,308,Grenada,866,Cattle,2012,5736,I,,,,
89,320,Guatemala,866,Cattle,2012,3390600,A,,,,
90,324,Guinea,866,Cattle,2012,5488802,A,,,,
175,624,Guinea-Bissau,866,Cattle,2012,650000,E,,,,
91,328,Guyana,866,Cattle,2012,112900,E,,,,
93,332,Haiti,866,Cattle,2012,1465000,E,,,,
95,340,Honduras,866,Cattle,2012,2742420,A,,,,
97,348,Hungary,866,Cattle,2012,697000,A,,,,
99,352,Iceland,866,Cattle,2012,71513,A,,,,
100,356,India,866,Cattle,2012,190904105,A,,,,
101,360,Indonesia,866,Cattle,2012,15980697,A,,,,
102,364,Iran (Islamic Republic of),866,Cattle,2012,7800000,A,,,,
103,368,Iraq,866,Cattle,2012,2720000,E,,,,
104,372,Ireland,866,Cattle,2012,6754100,A,,,,
105,376,Israel,866,Cattle,2012,435000,A,,,,
106,380,Italy,866,Cattle,2012,6091471,A,,,,
109,388,Jamaica,866,Cattle,2012,172000,E,,,,
110,392,Japan,866,Cattle,2012,4172000,A,,,,
112,400,Jordan,866,Cattle,2012,68510,A,,,,
114,404,Kenya,866,Cattle,2012,19129800,A,,,,
118,414,Kuwait,866,Cattle,2012,25775,A,,,,
120,418,Lao People's Democratic Republic,866,Cattle,2012,1692000,A,,,,
121,422,Lebanon,866,Cattle,2012,78000,A,,,,
122,426,Lesotho,866,Cattle,2012,650000,E,,,,
123,430,Liberia,866,Cattle,2012,40000,E,,,,
124,434,Libya,866,Cattle,2012,198000,E,,,,
129,450,Madagascar,866,Cattle,2012,10037600,A,,,,
130,454,Malawi,866,Cattle,2012,1164438,A,,,,
131,458,Malaysia,866,Cattle,2012,744377,A,,,,
133,466,Mali,866,Cattle,2012,9438182,A,,,,
134,470,Malta,866,Cattle,2012,15593,A,,,,
136,478,Mauritania,866,Cattle,2012,1749076,A,,,,
137,480,Mauritius,866,Cattle,2012,7302,A,,,,
138,484,Mexico,866,Cattle,2012,31925181,A,,,,
141,496,Mongolia,866,Cattle,2012,2584621,A,,,,
143,504,Morocco,866,Cattle,2012,3029180,A,,,,
144,508,Mozambique,866,Cattle,2012,1541000,A,,,,
28,104,Myanmar,866,Cattle,2012,14559000,A,,,,
147,516,Namibia,866,Cattle,2012,2904451,A,,,,
149,524,Nepal,866,Cattle,2012,7244944,A,,,,
150,528,Netherlands (Kingdom of the),866,Cattle,2012,3879250,A,,,,
153,540,New Caledonia,866,Cattle,2012,84604,A,,,,
156,554,New Zealand,866,Cattle,2012,10180093,A,,,,
157,558,Nicaragua,866,Cattle,2012,4313733,I,,,,
158,562,Niger,866,Cattle,2012,10125767,A,,,,
159,566,Nigeria,866,Cattle,2012,19206928,A,,,,
160,570,Niue,866,Cattle,2012,113,I,,,,
162,578,Norway,866,Cattle,2012,861924,A,,,,
221,512,Oman,866,Cattle,2012,346000,A,,,,
165,586,Pakistan,866,Cattle,2012,36908000,A,,,,
166,591,Panama,866,Cattle,2012,1722500,A,,,,
168,598,Papua New Guinea,866,Cattle,2012,94000,E,,,,
169,600,Paraguay,866,Cattle,2012,13291164,A,,,,
170,604,Peru,866,Cattle,2012,5660984,A,,,,
171,608,Philippines,866,Cattle,2012,2493157,A,,,,
173,616,Poland,866,Cattle,2012,5776767,A,,,,
174,620,Portugal,866,Cattle,2012,1497500,A,,,,
177,630,Puerto Rico,866,Cattle,2012,257285,A,,,,
179,634,Qatar,866,Cattle,2012,10649,A,,,,
117,410,Republic of Korea,866,Cattle,2012,3478714,A,,,,
183,642,Romania,866,Cattle,2012,1988939,A,,,,
184,646,Rwanda,866,Cattle,2012,1135141,A,,,,
188,659,Saint Kitts and Nevis,866,Cattle,2012,3000,A,,,,
189,662,Saint Lucia,866,Cattle,2012,11000,E,,,,
191,670,Saint Vincent and the Grenadines,866,Cattle,2012,4800,A,,,,
244,882,Samoa,866,Cattle,2012,47295,I,,,,
193,678,Sao Tome and Principe,866,Cattle,2012,1048,A,,,,
194,682,Saudi Arabia,866,Cattle,2012,486503,A,,,,
195,686,Senegal,866,Cattle,2012,3378995,A,,,,
196,690,Seychelles,866,Cattle,2012,200,E,,,,
197,694,Sierra Leone,866,Cattle,2012,625570,A,,,,
200,702,Singapore,866,Cattle,2012,200,E,,,,
25,90,Solomon Islands,866,Cattle,2012,14800,E,,,,
201,706,Somalia,866,Cattle,2012,4870000,E,,,,
202,710,South Africa,866,Cattle,2012,13887898,A,,,,
203,724,Spain,866,Cattle,2012,5812600,A,,,,
38,144,Sri Lanka,866,Cattle,2012,1235540,A,,,,
207,740,Suriname,866,Cattle,2012,57136,A,,,,
210,752,Sweden,866,Cattle,2012,1500293,A,,,,
211,756,Switzerland,866,Cattle,2012,1564631,A,,,,
212,760,Syrian Arab Republic,866,Cattle,2012,1108473,A,,,,
216,764,Thailand,866,Cattle,2012,5392579,A,,,,
176,626,Timor-Leste,866,Cattle,2012,173115,A,,,,
217,768,Togo,866,Cattle,2012,428772,A,,,,
219,776,Tonga,866,Cattle,2012,11500,E,,,,
220,780,Trinidad and Tobago,866,Cattle,2012,34000,E,,,,
222,788,Tunisia,866,Cattle,2012,654260,A,,,,
223,792,Türkiye,866,Cattle,2012,13914912,A,,,,
226,800,Uganda,866,Cattle,2012,12805900,A,,,,
225,784,United Arab Emirates,866,Cattle,2012,78717,A,,,,
229,826,United Kingdom of Great Britain and Northern Ireland,866,Cattle,2012,9900000,A,,,,
215,834,United Republic of Tanzania,866,Cattle,2012,22800000,A,,,,
231,840,United States of America,866,Cattle,2012,91160200,A,,,,
234,858,Uruguay,866,Cattle,2012,11406000,A,,,,
155,548,Vanuatu,866,Cattle,2012,172000,E,,,,
236,862,Venezuela (Bolivarian Republic of),866,Cattle,2012,16969650,A,,,,
237,704,Viet Nam,866,Cattle,2012,5194178,A,,,,
249,887,Yemen,866,Cattle,2012,1684367,A,,,,
251,894,Zambia,866,Cattle,2012,3922107,A,,,,
181,716,Zimbabwe,866,Cattle,2012,6100000,E,,,,
185,643,Russian Federation,866,Cattle,2013,19930354,A,,,,
208,762,Tajikistan,866,Cattle,2013,2099075,A,,,,
213,795,Turkmenistan,866,Cattle,2013,2254710,I,,,,
230,804,Ukraine,866,Cattle,2013,4645900,A,,,,
98,191,Croatia,866,Cattle,2013,442000,A,,,,
199,703,Slovakia,866,Cattle,2013,471091,A,,,,
119,428,Latvia,866,Cattle,2013,393100,A,,,,
235,860,Uzbekistan,866,Cattle,2013,10141300,A,,,,
276,729,Sudan,866,Cattle,2013,30010000,A,,,,
1,51,Armenia,866,Cattle,2013,661003,A,,,,
108,398,Kazakhstan,866,Cattle,2013,5690000,A,,,,
198,705,Slovenia,866,Cattle,2013,460063,A,,,,
256,442,Luxembourg,866,Cattle,2013,193623,A,,,,
146,498,Republic of Moldova,866,Cattle,2013,191200,A,,,,
299,275,Palestine,866,Cattle,2013,33980,A,,,,
113,417,Kyrgyzstan,866,Cattle,2013,1404168,A,,,,
145,583,Micronesia (Federated States of),866,Cattle,2013,16500,E,,,,
255,56,Belgium,866,Cattle,2013,2454704,A,,,,
126,440,Lithuania,866,Cattle,2013,729200,A,,,,
272,688,Serbia,866,Cattle,2013,913144,A,,,,
178,232,Eritrea,866,Cattle,2013,2080000,E,,,,
238,231,Ethiopia,866,Cattle,2013,55027080,A,,,,
80,70,Bosnia and Herzegovina,866,Cattle,2013,446893,A,,,,
273,499,Montenegro,866,Cattle,2013,77486,A,,,,
277,728,South Sudan,866,Cattle,2013,11765000,A,,,,
52,31,Azerbaijan,866,Cattle,2013,2412300,A,,,,
57,112,Belarus,866,Cattle,2013,4367000,A,,,,
73,268,Georgia,866,Cattle,2013,1211500,A,,,,
167,203,Czechia,866,Cattle,2013,1352822,A,,,,
63,233,Estonia,866,Cattle,2013,246000,A,,,,
154,807,North Macedonia,866,Cattle,2013,238333,A,,,,
2,4,Afghanistan,866,Cattle,2013,5235000,A,,,,
3,8,Albania,866,Cattle,2013,498131,A,,,,
4,12,Algeria,866,Cattle,2013,1909455,A,,,,
7,24,Angola,866,Cattle,2013,4790599,A,,,,
8,28,Antigua and Barbuda,866,Cattle,2013,5000,E,,,,
9,32,Argentina,866,Cattle,2013,50996397,A,,,,
10,36,Australia,866,Cattle,2013,29290768,A,,,,
11,40,Austria,866,Cattle,2013,1955618,A,,,,
12,44,Bahamas,866,Cattle,2013,750,E,,,,
13,48,Bahrain,866,Cattle,2013,10500,E,,,,
16,50,Bangladesh,866,Cattle,2013,23341000,A,,,,
14,52,Barbados,866,Cattle,2013,11200,E,,,,
23,84,Belize,866,Cattle,2013,113150,X,,,,
53,204,Benin,866,Cattle,2013,2166000,A,,,,
18,64,Bhutan,866,Cattle,2013,349681,A,,,,
19,68,Bolivia (Plurinational State of),866,Cattle,2013,8847434,A,,,,
20,72,Botswana,866,Cattle,2013,2083847,A,,,,
21,76,Brazil,866,Cattle,2013,211764292,A,,,,
26,96,Brunei Darussalam,866,Cattle,2013,800,E,,,,
27,100,Bulgaria,866,Cattle,2013,526112,A,,,,
233,854,Burkina Faso,866,Cattle,2013,8912532,A,,,,
29,108,Burundi,866,Cattle,2013,759191,A,,,,
35,132,Cabo Verde,866,Cattle,2013,22752,A,,,,
115,116,Cambodia,866,Cattle,2013,2900000,E,,,,
32,120,Cameroon,866,Cattle,2013,5805297,A,,,,
33,124,Canada,866,Cattle,2013,12240000,A,,,,
37,140,Central African Republic,866,Cattle,2013,4300000,E,,,,
39,148,Chad,866,Cattle,2013,22446000,E,,,,
40,152,Chile,866,Cattle,2013,3007883,A,,,,
96,344,"China, Hong Kong SAR",866,Cattle,2013,1700,E,,,,
214,158,"China, Taiwan Province of",866,Cattle,2013,143009,A,,,,
41,156,"China, mainland",866,Cattle,2013,62900320,E,,,,
44,170,Colombia,866,Cattle,2013,23008251,A,,,,
45,174,Comoros,866,Cattle,2013,50000,E,,,,
46,178,Congo,866,Cattle,2013,337000,E,,,,
47,184,Cook Islands,866,Cattle,2013,219,I,,,,
48,188,Costa Rica,866,Cattle,2013,1300000,E,,,,
49,192,Cuba,866,Cattle,2013,4092200,A,,,,
50,196,Cyprus,866,Cattle,2013,57582,A,,,,
107,384,Côte d'Ivoire,866,Cattle,2013,1585585,A,,,,
116,408,Democratic People's Republic of Korea,866,Cattle,2013,576000,A,,,,
250,180,Democratic Republic of the Congo,866,Cattle,2013,946585,A,,,,
54,208,Denmark,866,Cattle,2013,1614644,A,,,,
72,262,Djibouti,866,Cattle,2013,298000,E,,,,
55,212,Dominica,866,Cattle,2013,14000,E,,,,
56,214,Dominican Republic,866,Cattle,2013,3000000,E,,,,
58,218,Ecuador,866,Cattle,2013,5134122,A,,,,
59,818,Egypt,866,Cattle,2013,4744971,A,,,,
60,222,El Salvador,866,Cattle,2013,893308,A,,,,
61,226,Equatorial Guinea,866,Cattle,2013,5300,E,,,,
209,748,Eswatini,866,Cattle,2013,627486,A,,,,
64,234,Faroe Islands,866,Cattle,2013,1943,A,,,,
66,242,Fiji,866,Cattle,2013,312000,E,,,,
67,246,Finland,866,Cattle,2013,911847,A,,,,
68,250,France,866,Cattle,2013,19095797,A,,,,
70,258,French Polynesia,866,Cattle,2013,7400,E,,,,
74,266,Gabon,866,Cattle,2013,38000,E,,,,
75,270,Gambia,866,Cattle,2013,436054,A,,,,
79,276,Germany,866,Cattle,2013,12587020,A,,,,
81,288,Ghana,866,Cattle,2013,1590000,A,,,,
84,300,Greece,866,Cattle,2013,608964,A,,,,
86,308,Grenada,866,Cattle,2013,5822,I,,,,
89,320,Guatemala,866,Cattle,2013,3419600,A,,,,
90,324,Guinea,866,Cattle,2013,5789850,A,,,,
175,624,Guinea-Bissau,866,Cattle,2013,670000,E,,,,
91,328,Guyana,866,Cattle,2013,112900,E,,,,
93,332,Haiti,866,Cattle,2013,1465000,E,,,,
95,340,Honduras,866,Cattle,2013,2774000,E,,,,
97,348,Hungary,866,Cattle,2013,760000,A,,,,
99,352,Iceland,866,Cattle,2013,68014,A,,,,
100,356,India,866,Cattle,2013,189000000,E,,,,
101,360,Indonesia,866,Cattle,2013,12686239,A,,,,
102,364,Iran (Islamic Republic of),866,Cattle,2013,7936000,A,,,,
103,368,Iraq,866,Cattle,2013,2780000,E,,,,
104,372,Ireland,866,Cattle,2013,6902600,A,,,,
105,376,Israel,866,Cattle,2013,465000,A,,,,
106,380,Italy,866,Cattle,2013,5846672,A,,,,
109,388,Jamaica,866,Cattle,2013,170000,E,,,,
110,392,Japan,866,Cattle,2013,4065000,A,,,,
112,400,Jordan,866,Cattle,2013,69738,A,,,,
114,404,Kenya,866,Cattle,2013,18138500,A,,,,
118,414,Kuwait,866,Cattle,2013,25112,A,,,,
120,418,Lao People's Democratic Republic,866,Cattle,2013,1714000,A,,,,
121,422,Lebanon,866,Cattle,2013,80500,A,,,,
122,426,Lesotho,866,Cattle,2013,548042,A,,,,
123,430,Liberia,866,Cattle,2013,42000,E,,,,
124,434,Libya,866,Cattle,2013,198500,E,,,,
129,450,Madagascar,866,Cattle,2013,10030000,E,,,,
130,454,Malawi,866,Cattle,2013,1241744,A,,,,
131,458,Malaysia,866,Cattle,2013,751629,A,,,,
133,466,Mali,866,Cattle,2013,9721328,A,,,,
134,470,Malta,866,Cattle,2013,15220,A,,,,
136,478,Mauritania,866,Cattle,2013,1773543,A,,,,
137,480,Mauritius,866,Cattle,2013,7240,A,,,,
138,484,Mexico,866,Cattle,2013,32402461,A,,,,
141,496,Mongolia,866,Cattle,2013,2909456,A,,,,
143,504,Morocco,866,Cattle,2013,3172984,A,,,,
144,508,Mozambique,866,Cattle,2013,1680000,A,,,,
28,104,Myanmar,866,Cattle,2013,14992823,A,,,,
147,516,Namibia,866,Cattle,2013,2634418,A,,,,
149,524,Nepal,866,Cattle,2013,7274022,A,,,,
150,528,Netherlands (Kingdom of the),866,Cattle,2013,3999220,A,,,,
153,540,New Caledonia,866,Cattle,2013,92000,E,,,,
156,554,New Zealand,866,Cattle,2013,10182122,A,,,,
157,558,Nicaragua,866,Cattle,2013,4564350,A,,,,
158,562,Niger,866,Cattle,2013,10733314,A,,,,
159,566,Nigeria,866,Cattle,2013,19374029,A,,,,
160,570,Niue,866,Cattle,2013,113,I,,,,
162,578,Norway,866,Cattle,2013,853655,A,,,,
221,512,Oman,866,Cattle,2013,359500,A,,,,
165,586,Pakistan,866,Cattle,2013,38299000,A,,,,
166,591,Panama,866,Cattle,2013,1727300,A,,,,
168,598,Papua New Guinea,866,Cattle,2013,93000,E,,,,
169,600,Paraguay,866,Cattle,2013,13376456,A,,,,
170,604,Peru,866,Cattle,2013,5555988,A,,,,
171,608,Philippines,866,Cattle,2013,2497908,A,,,,
173,616,Poland,866,Cattle,2013,5859540,A,,,,
174,620,Portugal,866,Cattle,2013,1471000,A,,,,
177,630,Puerto Rico,866,Cattle,2013,259714,I,,,,
179,634,Qatar,866,Cattle,2013,18398,A,,,,
117,410,Republic of Korea,866,Cattle,2013,3342131,A,,,,
183,642,Romania,866,Cattle,2013,2009135,A,,,,
184,646,Rwanda,866,Cattle,2013,1132231,A,,,,
188,659,Saint Kitts and Nevis,866,Cattle,2013,2700,A,,,,
189,662,Saint Lucia,866,Cattle,2013,11000,E,,,,
191,670,Saint Vincent and the Grenadines,866,Cattle,2013,4177,A,,,,
244,882,Samoa,866,Cattle,2013,48629,I,,,,
193,678,Sao Tome and Principe,866,Cattle,2013,1141,A,,,,
194,682,Saudi Arabia,866,Cattle,2013,456371,A,,,,
195,686,Senegal,866,Cattle,2013,3429680,A,,,,
196,690,Seychelles,866,Cattle,2013,300,E,,,,
197,694,Sierra Leone,866,Cattle,2013,688127,A,,,,
200,702,Singapore,866,Cattle,2013,200,E,,,,
25,90,Solomon Islands,866,Cattle,2013,15000,E,,,,
201,706,Somalia,866,Cattle,2013,4870000,E,,,,
202,710,South Africa,866,Cattle,2013,13861194,A,,,,
203,724,Spain,866,Cattle,2013,5696910,A,,,,
38,144,Sri Lanka,866,Cattle,2013,1169040,A,,,,
207,740,Suriname,866,Cattle,2013,46060,A,,,,
210,752,Sweden,866,Cattle,2013,1496526,A,,,,
211,756,Switzerland,866,Cattle,2013,1557474,A,,,,
212,760,Syrian Arab Republic,866,Cattle,2013,1113225,A,,,,
216,764,Thailand,866,Cattle,2013,5147521,A,,,,
176,626,Timor-Leste,866,Cattle,2013,176058,A,,,,
217,768,Togo,866,Cattle,2013,443060,A,,,,
219,776,Tonga,866,Cattle,2013,11700,E,,,,
220,780,Trinidad and Tobago,866,Cattle,2013,34500,E,,,,
222,788,Tunisia,866,Cattle,2013,646157,A,,,,
223,792,Türkiye,866,Cattle,2013,14415257,A,,,,
226,800,Uganda,866,Cattle,2013,12985900,A,,,,
225,784,United Arab Emirates,866,Cattle,2013,85359,A,,,,
229,826,United Kingdom of Great Britain and Northern Ireland,866,Cattle,2013,9844000,A,,,,
215,834,United Republic of Tanzania,866,Cattle,2013,24531672,A,,,,
231,840,United States of America,866,Cattle,2013,90095200,A,,,,
234,858,Uruguay,866,Cattle,2013,11536000,A,,,,
155,548,Vanuatu,866,Cattle,2013,173000,E,,,,
236,862,Venezuela (Bolivarian Republic of),866,Cattle,2013,16971185,A,,,,
237,704,Viet Nam,866,Cattle,2013,5156727,A,,,,
249,887,Yemen,866,Cattle,2013,1721906,A,,,,
251,894,Zambia,866,Cattle,2013,4026658,A,,,,
181,716,Zimbabwe,866,Cattle,2013,6150000,E,,,,
154,807,North Macedonia,866,Cattle,2014,241607,A,,,,
255,56,Belgium,866,Cattle,2014,2477236,A,,,,
272,688,Serbia,866,Cattle,2014,920068,A,,,,
108,398,Kazakhstan,866,Cattle,2014,5851200,A,,,,
113,417,Kyrgyzstan,866,Cattle,2014,1458377,A,,,,
98,191,Croatia,866,Cattle,2014,441000,A,,,,
126,440,Lithuania,866,Cattle,2014,713500,A,,,,
299,275,Palestine,866,Cattle,2014,42390,X,,,,
52,31,Azerbaijan,866,Cattle,2014,2445178,A,,,,
256,442,Luxembourg,866,Cattle,2014,198780,A,,,,
213,795,Turkmenistan,866,Cattle,2014,2287292,I,,,,
277,728,South Sudan,866,Cattle,2014,11817000,A,,,,
230,804,Ukraine,866,Cattle,2014,4397700,A,,,,
238,231,Ethiopia,866,Cattle,2014,56706389,A,,,,
145,583,Micronesia (Federated States of),866,Cattle,2014,16500,E,,,,
1,51,Armenia,866,Cattle,2014,677584,A,,,,
273,499,Montenegro,866,Cattle,2014,76579,A,,,,
185,643,Russian Federation,866,Cattle,2014,19563964,A,,,,
235,860,Uzbekistan,866,Cattle,2014,10607300,A,,,,
178,232,Eritrea,866,Cattle,2014,2090000,E,,,,
199,703,Slovakia,866,Cattle,2014,467820,A,,,,
208,762,Tajikistan,866,Cattle,2014,2128179,A,,,,
80,70,Bosnia and Herzegovina,866,Cattle,2014,444000,A,,,,
119,428,Latvia,866,Cattle,2014,406500,A,,,,
146,498,Republic of Moldova,866,Cattle,2014,188862,A,,,,
167,203,Czechia,866,Cattle,2014,1373560,A,,,,
198,705,Slovenia,866,Cattle,2014,460576,A,,,,
276,729,Sudan,866,Cattle,2014,30191000,A,,,,
57,112,Belarus,866,Cattle,2014,4363700,A,,,,
63,233,Estonia,866,Cattle,2014,261400,A,,,,
73,268,Georgia,866,Cattle,2014,1229700,A,,,,
2,4,Afghanistan,866,Cattle,2014,5349000,A,,,,
3,8,Albania,866,Cattle,2014,499690,A,,,,
4,12,Algeria,866,Cattle,2014,2049652,A,,,,
7,24,Angola,866,Cattle,2014,4895000,E,,,,
8,28,Antigua and Barbuda,866,Cattle,2014,5000,E,,,,
9,32,Argentina,866,Cattle,2014,51646544,A,,,,
10,36,Australia,866,Cattle,2014,29103000,A,,,,
11,40,Austria,866,Cattle,2014,1958282,A,,,,
12,44,Bahamas,866,Cattle,2014,750,E,,,,
13,48,Bahrain,866,Cattle,2014,10500,E,,,,
16,50,Bangladesh,866,Cattle,2014,23488000,A,,,,
14,52,Barbados,866,Cattle,2014,11100,E,,,,
23,84,Belize,866,Cattle,2014,94850,E,,,,
53,204,Benin,866,Cattle,2014,2222000,A,,,,
18,64,Bhutan,866,Cattle,2014,348071,A,,,,
19,68,Bolivia (Plurinational State of),866,Cattle,2014,8798354,A,,,,
20,72,Botswana,866,Cattle,2014,1596605,A,,,,
21,76,Brazil,866,Cattle,2014,212366132,A,,,,
26,96,Brunei Darussalam,866,Cattle,2014,750,A,,,,
27,100,Bulgaria,866,Cattle,2014,575584,A,,,,
233,854,Burkina Faso,866,Cattle,2014,9090700,A,,,,
29,108,Burundi,866,Cattle,2014,826062,A,,,,
35,132,Cabo Verde,866,Cattle,2014,22802,A,,,,
115,116,Cambodia,866,Cattle,2014,2875000,E,,,,
32,120,Cameroon,866,Cattle,2014,5950000,E,,,,
33,124,Canada,866,Cattle,2014,12050000,A,,,,
37,140,Central African Republic,866,Cattle,2014,4350000,E,,,,
39,148,Chad,866,Cattle,2014,23638000,E,,,,
40,152,Chile,866,Cattle,2014,2896333,I,,,,
96,344,"China, Hong Kong SAR",866,Cattle,2014,1700,E,,,,
214,158,"China, Taiwan Province of",866,Cattle,2014,144887,A,,,,
41,156,"China, mainland",866,Cattle,2014,62900320,E,,,,
44,170,Colombia,866,Cattle,2014,22574780,A,,,,
45,174,Comoros,866,Cattle,2014,50000,E,,,,
46,178,Congo,866,Cattle,2014,340000,E,,,,
47,184,Cook Islands,866,Cattle,2014,220,I,,,,
48,188,Costa Rica,866,Cattle,2014,1301000,E,,,,
49,192,Cuba,866,Cattle,2014,4134300,A,,,,
50,196,Cyprus,866,Cattle,2014,60874,A,,,,
107,384,Côte d'Ivoire,866,Cattle,2014,1587000,E,,,,
116,408,Democratic People's Republic of Korea,866,Cattle,2014,575000,E,,,,
250,180,Democratic Republic of the Congo,866,Cattle,2014,949425,A,,,,
54,208,Denmark,866,Cattle,2014,1563535,A,,,,
72,262,Djibouti,866,Cattle,2014,300000,E,,,,
55,212,Dominica,866,Cattle,2014,14000,E,,,,
56,214,Dominican Republic,866,Cattle,2014,3000000,E,,,,
58,218,Ecuador,866,Cattle,2014,4579374,A,,,,
59,818,Egypt,866,Cattle,2014,4762491,A,,,,
60,222,El Salvador,866,Cattle,2014,1042000,A,,,,
61,226,Equatorial Guinea,866,Cattle,2014,5300,E,,,,
209,748,Eswatini,866,Cattle,2014,620032,A,,,,
64,234,Faroe Islands,866,Cattle,2014,1917,A,,,,
66,242,Fiji,866,Cattle,2014,71909,A,,,,
67,246,Finland,866,Cattle,2014,914439,A,,,,
68,250,France,866,Cattle,2014,19248627,A,,,,
70,258,French Polynesia,866,Cattle,2014,7300,E,,,,
74,266,Gabon,866,Cattle,2014,38500,E,,,,
75,270,Gambia,866,Cattle,2014,479183,A,,,,
79,276,Germany,866,Cattle,2014,12742190,A,,,,
81,288,Ghana,866,Cattle,2014,1657000,A,,,,
84,300,Greece,866,Cattle,2014,599875,A,,,,
86,308,Grenada,866,Cattle,2014,5910,I,,,,
89,320,Guatemala,866,Cattle,2014,3584800,A,,,,
90,324,Guinea,866,Cattle,2014,6074000,A,,,,
175,624,Guinea-Bissau,866,Cattle,2014,675000,E,,,,
91,328,Guyana,866,Cattle,2014,113000,E,,,,
93,332,Haiti,866,Cattle,2014,1470000,E,,,,
95,340,Honduras,866,Cattle,2014,2778000,E,,,,
97,348,Hungary,866,Cattle,2014,782000,A,,,,
99,352,Iceland,866,Cattle,2014,74444,A,,,,
100,356,India,866,Cattle,2014,187000000,E,,,,
101,360,Indonesia,866,Cattle,2014,14726875,A,,,,
102,364,Iran (Islamic Republic of),866,Cattle,2014,4231993,A,,,,
103,368,Iraq,866,Cattle,2014,2900000,X,,,,
104,372,Ireland,866,Cattle,2014,6926100,A,,,,
105,376,Israel,866,Cattle,2014,461000,A,,,,
106,380,Italy,866,Cattle,2014,5756072,A,,,,
109,388,Jamaica,866,Cattle,2014,168000,E,,,,
110,392,Japan,866,Cattle,2014,3962000,A,,,,
112,400,Jordan,866,Cattle,2014,69408,A,,,,
114,404,Kenya,866,Cattle,2014,18247632,A,,,,
118,414,Kuwait,866,Cattle,2014,27310,A,,,,
120,418,Lao People's Democratic Republic,866,Cattle,2014,1766000,A,,,,
121,422,Lebanon,866,Cattle,2014,94000,X,,,,
122,426,Lesotho,866,Cattle,2014,540133,A,,,,
123,430,Liberia,866,Cattle,2014,43000,E,,,,
124,434,Libya,866,Cattle,2014,200000,E,,,,
129,450,Madagascar,866,Cattle,2014,10198800,A,,,,
130,454,Malawi,866,Cattle,2014,1316799,A,,,,
131,458,Malaysia,866,Cattle,2014,743019,A,,,,
133,466,Mali,866,Cattle,2014,10012968,A,,,,
134,470,Malta,866,Cattle,2014,14883,A,,,,
136,478,Mauritania,866,Cattle,2014,1850000,X,,,,
137,480,Mauritius,866,Cattle,2014,6041,A,,,,
138,484,Mexico,866,Cattle,2014,32939529,A,,,,
141,496,Mongolia,866,Cattle,2014,3413851,A,,,,
143,504,Morocco,866,Cattle,2014,3238688,A,,,,
144,508,Mozambique,866,Cattle,2014,1798000,A,,,,
28,104,Myanmar,866,Cattle,2014,15481101,A,,,,
147,516,Namibia,866,Cattle,2014,2882489,A,,,,
149,524,Nepal,866,Cattle,2014,7243916,A,,,,
150,528,Netherlands (Kingdom of the),866,Cattle,2014,4169000,A,,,,
153,540,New Caledonia,866,Cattle,2014,93000,E,,,,
156,554,New Zealand,866,Cattle,2014,10368188,A,,,,
157,558,Nicaragua,866,Cattle,2014,4818483,A,,,,
158,562,Niger,866,Cattle,2014,11377312,A,,,,
159,566,Nigeria,866,Cattle,2014,19753249,A,,,,
160,570,Niue,866,Cattle,2014,113,I,,,,
162,578,Norway,866,Cattle,2014,840000,A,,,,
221,512,Oman,866,Cattle,2014,366680,A,,,,
165,586,Pakistan,866,Cattle,2014,39743000,A,,,,
166,591,Panama,866,Cattle,2014,1633800,A,,,,
168,598,Papua New Guinea,866,Cattle,2014,93000,E,,,,
169,600,Paraguay,866,Cattle,2014,14465581,A,,,,
170,604,Peru,866,Cattle,2014,5577959,A,,,,
171,608,Philippines,866,Cattle,2014,2512184,A,,,,
173,616,Poland,866,Cattle,2014,5920411,A,,,,
174,620,Portugal,866,Cattle,2014,1549000,A,,,,
177,630,Puerto Rico,866,Cattle,2014,254332,I,,,,
179,634,Qatar,866,Cattle,2014,22277,A,,,,
117,410,Republic of Korea,866,Cattle,2014,3189951,A,,,,
183,642,Romania,866,Cattle,2014,2022408,A,,,,
184,646,Rwanda,866,Cattle,2014,1165385,A,,,,
188,659,Saint Kitts and Nevis,866,Cattle,2014,2000,A,,,,
189,662,Saint Lucia,866,Cattle,2014,11000,E,,,,
191,670,Saint Vincent and the Grenadines,866,Cattle,2014,3810,A,,,,
244,882,Samoa,866,Cattle,2014,49150,I,,,,
193,678,Sao Tome and Principe,866,Cattle,2014,1200,E,,,,
194,682,Saudi Arabia,866,Cattle,2014,354276,A,,,,
195,686,Senegal,866,Cattle,2014,3481126,A,,,,
196,690,Seychelles,866,Cattle,2014,300,E,,,,
197,694,Sierra Leone,866,Cattle,2014,700155,I,,,,
200,702,Singapore,866,Cattle,2014,200,E,,,,
25,90,Solomon Islands,866,Cattle,2014,15000,E,,,,
201,706,Somalia,866,Cattle,2014,4900000,E,,,,
202,710,South Africa,866,Cattle,2014,13915301,A,,,,
203,724,Spain,866,Cattle,2014,6078700,A,,,,
38,144,Sri Lanka,866,Cattle,2014,1104780,A,,,,
207,740,Suriname,866,Cattle,2014,36138,A,,,,
210,752,Sweden,866,Cattle,2014,1493119,A,,,,
211,756,Switzerland,866,Cattle,2014,1562801,A,,,,
212,760,Syrian Arab Republic,866,Cattle,2014,1090458,A,,,,
216,764,Thailand,866,Cattle,2014,4898575,A,,,,
176,626,Timor-Leste,866,Cattle,2014,176280,A,,,,
217,768,Togo,866,Cattle,2014,437390,A,,,,
219,776,Tonga,866,Cattle,2014,11800,E,,,,
220,780,Trinidad and Tobago,866,Cattle,2014,35000,E,,,,
222,788,Tunisia,866,Cattle,2014,671200,A,,,,
223,792,Türkiye,866,Cattle,2014,14223109,A,,,,
226,800,Uganda,866,Cattle,2014,13623000,A,,,,
225,784,United Arab Emirates,866,Cattle,2014,89510,A,,,,
229,826,United Kingdom of Great Britain and Northern Ireland,866,Cattle,2014,9837000,A,,,,
215,834,United Republic of Tanzania,866,Cattle,2014,25800000,A,,,,
231,840,United States of America,866,Cattle,2014,88526000,A,,,,
234,858,Uruguay,866,Cattle,2014,11834000,A,,,,
155,548,Vanuatu,866,Cattle,2014,175000,E,,,,
236,862,Venezuela (Bolivarian Republic of),866,Cattle,2014,16816301,A,,,,
237,704,Viet Nam,866,Cattle,2014,5234300,A,,,,
249,887,Yemen,866,Cattle,2014,1768442,A,,,,
251,894,Zambia,866,Cattle,2014,4085000,E,,,,
181,716,Zimbabwe,866,Cattle,2014,4868357,A,,,,
119,428,Latvia,866,Cattle,2015,422019,A,,,,
208,762,Tajikistan,866,Cattle,2015,2209171,A,,,,
299,275,Palestine,866,Cattle,2015,36730,X,,,,
113,417,Kyrgyzstan,866,Cattle,2015,1492517,A,,,,
154,807,North Macedonia,866,Cattle,2015,253442,A,,,,
230,804,Ukraine,866,Cattle,2015,3884000,A,,,,
213,795,Turkmenistan,866,Cattle,2015,2318429,I,,,,
255,56,Belgium,866,Cattle,2015,2503262,A,,,,
73,268,Georgia,866,Cattle,2015,970000,A,,,,
185,643,Russian Federation,866,Cattle,2015,19263687,A,,,,
1,51,Armenia,866,Cattle,2015,688553,A,,,,
108,398,Kazakhstan,866,Cattle,2015,6183852,A,,,,
272,688,Serbia,866,Cattle,2015,915641,A,,,,
52,31,Azerbaijan,866,Cattle,2015,2465997,A,,,,
63,233,Estonia,866,Cattle,2015,264700,A,,,,
98,191,Croatia,866,Cattle,2015,440092,A,,,,
235,860,Uzbekistan,866,Cattle,2015,10995200,A,,,,
126,440,Lithuania,866,Cattle,2015,736612,A,,,,
145,583,Micronesia (Federated States of),866,Cattle,2015,16853,I,,,,
198,705,Slovenia,866,Cattle,2015,468253,A,,,,
146,498,Republic of Moldova,866,Cattle,2015,191214,A,,,,
80,70,Bosnia and Herzegovina,866,Cattle,2015,454810,A,,,,
199,703,Slovakia,866,Cattle,2015,465543,A,,,,
238,231,Ethiopia,866,Cattle,2015,57829953,A,,,,
277,728,South Sudan,866,Cattle,2015,11823700,A,,,,
57,112,Belarus,866,Cattle,2015,4356500,A,,,,
178,232,Eritrea,866,Cattle,2015,2099522,I,,,,
273,499,Montenegro,866,Cattle,2015,75671,A,,,,
167,203,Czechia,866,Cattle,2015,1407132,A,,,,
256,442,Luxembourg,866,Cattle,2015,201036,A,,,,
276,729,Sudan,866,Cattle,2015,30376000,A,,,,
2,4,Afghanistan,866,Cattle,2015,5261000,A,,,,
3,8,Albania,866,Cattle,2015,504200,A,,,,
4,12,Algeria,866,Cattle,2015,2149549,A,,,,
7,24,Angola,866,Cattle,2015,4990113,I,,,,
8,28,Antigua and Barbuda,866,Cattle,2015,5066,I,,,,
9,32,Argentina,866,Cattle,2015,51429848,A,,,,
10,36,Australia,866,Cattle,2015,27412872,A,,,,
11,40,Austria,866,Cattle,2015,1961201,A,,,,
12,44,Bahamas,866,Cattle,2015,748,I,,,,
13,48,Bahrain,866,Cattle,2015,8945,I,,,,
16,50,Bangladesh,866,Cattle,2015,23636000,A,,,,
14,52,Barbados,866,Cattle,2015,11050,I,,,,
23,84,Belize,866,Cattle,2015,96785,I,,,,
53,204,Benin,866,Cattle,2015,2280000,A,,,,
18,64,Bhutan,866,Cattle,2015,350563,A,,,,
19,68,Bolivia (Plurinational State of),866,Cattle,2015,8948602,A,,,,
20,72,Botswana,866,Cattle,2015,1744166,A,,,,
21,76,Brazil,866,Cattle,2015,215220508,A,,,,
26,96,Brunei Darussalam,866,Cattle,2015,770,A,,,,
27,100,Bulgaria,866,Cattle,2015,552807,A,,,,
233,854,Burkina Faso,866,Cattle,2015,9272510,A,,,,
29,108,Burundi,866,Cattle,2015,796530,A,,,,
35,132,Cabo Verde,866,Cattle,2015,22852,A,,,,
115,116,Cambodia,866,Cattle,2015,2875000,E,,,,
32,120,Cameroon,866,Cattle,2015,6066463,I,,,,
33,124,Canada,866,Cattle,2015,11640000,A,,,,
37,140,Central African Republic,866,Cattle,2015,4438477,I,,,,
39,148,Chad,866,Cattle,2015,24892098,A,,,,
40,152,Chile,866,Cattle,2015,2735857,A,,,,
96,344,"China, Hong Kong SAR",866,Cattle,2015,1638,I,,,,
214,158,"China, Taiwan Province of",866,Cattle,2015,143302,A,,,,
41,156,"China, mainland",866,Cattle,2015,63050960,E,,,,
44,170,Colombia,866,Cattle,2015,22527783,A,,,,
45,174,Comoros,866,Cattle,2015,50307,I,,,,
46,178,Congo,866,Cattle,2015,340577,I,,,,
47,184,Cook Islands,866,Cattle,2015,221,I,,,,
48,188,Costa Rica,866,Cattle,2015,1303854,I,,,,
49,192,Cuba,866,Cattle,2015,4045900,A,,,,
50,196,Cyprus,866,Cattle,2015,58559,A,,,,
107,384,Côte d'Ivoire,866,Cattle,2015,1598135,I,,,,
116,408,Democratic People's Republic of Korea,866,Cattle,2015,574125,I,,,,
250,180,Democratic Republic of the Congo,866,Cattle,2015,1005385,A,,,,
54,208,Denmark,866,Cattle,2015,1551948,A,,,,
72,262,Djibouti,866,Cattle,2015,302416,I,,,,
55,212,Dominica,866,Cattle,2015,13968,I,,,,
56,214,Dominican Republic,866,Cattle,2015,2995877,I,,,,
58,218,Ecuador,866,Cattle,2015,4115213,A,,,,
59,818,Egypt,866,Cattle,2015,4883196,A,,,,
60,222,El Salvador,866,Cattle,2015,1020791,A,,,,
61,226,Equatorial Guinea,866,Cattle,2015,5313,I,,,,
209,748,Eswatini,866,Cattle,2015,591454,A,,,,
64,234,Faroe Islands,866,Cattle,2015,1872,A,,,,
66,242,Fiji,866,Cattle,2015,71194,A,,,,
67,246,Finland,866,Cattle,2015,914717,A,,,,
68,250,France,866,Cattle,2015,19386522,A,,,,
70,258,French Polynesia,866,Cattle,2015,7641,I,,,,
74,266,Gabon,866,Cattle,2015,39081,I,,,,
75,270,Gambia,866,Cattle,2015,482905,I,,,,
79,276,Germany,866,Cattle,2015,12635456,A,,,,
81,288,Ghana,866,Cattle,2015,1734000,A,,,,
84,300,Greece,866,Cattle,2015,606705,A,,,,
86,308,Grenada,866,Cattle,2015,6000,E,,,,
89,320,Guatemala,866,Cattle,2015,3686600,A,,,,
90,324,Guinea,866,Cattle,2015,6407100,A,,,,
175,624,Guinea-Bissau,866,Cattle,2015,684238,I,,,,
91,328,Guyana,866,Cattle,2015,112987,I,,,,
93,332,Haiti,866,Cattle,2015,1481595,I,,,,
95,340,Honduras,866,Cattle,2015,2791726,I,,,,
97,348,Hungary,866,Cattle,2015,802000,A,,,,
99,352,Iceland,866,Cattle,2015,78628,A,,,,
100,356,India,866,Cattle,2015,188075193,I,,,,
101,360,Indonesia,866,Cattle,2015,15419718,A,,,,
102,364,Iran (Islamic Republic of),866,Cattle,2015,4572681,A,,,,
103,368,Iraq,866,Cattle,2015,1823184,A,,,,
104,372,Ireland,866,Cattle,2015,6963500,A,,,,
105,376,Israel,866,Cattle,2015,500000,A,,,,
106,380,Italy,866,Cattle,2015,5781348,A,,,,
109,388,Jamaica,866,Cattle,2015,159100,I,,,,
110,392,Japan,866,Cattle,2015,3860000,A,,,,
112,400,Jordan,866,Cattle,2015,73600,A,,,,
114,404,Kenya,866,Cattle,2015,18728076,A,,,,
118,414,Kuwait,866,Cattle,2015,29263,A,,,,
120,418,Lao People's Democratic Republic,866,Cattle,2015,1828000,A,,,,
121,422,Lebanon,866,Cattle,2015,83351,X,,,,
122,426,Lesotho,866,Cattle,2015,508344,A,,,,
123,430,Liberia,866,Cattle,2015,44244,I,,,,
124,434,Libya,866,Cattle,2015,201376,I,,,,
129,450,Madagascar,866,Cattle,2015,10280300,A,,,,
130,454,Malawi,866,Cattle,2015,1398376,A,,,,
131,458,Malaysia,866,Cattle,2015,742338,A,,,,
133,466,Mali,866,Cattle,2015,10313357,A,,,,
134,470,Malta,866,Cattle,2015,15020,A,,,,
136,478,Mauritania,866,Cattle,2015,1849000,X,,,,
137,480,Mauritius,866,Cattle,2015,5898,A,,,,
138,484,Mexico,866,Cattle,2015,33502623,A,,,,
141,496,Mongolia,866,Cattle,2015,3780402,A,,,,
143,504,Morocco,866,Cattle,2015,3291050,A,,,,
144,508,Mozambique,866,Cattle,2015,1682017,A,,,,
28,104,Myanmar,866,Cattle,2015,15993276,A,,,,
147,516,Namibia,866,Cattle,2015,2770545,A,,,,
149,524,Nepal,866,Cattle,2015,7241743,A,,,,
150,528,Netherlands (Kingdom of the),866,Cattle,2015,4315000,A,,,,
153,540,New Caledonia,866,Cattle,2015,89562,I,,,,
156,554,New Zealand,866,Cattle,2015,10032763,A,,,,
157,558,Nicaragua,866,Cattle,2015,5086766,A,,,,
158,562,Niger,866,Cattle,2015,12059951,A,,,,
159,566,Nigeria,866,Cattle,2015,20184763,A,,,,
160,570,Niue,866,Cattle,2015,113,I,,,,
162,578,Norway,866,Cattle,2015,853327,A,,,,
221,512,Oman,866,Cattle,2015,374020,A,,,,
165,586,Pakistan,866,Cattle,2015,41241000,A,,,,
166,591,Panama,866,Cattle,2015,1540500,A,,,,
168,598,Papua New Guinea,866,Cattle,2015,92905,I,,,,
169,600,Paraguay,866,Cattle,2015,14216256,A,,,,
170,604,Peru,866,Cattle,2015,5553470,A,,,,
171,608,Philippines,866,Cattle,2015,2534243,A,,,,
173,616,Poland,866,Cattle,2015,5960693,A,,,,
174,620,Portugal,866,Cattle,2015,1606000,A,,,,
177,630,Puerto Rico,866,Cattle,2015,249124,I,,,,
179,634,Qatar,866,Cattle,2015,17412,A,,,,
117,410,Republic of Korea,866,Cattle,2015,3337309,A,,,,
183,642,Romania,866,Cattle,2015,2068888,A,,,,
184,646,Rwanda,866,Cattle,2015,1349792,A,,,,
188,659,Saint Kitts and Nevis,866,Cattle,2015,2200,E,,,,
189,662,Saint Lucia,866,Cattle,2015,10942,I,,,,
191,670,Saint Vincent and the Grenadines,866,Cattle,2015,4300,E,,,,
244,882,Samoa,866,Cattle,2015,56504,A,,,,
193,678,Sao Tome and Principe,866,Cattle,2015,1100,E,,,,
194,682,Saudi Arabia,866,Cattle,2015,357801,A,,,,
195,686,Senegal,866,Cattle,2015,3515471,I,,,,
196,690,Seychelles,866,Cattle,2015,270,I,,,,
197,694,Sierra Leone,866,Cattle,2015,625000,I,,,,
200,702,Singapore,866,Cattle,2015,177,I,,,,
25,90,Solomon Islands,866,Cattle,2015,15035,I,,,,
201,706,Somalia,866,Cattle,2015,4889370,I,,,,
202,710,South Africa,866,Cattle,2015,13694582,A,,,,
203,724,Spain,866,Cattle,2015,6182908,A,,,,
38,144,Sri Lanka,866,Cattle,2015,1088110,A,,,,
207,740,Suriname,866,Cattle,2015,37620,A,,,,
210,752,Sweden,866,Cattle,2015,1428400,A,,,,
211,756,Switzerland,866,Cattle,2015,1554319,A,,,,
212,760,Syrian Arab Republic,866,Cattle,2015,901975,A,,,,
216,764,Thailand,866,Cattle,2015,4750000,E,,,,
176,626,Timor-Leste,866,Cattle,2015,221767,A,,,,
217,768,Togo,866,Cattle,2015,441764,A,,,,
219,776,Tonga,866,Cattle,2015,11881,I,,,,
220,780,Trinidad and Tobago,866,Cattle,2015,34781,I,,,,
222,788,Tunisia,866,Cattle,2015,685800,A,,,,
223,792,Türkiye,866,Cattle,2015,13994071,A,,,,
226,800,Uganda,866,Cattle,2015,14031000,A,,,,
225,784,United Arab Emirates,866,Cattle,2015,110929,A,,,,
229,826,United Kingdom of Great Britain and Northern Ireland,866,Cattle,2015,9919000,A,,,,
215,834,United Republic of Tanzania,866,Cattle,2015,26713644,A,,,,
231,840,United States of America,866,Cattle,2015,89143000,A,,,,
234,858,Uruguay,866,Cattle,2015,11911000,A,,,,
155,548,Vanuatu,866,Cattle,2015,152403,I,,,,
236,862,Venezuela (Bolivarian Republic of),866,Cattle,2015,16795158,A,,,,
237,704,Viet Nam,866,Cattle,2015,5367200,A,,,,
249,887,Yemen,866,Cattle,2015,1748989,A,,,,
251,894,Zambia,866,Cattle,2015,3946348,A,,,,
181,716,Zimbabwe,866,Cattle,2015,5477338,A,,,,
178,232,Eritrea,866,Cattle,2016,2108957,I,,,,
113,417,Kyrgyzstan,866,Cattle,2016,1527763,A,,,,
230,804,Ukraine,866,Cattle,2016,3750000,A,,,,
119,428,Latvia,866,Cattle,2016,419084,A,,,,
299,275,Palestine,866,Cattle,2016,22820,X,,,,
255,56,Belgium,866,Cattle,2016,2501349,A,,,,
52,31,Azerbaijan,866,Cattle,2016,2484272,A,,,,
185,643,Russian Federation,866,Cattle,2016,18620932,A,,,,
256,442,Luxembourg,866,Cattle,2016,201416,A,,,,
273,499,Montenegro,866,Cattle,2016,74764,A,,,,
213,795,Turkmenistan,866,Cattle,2016,2346289,A,,,,
235,860,Uzbekistan,866,Cattle,2016,12181000,A,,,,
57,112,Belarus,866,Cattle,2016,4298300,A,,,,
63,233,Estonia,866,Cattle,2016,248236,A,,,,
73,268,Georgia,866,Cattle,2016,992100,A,,,,
276,729,Sudan,866,Cattle,2016,30632000,A,,,,
146,498,Republic of Moldova,866,Cattle,2016,186116,A,,,,
238,231,Ethiopia,866,Cattle,2016,59486667,A,,,,
1,51,Armenia,866,Cattle,2016,701535,A,,,,
80,70,Bosnia and Herzegovina,866,Cattle,2016,455191,A,,,,
167,203,Czechia,866,Cattle,2016,1415658,A,,,,
98,191,Croatia,866,Cattle,2016,444613,A,,,,
272,688,Serbia,866,Cattle,2016,892751,A,,,,
277,728,South Sudan,866,Cattle,2016,11830800,A,,,,
154,807,North Macedonia,866,Cattle,2016,254768,A,,,,
208,762,Tajikistan,866,Cattle,2016,2278072,A,,,,
108,398,Kazakhstan,866,Cattle,2016,6413205,A,,,,
198,705,Slovenia,866,Cattle,2016,484192,A,,,,
126,440,Lithuania,866,Cattle,2016,722602,A,,,,
145,583,Micronesia (Federated States of),866,Cattle,2016,17188,I,,,,
199,703,Slovakia,866,Cattle,2016,457586,A,,,,
2,4,Afghanistan,866,Cattle,2016,5234400,A,,,,
3,8,Albania,866,Cattle,2016,492393,A,,,,
4,12,Algeria,866,Cattle,2016,2081306,A,,,,
7,24,Angola,866,Cattle,2016,5078430,I,,,,
8,28,Antigua and Barbuda,866,Cattle,2016,5000,E,,,,
9,32,Argentina,866,Cattle,2016,52636778,A,,,,
10,36,Australia,866,Cattle,2016,24971349,A,,,,
11,40,Austria,866,Cattle,2016,1957610,A,,,,
12,44,Bahamas,866,Cattle,2016,750,I,,,,
13,48,Bahrain,866,Cattle,2016,8093,I,,,,
16,50,Bangladesh,866,Cattle,2016,23785000,A,,,,
14,52,Barbados,866,Cattle,2016,11034,I,,,,
23,84,Belize,866,Cattle,2016,97806,I,,,,
53,204,Benin,866,Cattle,2016,2339000,A,,,,
18,64,Bhutan,866,Cattle,2016,353275,A,,,,
19,68,Bolivia (Plurinational State of),866,Cattle,2016,9119000,A,,,,
20,72,Botswana,866,Cattle,2016,1500000,E,,,,
21,76,Brazil,866,Cattle,2016,218190768,A,,,,
26,96,Brunei Darussalam,866,Cattle,2016,795,A,,,,
27,100,Bulgaria,866,Cattle,2016,550201,A,,,,
233,854,Burkina Faso,866,Cattle,2016,9457934,A,,,,
29,108,Burundi,866,Cattle,2016,769991,A,,,,
35,132,Cabo Verde,866,Cattle,2016,22902,A,,,,
115,116,Cambodia,866,Cattle,2016,2881394,I,,,,
32,120,Cameroon,866,Cattle,2016,5829739,I,,,,
33,124,Canada,866,Cattle,2016,11610000,A,,,,
37,140,Central African Republic,866,Cattle,2016,4531428,I,,,,
39,148,Chad,866,Cattle,2016,26211379,A,,,,
40,152,Chile,866,Cattle,2016,2820774,I,,,,
96,344,"China, Hong Kong SAR",866,Cattle,2016,1575,I,,,,
214,158,"China, Taiwan Province of",866,Cattle,2016,147068,A,,,,
41,156,"China, mainland",866,Cattle,2016,63390530,E,,,,
44,170,Colombia,866,Cattle,2016,22555549,A,,,,
45,174,Comoros,866,Cattle,2016,50681,I,,,,
46,178,Congo,866,Cattle,2016,339720,I,,,,
47,184,Cook Islands,866,Cattle,2016,222,I,,,,
48,188,Costa Rica,866,Cattle,2016,1390917,I,,,,
49,192,Cuba,866,Cattle,2016,4013900,A,,,,
50,196,Cyprus,866,Cattle,2016,63147,A,,,,
107,384,Côte d'Ivoire,866,Cattle,2016,1639180,I,,,,
116,408,Democratic People's Republic of Korea,866,Cattle,2016,576000,A,,,,
250,180,Democratic Republic of the Congo,866,Cattle,2016,1044874,I,,,,
54,208,Denmark,866,Cattle,2016,1568288,A,,,,
72,262,Djibouti,866,Cattle,2016,304542,I,,,,
55,212,Dominica,866,Cattle,2016,13932,I,,,,
56,214,Dominican Republic,866,Cattle,2016,2994143,I,,,,
58,218,Ecuador,866,Cattle,2016,4127311,A,,,,
59,818,Egypt,866,Cattle,2016,5012217,A,,,,
60,222,El Salvador,866,Cattle,2016,941703,A,,,,
61,226,Equatorial Guinea,866,Cattle,2016,5338,I,,,,
209,748,Eswatini,866,Cattle,2016,531450,A,,,,
64,234,Faroe Islands,866,Cattle,2016,1826,A,,,,
66,242,Fiji,866,Cattle,2016,70034,A,,,,
67,246,Finland,866,Cattle,2016,909021,A,,,,
68,250,France,866,Cattle,2016,19373382,A,,,,
70,258,French Polynesia,866,Cattle,2016,7685,I,,,,
74,266,Gabon,866,Cattle,2016,39471,I,,,,
75,270,Gambia,866,Cattle,2016,465381,I,,,,
79,276,Germany,866,Cattle,2016,12466586,A,,,,
81,288,Ghana,866,Cattle,2016,1815000,A,,,,
84,300,Greece,866,Cattle,2016,608857,A,,,,
86,308,Grenada,866,Cattle,2016,6088,I,,,,
89,320,Guatemala,866,Cattle,2016,3768400,A,,,,
90,324,Guinea,866,Cattle,2016,6758600,A,,,,
175,624,Guinea-Bissau,866,Cattle,2016,693350,I,,,,
91,328,Guyana,866,Cattle,2016,110707,I,,,,
93,332,Haiti,866,Cattle,2016,1495766,I,,,,
95,340,Honduras,866,Cattle,2016,2800567,I,,,,
97,348,Hungary,866,Cattle,2016,821000,A,,,,
99,352,Iceland,866,Cattle,2016,79923,A,,,,
100,356,India,866,Cattle,2016,189154198,I,,,,
101,360,Indonesia,866,Cattle,2016,16004097,A,,,,
102,364,Iran (Islamic Republic of),866,Cattle,2016,5504972,I,,,,
103,368,Iraq,866,Cattle,2016,1860887,A,,,,
104,372,Ireland,866,Cattle,2016,7221200,A,,,,
105,376,Israel,866,Cattle,2016,506700,A,,,,
106,380,Italy,866,Cattle,2016,5929767,A,,,,
109,388,Jamaica,866,Cattle,2016,160000,E,,,,
110,392,Japan,866,Cattle,2016,3824000,A,,,,
112,400,Jordan,866,Cattle,2016,74742,A,,,,
114,404,Kenya,866,Cattle,2016,20529190,A,,,,
118,414,Kuwait,866,Cattle,2016,24246,A,,,,
120,418,Lao People's Democratic Republic,866,Cattle,2016,1923000,A,,,,
121,422,Lebanon,866,Cattle,2016,86265,A,,,,
122,426,Lesotho,866,Cattle,2016,494007,A,,,,
123,430,Liberia,866,Cattle,2016,42932,E,,,,
124,434,Libya,866,Cattle,2016,202849,I,,,,
129,450,Madagascar,866,Cattle,2016,10301490,A,,,,
130,454,Malawi,866,Cattle,2016,1470895,A,,,,
131,458,Malaysia,866,Cattle,2016,737827,A,,,,
133,466,Mali,866,Cattle,2016,10941300,A,,,,
134,470,Malta,866,Cattle,2016,14356,A,,,,
136,478,Mauritania,866,Cattle,2016,1953000,X,,,,
137,480,Mauritius,866,Cattle,2016,4533,A,,,,
138,484,Mexico,866,Cattle,2016,33779290,A,,,,
141,496,Mongolia,866,Cattle,2016,4080936,A,,,,
143,504,Morocco,866,Cattle,2016,3300000,A,,,,
144,508,Mozambique,866,Cattle,2016,1861346,A,,,,
28,104,Myanmar,866,Cattle,2016,16570928,A,,,,
147,516,Namibia,866,Cattle,2016,3173767,A,,,,
149,524,Nepal,866,Cattle,2016,7302808,A,,,,
150,528,Netherlands (Kingdom of the),866,Cattle,2016,4294000,A,,,,
153,540,New Caledonia,866,Cattle,2016,85961,I,,,,
156,554,New Zealand,866,Cattle,2016,10151854,A,,,,
157,558,Nicaragua,866,Cattle,2016,5054372,I,,,,
158,562,Niger,866,Cattle,2016,12783548,A,,,,
159,566,Nigeria,866,Cattle,2016,19884104,A,,,,
160,570,Niue,866,Cattle,2016,113,I,,,,
162,578,Norway,866,Cattle,2016,872145,A,,,,
221,512,Oman,866,Cattle,2016,381500,A,,,,
165,586,Pakistan,866,Cattle,2016,42800000,A,,,,
166,591,Panama,866,Cattle,2016,1554200,A,,,,
168,598,Papua New Guinea,866,Cattle,2016,92833,I,,,,
169,600,Paraguay,866,Cattle,2016,13858584,A,,,,
170,604,Peru,866,Cattle,2016,5525454,A,,,,
171,608,Philippines,866,Cattle,2016,2553747,A,,,,
173,616,Poland,866,Cattle,2016,5939046,A,,,,
174,620,Portugal,866,Cattle,2016,1635000,A,,,,
177,630,Puerto Rico,866,Cattle,2016,244044,I,,,,
179,634,Qatar,866,Cattle,2016,27909,A,,,,
117,410,Republic of Korea,866,Cattle,2016,3381287,A,,,,
183,642,Romania,866,Cattle,2016,2092414,A,,,,
184,646,Rwanda,866,Cattle,2016,1214244,A,,,,
188,659,Saint Kitts and Nevis,866,Cattle,2016,2000,E,,,,
189,662,Saint Lucia,866,Cattle,2016,10847,I,,,,
191,670,Saint Vincent and the Grenadines,866,Cattle,2016,3700,E,,,,
244,882,Samoa,866,Cattle,2016,48509,I,,,,
193,678,Sao Tome and Principe,866,Cattle,2016,1362,A,,,,
194,682,Saudi Arabia,866,Cattle,2016,361362,A,,,,
195,686,Senegal,866,Cattle,2016,3549369,I,,,,
196,690,Seychelles,866,Cattle,2016,270,E,,,,
197,694,Sierra Leone,866,Cattle,2016,579793,I,,,,
200,702,Singapore,866,Cattle,2016,189,E,,,,
25,90,Solomon Islands,866,Cattle,2016,15053,I,,,,
201,706,Somalia,866,Cattle,2016,4850000,E,,,,
202,710,South Africa,866,Cattle,2016,13400272,A,,,,
203,724,Spain,866,Cattle,2016,6257057,A,,,,
38,144,Sri Lanka,866,Cattle,2016,945150,A,,,,
207,740,Suriname,866,Cattle,2016,35763,A,,,,
210,752,Sweden,866,Cattle,2016,1436050,A,,,,
211,756,Switzerland,866,Cattle,2016,1555396,A,,,,
212,760,Syrian Arab Republic,866,Cattle,2016,883789,A,,,,
216,764,Thailand,866,Cattle,2016,4700000,E,,,,
176,626,Timor-Leste,866,Cattle,2016,228876,I,,,,
217,768,Togo,866,Cattle,2016,446183,A,,,,
219,776,Tonga,866,Cattle,2016,11941,I,,,,
220,780,Trinidad and Tobago,866,Cattle,2016,35014,I,,,,
222,788,Tunisia,866,Cattle,2016,646100,A,,,,
223,792,Türkiye,866,Cattle,2016,14080155,A,,,,
226,800,Uganda,866,Cattle,2016,14368000,A,,,,
225,784,United Arab Emirates,866,Cattle,2016,108384,A,,,,
229,826,United Kingdom of Great Britain and Northern Ireland,866,Cattle,2016,10033000,A,,,,
215,834,United Republic of Tanzania,866,Cattle,2016,27715785,I,,,,
231,840,United States of America,866,Cattle,2016,91888000,A,,,,
234,858,Uruguay,866,Cattle,2016,11993000,A,,,,
155,548,Vanuatu,866,Cattle,2016,115540,A,,,,
236,862,Venezuela (Bolivarian Republic of),866,Cattle,2016,16494055,A,,,,
237,704,Viet Nam,866,Cattle,2016,5496557,A,,,,
249,887,Yemen,866,Cattle,2016,1697277,A,,,,
251,894,Zambia,866,Cattle,2016,3793263,I,,,,
181,716,Zimbabwe,866,Cattle,2016,5528242,A,,,,
119,428,Latvia,866,Cattle,2017,412314,A,,,,
213,795,Turkmenistan,866,Cattle,2017,2381796,A,,,,
73,268,Georgia,866,Cattle,2017,962700,A,,,,
255,56,Belgium,866,Cattle,2017,2385988,A,,,,
273,499,Montenegro,866,Cattle,2017,73858,A,,,,
276,729,Sudan,866,Cattle,2017,30926000,A,,,,
178,232,Eritrea,866,Cattle,2017,2113239,I,,,,
80,70,Bosnia and Herzegovina,866,Cattle,2017,444522,A,,,,
126,440,Lithuania,866,Cattle,2017,694752,A,,,,
185,643,Russian Federation,866,Cattle,2017,18346089,A,,,,
98,191,Croatia,866,Cattle,2017,450757,A,,,,
145,583,Micronesia (Federated States of),866,Cattle,2017,16897,E,,,,
113,417,Kyrgyzstan,866,Cattle,2017,1575434,A,,,,
199,703,Slovakia,866,Cattle,2017,446112,A,,,,
235,860,Uzbekistan,866,Cattle,2017,12471000,A,,,,
108,398,Kazakhstan,866,Cattle,2017,6764212,A,,,,
146,498,Republic of Moldova,866,Cattle,2017,182339,A,,,,
1,51,Armenia,866,Cattle,2017,655771,A,,,,
256,442,Luxembourg,866,Cattle,2017,202281,A,,,,
272,688,Serbia,866,Cattle,2017,898650,A,,,,
198,705,Slovenia,866,Cattle,2017,488598,A,,,,
167,203,Czechia,866,Cattle,2017,1421242,A,,,,
277,728,South Sudan,866,Cattle,2017,11837500,A,,,,
238,231,Ethiopia,866,Cattle,2017,60392019,A,,,,
230,804,Ukraine,866,Cattle,2017,3682300,A,,,,
299,275,Palestine,866,Cattle,2017,40813,I,,,,
154,807,North Macedonia,866,Cattle,2017,255036,A,,,,
208,762,Tajikistan,866,Cattle,2017,2317294,A,,,,
52,31,Azerbaijan,866,Cattle,2017,2476339,A,,,,
57,112,Belarus,866,Cattle,2017,4361400,A,,,,
63,233,Estonia,866,Cattle,2017,250900,A,,,,
2,4,Afghanistan,866,Cattle,2017,4977000,A,,,,
3,8,Albania,866,Cattle,2017,475215,A,,,,
4,12,Algeria,866,Cattle,2017,1895126,A,,,,
7,24,Angola,866,Cattle,2017,4980370,E,,,,
8,28,Antigua and Barbuda,866,Cattle,2017,5000,E,,,,
9,32,Argentina,866,Cattle,2017,54793181,A,,,,
10,36,Australia,866,Cattle,2017,26175521,A,,,,
11,40,Austria,866,Cattle,2017,1954391,A,,,,
12,44,Bahamas,866,Cattle,2017,751,I,,,,
13,48,Bahrain,866,Cattle,2017,6898,A,,,,
16,50,Bangladesh,866,Cattle,2017,23935000,A,,,,
14,52,Barbados,866,Cattle,2017,10956,I,,,,
23,84,Belize,866,Cattle,2017,99860,I,,,,
53,204,Benin,866,Cattle,2017,2400000,A,,,,
18,64,Bhutan,866,Cattle,2017,353711,A,,,,
19,68,Bolivia (Plurinational State of),866,Cattle,2017,9304000,A,,,,
20,72,Botswana,866,Cattle,2017,1100375,A,,,,
21,76,Brazil,866,Cattle,2017,215003578,A,,,,
26,96,Brunei Darussalam,866,Cattle,2017,651,A,,,,
27,100,Bulgaria,866,Cattle,2017,557866,A,,,,
233,854,Burkina Faso,866,Cattle,2017,9647073,A,,,,
29,108,Burundi,866,Cattle,2017,1077539,A,,,,
35,132,Cabo Verde,866,Cattle,2017,29599,A,,,,
115,116,Cambodia,866,Cattle,2017,2871481,I,,,,
32,120,Cameroon,866,Cattle,2017,5822972,I,,,,
33,124,Canada,866,Cattle,2017,11510000,A,,,,
37,140,Central African Republic,866,Cattle,2017,4448224,E,,,,
39,148,Chad,866,Cattle,2017,27603203,A,,,,
40,152,Chile,866,Cattle,2017,2890840,A,,,,
96,344,"China, Hong Kong SAR",866,Cattle,2017,1574,I,,,,
214,158,"China, Taiwan Province of",866,Cattle,2017,143993,A,,,,
41,156,"China, mainland",866,Cattle,2017,61841430,E,,,,
44,170,Colombia,866,Cattle,2017,24328158,A,,,,
45,174,Comoros,866,Cattle,2017,50960,I,,,,
46,178,Congo,866,Cattle,2017,338492,I,,,,
47,184,Cook Islands,866,Cattle,2017,223,I,,,,
48,188,Costa Rica,866,Cattle,2017,1481399,I,,,,
49,192,Cuba,866,Cattle,2017,3865500,A,,,,
50,196,Cyprus,866,Cattle,2017,66862,A,,,,
107,384,Côte d'Ivoire,866,Cattle,2017,1666978,I,,,,
116,408,Democratic People's Republic of Korea,866,Cattle,2017,576000,A,,,,
250,180,Democratic Republic of the Congo,866,Cattle,2017,1080993,A,,,,
54,208,Denmark,866,Cattle,2017,1545417,A,,,,
72,262,Djibouti,866,Cattle,2017,306601,I,,,,
55,212,Dominica,866,Cattle,2017,13908,I,,,,
56,214,Dominican Republic,866,Cattle,2017,3000000,E,,,,
58,218,Ecuador,866,Cattle,2017,4190611,A,,,,
59,818,Egypt,866,Cattle,2017,4387289,A,,,,
60,222,El Salvador,866,Cattle,2017,885564,A,,,,
61,226,Equatorial Guinea,866,Cattle,2017,5366,I,,,,
209,748,Eswatini,866,Cattle,2017,511174,A,,,,
64,234,Faroe Islands,866,Cattle,2017,1895,A,,,,
66,242,Fiji,866,Cattle,2017,86463,A,,,,
67,246,Finland,866,Cattle,2017,893178,A,,,,
68,250,France,866,Cattle,2017,18953568,A,,,,
70,258,French Polynesia,866,Cattle,2017,7600,E,,,,
74,266,Gabon,866,Cattle,2017,39340,I,,,,
75,270,Gambia,866,Cattle,2017,396554,I,,,,
79,276,Germany,866,Cattle,2017,12281195,A,,,,
81,288,Ghana,866,Cattle,2017,1901000,A,,,,
84,300,Greece,866,Cattle,2017,610690,A,,,,
86,308,Grenada,866,Cattle,2017,6178,I,,,,
89,320,Guatemala,866,Cattle,2017,3848553,I,,,,
90,324,Guinea,866,Cattle,2017,7129251,A,,,,
175,624,Guinea-Bissau,866,Cattle,2017,702202,I,,,,
91,328,Guyana,866,Cattle,2017,107395,I,,,,
93,332,Haiti,866,Cattle,2017,1507970,I,,,,
95,340,Honduras,866,Cattle,2017,2815415,I,,,,
97,348,Hungary,866,Cattle,2017,852000,A,,,,
99,352,Iceland,866,Cattle,2017,80895,A,,,,
100,356,India,866,Cattle,2017,190485261,I,,,,
101,360,Indonesia,866,Cattle,2017,16429102,A,,,,
102,364,Iran (Islamic Republic of),866,Cattle,2017,4879363,A,,,,
103,368,Iraq,866,Cattle,2017,1899370,A,,,,
104,372,Ireland,866,Cattle,2017,7363498,A,,,,
105,376,Israel,866,Cattle,2017,509100,A,,,,
106,380,Italy,866,Cattle,2017,5949393,A,,,,
109,388,Jamaica,866,Cattle,2017,160000,E,,,,
110,392,Japan,866,Cattle,2017,3822000,A,,,,
112,400,Jordan,866,Cattle,2017,75500,A,,,,
114,404,Kenya,866,Cattle,2017,18338810,A,,,,
118,414,Kuwait,866,Cattle,2017,30630,A,,,,
120,418,Lao People's Democratic Republic,866,Cattle,2017,1984000,A,,,,
121,422,Lebanon,866,Cattle,2017,85169,A,,,,
122,426,Lesotho,866,Cattle,2017,461573,A,,,,
123,430,Liberia,866,Cattle,2017,42639,I,,,,
124,434,Libya,866,Cattle,2017,204196,I,,,,
129,450,Madagascar,866,Cattle,2017,10322680,A,,,,
130,454,Malawi,866,Cattle,2017,1508299,A,,,,
131,458,Malaysia,866,Cattle,2017,703832,A,,,,
133,466,Mali,866,Cattle,2017,11415900,A,,,,
134,470,Malta,866,Cattle,2017,14184,A,,,,
136,478,Mauritania,866,Cattle,2017,1873677,E,,,,
137,480,Mauritius,866,Cattle,2017,3815,A,,,,
138,484,Mexico,866,Cattle,2017,34277868,A,,,,
141,496,Mongolia,866,Cattle,2017,4388455,A,,,,
143,504,Morocco,866,Cattle,2017,3364000,A,,,,
144,508,Mozambique,866,Cattle,2017,1951337,A,,,,
28,104,Myanmar,866,Cattle,2017,17645629,A,,,,
147,516,Namibia,866,Cattle,2017,2951510,I,,,,
149,524,Nepal,866,Cattle,2017,7347487,A,,,,
150,528,Netherlands (Kingdom of the),866,Cattle,2017,4030000,A,,,,
153,540,New Caledonia,866,Cattle,2017,83304,I,,,,
156,554,New Zealand,866,Cattle,2017,10145902,A,,,,
157,558,Nicaragua,866,Cattle,2017,5028780,I,,,,
158,562,Niger,866,Cattle,2017,13550559,A,,,,
159,566,Nigeria,866,Cattle,2017,20057095,A,,,,
160,570,Niue,866,Cattle,2017,113,I,,,,
162,578,Norway,866,Cattle,2017,885292,A,,,,
221,512,Oman,866,Cattle,2017,389130,A,,,,
165,586,Pakistan,866,Cattle,2017,44400000,A,,,,
166,591,Panama,866,Cattle,2017,1523000,A,,,,
168,598,Papua New Guinea,866,Cattle,2017,92673,I,,,,
169,600,Paraguay,866,Cattle,2017,13821526,A,,,,
170,604,Peru,866,Cattle,2017,5535569,A,,,,
171,608,Philippines,866,Cattle,2017,2547614,A,,,,
173,616,Poland,866,Cattle,2017,6143083,A,,,,
174,620,Portugal,866,Cattle,2017,1670000,A,,,,
177,630,Puerto Rico,866,Cattle,2017,239056,I,,,,
179,634,Qatar,866,Cattle,2017,24958,A,,,,
117,410,Republic of Korea,866,Cattle,2017,3428330,A,,,,
183,642,Romania,866,Cattle,2017,2049700,A,,,,
184,646,Rwanda,866,Cattle,2017,1166187,A,,,,
188,659,Saint Kitts and Nevis,866,Cattle,2017,2000,E,,,,
189,662,Saint Lucia,866,Cattle,2017,10720,I,,,,
191,670,Saint Vincent and the Grenadines,866,Cattle,2017,3530,E,,,,
244,882,Samoa,866,Cattle,2017,46737,I,,,,
193,678,Sao Tome and Principe,866,Cattle,2017,1375,A,,,,
194,682,Saudi Arabia,866,Cattle,2017,364958,A,,,,
195,686,Senegal,866,Cattle,2017,3587000,A,,,,
196,690,Seychelles,866,Cattle,2017,290,E,,,,
197,694,Sierra Leone,866,Cattle,2017,546881,A,,,,
200,702,Singapore,866,Cattle,2017,189,E,,,,
25,90,Solomon Islands,866,Cattle,2017,15066,I,,,,
201,706,Somalia,866,Cattle,2017,4800000,E,,,,
202,710,South Africa,866,Cattle,2017,12953388,A,,,,
203,724,Spain,866,Cattle,2017,6465747,A,,,,
38,144,Sri Lanka,866,Cattle,2017,1000880,A,,,,
207,740,Suriname,866,Cattle,2017,35995,A,,,,
210,752,Sweden,866,Cattle,2017,1448590,A,,,,
211,756,Switzerland,866,Cattle,2017,1544612,A,,,,
212,760,Syrian Arab Republic,866,Cattle,2017,833130,A,,,,
216,764,Thailand,866,Cattle,2017,4680000,E,,,,
176,626,Timor-Leste,866,Cattle,2017,227739,I,,,,
217,768,Togo,866,Cattle,2017,450643,A,,,,
219,776,Tonga,866,Cattle,2017,11975,I,,,,
220,780,Trinidad and Tobago,866,Cattle,2017,35240,I,,,,
222,788,Tunisia,866,Cattle,2017,646000,A,,,,
223,792,Türkiye,866,Cattle,2017,15943586,A,,,,
226,800,Uganda,866,Cattle,2017,14189000,A,,,,
225,784,United Arab Emirates,866,Cattle,2017,106177,A,,,,
229,826,United Kingdom of Great Britain and Northern Ireland,866,Cattle,2017,10004000,A,,,,
215,834,United Republic of Tanzania,866,Cattle,2017,28730362,I,,,,
231,840,United States of America,866,Cattle,2017,93624600,A,,,,
234,858,Uruguay,866,Cattle,2017,11739000,A,,,,
155,548,Vanuatu,866,Cattle,2017,100000,E,,,,
236,862,Venezuela (Bolivarian Republic of),866,Cattle,2017,16058763,A,,,,
237,704,Viet Nam,866,Cattle,2017,5654901,A,,,,
249,887,Yemen,866,Cattle,2017,1671954,A,,,,
251,894,Zambia,866,Cattle,2017,3718729,I,,,,
181,716,Zimbabwe,866,Cattle,2017,5333343,A,,,,
230,804,Ukraine,866,Cattle,2018,3530800,A,,,,
113,417,Kyrgyzstan,866,Cattle,2018,1627296,A,,,,
154,807,North Macedonia,866,Cattle,2018,256181,A,,,,
198,705,Slovenia,866,Cattle,2018,476810,A,,,,
238,231,Ethiopia,866,Cattle,2018,61510258,A,,,,
235,860,Uzbekistan,866,Cattle,2018,12814100,A,,,,
63,233,Estonia,866,Cattle,2018,251900,A,,,,
167,203,Czechia,866,Cattle,2018,1365240,A,,,,
178,232,Eritrea,866,Cattle,2018,2116621,I,,,,
52,31,Azerbaijan,866,Cattle,2018,2482627,A,,,,
98,191,Croatia,866,Cattle,2018,414000,A,,,,
108,398,Kazakhstan,866,Cattle,2018,7150920,A,,,,
213,795,Turkmenistan,866,Cattle,2018,2393722,A,,,,
73,268,Georgia,866,Cattle,2018,909700,A,,,,
145,583,Micronesia (Federated States of),866,Cattle,2018,16995,I,,,,
119,428,Latvia,866,Cattle,2018,395330,A,,,,
276,729,Sudan,866,Cattle,2018,31223000,A,,,,
1,51,Armenia,866,Cattle,2018,590585,A,,,,
273,499,Montenegro,866,Cattle,2018,72949,A,,,,
57,112,Belarus,866,Cattle,2018,4340400,A,,,,
255,56,Belgium,866,Cattle,2018,2398090,A,,,,
126,440,Lithuania,866,Cattle,2018,653500,A,,,,
256,442,Luxembourg,866,Cattle,2018,194390,A,,,,
208,762,Tajikistan,866,Cattle,2018,2327531,A,,,,
272,688,Serbia,866,Cattle,2018,878336,A,,,,
185,643,Russian Federation,866,Cattle,2018,18294228,A,,,,
199,703,Slovakia,866,Cattle,2018,438860,A,,,,
80,70,Bosnia and Herzegovina,866,Cattle,2018,438006,A,,,,
146,498,Republic of Moldova,866,Cattle,2018,167423,A,,,,
299,275,Palestine,866,Cattle,2018,46833,I,,,,
277,728,South Sudan,866,Cattle,2018,13314145,A,,,,
2,4,Afghanistan,866,Cattle,2018,5187636,I,,,,
3,8,Albania,866,Cattle,2018,467318,A,,,,
4,12,Algeria,866,Cattle,2018,1816280,A,,,,
7,24,Angola,866,Cattle,2018,4943060,I,,,,
8,28,Antigua and Barbuda,866,Cattle,2018,4570,I,,,,
9,32,Argentina,866,Cattle,2018,54793181,A,,,,
10,36,Australia,866,Cattle,2018,26395734,A,,,,
11,40,Austria,866,Cattle,2018,1912810,A,,,,
12,44,Bahamas,866,Cattle,2018,750,I,,,,
13,48,Bahrain,866,Cattle,2018,7000,A,,,,
16,50,Bangladesh,866,Cattle,2018,24086000,A,,,,
14,52,Barbados,866,Cattle,2018,10975,I,,,,
23,84,Belize,866,Cattle,2018,101444,I,,,,
53,204,Benin,866,Cattle,2018,2462000,A,,,,
18,64,Bhutan,866,Cattle,2018,368487,A,,,,
19,68,Bolivia (Plurinational State of),866,Cattle,2018,9556000,A,,,,
20,72,Botswana,866,Cattle,2018,1060563,I,,,,
21,76,Brazil,866,Cattle,2018,213809445,A,,,,
26,96,Brunei Darussalam,866,Cattle,2018,681,A,,,,
27,100,Bulgaria,866,Cattle,2018,542120,A,,,,
233,854,Burkina Faso,866,Cattle,2018,9840000,A,,,,
29,108,Burundi,866,Cattle,2018,1110936,A,,,,
35,132,Cabo Verde,866,Cattle,2018,29558,A,,,,
115,116,Cambodia,866,Cattle,2018,2861275,I,,,,
32,120,Cameroon,866,Cattle,2018,5809072,I,,,,
33,124,Canada,866,Cattle,2018,11670000,A,,,,
37,140,Central African Republic,866,Cattle,2018,4577997,I,,,,
39,148,Chad,866,Cattle,2018,29069601,A,,,,
40,152,Chile,866,Cattle,2018,2991891,I,,,,
96,344,"China, Hong Kong SAR",866,Cattle,2018,1571,I,,,,
214,158,"China, Taiwan Province of",866,Cattle,2018,145095,A,,,,
41,156,"China, mainland",866,Cattle,2018,63271250,E,,,,
44,170,Colombia,866,Cattle,2018,26021034,A,,,,
45,174,Comoros,866,Cattle,2018,51197,I,,,,
46,178,Congo,866,Cattle,2018,337311,I,,,,
47,184,Cook Islands,866,Cattle,2018,224,I,,,,
48,188,Costa Rica,866,Cattle,2018,1582179,A,,,,
49,192,Cuba,866,Cattle,2018,3808400,A,,,,
50,196,Cyprus,866,Cattle,2018,70820,A,,,,
107,384,Côte d'Ivoire,866,Cattle,2018,1694873,A,,,,
116,408,Democratic People's Republic of Korea,866,Cattle,2018,576000,A,,,,
250,180,Democratic Republic of the Congo,866,Cattle,2018,1144766,A,,,,
54,208,Denmark,866,Cattle,2018,1530000,A,,,,
72,262,Djibouti,866,Cattle,2018,308241,I,,,,
55,212,Dominica,866,Cattle,2018,13893,I,,,,
56,214,Dominican Republic,866,Cattle,2018,3004496,I,,,,
58,218,Ecuador,866,Cattle,2018,4056796,A,,,,
59,818,Egypt,866,Cattle,2018,4379000,A,,,,
60,222,El Salvador,866,Cattle,2018,740287,A,,,,
61,226,Equatorial Guinea,866,Cattle,2018,5394,I,,,,
209,748,Eswatini,866,Cattle,2018,501643,A,,,,
64,234,Faroe Islands,866,Cattle,2018,1873,A,,,,
66,242,Fiji,866,Cattle,2018,89490,A,,,,
67,246,Finland,866,Cattle,2018,859380,A,,,,
68,250,France,866,Cattle,2018,18613040,A,,,,
70,258,French Polynesia,866,Cattle,2018,8074,I,,,,
74,266,Gabon,866,Cattle,2018,39143,I,,,,
75,270,Gambia,866,Cattle,2018,346860,I,,,,
79,276,Germany,866,Cattle,2018,11949090,A,,,,
81,288,Ghana,866,Cattle,2018,1922000,A,,,,
84,300,Greece,866,Cattle,2018,542000,A,,,,
86,308,Grenada,866,Cattle,2018,6218,I,,,,
89,320,Guatemala,866,Cattle,2018,3920768,I,,,,
90,324,Guinea,866,Cattle,2018,7520274,A,,,,
175,624,Guinea-Bissau,866,Cattle,2018,711496,I,,,,
91,328,Guyana,866,Cattle,2018,103792,I,,,,
93,332,Haiti,866,Cattle,2018,1518366,I,,,,
95,340,Honduras,866,Cattle,2018,2828314,I,,,,
97,348,Hungary,866,Cattle,2018,885000,A,,,,
99,352,Iceland,866,Cattle,2018,81385,A,,,,
100,356,India,866,Cattle,2018,191957536,I,,,,
101,360,Indonesia,866,Cattle,2018,16432945,A,,,,
102,364,Iran (Islamic Republic of),866,Cattle,2018,5273236,I,,,,
103,368,Iraq,866,Cattle,2018,1938649,A,,,,
104,372,Ireland,866,Cattle,2018,6593490,A,,,,
105,376,Israel,866,Cattle,2018,546200,A,,,,
106,380,Italy,866,Cattle,2018,6311160,A,,,,
109,388,Jamaica,866,Cattle,2018,160000,E,,,,
110,392,Japan,866,Cattle,2018,3842000,A,,,,
112,400,Jordan,866,Cattle,2018,76406,A,,,,
114,404,Kenya,866,Cattle,2018,19635142,A,,,,
118,414,Kuwait,866,Cattle,2018,29077,A,,,,
120,418,Lao People's Democratic Republic,866,Cattle,2018,2040907,A,,,,
121,422,Lebanon,866,Cattle,2018,86392,X,,,,
122,426,Lesotho,866,Cattle,2018,453297,A,,,,
123,430,Liberia,866,Cattle,2018,42494,I,,,,
124,434,Libya,866,Cattle,2018,225140,A,,,,
129,450,Madagascar,866,Cattle,2018,8605900,A,,,,
130,454,Malawi,866,Cattle,2018,1655517,A,,,,
131,458,Malaysia,866,Cattle,2018,676686,A,,,,
133,466,Mali,866,Cattle,2018,11758377,A,,,,
134,470,Malta,866,Cattle,2018,14120,A,,,,
136,478,Mauritania,866,Cattle,2018,1880390,I,,,,
137,480,Mauritius,866,Cattle,2018,3985,A,,,,
138,484,Mexico,866,Cattle,2018,34820271,A,,,,
141,496,Mongolia,866,Cattle,2018,4380879,A,,,,
143,504,Morocco,866,Cattle,2018,3441000,A,,,,
144,508,Mozambique,866,Cattle,2018,2381894,A,,,,
28,104,Myanmar,866,Cattle,2018,9907288,A,,,,
147,516,Namibia,866,Cattle,2018,2832287,I,,,,
149,524,Nepal,866,Cattle,2018,7376306,A,,,,
150,528,Netherlands (Kingdom of the),866,Cattle,2018,3690000,A,,,,
153,540,New Caledonia,866,Cattle,2018,81555,I,,,,
156,554,New Zealand,866,Cattle,2018,10106803,A,,,,
157,558,Nicaragua,866,Cattle,2018,5098002,I,,,,
158,562,Niger,866,Cattle,2018,14363592,A,,,,
159,566,Nigeria,866,Cattle,2018,20240605,I,,,,
160,570,Niue,866,Cattle,2018,113,I,,,,
162,578,Norway,866,Cattle,2018,881991,A,,,,
221,512,Oman,866,Cattle,2018,396913,A,,,,
165,586,Pakistan,866,Cattle,2018,46084000,A,,,,
166,591,Panama,866,Cattle,2018,1558400,A,,,,
168,598,Papua New Guinea,866,Cattle,2018,92405,I,,,,
169,600,Paraguay,866,Cattle,2018,13500965,A,,,,
170,604,Peru,866,Cattle,2018,5575483,A,,,,
171,608,Philippines,866,Cattle,2018,2553937,A,,,,
173,616,Poland,866,Cattle,2018,6183300,A,,,,
174,620,Portugal,866,Cattle,2018,1632420,A,,,,
177,630,Puerto Rico,866,Cattle,2018,234250,A,,,,
179,634,Qatar,866,Cattle,2018,38165,A,,,,
117,410,Republic of Korea,866,Cattle,2018,3520886,A,,,,
183,642,Romania,866,Cattle,2018,1977200,A,,,,
184,646,Rwanda,866,Cattle,2018,1293768,A,,,,
188,659,Saint Kitts and Nevis,866,Cattle,2018,2000,E,,,,
189,662,Saint Lucia,866,Cattle,2018,10634,I,,,,
191,670,Saint Vincent and the Grenadines,866,Cattle,2018,3680,E,,,,
244,882,Samoa,866,Cattle,2018,42796,I,,,,
193,678,Sao Tome and Principe,866,Cattle,2018,1407,A,,,,
194,682,Saudi Arabia,866,Cattle,2018,477255,A,,,,
195,686,Senegal,866,Cattle,2018,3627858,A,,,,
196,690,Seychelles,866,Cattle,2018,362,I,,,,
197,694,Sierra Leone,866,Cattle,2018,564928,A,,,,
200,702,Singapore,866,Cattle,2018,184,I,,,,
25,90,Solomon Islands,866,Cattle,2018,15074,I,,,,
201,706,Somalia,866,Cattle,2018,4789337,I,,,,
202,710,South Africa,866,Cattle,2018,12789515,A,,,,
203,724,Spain,866,Cattle,2018,6510590,A,,,,
38,144,Sri Lanka,866,Cattle,2018,1110740,A,,,,
207,740,Suriname,866,Cattle,2018,34341,A,,,,
210,752,Sweden,866,Cattle,2018,1435450,A,,,,
211,756,Switzerland,866,Cattle,2018,1543345,A,,,,
212,760,Syrian Arab Republic,866,Cattle,2018,766642,A,,,,
216,764,Thailand,866,Cattle,2018,4643381,I,,,,
176,626,Timor-Leste,866,Cattle,2018,232814,I,,,,
217,768,Togo,866,Cattle,2018,453088,A,,,,
219,776,Tonga,866,Cattle,2018,12005,I,,,,
220,780,Trinidad and Tobago,866,Cattle,2018,34709,I,,,,
222,788,Tunisia,866,Cattle,2018,594500,A,,,,
223,792,Türkiye,866,Cattle,2018,17042506,A,,,,
226,800,Uganda,866,Cattle,2018,14572000,A,,,,
225,784,United Arab Emirates,866,Cattle,2018,103361,I,,,,
229,826,United Kingdom of Great Britain and Northern Ireland,866,Cattle,2018,9892000,A,,,,
215,834,United Republic of Tanzania,866,Cattle,2018,30503161,I,,,,
231,840,United States of America,866,Cattle,2018,94298000,A,,,,
234,858,Uruguay,866,Cattle,2018,11468000,A,,,,
155,548,Vanuatu,866,Cattle,2018,90000,E,,,,
236,862,Venezuela (Bolivarian Republic of),866,Cattle,2018,15898928,A,,,,
237,704,Viet Nam,866,Cattle,2018,5802907,A,,,,
249,887,Yemen,866,Cattle,2018,1503452,A,,,,
251,894,Zambia,866,Cattle,2018,3714667,A,,,,
181,716,Zimbabwe,866,Cattle,2018,5320047,I,,,,
73,268,Georgia,866,Cattle,2019,878900,A,,,,
119,428,Latvia,866,Cattle,2019,395320,A,,,,
154,807,North Macedonia,866,Cattle,2019,217790,A,,,,
255,56,Belgium,866,Cattle,2019,2373100,A,,,,
299,275,Palestine,866,Cattle,2019,31220,A,,,,
57,112,Belarus,866,Cattle,2019,4294700,A,,,,
63,233,Estonia,866,Cattle,2019,254000,A,,,,
167,203,Czechia,866,Cattle,2019,1367050,A,,,,
256,442,Luxembourg,866,Cattle,2019,192100,A,,,,
52,31,Azerbaijan,866,Cattle,2019,2484154,A,,,,
198,705,Slovenia,866,Cattle,2019,483070,A,,,,
235,860,Uzbekistan,866,Cattle,2019,12949700,A,,,,
273,499,Montenegro,866,Cattle,2019,72041,A,,,,
277,728,South Sudan,866,Cattle,2019,13580389,A,,,,
199,703,Slovakia,866,Cattle,2019,432250,A,,,,
98,191,Croatia,866,Cattle,2019,420000,A,,,,
108,398,Kazakhstan,866,Cattle,2019,6251000,E,,,,
126,440,Lithuania,866,Cattle,2019,634600,A,,,,
230,804,Ukraine,866,Cattle,2019,3332900,A,,,,
272,688,Serbia,866,Cattle,2019,898178,A,,,,
80,70,Bosnia and Herzegovina,866,Cattle,2019,429653,A,,,,
145,583,Micronesia (Federated States of),866,Cattle,2019,17030,I,,,,
238,231,Ethiopia,866,Cattle,2019,65354090,A,,,,
146,498,Republic of Moldova,866,Cattle,2019,144828,A,,,,
1,51,Armenia,866,Cattle,2019,571861,A,,,,
178,232,Eritrea,866,Cattle,2019,2119780,I,,,,
113,417,Kyrgyzstan,866,Cattle,2019,1680750,A,,,,
213,795,Turkmenistan,866,Cattle,2019,2403120,A,,,,
276,729,Sudan,866,Cattle,2019,31489000,A,,,,
185,643,Russian Federation,866,Cattle,2019,18151394,A,,,,
208,762,Tajikistan,866,Cattle,2019,2361915,A,,,,
2,4,Afghanistan,866,Cattle,2019,5223957,E,,,,
3,8,Albania,866,Cattle,2019,415609,A,,,,
4,12,Algeria,866,Cattle,2019,1786351,A,,,,
7,24,Angola,866,Cattle,2019,4925681,I,,,,
8,28,Antigua and Barbuda,866,Cattle,2019,4392,I,,,,
9,32,Argentina,866,Cattle,2019,55007853,A,,,,
10,36,Australia,866,Cattle,2019,24723458,A,,,,
11,40,Austria,866,Cattle,2019,1879520,A,,,,
12,44,Bahamas,866,Cattle,2019,751,I,,,,
13,48,Bahrain,866,Cattle,2019,7667,A,,,,
16,50,Bangladesh,866,Cattle,2019,24187000,A,,,,
14,52,Barbados,866,Cattle,2019,10957,I,,,,
23,84,Belize,866,Cattle,2019,101940,I,,,,
53,204,Benin,866,Cattle,2019,2526000,A,,,,
18,64,Bhutan,866,Cattle,2019,354350,A,,,,
19,68,Bolivia (Plurinational State of),866,Cattle,2019,9741474,A,,,,
20,72,Botswana,866,Cattle,2019,934732,A,,,,
21,76,Brazil,866,Cattle,2019,215008958,A,,,,
26,96,Brunei Darussalam,866,Cattle,2019,617,A,,,,
27,100,Bulgaria,866,Cattle,2019,527190,A,,,,
233,854,Burkina Faso,866,Cattle,2019,10037000,A,,,,
29,108,Burundi,866,Cattle,2019,1112936,A,,,,
35,132,Cabo Verde,866,Cattle,2019,29623,A,,,,
115,116,Cambodia,866,Cattle,2019,2840577,I,,,,
32,120,Cameroon,866,Cattle,2019,5800633,I,,,,
33,124,Canada,866,Cattle,2019,11670000,A,,,,
37,140,Central African Republic,866,Cattle,2019,4694271,I,,,,
39,148,Chad,866,Cattle,2019,30612461,A,,,,
40,152,Chile,866,Cattle,2019,3108089,A,,,,
96,344,"China, Hong Kong SAR",866,Cattle,2019,1569,I,,,,
214,158,"China, Taiwan Province of",866,Cattle,2019,148819,A,,,,
41,156,"China, mainland",866,Cattle,2019,63967890,E,,,,
44,170,Colombia,866,Cattle,2019,27239767,A,,,,
45,174,Comoros,866,Cattle,2019,51289,I,,,,
46,178,Congo,866,Cattle,2019,336442,I,,,,
47,184,Cook Islands,866,Cattle,2019,223,I,,,,
48,188,Costa Rica,866,Cattle,2019,1633467,A,,,,
49,192,Cuba,866,Cattle,2019,3817300,A,,,,
50,196,Cyprus,866,Cattle,2019,73970,A,,,,
107,384,Côte d'Ivoire,866,Cattle,2019,1722666,A,,,,
116,408,Democratic People's Republic of Korea,866,Cattle,2019,578000,A,,,,
250,180,Democratic Republic of the Congo,866,Cattle,2019,1211912,A,,,,
54,208,Denmark,866,Cattle,2019,1500000,A,,,,
72,262,Djibouti,866,Cattle,2019,309710,I,,,,
55,212,Dominica,866,Cattle,2019,13888,I,,,,
56,214,Dominican Republic,866,Cattle,2019,3010021,I,,,,
58,218,Ecuador,866,Cattle,2019,4306244,A,,,,
59,818,Egypt,866,Cattle,2019,2809000,A,,,,
60,222,El Salvador,866,Cattle,2019,699086,A,,,,
61,226,Equatorial Guinea,866,Cattle,2019,5421,I,,,,
209,748,Eswatini,866,Cattle,2019,527153,A,,,,
64,234,Faroe Islands,866,Cattle,2019,1801,A,,,,
66,242,Fiji,866,Cattle,2019,114502,A,,,,
67,246,Finland,866,Cattle,2019,840740,A,,,,
68,250,France,866,Cattle,2019,18172970,A,,,,
70,258,French Polynesia,866,Cattle,2019,8362,I,,,,
74,266,Gabon,866,Cattle,2019,38976,I,,,,
75,270,Gambia,866,Cattle,2019,311800,I,,,,
79,276,Germany,866,Cattle,2019,11639530,A,,,,
81,288,Ghana,866,Cattle,2019,1943000,A,,,,
84,300,Greece,866,Cattle,2019,530000,A,,,,
86,308,Grenada,866,Cattle,2019,6301,I,,,,
89,320,Guatemala,866,Cattle,2019,3986054,I,,,,
90,324,Guinea,866,Cattle,2019,7932745,A,,,,
175,624,Guinea-Bissau,866,Cattle,2019,720882,I,,,,
91,328,Guyana,866,Cattle,2019,100000,E,,,,
93,332,Haiti,866,Cattle,2019,1529650,I,,,,
95,340,Honduras,866,Cattle,2019,2846961,I,,,,
97,348,Hungary,866,Cattle,2019,909000,A,,,,
99,352,Iceland,866,Cattle,2019,80872,A,,,,
100,356,India,866,Cattle,2019,193462871,A,,,,
101,360,Indonesia,866,Cattle,2019,16930025,A,,,,
102,364,Iran (Islamic Republic of),866,Cattle,2019,5443180,I,,,,
103,368,Iraq,866,Cattle,2019,1978740,A,,,,
104,372,Ireland,866,Cattle,2019,6559650,A,,,,
105,376,Israel,866,Cattle,2019,552640,A,,,,
106,380,Italy,866,Cattle,2019,6377230,A,,,,
109,388,Jamaica,866,Cattle,2019,160000,E,,,,
110,392,Japan,866,Cattle,2019,3835000,A,,,,
112,400,Jordan,866,Cattle,2019,77616,A,,,,
114,404,Kenya,866,Cattle,2019,20882488,A,,,,
118,414,Kuwait,866,Cattle,2019,34746,A,,,,
120,418,Lao People's Democratic Republic,866,Cattle,2019,2110000,A,,,,
121,422,Lebanon,866,Cattle,2019,87256,X,,,,
122,426,Lesotho,866,Cattle,2019,360602,A,,,,
123,430,Liberia,866,Cattle,2019,42353,I,,,,
124,434,Libya,866,Cattle,2019,229890,A,,,,
129,450,Madagascar,866,Cattle,2019,8700000,A,,,,
130,454,Malawi,866,Cattle,2019,1867034,A,,,,
131,458,Malaysia,866,Cattle,2019,657407,A,,,,
133,466,Mali,866,Cattle,2019,12111128,A,,,,
134,470,Malta,866,Cattle,2019,14000,A,,,,
136,478,Mauritania,866,Cattle,2019,1916778,I,,,,
137,480,Mauritius,866,Cattle,2019,3484,A,,,,
138,484,Mexico,866,Cattle,2019,35224960,A,,,,
141,496,Mongolia,866,Cattle,2019,4753192,A,,,,
143,504,Morocco,866,Cattle,2019,3328000,A,,,,
144,508,Mozambique,866,Cattle,2019,2110191,A,,,,
28,104,Myanmar,866,Cattle,2019,10082903,A,,,,
147,516,Namibia,866,Cattle,2019,2806142,I,,,,
149,524,Nepal,866,Cattle,2019,7385035,A,,,,
150,528,Netherlands (Kingdom of the),866,Cattle,2019,3721000,A,,,,
153,540,New Caledonia,866,Cattle,2019,80929,I,,,,
156,554,New Zealand,866,Cattle,2019,10150891,A,,,,
157,558,Nicaragua,866,Cattle,2019,5210703,I,,,,
158,562,Niger,866,Cattle,2019,15225410,A,,,,
159,566,Nigeria,866,Cattle,2019,20402276,I,,,,
160,570,Niue,866,Cattle,2019,113,I,,,,
162,578,Norway,866,Cattle,2019,874136,A,,,,
221,512,Oman,866,Cattle,2019,404851,A,,,,
165,586,Pakistan,866,Cattle,2019,47821000,A,,,,
166,591,Panama,866,Cattle,2019,1498700,A,,,,
168,598,Papua New Guinea,866,Cattle,2019,92166,I,,,,
169,600,Paraguay,866,Cattle,2019,13801993,A,,,,
170,604,Peru,866,Cattle,2019,5599891,A,,,,
171,608,Philippines,866,Cattle,2019,2535414,A,,,,
173,616,Poland,866,Cattle,2019,6261600,A,,,,
174,620,Portugal,866,Cattle,2019,1674970,A,,,,
177,630,Puerto Rico,866,Cattle,2019,225682,I,,,,
179,634,Qatar,866,Cattle,2019,43061,A,,,,
117,410,Republic of Korea,866,Cattle,2019,3645190,A,,,,
183,642,Romania,866,Cattle,2019,1923300,A,,,,
184,646,Rwanda,866,Cattle,2019,1405793,I,,,,
188,659,Saint Kitts and Nevis,866,Cattle,2019,2000,E,,,,
189,662,Saint Lucia,866,Cattle,2019,10550,I,,,,
191,670,Saint Vincent and the Grenadines,866,Cattle,2019,3300,E,,,,
244,882,Samoa,866,Cattle,2019,37167,A,,,,
193,678,Sao Tome and Principe,866,Cattle,2019,1447,I,,,,
194,682,Saudi Arabia,866,Cattle,2019,567040,A,,,,
195,686,Senegal,866,Cattle,2019,3605558,A,,,,
196,690,Seychelles,866,Cattle,2019,426,I,,,,
197,694,Sierra Leone,866,Cattle,2019,583571,A,,,,
200,702,Singapore,866,Cattle,2019,183,E,,,,
25,90,Solomon Islands,866,Cattle,2019,15093,I,,,,
201,706,Somalia,866,Cattle,2019,4800000,E,,,,
202,710,South Africa,866,Cattle,2019,12588635,A,,,,
203,724,Spain,866,Cattle,2019,6600330,A,,,,
38,144,Sri Lanka,866,Cattle,2019,1086010,A,,,,
207,740,Suriname,866,Cattle,2019,35403,A,,,,
210,752,Sweden,866,Cattle,2019,1404670,A,,,,
211,756,Switzerland,866,Cattle,2019,1524820,A,,,,
212,760,Syrian Arab Republic,866,Cattle,2019,788321,A,,,,
216,764,Thailand,866,Cattle,2019,4600000,E,,,,
176,626,Timor-Leste,866,Cattle,2019,285701,A,,,,
217,768,Togo,866,Cattle,2019,459702,A,,,,
219,776,Tonga,866,Cattle,2019,12028,I,,,,
220,780,Trinidad and Tobago,866,Cattle,2019,34740,I,,,,
222,788,Tunisia,866,Cattle,2019,564306,I,,,,
223,792,Türkiye,866,Cattle,2019,17688139,A,,,,
226,800,Uganda,866,Cattle,2019,14785000,A,,,,
225,784,United Arab Emirates,866,Cattle,2019,100914,A,,,,
229,826,United Kingdom of Great Britain and Northern Ireland,866,Cattle,2019,9739000,A,,,,
215,834,United Republic of Tanzania,866,Cattle,2019,32106665,I,,,,
231,840,United States of America,866,Cattle,2019,94804701,A,,,,
234,858,Uruguay,866,Cattle,2019,11411000,A,,,,
155,548,Vanuatu,866,Cattle,2019,88834,I,,,,
236,862,Venezuela (Bolivarian Republic of),866,Cattle,2019,16002651,A,,,,
237,704,Viet Nam,866,Cattle,2019,6060024,A,,,,
249,887,Yemen,866,Cattle,2019,1818052,A,,,,
251,894,Zambia,866,Cattle,2019,3927432,A,,,,
181,716,Zimbabwe,866,Cattle,2019,5057563,A,,,,
178,232,Eritrea,866,Cattle,2020,2122934,I,,,,
52,31,Azerbaijan,866,Cattle,2020,2504048,A,,,,
108,398,Kazakhstan,866,Cattle,2020,6486000,E,,,,
299,275,Palestine,866,Cattle,2020,25790,A,,,,
80,70,Bosnia and Herzegovina,866,Cattle,2020,427461,A,,,,
119,428,Latvia,866,Cattle,2020,398990,A,,,,
230,804,Ukraine,866,Cattle,2020,3092000,A,,,,
167,203,Czechia,866,Cattle,2020,1340040,A,,,,
185,643,Russian Federation,866,Cattle,2020,18126003,A,,,,
98,191,Croatia,866,Cattle,2020,423000,A,,,,
238,231,Ethiopia,866,Cattle,2020,70291776,A,,,,
146,498,Republic of Moldova,866,Cattle,2020,108900,A,,,,
113,417,Kyrgyzstan,866,Cattle,2020,1715776,A,,,,
256,442,Luxembourg,866,Cattle,2020,190690,A,,,,
198,705,Slovenia,866,Cattle,2020,485610,A,,,,
277,728,South Sudan,866,Cattle,2020,13784065,A,,,,
63,233,Estonia,866,Cattle,2020,253300,A,,,,
145,583,Micronesia (Federated States of),866,Cattle,2020,17122,I,,,,
199,703,Slovakia,866,Cattle,2020,442290,A,,,,
208,762,Tajikistan,866,Cattle,2020,2392000,A,,,,
213,795,Turkmenistan,866,Cattle,2020,2498583,A,,,,
1,51,Armenia,866,Cattle,2020,579256,A,,,,
57,112,Belarus,866,Cattle,2020,4287700,A,,,,
235,860,Uzbekistan,866,Cattle,2020,13154200,A,,,,
276,729,Sudan,866,Cattle,2020,31757266,A,,,,
272,688,Serbia,866,Cattle,2020,886127,A,,,,
73,268,Georgia,866,Cattle,2020,869500,A,,,,
273,499,Montenegro,866,Cattle,2020,71134,A,,,,
126,440,Lithuania,866,Cattle,2020,629500,A,,,,
154,807,North Macedonia,866,Cattle,2020,222202,A,,,,
255,56,Belgium,866,Cattle,2020,2335440,A,,,,
2,4,Afghanistan,866,Cattle,2020,5370129,I,,,,
3,8,Albania,866,Cattle,2020,362583,A,,,,
4,12,Algeria,866,Cattle,2020,1740183,A,,,,
7,24,Angola,866,Cattle,2020,4924541,I,,,,
8,28,Antigua and Barbuda,866,Cattle,2020,4198,I,,,,
9,32,Argentina,866,Cattle,2020,54460799,A,,,,
10,36,Australia,866,Cattle,2020,23503238,A,,,,
11,40,Austria,866,Cattle,2020,1855430,A,,,,
12,44,Bahamas,866,Cattle,2020,749,I,,,,
13,48,Bahrain,866,Cattle,2020,7000,A,,,,
16,50,Bangladesh,866,Cattle,2020,24391000,A,,,,
14,52,Barbados,866,Cattle,2020,10966,I,,,,
23,84,Belize,866,Cattle,2020,101632,I,,,,
53,204,Benin,866,Cattle,2020,1937604,A,,,,
18,64,Bhutan,866,Cattle,2020,332418,A,,,,
19,68,Bolivia (Plurinational State of),866,Cattle,2020,10103767,A,,,,
20,72,Botswana,866,Cattle,2020,1000000,E,,,,
21,76,Brazil,866,Cattle,2020,217836282,A,,,,
26,96,Brunei Darussalam,866,Cattle,2020,583,A,,,,
27,100,Bulgaria,866,Cattle,2020,588910,A,,,,
233,854,Burkina Faso,866,Cattle,2020,7607000,A,,,,
29,108,Burundi,866,Cattle,2020,838991,A,,,,
35,132,Cabo Verde,866,Cattle,2020,29519,A,,,,
115,116,Cambodia,866,Cattle,2020,2829718,I,,,,
32,120,Cameroon,866,Cattle,2020,5808691,I,,,,
33,124,Canada,866,Cattle,2020,11540000,A,,,,
37,140,Central African Republic,866,Cattle,2020,4772942,I,,,,
39,148,Chad,866,Cattle,2020,32237209,A,,,,
40,152,Chile,866,Cattle,2020,3199969,I,,,,
96,344,"China, Hong Kong SAR",866,Cattle,2020,1570,I,,,,
214,158,"China, Taiwan Province of",866,Cattle,2020,151514,A,,,,
41,156,"China, mainland",866,Cattle,2020,66934420,E,,,,
44,170,Colombia,866,Cattle,2020,27973390,A,,,,
45,174,Comoros,866,Cattle,2020,51310,I,,,,
46,178,Congo,866,Cattle,2020,336147,I,,,,
47,184,Cook Islands,866,Cattle,2020,224,I,,,,
48,188,Costa Rica,866,Cattle,2020,1427793,A,,,,
49,192,Cuba,866,Cattle,2020,3752400,A,,,,
50,196,Cyprus,866,Cattle,2020,83030,A,,,,
107,384,Côte d'Ivoire,866,Cattle,2020,1750915,A,,,,
116,408,Democratic People's Republic of Korea,866,Cattle,2020,581000,A,,,,
250,180,Democratic Republic of the Congo,866,Cattle,2020,1343889,A,,,,
54,208,Denmark,866,Cattle,2020,1500000,A,,,,
72,262,Djibouti,866,Cattle,2020,311178,I,,,,
55,212,Dominica,866,Cattle,2020,13885,I,,,,
56,214,Dominican Republic,866,Cattle,2020,3009176,I,,,,
58,218,Ecuador,866,Cattle,2020,4335924,A,,,,
59,818,Egypt,866,Cattle,2020,2745000,A,,,,
60,222,El Salvador,866,Cattle,2020,754172,A,,,,
61,226,Equatorial Guinea,866,Cattle,2020,5442,I,,,,
209,748,Eswatini,866,Cattle,2020,548964,A,,,,
64,234,Faroe Islands,866,Cattle,2020,1837,A,,,,
66,242,Fiji,866,Cattle,2020,93301,A,,,,
67,246,Finland,866,Cattle,2020,835380,A,,,,
68,250,France,866,Cattle,2020,17815670,A,,,,
70,258,French Polynesia,866,Cattle,2020,8579,I,,,,
74,266,Gabon,866,Cattle,2020,38825,I,,,,
75,270,Gambia,866,Cattle,2020,285182,A,,,,
79,276,Germany,866,Cattle,2020,11301860,A,,,,
81,288,Ghana,866,Cattle,2020,2109000,A,,,,
84,300,Greece,866,Cattle,2020,631500,A,,,,
86,308,Grenada,866,Cattle,2020,6108,I,,,,
89,320,Guatemala,866,Cattle,2020,4055342,I,,,,
90,324,Guinea,866,Cattle,2020,8367838,A,,,,
175,624,Guinea-Bissau,866,Cattle,2020,730127,I,,,,
91,328,Guyana,866,Cattle,2020,96208,I,,,,
93,332,Haiti,866,Cattle,2020,1528747,I,,,,
95,340,Honduras,866,Cattle,2020,2861440,I,,,,
97,348,Hungary,866,Cattle,2020,932900,A,,,,
99,352,Iceland,866,Cattle,2020,80643,A,,,,
100,356,India,866,Cattle,2020,194939240,I,,,,
101,360,Indonesia,866,Cattle,2020,17440393,A,,,,
102,364,Iran (Islamic Republic of),866,Cattle,2020,5323974,A,,,,
103,368,Iraq,866,Cattle,2020,2019660,A,,,,
104,372,Ireland,866,Cattle,2020,6529440,A,,,,
105,376,Israel,866,Cattle,2020,525900,A,,,,
106,380,Italy,866,Cattle,2020,6400040,A,,,,
109,388,Jamaica,866,Cattle,2020,160000,E,,,,
110,392,Japan,866,Cattle,2020,3907000,A,,,,
112,400,Jordan,866,Cattle,2020,77888,A,,,,
114,404,Kenya,866,Cattle,2020,26765935,A,,,,
118,414,Kuwait,866,Cattle,2020,31480,A,,,,
120,418,Lao People's Democratic Republic,866,Cattle,2020,2188000,A,,,,
121,422,Lebanon,866,Cattle,2020,88128,X,,,,
122,426,Lesotho,866,Cattle,2020,330726,A,,,,
123,430,Liberia,866,Cattle,2020,42269,I,,,,
124,434,Libya,866,Cattle,2020,218260,A,,,,
129,450,Madagascar,866,Cattle,2020,7963494,I,,,,
130,454,Malawi,866,Cattle,2020,1946033,A,,,,
131,458,Malaysia,866,Cattle,2020,699424,A,,,,
133,466,Mali,866,Cattle,2020,12474462,A,,,,
134,470,Malta,866,Cattle,2020,14290,A,,,,
136,478,Mauritania,866,Cattle,2020,1952155,I,,,,
137,480,Mauritius,866,Cattle,2020,4754,A,,,,
138,484,Mexico,866,Cattle,2020,35653619,A,,,,
141,496,Mongolia,866,Cattle,2020,4732010,A,,,,
143,504,Morocco,866,Cattle,2020,3166900,A,,,,
144,508,Mozambique,866,Cattle,2020,2183857,A,,,,
28,104,Myanmar,866,Cattle,2020,10305196,A,,,,
147,516,Namibia,866,Cattle,2020,2516554,A,,,,
149,524,Nepal,866,Cattle,2020,7458885,A,,,,
150,528,Netherlands (Kingdom of the),866,Cattle,2020,3691000,A,,,,
153,540,New Caledonia,866,Cattle,2020,79863,I,,,,
156,554,New Zealand,866,Cattle,2020,10082788,A,,,,
157,558,Nicaragua,866,Cattle,2020,5330233,I,,,,
158,562,Niger,866,Cattle,2020,16138935,A,,,,
159,566,Nigeria,866,Cattle,2020,20585153,A,,,,
160,570,Niue,866,Cattle,2020,113,I,,,,
162,578,Norway,866,Cattle,2020,882961,A,,,,
221,512,Oman,866,Cattle,2020,412948,A,,,,
165,586,Pakistan,866,Cattle,2020,49624000,A,,,,
166,591,Panama,866,Cattle,2020,1505500,A,,,,
168,598,Papua New Guinea,866,Cattle,2020,91903,I,,,,
169,600,Paraguay,866,Cattle,2020,14026143,A,,,,
170,604,Peru,866,Cattle,2020,5636388,A,,,,
171,608,Philippines,866,Cattle,2020,2541959,A,,,,
173,616,Poland,866,Cattle,2020,6278900,A,,,,
174,620,Portugal,866,Cattle,2020,1691320,A,,,,
177,630,Puerto Rico,866,Cattle,2020,217925,I,,,,
179,634,Qatar,866,Cattle,2020,44718,A,,,,
117,410,Republic of Korea,866,Cattle,2020,3804976,A,,,,
183,642,Romania,866,Cattle,2020,1875200,A,,,,
184,646,Rwanda,866,Cattle,2020,1608499,A,,,,
188,659,Saint Kitts and Nevis,866,Cattle,2020,1933,A,,,,
189,662,Saint Lucia,866,Cattle,2020,10476,I,,,,
191,670,Saint Vincent and the Grenadines,866,Cattle,2020,3390,E,,,,
244,882,Samoa,866,Cattle,2020,41928,E,,,,
193,678,Sao Tome and Principe,866,Cattle,2020,1415,E,,,,
194,682,Saudi Arabia,866,Cattle,2020,700000,A,,,,
195,686,Senegal,866,Cattle,2020,3658199,A,,,,
196,690,Seychelles,866,Cattle,2020,500,E,,,,
197,694,Sierra Leone,866,Cattle,2020,622091,A,,,,
200,702,Singapore,866,Cattle,2020,176,I,,,,
25,90,Solomon Islands,866,Cattle,2020,15114,I,,,,
201,706,Somalia,866,Cattle,2020,4778805,I,,,,
202,710,South Africa,866,Cattle,2020,12297621,A,,,,
203,724,Spain,866,Cattle,2020,6636430,A,,,,
38,144,Sri Lanka,866,Cattle,2020,1103570,A,,,,
207,740,Suriname,866,Cattle,2020,36465,A,,,,
210,752,Sweden,866,Cattle,2020,1390960,A,,,,
211,756,Switzerland,866,Cattle,2020,1515123,A,,,,
212,760,Syrian Arab Republic,866,Cattle,2020,884572,A,,,,
216,764,Thailand,866,Cattle,2020,4557716,I,,,,
176,626,Timor-Leste,866,Cattle,2020,246718,I,,,,
217,768,Togo,866,Cattle,2020,464299,A,,,,
219,776,Tonga,866,Cattle,2020,12048,I,,,,
220,780,Trinidad and Tobago,866,Cattle,2020,34769,I,,,,
222,788,Tunisia,866,Cattle,2020,535032,I,,,,
223,792,Türkiye,866,Cattle,2020,17965482,A,,,,
226,800,Uganda,866,Cattle,2020,14918000,A,,,,
225,784,United Arab Emirates,866,Cattle,2020,103102,A,,,,
229,826,United Kingdom of Great Britain and Northern Ireland,866,Cattle,2020,9615000,A,,,,
215,834,United Republic of Tanzania,866,Cattle,2020,33615796,I,,,,
231,840,United States of America,866,Cattle,2020,93793300,A,,,,
234,858,Uruguay,866,Cattle,2020,11182000,A,,,,
155,548,Vanuatu,866,Cattle,2020,89439,I,,,,
236,862,Venezuela (Bolivarian Republic of),866,Cattle,2020,16055171,A,,,,
237,704,Viet Nam,866,Cattle,2020,6230519,A,,,,
249,887,Yemen,866,Cattle,2020,1835801,X,,,,
251,894,Zambia,866,Cattle,2020,3814438,A,,,,
181,716,Zimbabwe,866,Cattle,2020,5195154,A,,,,
178,232,Eritrea,866,Cattle,2021,2159183,I,,,,
73,268,Georgia,866,Cattle,2021,925800,A,,,,
145,583,Micronesia (Federated States of),866,Cattle,2021,17216,E,,,,
198,705,Slovenia,866,Cattle,2021,482620,A,,,,
230,804,Ukraine,866,Cattle,2021,2874000,A,,,,
255,56,Belgium,866,Cattle,2021,2310440,A,,,,
63,233,Estonia,866,Cattle,2021,250800,A,,,,
98,191,Croatia,866,Cattle,2021,428000,A,,,,
272,688,Serbia,866,Cattle,2021,859514,A,,,,
146,498,Republic of Moldova,866,Cattle,2021,104074,A,,,,
1,51,Armenia,866,Cattle,2021,613413,A,,,,
57,112,Belarus,866,Cattle,2021,4232400,A,,,,
167,203,Czechia,866,Cattle,2021,1359420,A,,,,
185,643,Russian Federation,866,Cattle,2021,18027172,A,,,,
235,860,Uzbekistan,866,Cattle,2021,13544400,A,,,,
119,428,Latvia,866,Cattle,2021,393470,A,,,,
199,703,Slovakia,866,Cattle,2021,434090,A,,,,
154,807,North Macedonia,866,Cattle,2021,177622,A,,,,
108,398,Kazakhstan,866,Cattle,2021,6704000,E,,,,
113,417,Kyrgyzstan,866,Cattle,2021,1750467,A,,,,
213,795,Turkmenistan,866,Cattle,2021,2513950,A,,,,
256,442,Luxembourg,866,Cattle,2021,187200,A,,,,
52,31,Azerbaijan,866,Cattle,2021,2519692,A,,,,
80,70,Bosnia and Herzegovina,866,Cattle,2021,341898,A,,,,
208,762,Tajikistan,866,Cattle,2021,2468000,A,,,,
273,499,Montenegro,866,Cattle,2021,70227,A,,,,
299,275,Palestine,866,Cattle,2021,67760,A,,,,
126,440,Lithuania,866,Cattle,2021,628700,A,,,,
238,231,Ethiopia,866,Cattle,2021,68079757,I,,,,
276,729,Sudan,866,Cattle,2021,31026579,I,,,,
277,728,South Sudan,866,Cattle,2021,13612784,A,,,,
2,4,Afghanistan,866,Cattle,2021,5267794,E,,,,
3,8,Albania,866,Cattle,2021,336784,A,,,,
4,12,Algeria,866,Cattle,2021,1734476,A,,,,
7,24,Angola,866,Cattle,2021,5140151,I,,,,
8,28,Antigua and Barbuda,866,Cattle,2021,4187,I,,,,
9,32,Argentina,866,Cattle,2021,53517534,A,,,,
10,36,Australia,866,Cattle,2021,24431174,A,,,,
11,40,Austria,866,Cattle,2021,1870100,A,,,,
12,44,Bahamas,866,Cattle,2021,743,I,,,,
13,48,Bahrain,866,Cattle,2021,7500,A,,,,
16,50,Bangladesh,866,Cattle,2021,24545000,A,,,,
14,52,Barbados,866,Cattle,2021,11229,I,,,,
23,84,Belize,866,Cattle,2021,100528,I,,,,
53,204,Benin,866,Cattle,2021,2117302,A,,,,
18,64,Bhutan,866,Cattle,2021,345978,A,,,,
19,68,Bolivia (Plurinational State of),866,Cattle,2021,10385482,A,,,,
20,72,Botswana,866,Cattle,2021,990000,E,,,,
21,76,Brazil,866,Cattle,2021,224601992,A,,,,
26,96,Brunei Darussalam,866,Cattle,2021,353,A,,,,
27,100,Bulgaria,866,Cattle,2021,611200,A,,,,
233,854,Burkina Faso,866,Cattle,2021,9740337,A,,,,
29,108,Burundi,866,Cattle,2021,1117598,A,,,,
35,132,Cabo Verde,866,Cattle,2021,29584,A,,,,
115,116,Cambodia,866,Cattle,2021,2849203,I,,,,
32,120,Cameroon,866,Cattle,2021,5903786,I,,,,
33,124,Canada,866,Cattle,2021,11515000,A,,,,
37,140,Central African Republic,866,Cattle,2021,4668171,E,,,,
39,148,Chad,866,Cattle,2021,33287209,A,,,,
40,152,Chile,866,Cattle,2021,3020039,I,,,,
96,344,"China, Hong Kong SAR",866,Cattle,2021,1573,I,,,,
214,158,"China, Taiwan Province of",866,Cattle,2021,159122,A,,,,
41,156,"China, mainland",866,Cattle,2021,68720750,E,,,,
44,170,Colombia,866,Cattle,2021,29301392,A,,,,
45,174,Comoros,866,Cattle,2021,51378,I,,,,
46,178,Congo,866,Cattle,2021,337619,I,,,,
47,184,Cook Islands,866,Cattle,2021,227,I,,,,
48,188,Costa Rica,866,Cattle,2021,2144370,A,,,,
49,192,Cuba,866,Cattle,2021,3657300,A,,,,
50,196,Cyprus,866,Cattle,2021,84610,A,,,,
107,384,Côte d'Ivoire,866,Cattle,2021,1806045,A,,,,
116,408,Democratic People's Republic of Korea,866,Cattle,2021,578412,I,,,,
250,180,Democratic Republic of the Congo,866,Cattle,2021,1490234,A,,,,
54,208,Denmark,866,Cattle,2021,1480000,A,,,,
72,262,Djibouti,866,Cattle,2021,313647,I,,,,
55,212,Dominica,866,Cattle,2021,13879,I,,,,
56,214,Dominican Republic,866,Cattle,2021,3022475,I,,,,
58,218,Ecuador,866,Cattle,2021,4066930,A,,,,
59,818,Egypt,866,Cattle,2021,2812000,A,,,,
60,222,El Salvador,866,Cattle,2021,790983,A,,,,
61,226,Equatorial Guinea,866,Cattle,2021,5462,I,,,,
209,748,Eswatini,866,Cattle,2021,554400,A,,,,
64,234,Faroe Islands,866,Cattle,2021,1860,A,,,,
66,242,Fiji,866,Cattle,2021,93440,A,,,,
67,246,Finland,866,Cattle,2021,829980,A,,,,
68,250,France,866,Cattle,2021,17330080,A,,,,
70,258,French Polynesia,866,Cattle,2021,8895,I,,,,
74,266,Gabon,866,Cattle,2021,39262,I,,,,
75,270,Gambia,866,Cattle,2021,283300,A,,,,
79,276,Germany,866,Cattle,2021,11039660,A,,,,
81,288,Ghana,866,Cattle,2021,2174000,A,,,,
84,300,Greece,866,Cattle,2021,614100,A,,,,
86,308,Grenada,866,Cattle,2021,5889,I,,,,
89,320,Guatemala,866,Cattle,2021,4139731,I,,,,
90,324,Guinea,866,Cattle,2021,8826796,A,,,,
175,624,Guinea-Bissau,866,Cattle,2021,736533,I,,,,
91,328,Guyana,866,Cattle,2021,99629,I,,,,
93,332,Haiti,866,Cattle,2021,1524954,I,,,,
95,340,Honduras,866,Cattle,2021,2872190,I,,,,
97,348,Hungary,866,Cattle,2021,909900,A,,,,
99,352,Iceland,866,Cattle,2021,80563,A,,,,
100,356,India,866,Cattle,2021,193442970,I,,,,
101,360,Indonesia,866,Cattle,2021,17977214,A,,,,
102,364,Iran (Islamic Republic of),866,Cattle,2021,5628000,A,,,,
103,368,Iraq,866,Cattle,2021,2061427,A,,,,
104,372,Ireland,866,Cattle,2021,6649310,A,,,,
105,376,Israel,866,Cattle,2021,555196,A,,,,
106,380,Italy,866,Cattle,2021,6280280,A,,,,
109,388,Jamaica,866,Cattle,2021,158671,I,,,,
110,392,Japan,866,Cattle,2021,3961000,A,,,,
112,400,Jordan,866,Cattle,2021,78477,A,,,,
114,404,Kenya,866,Cattle,2021,22853225,A,,,,
118,414,Kuwait,866,Cattle,2021,31770,A,,,,
120,418,Lao People's Democratic Republic,866,Cattle,2021,2299000,A,,,,
121,422,Lebanon,866,Cattle,2021,88663,X,,,,
122,426,Lesotho,866,Cattle,2021,288664,A,,,,
123,430,Liberia,866,Cattle,2021,42917,I,,,,
124,434,Libya,866,Cattle,2021,199610,A,,,,
129,450,Madagascar,866,Cattle,2021,7030843,A,,,,
130,454,Malawi,866,Cattle,2021,1959101,A,,,,
131,458,Malaysia,866,Cattle,2021,717431,A,,,,
133,466,Mali,866,Cattle,2021,12848696,A,,,,
134,470,Malta,866,Cattle,2021,14020,A,,,,
136,478,Mauritania,866,Cattle,2021,1977421,I,,,,
137,480,Mauritius,866,Cattle,2021,3734,A,,,,
138,484,Mexico,866,Cattle,2021,35998885,A,,,,
141,496,Mongolia,866,Cattle,2021,5022225,A,,,,
143,504,Morocco,866,Cattle,2021,3178876,A,,,,
144,508,Mozambique,866,Cattle,2021,2219635,A,,,,
28,104,Myanmar,866,Cattle,2021,10663000,A,,,,
147,516,Namibia,866,Cattle,2021,2590348,A,,,,
149,524,Nepal,866,Cattle,2021,7466841,A,,,,
150,528,Netherlands (Kingdom of the),866,Cattle,2021,3705000,A,,,,
153,540,New Caledonia,866,Cattle,2021,79595,I,,,,
156,554,New Zealand,866,Cattle,2021,10150246,A,,,,
157,558,Nicaragua,866,Cattle,2021,5403602,I,,,,
158,562,Niger,866,Cattle,2021,17107271,A,,,,
159,566,Nigeria,866,Cattle,2021,20764244,A,,,,
160,570,Niue,866,Cattle,2021,113,I,,,,
162,578,Norway,866,Cattle,2021,901026,A,,,,
221,512,Oman,866,Cattle,2021,421950,A,,,,
165,586,Pakistan,866,Cattle,2021,51495000,A,,,,
166,591,Panama,866,Cattle,2021,1509900,A,,,,
168,598,Papua New Guinea,866,Cattle,2021,91591,I,,,,
169,600,Paraguay,866,Cattle,2021,13919507,A,,,,
170,604,Peru,866,Cattle,2021,5853660,A,,,,
171,608,Philippines,866,Cattle,2021,2605262,A,,,,
173,616,Poland,866,Cattle,2021,6378700,A,,,,
174,620,Portugal,866,Cattle,2021,1640650,A,,,,
177,630,Puerto Rico,866,Cattle,2021,210266,I,,,,
179,634,Qatar,866,Cattle,2021,50721,A,,,,
117,410,Republic of Korea,866,Cattle,2021,3990257,A,,,,
183,642,Romania,866,Cattle,2021,1826800,A,,,,
184,646,Rwanda,866,Cattle,2021,1498466,I,,,,
188,659,Saint Kitts and Nevis,866,Cattle,2021,1891,I,,,,
189,662,Saint Lucia,866,Cattle,2021,10514,I,,,,
191,670,Saint Vincent and the Grenadines,866,Cattle,2021,3000,E,,,,
244,882,Samoa,866,Cattle,2021,40345,I,,,,
193,678,Sao Tome and Principe,866,Cattle,2021,1452,E,,,,
194,682,Saudi Arabia,866,Cattle,2021,453603,A,,,,
195,686,Senegal,866,Cattle,2021,3678029,A,,,,
196,690,Seychelles,866,Cattle,2021,600,E,,,,
197,694,Sierra Leone,866,Cattle,2021,733029,A,,,,
200,702,Singapore,866,Cattle,2021,177,I,,,,
25,90,Solomon Islands,866,Cattle,2021,15260,I,,,,
201,706,Somalia,866,Cattle,2021,4789380,E,,,,
202,710,South Africa,866,Cattle,2021,12232115,A,,,,
203,724,Spain,866,Cattle,2021,6576300,A,,,,
38,144,Sri Lanka,866,Cattle,2021,1131080,A,,,,
207,740,Suriname,866,Cattle,2021,35602,A,,,,
210,752,Sweden,866,Cattle,2021,1389890,A,,,,
211,756,Switzerland,866,Cattle,2021,1513701,A,,,,
212,760,Syrian Arab Republic,866,Cattle,2021,872307,A,,,,
216,764,Thailand,866,Cattle,2021,4445086,I,,,,
176,626,Timor-Leste,866,Cattle,2021,222894,A,,,,
217,768,Togo,866,Cattle,2021,468942,A,,,,
219,776,Tonga,866,Cattle,2021,12157,I,,,,
220,780,Trinidad and Tobago,866,Cattle,2021,34800,I,,,,
222,788,Tunisia,866,Cattle,2021,536067,I,,,,
223,792,Türkiye,866,Cattle,2021,17850543,A,,,,
226,800,Uganda,866,Cattle,2021,14500000,A,,,,
225,784,United Arab Emirates,866,Cattle,2021,112370,A,,,,
229,826,United Kingdom of Great Britain and Northern Ireland,866,Cattle,2021,9603000,A,,,,
215,834,United Republic of Tanzania,866,Cattle,2021,35256637,A,,,,
231,840,United States of America,866,Cattle,2021,93586500,A,,,,
234,858,Uruguay,866,Cattle,2021,11910000,A,,,,
155,548,Vanuatu,866,Cattle,2021,89411,I,,,,
236,862,Venezuela (Bolivarian Republic of),866,Cattle,2021,16668751,A,,,,
237,704,Viet Nam,866,Cattle,2021,6333344,A,,,,
249,887,Yemen,866,Cattle,2021,1872516,X,,,,
251,894,Zambia,866,Cattle,2021,4114604,I,,,,
181,716,Zimbabwe,866,Cattle,2021,5478648,A,,,,
167,203,Czechia,866,Cattle,2022,1390490,A,,,,
198,705,Slovenia,866,Cattle,2022,464910,A,,,,
208,762,Tajikistan,866,Cattle,2022,2554000,A,,,,
119,428,Latvia,866,Cattle,2022,391350,A,,,,
126,440,Lithuania,866,Cattle,2022,641920,A,,,,
230,804,Ukraine,866,Cattle,2022,2644000,A,,,,
63,233,Estonia,866,Cattle,2022,249620,A,,,,
185,643,Russian Federation,866,Cattle,2022,17649619,A,,,,
256,442,Luxembourg,866,Cattle,2022,186130,A,,,,
273,499,Montenegro,866,Cattle,2022,69320,A,,,,
154,807,North Macedonia,866,Cattle,2022,164751,A,,,,
299,275,Palestine,866,Cattle,2022,41590,E,,,,
235,860,Uzbekistan,866,Cattle,2022,13853517,A,,,,
213,795,Turkmenistan,866,Cattle,2022,2522407,A,,,,
52,31,Azerbaijan,866,Cattle,2022,2498179,A,,,,
255,56,Belgium,866,Cattle,2022,2286110,A,,,,
146,498,Republic of Moldova,866,Cattle,2022,102368,A,,,,
277,728,South Sudan,866,Cattle,2022,13645892,I,,,,
57,112,Belarus,866,Cattle,2022,4209300,A,,,,
80,70,Bosnia and Herzegovina,866,Cattle,2022,339169,A,,,,
108,398,Kazakhstan,866,Cattle,2022,6536282,A,,,,
145,583,Micronesia (Federated States of),866,Cattle,2022,17501,E,,,,
178,232,Eritrea,866,Cattle,2022,2147162,I,,,,
113,417,Kyrgyzstan,866,Cattle,2022,1783469,A,,,,
238,231,Ethiopia,866,Cattle,2022,66260987,A,,,,
98,191,Croatia,866,Cattle,2022,422000,A,,,,
272,688,Serbia,866,Cattle,2022,799844,A,,,,
276,729,Sudan,866,Cattle,2022,30100000,X,,,,
1,51,Armenia,866,Cattle,2022,559627,A,,,,
73,268,Georgia,866,Cattle,2022,928600,A,,,,
199,703,Slovakia,866,Cattle,2022,433180,A,,,,
2,4,Afghanistan,866,Cattle,2022,5386042,E,,,,
3,8,Albania,866,Cattle,2022,297656,A,,,,
4,12,Algeria,866,Cattle,2022,1734460,I,,,,
7,24,Angola,866,Cattle,2022,5130157,I,,,,
8,28,Antigua and Barbuda,866,Cattle,2022,4126,I,,,,
9,32,Argentina,866,Cattle,2022,53416435,A,,,,
10,36,Australia,866,Cattle,2022,24398826,A,,,,
11,40,Austria,866,Cattle,2022,1861070,A,,,,
12,44,Bahamas,866,Cattle,2022,744,I,,,,
13,48,Bahrain,866,Cattle,2022,7200,A,,,,
16,50,Bangladesh,866,Cattle,2022,24700000,A,,,,
14,52,Barbados,866,Cattle,2022,11322,I,,,,
23,84,Belize,866,Cattle,2022,99522,I,,,,
53,204,Benin,866,Cattle,2022,2313666,A,,,,
18,64,Bhutan,866,Cattle,2022,384026,A,,,,
19,68,Bolivia (Plurinational State of),866,Cattle,2022,10739448,A,,,,
20,72,Botswana,866,Cattle,2022,1100000,E,,,,
21,76,Brazil,866,Cattle,2022,234851536,A,,,,
26,96,Brunei Darussalam,866,Cattle,2022,367,A,,,,
27,100,Bulgaria,866,Cattle,2022,579860,A,,,,
233,854,Burkina Faso,866,Cattle,2022,9939785,A,,,,
29,108,Burundi,866,Cattle,2022,1170181,A,,,,
35,132,Cabo Verde,866,Cattle,2022,29649,A,,,,
115,116,Cambodia,866,Cattle,2022,2834061,I,,,,
32,120,Cameroon,866,Cattle,2022,5905938,I,,,,
33,124,Canada,866,Cattle,2022,11515000,A,,,,
37,140,Central African Republic,866,Cattle,2022,4746586,E,,,,
39,148,Chad,866,Cattle,2022,35749982,A,,,,
40,152,Chile,866,Cattle,2022,2999458,I,,,,
96,344,"China, Hong Kong SAR",866,Cattle,2022,1574,I,,,,
214,158,"China, Taiwan Province of",866,Cattle,2022,158235,A,,,,
41,156,"China, mainland",866,Cattle,2022,71510950,E,,,,
44,170,Colombia,866,Cattle,2022,29642539,A,,,,
45,174,Comoros,866,Cattle,2022,51254,I,,,,
46,178,Congo,866,Cattle,2022,336021,I,,,,
47,184,Cook Islands,866,Cattle,2022,229,I,,,,
48,188,Costa Rica,866,Cattle,2022,1495343,A,,,,
49,192,Cuba,866,Cattle,2022,3516400,A,,,,
50,196,Cyprus,866,Cattle,2022,81440,A,,,,
107,384,Côte d'Ivoire,866,Cattle,2022,1835661,A,,,,
116,408,Democratic People's Republic of Korea,866,Cattle,2022,569064,I,,,,
250,180,Democratic Republic of the Congo,866,Cattle,2022,1652514,A,,,,
54,208,Denmark,866,Cattle,2022,1466000,A,,,,
72,262,Djibouti,866,Cattle,2022,314719,I,,,,
55,212,Dominica,866,Cattle,2022,13876,I,,,,
56,214,Dominican Republic,866,Cattle,2022,3018158,I,,,,
58,218,Ecuador,866,Cattle,2022,3860493,A,,,,
59,818,Egypt,866,Cattle,2022,3091000,A,,,,
60,222,El Salvador,866,Cattle,2022,757942,A,,,,
61,226,Equatorial Guinea,866,Cattle,2022,5478,I,,,,
209,748,Eswatini,866,Cattle,2022,560036,A,,,,
64,234,Faroe Islands,866,Cattle,2022,2050,A,,,,
66,242,Fiji,866,Cattle,2022,71608,A,,,,
67,246,Finland,866,Cattle,2022,821970,A,,,,
68,250,France,866,Cattle,2022,16986190,A,,,,
70,258,French Polynesia,866,Cattle,2022,10000,E,,,,
74,266,Gabon,866,Cattle,2022,39411,I,,,,
75,270,Gambia,866,Cattle,2022,281430,A,,,,
79,276,Germany,866,Cattle,2022,10996960,A,,,,
81,288,Ghana,866,Cattle,2022,2223553,I,,,,
84,300,Greece,866,Cattle,2022,581600,A,,,,
86,308,Grenada,866,Cattle,2022,5720,I,,,,
89,320,Guatemala,866,Cattle,2022,4210482,I,,,,
90,324,Guinea,866,Cattle,2022,9310926,A,,,,
175,624,Guinea-Bissau,866,Cattle,2022,741627,I,,,,
91,328,Guyana,866,Cattle,2022,100695,I,,,,
93,332,Haiti,866,Cattle,2022,1518685,I,,,,
95,340,Honduras,866,Cattle,2022,2880208,I,,,,
97,348,Hungary,866,Cattle,2022,894000,A,,,,
99,352,Iceland,866,Cattle,2022,79306,A,,,,
100,356,India,866,Cattle,2022,194202718,I,,,,
101,360,Indonesia,866,Cattle,2022,17602538,A,,,,
102,364,Iran (Islamic Republic of),866,Cattle,2022,5625000,A,,,,
103,368,Iraq,866,Cattle,2022,2104057,A,,,,
104,372,Ireland,866,Cattle,2022,6551830,A,,,,
105,376,Israel,866,Cattle,2022,581535,A,,,,
106,380,Italy,866,Cattle,2022,6049000,A,,,,
109,388,Jamaica,866,Cattle,2022,153880,I,,,,
110,392,Japan,866,Cattle,2022,3985000,A,,,,
112,400,Jordan,866,Cattle,2022,81466,A,,,,
114,404,Kenya,866,Cattle,2022,20830134,A,,,,
118,414,Kuwait,866,Cattle,2022,32928,I,,,,
120,418,Lao People's Democratic Republic,866,Cattle,2022,2428000,A,,,,
121,422,Lebanon,866,Cattle,2022,80198,X,,,,
122,426,Lesotho,866,Cattle,2022,593664,A,,,,
123,430,Liberia,866,Cattle,2022,43028,I,,,,
124,434,Libya,866,Cattle,2022,215920,E,,,,
129,450,Madagascar,866,Cattle,2022,6320500,A,,,,
130,454,Malawi,866,Cattle,2022,2054208,A,,,,
131,458,Malaysia,866,Cattle,2022,728107,A,,,,
133,466,Mali,866,Cattle,2022,13234157,A,,,,
134,470,Malta,866,Cattle,2022,14200,A,,,,
136,478,Mauritania,866,Cattle,2022,1943115,E,,,,
137,480,Mauritius,866,Cattle,2022,3512,A,,,,
138,484,Mexico,866,Cattle,2022,36339884,A,,,,
141,496,Mongolia,866,Cattle,2022,5512839,A,,,,
143,504,Morocco,866,Cattle,2022,3100909,A,,,,
144,508,Mozambique,866,Cattle,2022,2320248,A,,,,
28,104,Myanmar,866,Cattle,2022,10810000,A,,,,
147,516,Namibia,866,Cattle,2022,3115974,A,,,,
149,524,Nepal,866,Cattle,2022,7413197,A,,,,
150,528,Netherlands (Kingdom of the),866,Cattle,2022,3751000,A,,,,
153,540,New Caledonia,866,Cattle,2022,78923,I,,,,
156,554,New Zealand,866,Cattle,2022,9751189,A,,,,
157,558,Nicaragua,866,Cattle,2022,5524787,I,,,,
158,562,Niger,866,Cattle,2022,18133707,A,,,,
159,566,Nigeria,866,Cattle,2022,20862418,I,,,,
160,570,Niue,866,Cattle,2022,113,I,,,,
162,578,Norway,866,Cattle,2022,898800,A,,,,
221,512,Oman,866,Cattle,2022,429632,A,,,,
165,586,Pakistan,866,Cattle,2022,53436000,A,,,,
166,591,Panama,866,Cattle,2022,1516774,A,,,,
168,598,Papua New Guinea,866,Cattle,2022,91355,I,,,,
169,600,Paraguay,866,Cattle,2022,13241944,A,,,,
170,604,Peru,866,Cattle,2022,5862305,A,,,,
171,608,Philippines,866,Cattle,2022,2577506,A,,,,
173,616,Poland,866,Cattle,2022,6448290,A,,,,
174,620,Portugal,866,Cattle,2022,1579140,A,,,,
177,630,Puerto Rico,866,Cattle,2022,202621,A,,,,
179,634,Qatar,866,Cattle,2022,41575,A,,,,
117,410,Republic of Korea,866,Cattle,2022,4116407,A,,,,
183,642,Romania,866,Cattle,2022,1833700,A,,,,
184,646,Rwanda,866,Cattle,2022,1424180,A,,,,
188,659,Saint Kitts and Nevis,866,Cattle,2022,1831,I,,,,
189,662,Saint Lucia,866,Cattle,2022,10524,I,,,,
191,670,Saint Vincent and the Grenadines,866,Cattle,2022,3120,E,,,,
244,882,Samoa,866,Cattle,2022,38804,E,,,,
193,678,Sao Tome and Principe,866,Cattle,2022,1496,E,,,,
194,682,Saudi Arabia,866,Cattle,2022,312060,A,,,,
195,686,Senegal,866,Cattle,2022,3765797,A,,,,
196,690,Seychelles,866,Cattle,2022,631,I,,,,
197,694,Sierra Leone,866,Cattle,2022,646230,E,,,,
200,702,Singapore,866,Cattle,2022,178,I,,,,
25,90,Solomon Islands,866,Cattle,2022,15296,I,,,,
201,706,Somalia,866,Cattle,2022,4789395,E,,,,
202,710,South Africa,866,Cattle,2022,12196802,A,,,,
203,724,Spain,866,Cattle,2022,6455130,A,,,,
38,144,Sri Lanka,866,Cattle,2022,1127630,A,,,,
207,740,Suriname,866,Cattle,2022,33990,A,,,,
210,752,Sweden,866,Cattle,2022,1390550,A,,,,
211,756,Switzerland,866,Cattle,2022,1525270,A,,,,
212,760,Syrian Arab Republic,866,Cattle,2022,852719,A,,,,
216,764,Thailand,866,Cattle,2022,4503210,E,,,,
176,626,Timor-Leste,866,Cattle,2022,252449,E,,,,
217,768,Togo,866,Cattle,2022,473632,A,,,,
219,776,Tonga,866,Cattle,2022,12148,I,,,,
220,780,Trinidad and Tobago,866,Cattle,2022,34848,I,,,,
222,788,Tunisia,866,Cattle,2022,495566,I,,,,
223,792,Türkiye,866,Cattle,2022,16851956,A,,,,
226,800,Uganda,866,Cattle,2022,14530855,A,,,,
225,784,United Arab Emirates,866,Cattle,2022,110698,A,,,,
229,826,United Kingdom of Great Britain and Northern Ireland,866,Cattle,2022,9631892,A,,,,
215,834,United Republic of Tanzania,866,Cattle,2022,36584883,A,,,,
231,840,United States of America,866,Cattle,2022,91788700,A,,,,
234,858,Uruguay,866,Cattle,2022,11572000,A,,,,
155,548,Vanuatu,866,Cattle,2022,89131,A,,,,
236,862,Venezuela (Bolivarian Republic of),866,Cattle,2022,17446122,A,,,,
237,704,Viet Nam,866,Cattle,2022,6353079,A,,,,
249,887,Yemen,866,Cattle,2022,1909204,X,,,,
251,894,Zambia,866,Cattle,2022,4698972,A,,,,
181,716,Zimbabwe,866,Cattle,2022,5533727,A,,,,
178,232,Eritrea,866,Cattle,2023,2152019,I,,,,
73,268,Georgia,866,Cattle,2023,853700,A,,,,
235,860,Uzbekistan,866,Cattle,2023,14142239,A,,,,
98,191,Croatia,866,Cattle,2023,415000,A,,,,
255,56,Belgium,866,Cattle,2023,2245710,A,,,,
52,31,Azerbaijan,866,Cattle,2023,2399626,A,,,,
272,688,Serbia,866,Cattle,2023,725408,A,,,,
213,795,Turkmenistan,866,Cattle,2023,2541931,A,,,,
63,233,Estonia,866,Cattle,2023,241360,A,,,,
185,643,Russian Federation,866,Cattle,2023,17489037,A,,,,
198,705,Slovenia,866,Cattle,2023,456050,A,,,,
230,804,Ukraine,866,Cattle,2023,2307000,A,,,,
57,112,Belarus,866,Cattle,2023,4197100,A,,,,
126,440,Lithuania,866,Cattle,2023,623520,A,,,,
80,70,Bosnia and Herzegovina,866,Cattle,2023,330119,A,,,,
167,203,Czechia,866,Cattle,2023,1369590,A,,,,
276,729,Sudan,866,Cattle,2023,30703980,I,,,,
108,398,Kazakhstan,866,Cattle,2023,6616836,A,,,,
199,703,Slovakia,866,Cattle,2023,429720,A,,,,
208,762,Tajikistan,866,Cattle,2023,2685900,A,,,,
1,51,Armenia,866,Cattle,2023,501862,A,,,,
238,231,Ethiopia,866,Cattle,2023,69318245,I,,,,
256,442,Luxembourg,866,Cattle,2023,183560,A,,,,
154,807,North Macedonia,866,Cattle,2023,148693,A,,,,
277,728,South Sudan,866,Cattle,2023,14134585,I,,,,
146,498,Republic of Moldova,866,Cattle,2023,101030,A,,,,
273,499,Montenegro,866,Cattle,2023,68410,A,,,,
113,417,Kyrgyzstan,866,Cattle,2023,1802299,A,,,,
119,428,Latvia,866,Cattle,2023,368060,A,,,,
145,583,Micronesia (Federated States of),866,Cattle,2023,17818,E,,,,
2,4,Afghanistan,866,Cattle,2023,5470284,E,,,,
3,8,Albania,866,Cattle,2023,263385,A,,,,
4,12,Algeria,866,Cattle,2023,1805943,I,,,,
7,24,Angola,866,Cattle,2023,5165133,I,,,,
8,28,Antigua and Barbuda,866,Cattle,2023,4069,I,,,,
9,32,Argentina,866,Cattle,2023,54242595,A,,,,
10,36,Australia,866,Cattle,2023,29878186,A,,,,
11,40,Austria,866,Cattle,2023,1835470,A,,,,
12,44,Bahamas,866,Cattle,2023,744,I,,,,
13,48,Bahrain,866,Cattle,2023,7000,A,,,,
16,50,Bangladesh,866,Cattle,2023,24856000,A,,,,
14,52,Barbados,866,Cattle,2023,11378,I,,,,
23,84,Belize,866,Cattle,2023,99270,I,,,,
53,204,Benin,866,Cattle,2023,2528241,A,,,,
18,64,Bhutan,866,Cattle,2023,260565,A,,,,
19,68,Bolivia (Plurinational State of),866,Cattle,2023,11099476,A,,,,
20,72,Botswana,866,Cattle,2023,1000000,E,,,,
21,76,Brazil,866,Cattle,2023,238620910,A,,,,
26,96,Brunei Darussalam,866,Cattle,2023,314,A,,,,
27,100,Bulgaria,866,Cattle,2023,574300,A,,,,
233,854,Burkina Faso,866,Cattle,2023,10143317,A,,,,
29,108,Burundi,866,Cattle,2023,1225237,A,,,,
35,132,Cabo Verde,866,Cattle,2023,29714,A,,,,
115,116,Cambodia,866,Cattle,2023,2827934,I,,,,
32,120,Cameroon,866,Cattle,2023,5923854,I,,,,
33,124,Canada,866,Cattle,2023,11245000,A,,,,
37,140,Central African Republic,866,Cattle,2023,4811279,E,,,,
39,148,Chad,866,Cattle,2023,37647402,A,,,,
40,152,Chile,866,Cattle,2023,2980974,I,,,,
96,344,"China, Hong Kong SAR",866,Cattle,2023,1572,I,,,,
214,158,"China, Taiwan Province of",866,Cattle,2023,156946,I,,,,
41,156,"China, mainland",866,Cattle,2023,73559570,E,,,,
44,170,Colombia,866,Cattle,2023,29203256,A,,,,
45,174,Comoros,866,Cattle,2023,51337,I,,,,
46,178,Congo,866,Cattle,2023,335600,I,,,,
47,184,Cook Islands,866,Cattle,2023,231,I,,,,
48,188,Costa Rica,866,Cattle,2023,1550368,A,,,,
49,192,Cuba,866,Cattle,2023,3252400,A,,,,
50,196,Cyprus,866,Cattle,2023,82270,A,,,,
107,384,Côte d'Ivoire,866,Cattle,2023,1865763,A,,,,
116,408,Democratic People's Republic of Korea,866,Cattle,2023,571586,I,,,,
250,180,Democratic Republic of the Congo,866,Cattle,2023,1832468,A,,,,
54,208,Denmark,866,Cattle,2023,1434870,A,,,,
72,262,Djibouti,866,Cattle,2023,316306,I,,,,
55,212,Dominica,866,Cattle,2023,13874,I,,,,
56,214,Dominican Republic,866,Cattle,2023,3024249,I,,,,
58,218,Ecuador,866,Cattle,2023,3723196,A,,,,
59,818,Egypt,866,Cattle,2023,2830000,A,,,,
60,222,El Salvador,866,Cattle,2023,748412,I,,,,
61,226,Equatorial Guinea,866,Cattle,2023,5499,I,,,,
209,748,Eswatini,866,Cattle,2023,613475,A,,,,
64,234,Faroe Islands,866,Cattle,2023,1758,A,,,,
66,242,Fiji,866,Cattle,2023,75924,A,,,,
67,246,Finland,866,Cattle,2023,798640,A,,,,
68,250,France,866,Cattle,2023,16806900,A,,,,
70,258,French Polynesia,866,Cattle,2023,8500,E,,,,
74,266,Gabon,866,Cattle,2023,39545,I,,,,
75,270,Gambia,866,Cattle,2023,301948,A,,,,
79,276,Germany,866,Cattle,2023,10836200,A,,,,
81,288,Ghana,866,Cattle,2023,2291077,I,,,,
84,300,Greece,866,Cattle,2023,638800,A,,,,
86,308,Grenada,866,Cattle,2023,5548,I,,,,
89,320,Guatemala,866,Cattle,2023,4277177,I,,,,
90,324,Guinea,866,Cattle,2023,9821600,A,,,,
175,624,Guinea-Bissau,866,Cattle,2023,735671,E,,,,
91,328,Guyana,866,Cattle,2023,99772,I,,,,
93,332,Haiti,866,Cattle,2023,1521825,I,,,,
95,340,Honduras,866,Cattle,2023,2890333,I,,,,
97,348,Hungary,866,Cattle,2023,869700,A,,,,
99,352,Iceland,866,Cattle,2023,78732,A,,,,
100,356,India,866,Cattle,2023,194539444,I,,,,
101,360,Indonesia,866,Cattle,2023,17567755,I,,,,
102,364,Iran (Islamic Republic of),866,Cattle,2023,5549436,I,,,,
103,368,Iraq,866,Cattle,2023,2147569,A,,,,
104,372,Ireland,866,Cattle,2023,6525960,A,,,,
105,376,Israel,866,Cattle,2023,580059,A,,,,
106,380,Italy,866,Cattle,2023,5999000,A,,,,
109,388,Jamaica,866,Cattle,2023,154090,I,,,,
110,392,Japan,866,Cattle,2023,4043000,A,,,,
112,400,Jordan,866,Cattle,2023,90296,A,,,,
114,404,Kenya,866,Cattle,2023,21882008,A,,,,
118,414,Kuwait,866,Cattle,2023,31972,E,,,,
120,418,Lao People's Democratic Republic,866,Cattle,2023,2561000,A,,,,
121,422,Lebanon,866,Cattle,2023,74602,X,,,,
122,426,Lesotho,866,Cattle,2023,670022,A,,,,
123,430,Liberia,866,Cattle,2023,43147,I,,,,
124,434,Libya,866,Cattle,2023,211263,E,,,,
129,450,Madagascar,866,Cattle,2023,7520290,E,,,,
130,454,Malawi,866,Cattle,2023,2187583,A,,,,
131,458,Malaysia,866,Cattle,2023,726206,A,,,,
133,466,Mali,866,Cattle,2023,13631182,A,,,,
134,470,Malta,866,Cattle,2023,14230,A,,,,
136,478,Mauritania,866,Cattle,2023,1969172,E,,,,
137,480,Mauritius,866,Cattle,2023,3410,A,,,,
138,484,Mexico,866,Cattle,2023,36619592,A,,,,
141,496,Mongolia,866,Cattle,2023,5350755,A,,,,
143,504,Morocco,866,Cattle,2023,2883867,A,,,,
144,508,Mozambique,866,Cattle,2023,2406285,A,,,,
28,104,Myanmar,866,Cattle,2023,10800000,E,,,,
147,516,Namibia,866,Cattle,2023,3017636,A,,,,
149,524,Nepal,866,Cattle,2023,4750329,A,,,,
150,528,Netherlands (Kingdom of the),866,Cattle,2023,3739000,A,,,,
153,540,New Caledonia,866,Cattle,2023,78102,I,,,,
156,554,New Zealand,866,Cattle,2023,9538661,A,,,,
157,558,Nicaragua,866,Cattle,2023,5619536,I,,,,
158,562,Niger,866,Cattle,2023,19221727,A,,,,
159,566,Nigeria,866,Cattle,2023,20896548,I,,,,
160,570,Niue,866,Cattle,2023,113,I,,,,
162,578,Norway,866,Cattle,2023,874200,A,,,,
221,512,Oman,866,Cattle,2023,438225,A,,,,
165,586,Pakistan,866,Cattle,2023,55450000,A,,,,
166,591,Panama,866,Cattle,2023,1518656,A,,,,
168,598,Papua New Guinea,866,Cattle,2023,91119,I,,,,
169,600,Paraguay,866,Cattle,2023,13113252,I,,,,
170,604,Peru,866,Cattle,2023,5876213,A,,,,
171,608,Philippines,866,Cattle,2023,2581371,A,,,,
173,616,Poland,866,Cattle,2023,6267460,A,,,,
174,620,Portugal,866,Cattle,2023,1527720,A,,,,
177,630,Puerto Rico,866,Cattle,2023,222198,E,,,,
179,634,Qatar,866,Cattle,2023,43977,A,,,,
117,410,Republic of Korea,866,Cattle,2023,4035076,A,,,,
183,642,Romania,866,Cattle,2023,1814700,A,,,,
184,646,Rwanda,866,Cattle,2023,1453264,I,,,,
188,659,Saint Kitts and Nevis,866,Cattle,2023,1739,A,,,,
189,662,Saint Lucia,866,Cattle,2023,10505,I,,,,
191,670,Saint Vincent and the Grenadines,866,Cattle,2023,2800,E,,,,
244,882,Samoa,866,Cattle,2023,38042,E,,,,
193,678,Sao Tome and Principe,866,Cattle,2023,1542,E,,,,
194,682,Saudi Arabia,866,Cattle,2023,501975,A,,,,
195,686,Senegal,866,Cattle,2023,3831583,I,,,,
196,690,Seychelles,866,Cattle,2023,517,I,,,,
197,694,Sierra Leone,866,Cattle,2023,667117,E,,,,
200,702,Singapore,866,Cattle,2023,177,I,,,,
25,90,Solomon Islands,866,Cattle,2023,15338,I,,,,
201,706,Somalia,866,Cattle,2023,4785860,E,,,,
202,710,South Africa,866,Cattle,2023,12198082,A,,,,
203,724,Spain,866,Cattle,2023,6294640,A,,,,
38,144,Sri Lanka,866,Cattle,2023,1122370,A,,,,
207,740,Suriname,866,Cattle,2023,32190,I,,,,
210,752,Sweden,866,Cattle,2023,1369000,A,,,,
211,756,Switzerland,866,Cattle,2023,1528595,A,,,,
212,760,Syrian Arab Republic,866,Cattle,2023,841437,A,,,,
216,764,Thailand,866,Cattle,2023,4405006,E,,,,
176,626,Timor-Leste,866,Cattle,2023,241365,E,,,,
217,768,Togo,866,Cattle,2023,477885,I,,,,
219,776,Tonga,866,Cattle,2023,12172,I,,,,
220,780,Trinidad and Tobago,866,Cattle,2023,35095,I,,,,
222,788,Tunisia,866,Cattle,2023,519700,E,,,,
223,792,Türkiye,866,Cattle,2023,16421256,A,,,,
226,800,Uganda,866,Cattle,2023,14614315,A,,,,
225,784,United Arab Emirates,866,Cattle,2023,116687,A,,,,
229,826,United Kingdom of Great Britain and Northern Ireland,866,Cattle,2023,9555426,A,,,,
215,834,United Republic of Tanzania,866,Cattle,2023,37913129,A,,,,
231,840,United States of America,866,Cattle,2023,88841000,A,,,,
234,858,Uruguay,866,Cattle,2023,11877000,A,,,,
155,548,Vanuatu,866,Cattle,2023,88793,I,,,,
236,862,Venezuela (Bolivarian Republic of),866,Cattle,2023,16210903,A,,,,
237,704,Viet Nam,866,Cattle,2023,6331895,A,,,,
249,887,Yemen,866,Cattle,2023,1971872,X,,,,
251,894,Zambia,866,Cattle,2023,5115495,A,,,,
181,716,Zimbabwe,866,Cattle,2023,5754985,A,,,,
256,442,Luxembourg,866,Cattle,2024,180530,A,,,,
145,583,Micronesia (Federated States of),866,Cattle,2024,18180,E,,,,
154,807,North Macedonia,866,Cattle,2024,143953,A,,,,
146,498,Republic of Moldova,866,Cattle,2024,98817,A,,,,
185,643,Russian Federation,866,Cattle,2024,17373368,I,,,,
276,729,Sudan,866,Cattle,2024,31256148,I,,,,
52,31,Azerbaijan,866,Cattle,2024,2329506,I,,,,
199,703,Slovakia,866,Cattle,2024,416680,A,,,,
277,728,South Sudan,866,Cattle,2024,14282839,I,,,,
57,112,Belarus,866,Cattle,2024,4097900,A,,,,
167,203,Czechia,866,Cattle,2024,1397410,A,,,,
273,499,Montenegro,866,Cattle,2024,67496,A,,,,
198,705,Slovenia,866,Cattle,2024,453890,A,,,,
80,70,Bosnia and Herzegovina,866,Cattle,2024,383331,A,,,,
208,762,Tajikistan,866,Cattle,2024,2789212,A,,,,
230,804,Ukraine,866,Cattle,2024,2156200,A,,,,
113,417,Kyrgyzstan,866,Cattle,2024,1828768,A,,,,
213,795,Turkmenistan,866,Cattle,2024,2545439,A,,,,
63,233,Estonia,866,Cattle,2024,232390,A,,,,
98,191,Croatia,866,Cattle,2024,422000,A,,,,
126,440,Lithuania,866,Cattle,2024,599770,A,,,,
238,231,Ethiopia,866,Cattle,2024,71916930,I,,,,
119,428,Latvia,866,Cattle,2024,352090,A,,,,
272,688,Serbia,866,Cattle,2024,698605,A,,,,
108,398,Kazakhstan,866,Cattle,2024,7976665,A,,,,
178,232,Eritrea,866,Cattle,2024,2156877,I,,,,
235,860,Uzbekistan,866,Cattle,2024,14394476,A,,,,
255,56,Belgium,866,Cattle,2024,2153430,A,,,,
1,51,Armenia,866,Cattle,2024,491594,A,,,,
73,268,Georgia,866,Cattle,2024,837700,A,,,,
2,4,Afghanistan,866,Cattle,2024,5555383,E,,,,
3,8,Albania,866,Cattle,2024,272035,A,,,,
4,12,Algeria,866,Cattle,2024,1782454,I,,,,
7,24,Angola,866,Cattle,2024,5200294,I,,,,
8,28,Antigua and Barbuda,866,Cattle,2024,4500,E,,,,
9,32,Argentina,866,Cattle,2024,52783892,A,,,,
10,36,Australia,866,Cattle,2024,30372537,A,,,,
11,40,Austria,866,Cattle,2024,1820030,A,,,,
12,44,Bahamas,866,Cattle,2024,743,I,,,,
13,48,Bahrain,866,Cattle,2024,7000,A,,,,
16,50,Bangladesh,866,Cattle,2024,25013000,A,,,,
14,52,Barbados,866,Cattle,2024,11241,E,,,,
23,84,Belize,866,Cattle,2024,99019,I,,,,
53,204,Benin,866,Cattle,2024,2762716,A,,,,
18,64,Bhutan,866,Cattle,2024,257103,A,,,,
19,68,Bolivia (Plurinational State of),866,Cattle,2024,11245622,A,,,,
20,72,Botswana,866,Cattle,2024,918057,I,,,,
21,76,Brazil,866,Cattle,2024,238180757,A,,,,
26,96,Brunei Darussalam,866,Cattle,2024,286,A,,,,
27,100,Bulgaria,866,Cattle,2024,558770,A,,,,
233,854,Burkina Faso,866,Cattle,2024,10280515,I,,,,
29,108,Burundi,866,Cattle,2024,1228356,I,,,,
35,132,Cabo Verde,866,Cattle,2024,29779,A,,,,
115,116,Cambodia,866,Cattle,2024,2821807,I,,,,
32,120,Cameroon,866,Cattle,2024,5941769,I,,,,
33,124,Canada,866,Cattle,2024,10985000,A,,,,
37,140,Central African Republic,866,Cattle,2024,4864952,E,,,,
39,148,Chad,866,Cattle,2024,39625902,I,,,,
40,152,Chile,866,Cattle,2024,2962490,I,,,,
96,344,"China, Hong Kong SAR",866,Cattle,2024,1570,I,,,,
214,158,"China, Taiwan Province of",866,Cattle,2024,155741,I,,,,
41,156,"China, mainland",866,Cattle,2024,70325500,E,,,,
44,170,Colombia,866,Cattle,2024,30344182,A,,,,
45,174,Comoros,866,Cattle,2024,51420,I,,,,
46,178,Congo,866,Cattle,2024,335224,I,,,,
47,184,Cook Islands,866,Cattle,2024,233,I,,,,
48,188,Costa Rica,866,Cattle,2024,1576149,A,,,,
49,192,Cuba,866,Cattle,2024,3250000,E,,,,
50,196,Cyprus,866,Cattle,2024,82680,A,,,,
107,384,Côte d'Ivoire,866,Cattle,2024,1896358,A,,,,
116,408,Democratic People's Republic of Korea,866,Cattle,2024,570727,I,,,,
250,180,Democratic Republic of the Congo,866,Cattle,2024,2032019,A,,,,
54,208,Denmark,866,Cattle,2024,1413860,A,,,,
72,262,Djibouti,866,Cattle,2024,317893,I,,,,
55,212,Dominica,866,Cattle,2024,13873,I,,,,
56,214,Dominican Republic,866,Cattle,2024,3030340,I,,,,
58,218,Ecuador,866,Cattle,2024,3436276,A,,,,
59,818,Egypt,866,Cattle,2024,2625729,I,,,,
60,222,El Salvador,866,Cattle,2024,772208,E,,,,
61,226,Equatorial Guinea,866,Cattle,2024,5520,I,,,,
209,748,Eswatini,866,Cattle,2024,652513,A,,,,
64,234,Faroe Islands,866,Cattle,2024,1816,A,,,,
66,242,Fiji,866,Cattle,2024,80720,A,,,,
67,246,Finland,866,Cattle,2024,764030,A,,,,
68,250,France,866,Cattle,2024,16478260,A,,,,
70,258,French Polynesia,866,Cattle,2024,8097,I,,,,
74,266,Gabon,866,Cattle,2024,39678,I,,,,
75,270,Gambia,866,Cattle,2024,309195,A,,,,
79,276,Germany,866,Cattle,2024,10461290,A,,,,
81,288,Ghana,866,Cattle,2024,2362472,I,,,,
84,300,Greece,866,Cattle,2024,595200,A,,,,
86,308,Grenada,866,Cattle,2024,6191,I,,,,
89,320,Guatemala,866,Cattle,2024,4343871,I,,,,
90,324,Guinea,866,Cattle,2024,9319774,E,,,,
175,624,Guinea-Bissau,866,Cattle,2024,742836,E,,,,
91,328,Guyana,866,Cattle,2024,98851,I,,,,
93,332,Haiti,866,Cattle,2024,1524965,I,,,,
95,340,Honduras,866,Cattle,2024,2900458,I,,,,
97,348,Hungary,866,Cattle,2024,869900,A,,,,
99,352,Iceland,866,Cattle,2024,76902,A,,,,
100,356,India,866,Cattle,2024,194753479,I,,,,
101,360,Indonesia,866,Cattle,2024,18065156,I,,,,
102,364,Iran (Islamic Republic of),866,Cattle,2024,5600812,E,,,,
103,368,Iraq,866,Cattle,2024,2104351,E,,,,
104,372,Ireland,866,Cattle,2024,6308300,A,,,,
105,376,Israel,866,Cattle,2024,477958,A,,,,
106,380,Italy,866,Cattle,2024,5765000,A,,,,
109,388,Jamaica,866,Cattle,2024,153169,I,,,,
110,392,Japan,866,Cattle,2024,3985000,A,,,,
112,400,Jordan,866,Cattle,2024,88819,A,,,,
114,404,Kenya,866,Cattle,2024,22435638,A,,,,
118,414,Kuwait,866,Cattle,2024,32136,E,,,,
120,418,Lao People's Democratic Republic,866,Cattle,2024,2691000,A,,,,
121,422,Lebanon,866,Cattle,2024,75538,I,,,,
122,426,Lesotho,866,Cattle,2024,517450,E,,,,
123,430,Liberia,866,Cattle,2024,43270,I,,,,
124,434,Libya,866,Cattle,2024,208931,E,,,,
129,450,Madagascar,866,Cattle,2024,6957211,E,,,,
130,454,Malawi,866,Cattle,2024,2307952,I,,,,
131,458,Malaysia,866,Cattle,2024,730318,A,,,,
133,466,Mali,866,Cattle,2024,14040120,A,,,,
134,470,Malta,866,Cattle,2024,13800,A,,,,
136,478,Mauritania,866,Cattle,2024,1992320,E,,,,
137,480,Mauritius,866,Cattle,2024,3500,E,,,,
138,484,Mexico,866,Cattle,2024,36933201,I,,,,
141,496,Mongolia,866,Cattle,2024,5074552,A,,,,
143,504,Morocco,866,Cattle,2024,2365210,A,,,,
144,508,Mozambique,866,Cattle,2024,2467082,A,,,,
28,104,Myanmar,866,Cattle,2024,10800000,E,,,,
147,516,Namibia,866,Cattle,2024,2907986,E,,,,
149,524,Nepal,866,Cattle,2024,5198388,A,,,,
150,528,Netherlands (Kingdom of the),866,Cattle,2024,3562000,A,,,,
153,540,New Caledonia,866,Cattle,2024,77281,I,,,,
156,554,New Zealand,866,Cattle,2024,9516288,A,,,,
158,562,Niger,866,Cattle,2024,20375030,A,,,,
159,566,Nigeria,866,Cattle,2024,20943448,I,,,,
160,570,Niue,866,Cattle,2024,113,I,,,,
162,578,Norway,866,Cattle,2024,852800,A,,,,
221,512,Oman,866,Cattle,2024,446988,A,,,,
165,586,Pakistan,866,Cattle,2024,57541000,A,,,,
166,591,Panama,866,Cattle,2024,1401169,A,,,,
168,598,Papua New Guinea,866,Cattle,2024,90889,I,,,,
169,600,Paraguay,866,Cattle,2024,13630216,E,,,,
170,604,Peru,866,Cattle,2024,5842166,A,,,,
171,608,Philippines,866,Cattle,2024,2605517,A,,,,
173,616,Poland,866,Cattle,2024,6190930,A,,,,
174,620,Portugal,866,Cattle,2024,1486910,A,,,,
177,630,Puerto Rico,866,Cattle,2024,218598,E,,,,
179,634,Qatar,866,Cattle,2024,45424,E,,,,
117,410,Republic of Korea,866,Cattle,2024,3889278,A,,,,
183,642,Romania,866,Cattle,2024,1809400,A,,,,
184,646,Rwanda,866,Cattle,2024,1545688,I,,,,
188,659,Saint Kitts and Nevis,866,Cattle,2024,1709,I,,,,
189,662,Saint Lucia,866,Cattle,2024,10486,I,,,,
191,670,Saint Vincent and the Grenadines,866,Cattle,2024,2600,E,,,,
244,882,Samoa,866,Cattle,2024,38349,E,,,,
193,678,Sao Tome and Principe,866,Cattle,2024,1588,E,,,,
194,682,Saudi Arabia,866,Cattle,2024,534181,I,,,,
195,686,Senegal,866,Cattle,2024,3714834,E,,,,
196,690,Seychelles,866,Cattle,2024,557,I,,,,
197,694,Sierra Leone,866,Cattle,2024,682125,E,,,,
200,702,Singapore,866,Cattle,2024,177,E,,,,
25,90,Solomon Islands,866,Cattle,2024,15381,I,,,,
201,706,Somalia,866,Cattle,2024,4788212,E,,,,
202,710,South Africa,866,Cattle,2024,12122027,A,,,,
203,724,Spain,866,Cattle,2024,6173960,A,,,,
38,144,Sri Lanka,866,Cattle,2024,1125450,A,,,,
207,740,Suriname,866,Cattle,2024,28821,I,,,,
210,752,Sweden,866,Cattle,2024,1333820,A,,,,
211,756,Switzerland,866,Cattle,2024,1533483,A,,,,
212,760,Syrian Arab Republic,866,Cattle,2024,826396,A,,,,
216,764,Thailand,866,Cattle,2024,4293189,E,,,,
176,626,Timor-Leste,866,Cattle,2024,238902,E,,,,
217,768,Togo,866,Cattle,2024,477388,I,,,,
219,776,Tonga,866,Cattle,2024,12196,I,,,,
220,780,Trinidad and Tobago,866,Cattle,2024,35419,I,,,,
222,788,Tunisia,866,Cattle,2024,495935,E,,,,
223,792,Türkiye,866,Cattle,2024,16824208,A,,,,
226,800,Uganda,866,Cattle,2024,14723179,I,,,,
225,784,United Arab Emirates,866,Cattle,2024,119098,I,,,,
229,826,United Kingdom of Great Britain and Northern Ireland,866,Cattle,2024,9411871,A,,,,
215,834,United Republic of Tanzania,866,Cattle,2024,39053013,I,,,,
231,840,United States of America,866,Cattle,2024,87157400,A,,,,
234,858,Uruguay,866,Cattle,2024,11960556,I,,,,
155,548,Vanuatu,866,Cattle,2024,89000,E,,,,
236,862,Venezuela (Bolivarian Republic of),866,Cattle,2024,15749209,I,,,,
237,704,Viet Nam,866,Cattle,2024,6212203,A,,,,
249,887,Yemen,866,Cattle,2024,1971664,I,,,,
251,894,Zambia,866,Cattle,2024,4887687,I,,,,
181,716,Zimbabwe,866,Cattle,2024,5741397,A,,,,
