faostat,m49 code,Country,Item Code,Item,Year,Stocks (Head),Stocks (Head) flag,Stocks (1000 Head),Stocks (1000 Head) flag,Stocks (No),Stocks (No) flag
228,810,USSR,1107,Asses,1961,804000,E,,,,
248,890,Yugoslav SFR,1107,Asses,1961,140000,A,,,,
62,230,Ethiopia PDR,1107,Asses,1961,3700000,A,,,,
2,4,Afghanistan,1107,Asses,1961,1300000,A,,,,
3,8,Albania,1107,Asses,1961,57100,A,,,,
4,12,Algeria,1107,Asses,1961,315000,A,,,,
7,24,Angola,1107,Asses,1961,3100,E,,,,
8,28,Antigua and Barbuda,1107,Asses,1961,2300,A,,,,
9,32,Argentina,1107,Asses,1961,129000,E,,,,
10,36,Australia,1107,Asses,1961,5000,E,,,,
13,48,Bahrain,1107,Asses,1961,,A,,,,
14,52,Barbados,1107,Asses,1961,2000,E,,,,
53,204,Benin,1107,Asses,1961,737,A,,,,
18,64,Bhutan,1107,Asses,1961,12000,E,,,,
19,68,Bolivia (Plurinational State of),1107,Asses,1961,445000,E,,,,
20,72,Botswana,1107,Asses,1961,26533,A,,,,
21,76,Brazil,1107,Asses,1961,1044000,E,,,,
27,100,Bulgaria,1107,Asses,1961,256677,A,,,,
233,854,Burkina Faso,1107,Asses,1961,140000,A,,,,
35,132,Cabo Verde,1107,Asses,1961,4846,A,,,,
32,120,Cameroon,1107,Asses,1961,39000,X,,,,
37,140,Central African Republic,1107,Asses,1961,1000,A,,,,
39,148,Chad,1107,Asses,1961,400000,A,,,,
40,152,Chile,1107,Asses,1961,15000,E,,,,
41,156,"China, mainland",1107,Asses,1961,7527000,A,,,,
44,170,Colombia,1107,Asses,1961,294000,X,,,,
45,174,Comoros,1107,Asses,1961,3000,E,,,,
48,188,Costa Rica,1107,Asses,1961,3600,E,,,,
49,192,Cuba,1107,Asses,1961,5000,E,,,,
50,196,Cyprus,1107,Asses,1961,44500,A,,,,
250,180,Democratic Republic of the Congo,1107,Asses,1961,200,E,,,,
72,262,Djibouti,1107,Asses,1961,3000,A,,,,
56,214,Dominican Republic,1107,Asses,1961,142000,E,,,,
58,218,Ecuador,1107,Asses,1961,150000,X,,,,
59,818,Egypt,1107,Asses,1961,1526624,A,,,,
60,222,El Salvador,1107,Asses,1961,2000,X,,,,
209,748,Eswatini,1107,Asses,1961,16551,A,,,,
68,250,France,1107,Asses,1961,76200,A,,,,
75,270,Gambia,1107,Asses,1961,3000,E,,,,
81,288,Ghana,1107,Asses,1961,12300,E,,,,
84,300,Greece,1107,Asses,1961,506525,A,,,,
86,308,Grenada,1107,Asses,1961,1800,E,,,,
87,312,Guadeloupe,1107,Asses,1961,1100,A,,,,
89,320,Guatemala,1107,Asses,1961,6902,A,,,,
90,324,Guinea,1107,Asses,1961,2150,A,,,,
175,624,Guinea-Bissau,1107,Asses,1961,2558,A,,,,
91,328,Guyana,1107,Asses,1961,8000,E,,,,
93,332,Haiti,1107,Asses,1961,130000,E,,,,
95,340,Honduras,1107,Asses,1961,32000,X,,,,
97,348,Hungary,1107,Asses,1961,3178,A,,,,
100,356,India,1107,Asses,1961,1096259,A,,,,
102,364,Iran (Islamic Republic of),1107,Asses,1961,2034000,A,,,,
103,368,Iraq,1107,Asses,1961,558000,A,,,,
104,372,Ireland,1107,Asses,1961,89330,E,,,,
105,376,Israel,1107,Asses,1961,21500,A,,,,
106,380,Italy,1107,Asses,1961,499000,A,,,,
109,388,Jamaica,1107,Asses,1961,38800,A,,,,
112,400,Jordan,1107,Asses,1961,56001,A,,,,
121,422,Lebanon,1107,Asses,1961,19400,E,,,,
122,426,Lesotho,1107,Asses,1961,53013,A,,,,
124,434,Libya,1107,Asses,1961,102000,E,,,,
129,450,Madagascar,1107,Asses,1961,253,A,,,,
130,454,Malawi,1107,Asses,1961,430,E,,,,
133,466,Mali,1107,Asses,1961,294000,A,,,,
134,470,Malta,1107,Asses,1961,2388,A,,,,
136,478,Mauritania,1107,Asses,1961,130000,E,,,,
137,480,Mauritius,1107,Asses,1961,50,A,,,,
138,484,Mexico,1107,Asses,1961,2890539,A,,,,
141,496,Mongolia,1107,Asses,1961,,M,,,,
143,504,Morocco,1107,Asses,1961,1007000,A,,,,
144,508,Mozambique,1107,Asses,1961,12166,A,,,,
147,516,Namibia,1107,Asses,1961,57375,A,,,,
157,558,Nicaragua,1107,Asses,1961,6500,E,,,,
158,562,Niger,1107,Asses,1961,301000,A,,,,
159,566,Nigeria,1107,Asses,1961,1398000,E,,,,
221,512,Oman,1107,Asses,1961,20000,E,,,,
165,586,Pakistan,1107,Asses,1961,950000,E,,,,
169,600,Paraguay,1107,Asses,1961,21450,A,,,,
170,604,Peru,1107,Asses,1961,435000,X,,,,
174,620,Portugal,1107,Asses,1961,201000,E,,,,
177,630,Puerto Rico,1107,Asses,1961,1900,E,,,,
117,410,Republic of Korea,1107,Asses,1961,,A,,,,
183,642,Romania,1107,Asses,1961,27000,E,,,,
182,638,Réunion,1107,Asses,1961,400,A,,,,
189,662,Saint Lucia,1107,Asses,1961,500,E,,,,
191,670,Saint Vincent and the Grenadines,1107,Asses,1961,2000,E,,,,
244,882,Samoa,1107,Asses,1961,6000,E,,,,
193,678,Sao Tome and Principe,1107,Asses,1961,110,A,,,,
194,682,Saudi Arabia,1107,Asses,1961,55000,E,,,,
195,686,Senegal,1107,Asses,1961,65000,A,,,,
201,706,Somalia,1107,Asses,1961,28000,E,,,,
202,710,South Africa,1107,Asses,1961,345000,A,,,,
203,724,Spain,1107,Asses,1961,685591,A,,,,
206,736,Sudan (former),1107,Asses,1961,578000,A,,,,
207,740,Suriname,1107,Asses,1961,478,A,,,,
211,756,Switzerland,1107,Asses,1961,380,A,,,,
212,760,Syrian Arab Republic,1107,Asses,1961,186343,A,,,,
216,764,Thailand,1107,Asses,1961,216,A,,,,
217,768,Togo,1107,Asses,1961,1632,A,,,,
220,780,Trinidad and Tobago,1107,Asses,1961,2000,E,,,,
222,788,Tunisia,1107,Asses,1961,180000,A,,,,
223,792,Türkiye,1107,Asses,1961,1891800,A,,,,
226,800,Uganda,1107,Asses,1961,18000,E,,,,
215,834,United Republic of Tanzania,1107,Asses,1961,143000,A,,,,
231,840,United States of America,1107,Asses,1961,15000,E,,,,
234,858,Uruguay,1107,Asses,1961,1500,E,,,,
236,862,Venezuela (Bolivarian Republic of),1107,Asses,1961,410000,E,,,,
249,887,Yemen,1107,Asses,1961,600000,A,,,,
251,894,Zambia,1107,Asses,1961,1000,A,,,,
181,716,Zimbabwe,1107,Asses,1961,67000,E,,,,
62,230,Ethiopia PDR,1107,Asses,1962,3715000,A,,,,
228,810,USSR,1107,Asses,1962,782000,E,,,,
248,890,Yugoslav SFR,1107,Asses,1962,137000,E,,,,
2,4,Afghanistan,1107,Asses,1962,851850,A,,,,
3,8,Albania,1107,Asses,1962,58400,A,,,,
4,12,Algeria,1107,Asses,1962,290000,A,,,,
7,24,Angola,1107,Asses,1962,3160,E,,,,
8,28,Antigua and Barbuda,1107,Asses,1962,2300,E,,,,
9,32,Argentina,1107,Asses,1962,120000,E,,,,
10,36,Australia,1107,Asses,1962,5000,E,,,,
13,48,Bahrain,1107,Asses,1962,,A,,,,
14,52,Barbados,1107,Asses,1962,2000,E,,,,
53,204,Benin,1107,Asses,1962,737,A,,,,
18,64,Bhutan,1107,Asses,1962,12500,E,,,,
19,68,Bolivia (Plurinational State of),1107,Asses,1962,468000,E,,,,
20,72,Botswana,1107,Asses,1962,25193,A,,,,
21,76,Brazil,1107,Asses,1962,1083000,E,,,,
27,100,Bulgaria,1107,Asses,1962,263235,A,,,,
233,854,Burkina Faso,1107,Asses,1962,128000,A,,,,
35,132,Cabo Verde,1107,Asses,1962,8018,A,,,,
32,120,Cameroon,1107,Asses,1962,40000,X,,,,
37,140,Central African Republic,1107,Asses,1962,1000,E,,,,
39,148,Chad,1107,Asses,1962,350000,E,,,,
40,152,Chile,1107,Asses,1962,15000,E,,,,
41,156,"China, mainland",1107,Asses,1962,6565000,A,,,,
44,170,Colombia,1107,Asses,1962,296000,E,,,,
45,174,Comoros,1107,Asses,1962,3000,E,,,,
48,188,Costa Rica,1107,Asses,1962,3700,E,,,,
49,192,Cuba,1107,Asses,1962,5000,E,,,,
50,196,Cyprus,1107,Asses,1962,43000,E,,,,
250,180,Democratic Republic of the Congo,1107,Asses,1962,200,E,,,,
72,262,Djibouti,1107,Asses,1962,3000,E,,,,
56,214,Dominican Republic,1107,Asses,1962,143000,E,,,,
58,218,Ecuador,1107,Asses,1962,166000,X,,,,
59,818,Egypt,1107,Asses,1962,1310000,E,,,,
60,222,El Salvador,1107,Asses,1962,1980,E,,,,
209,748,Eswatini,1107,Asses,1962,17162,A,,,,
68,250,France,1107,Asses,1962,68067,A,,,,
75,270,Gambia,1107,Asses,1962,3000,A,,,,
81,288,Ghana,1107,Asses,1962,11700,E,,,,
84,300,Greece,1107,Asses,1962,489000,A,,,,
86,308,Grenada,1107,Asses,1962,1850,E,,,,
87,312,Guadeloupe,1107,Asses,1962,1000,A,,,,
89,320,Guatemala,1107,Asses,1962,6360,A,,,,
90,324,Guinea,1107,Asses,1962,2200,E,,,,
175,624,Guinea-Bissau,1107,Asses,1962,2800,E,,,,
91,328,Guyana,1107,Asses,1962,7200,A,,,,
93,332,Haiti,1107,Asses,1962,135000,E,,,,
95,340,Honduras,1107,Asses,1962,35000,X,,,,
97,348,Hungary,1107,Asses,1962,3010,A,,,,
100,356,India,1107,Asses,1962,1090000,E,,,,
102,364,Iran (Islamic Republic of),1107,Asses,1962,2069000,A,,,,
103,368,Iraq,1107,Asses,1962,560000,E,,,,
104,372,Ireland,1107,Asses,1962,87543,E,,,,
105,376,Israel,1107,Asses,1962,18500,A,,,,
106,380,Italy,1107,Asses,1962,462430,A,,,,
109,388,Jamaica,1107,Asses,1962,38800,A,,,,
112,400,Jordan,1107,Asses,1962,65532,A,,,,
121,422,Lebanon,1107,Asses,1962,18600,E,,,,
122,426,Lesotho,1107,Asses,1962,55494,A,,,,
124,434,Libya,1107,Asses,1962,109000,E,,,,
129,450,Madagascar,1107,Asses,1962,250,A,,,,
130,454,Malawi,1107,Asses,1962,435,E,,,,
133,466,Mali,1107,Asses,1962,331000,A,,,,
134,470,Malta,1107,Asses,1962,2300,E,,,,
136,478,Mauritania,1107,Asses,1962,130000,E,,,,
137,480,Mauritius,1107,Asses,1962,50,A,,,,
138,484,Mexico,1107,Asses,1962,2946391,A,,,,
141,496,Mongolia,1107,Asses,1962,,M,,,,
143,504,Morocco,1107,Asses,1962,1127000,A,,,,
144,508,Mozambique,1107,Asses,1962,12407,A,,,,
147,516,Namibia,1107,Asses,1962,59771,A,,,,
157,558,Nicaragua,1107,Asses,1962,6500,E,,,,
158,562,Niger,1107,Asses,1962,320000,E,,,,
159,566,Nigeria,1107,Asses,1962,1364000,E,,,,
221,512,Oman,1107,Asses,1962,21000,E,,,,
165,586,Pakistan,1107,Asses,1962,980000,E,,,,
169,600,Paraguay,1107,Asses,1962,19000,A,,,,
170,604,Peru,1107,Asses,1962,442200,X,,,,
174,620,Portugal,1107,Asses,1962,195000,E,,,,
177,630,Puerto Rico,1107,Asses,1962,1500,E,,,,
117,410,Republic of Korea,1107,Asses,1962,,A,,,,
183,642,Romania,1107,Asses,1962,27000,E,,,,
182,638,Réunion,1107,Asses,1962,500,A,,,,
189,662,Saint Lucia,1107,Asses,1962,500,E,,,,
191,670,Saint Vincent and the Grenadines,1107,Asses,1962,2000,E,,,,
244,882,Samoa,1107,Asses,1962,6000,E,,,,
193,678,Sao Tome and Principe,1107,Asses,1962,102,A,,,,
194,682,Saudi Arabia,1107,Asses,1962,56000,E,,,,
195,686,Senegal,1107,Asses,1962,81000,A,,,,
201,706,Somalia,1107,Asses,1962,28000,E,,,,
202,710,South Africa,1107,Asses,1962,343000,E,,,,
203,724,Spain,1107,Asses,1962,725000,E,,,,
206,736,Sudan (former),1107,Asses,1962,580000,A,,,,
207,740,Suriname,1107,Asses,1962,484,A,,,,
211,756,Switzerland,1107,Asses,1962,400,E,,,,
212,760,Syrian Arab Republic,1107,Asses,1962,195825,A,,,,
216,764,Thailand,1107,Asses,1962,230,A,,,,
217,768,Togo,1107,Asses,1962,1071,A,,,,
220,780,Trinidad and Tobago,1107,Asses,1962,2000,E,,,,
222,788,Tunisia,1107,Asses,1962,152000,A,,,,
223,792,Türkiye,1107,Asses,1962,1916000,A,,,,
226,800,Uganda,1107,Asses,1962,18000,E,,,,
215,834,United Republic of Tanzania,1107,Asses,1962,146000,A,,,,
231,840,United States of America,1107,Asses,1962,15000,E,,,,
234,858,Uruguay,1107,Asses,1962,1500,E,,,,
236,862,Venezuela (Bolivarian Republic of),1107,Asses,1962,405011,A,,,,
249,887,Yemen,1107,Asses,1962,600000,A,,,,
251,894,Zambia,1107,Asses,1962,1000,A,,,,
181,716,Zimbabwe,1107,Asses,1962,72000,E,,,,
228,810,USSR,1107,Asses,1963,760000,E,,,,
62,230,Ethiopia PDR,1107,Asses,1963,3730000,A,,,,
248,890,Yugoslav SFR,1107,Asses,1963,135000,E,,,,
2,4,Afghanistan,1107,Asses,1963,1001112,A,,,,
3,8,Albania,1107,Asses,1963,59500,A,,,,
4,12,Algeria,1107,Asses,1963,215000,A,,,,
7,24,Angola,1107,Asses,1963,3200,E,,,,
8,28,Antigua and Barbuda,1107,Asses,1963,2300,E,,,,
9,32,Argentina,1107,Asses,1963,110000,E,,,,
10,36,Australia,1107,Asses,1963,5000,E,,,,
13,48,Bahrain,1107,Asses,1963,,A,,,,
14,52,Barbados,1107,Asses,1963,2000,E,,,,
53,204,Benin,1107,Asses,1963,729,A,,,,
18,64,Bhutan,1107,Asses,1963,13000,E,,,,
19,68,Bolivia (Plurinational State of),1107,Asses,1963,490000,E,,,,
20,72,Botswana,1107,Asses,1963,27612,A,,,,
21,76,Brazil,1107,Asses,1963,1148000,E,,,,
27,100,Bulgaria,1107,Asses,1963,262665,A,,,,
233,854,Burkina Faso,1107,Asses,1963,137000,A,,,,
35,132,Cabo Verde,1107,Asses,1963,7080,A,,,,
32,120,Cameroon,1107,Asses,1963,85000,X,,,,
37,140,Central African Republic,1107,Asses,1963,1000,E,,,,
39,148,Chad,1107,Asses,1963,300000,X,,,,
40,152,Chile,1107,Asses,1963,17000,E,,,,
41,156,"China, mainland",1107,Asses,1963,6454000,A,,,,
44,170,Colombia,1107,Asses,1963,297000,E,,,,
45,174,Comoros,1107,Asses,1963,3000,E,,,,
48,188,Costa Rica,1107,Asses,1963,3880,A,,,,
49,192,Cuba,1107,Asses,1963,5000,E,,,,
50,196,Cyprus,1107,Asses,1963,41000,E,,,,
250,180,Democratic Republic of the Congo,1107,Asses,1963,200,E,,,,
72,262,Djibouti,1107,Asses,1963,3000,E,,,,
56,214,Dominican Republic,1107,Asses,1963,144000,E,,,,
58,218,Ecuador,1107,Asses,1963,166408,A,,,,
59,818,Egypt,1107,Asses,1963,1091000,A,,,,
60,222,El Salvador,1107,Asses,1963,1950,E,,,,
209,748,Eswatini,1107,Asses,1963,16248,A,,,,
68,250,France,1107,Asses,1963,63650,A,,,,
75,270,Gambia,1107,Asses,1963,3128,A,,,,
81,288,Ghana,1107,Asses,1963,11000,E,,,,
84,300,Greece,1107,Asses,1963,474000,A,,,,
86,308,Grenada,1107,Asses,1963,1900,E,,,,
87,312,Guadeloupe,1107,Asses,1963,1000,A,,,,
89,320,Guatemala,1107,Asses,1963,6901,A,,,,
90,324,Guinea,1107,Asses,1963,2250,E,,,,
175,624,Guinea-Bissau,1107,Asses,1963,3000,E,,,,
91,328,Guyana,1107,Asses,1963,3000,A,,,,
93,332,Haiti,1107,Asses,1963,140000,E,,,,
95,340,Honduras,1107,Asses,1963,38674,A,,,,
97,348,Hungary,1107,Asses,1963,3311,A,,,,
100,356,India,1107,Asses,1963,1085000,E,,,,
102,364,Iran (Islamic Republic of),1107,Asses,1963,2100000,A,,,,
103,368,Iraq,1107,Asses,1963,570000,E,,,,
104,372,Ireland,1107,Asses,1963,85792,E,,,,
105,376,Israel,1107,Asses,1963,18500,A,,,,
106,380,Italy,1107,Asses,1963,436820,A,,,,
109,388,Jamaica,1107,Asses,1963,38800,A,,,,
112,400,Jordan,1107,Asses,1963,94442,A,,,,
121,422,Lebanon,1107,Asses,1963,44500,A,,,,
122,426,Lesotho,1107,Asses,1963,44796,A,,,,
124,434,Libya,1107,Asses,1963,116000,E,,,,
129,450,Madagascar,1107,Asses,1963,250,E,,,,
130,454,Malawi,1107,Asses,1963,440,E,,,,
133,466,Mali,1107,Asses,1963,311000,A,,,,
134,470,Malta,1107,Asses,1963,2212,A,,,,
136,478,Mauritania,1107,Asses,1963,130000,X,,,,
137,480,Mauritius,1107,Asses,1963,50,A,,,,
138,484,Mexico,1107,Asses,1963,2848598,A,,,,
141,496,Mongolia,1107,Asses,1963,,M,,,,
143,504,Morocco,1107,Asses,1963,1132000,A,,,,
144,508,Mozambique,1107,Asses,1963,11964,A,,,,
147,516,Namibia,1107,Asses,1963,51968,A,,,,
157,558,Nicaragua,1107,Asses,1963,6726,A,,,,
158,562,Niger,1107,Asses,1963,350000,E,,,,
159,566,Nigeria,1107,Asses,1963,1330000,E,,,,
221,512,Oman,1107,Asses,1963,22000,E,,,,
165,586,Pakistan,1107,Asses,1963,1000000,E,,,,
169,600,Paraguay,1107,Asses,1963,19000,A,,,,
170,604,Peru,1107,Asses,1963,442000,X,,,,
174,620,Portugal,1107,Asses,1963,188000,E,,,,
177,630,Puerto Rico,1107,Asses,1963,1300,E,,,,
117,410,Republic of Korea,1107,Asses,1963,,A,,,,
183,642,Romania,1107,Asses,1963,28000,E,,,,
182,638,Réunion,1107,Asses,1963,600,A,,,,
189,662,Saint Lucia,1107,Asses,1963,500,E,,,,
191,670,Saint Vincent and the Grenadines,1107,Asses,1963,1600,A,,,,
244,882,Samoa,1107,Asses,1963,6100,E,,,,
193,678,Sao Tome and Principe,1107,Asses,1963,97,A,,,,
194,682,Saudi Arabia,1107,Asses,1963,57000,E,,,,
195,686,Senegal,1107,Asses,1963,84000,A,,,,
201,706,Somalia,1107,Asses,1963,27000,E,,,,
202,710,South Africa,1107,Asses,1963,340000,E,,,,
203,724,Spain,1107,Asses,1963,761831,A,,,,
206,736,Sudan (former),1107,Asses,1963,582000,E,,,,
207,740,Suriname,1107,Asses,1963,422,A,,,,
211,756,Switzerland,1107,Asses,1963,450,E,,,,
212,760,Syrian Arab Republic,1107,Asses,1963,202103,A,,,,
216,764,Thailand,1107,Asses,1963,239,A,,,,
217,768,Togo,1107,Asses,1963,675,A,,,,
220,780,Trinidad and Tobago,1107,Asses,1963,2000,E,,,,
222,788,Tunisia,1107,Asses,1963,148000,A,,,,
223,792,Türkiye,1107,Asses,1963,1880400,A,,,,
226,800,Uganda,1107,Asses,1963,17000,E,,,,
215,834,United Republic of Tanzania,1107,Asses,1963,149000,A,,,,
231,840,United States of America,1107,Asses,1963,15000,E,,,,
234,858,Uruguay,1107,Asses,1963,1500,E,,,,
236,862,Venezuela (Bolivarian Republic of),1107,Asses,1963,410000,X,,,,
249,887,Yemen,1107,Asses,1963,600000,A,,,,
251,894,Zambia,1107,Asses,1963,1000,E,,,,
181,716,Zimbabwe,1107,Asses,1963,76500,E,,,,
228,810,USSR,1107,Asses,1964,740000,E,,,,
248,890,Yugoslav SFR,1107,Asses,1964,133000,E,,,,
62,230,Ethiopia PDR,1107,Asses,1964,3745000,A,,,,
2,4,Afghanistan,1107,Asses,1964,1150000,E,,,,
3,8,Albania,1107,Asses,1964,57900,A,,,,
4,12,Algeria,1107,Asses,1964,248000,A,,,,
7,24,Angola,1107,Asses,1964,3300,E,,,,
8,28,Antigua and Barbuda,1107,Asses,1964,2300,E,,,,
9,32,Argentina,1107,Asses,1964,100000,A,,,,
10,36,Australia,1107,Asses,1964,5000,E,,,,
13,48,Bahrain,1107,Asses,1964,,A,,,,
14,52,Barbados,1107,Asses,1964,2000,E,,,,
53,204,Benin,1107,Asses,1964,730,A,,,,
18,64,Bhutan,1107,Asses,1964,13500,E,,,,
19,68,Bolivia (Plurinational State of),1107,Asses,1964,513250,A,,,,
20,72,Botswana,1107,Asses,1964,28167,A,,,,
21,76,Brazil,1107,Asses,1964,1225000,E,,,,
27,100,Bulgaria,1107,Asses,1964,268473,A,,,,
233,854,Burkina Faso,1107,Asses,1964,137000,A,,,,
35,132,Cabo Verde,1107,Asses,1964,8246,A,,,,
32,120,Cameroon,1107,Asses,1964,86000,X,,,,
37,140,Central African Republic,1107,Asses,1964,1000,A,,,,
39,148,Chad,1107,Asses,1964,300000,X,,,,
40,152,Chile,1107,Asses,1964,17000,E,,,,
41,156,"China, mainland",1107,Asses,1964,6746000,A,,,,
44,170,Colombia,1107,Asses,1964,298000,E,,,,
45,174,Comoros,1107,Asses,1964,3000,E,,,,
48,188,Costa Rica,1107,Asses,1964,3800,E,,,,
49,192,Cuba,1107,Asses,1964,3000,E,,,,
50,196,Cyprus,1107,Asses,1964,39500,E,,,,
250,180,Democratic Republic of the Congo,1107,Asses,1964,200,E,,,,
72,262,Djibouti,1107,Asses,1964,3000,E,,,,
56,214,Dominican Republic,1107,Asses,1964,142000,E,,,,
58,218,Ecuador,1107,Asses,1964,166548,A,,,,
59,818,Egypt,1107,Asses,1964,1115000,A,,,,
60,222,El Salvador,1107,Asses,1964,1920,E,,,,
209,748,Eswatini,1107,Asses,1964,16393,A,,,,
68,250,France,1107,Asses,1964,52845,A,,,,
75,270,Gambia,1107,Asses,1964,4000,E,,,,
81,288,Ghana,1107,Asses,1964,11108,A,,,,
84,300,Greece,1107,Asses,1964,465000,A,,,,
86,308,Grenada,1107,Asses,1964,1950,E,,,,
87,312,Guadeloupe,1107,Asses,1964,1200,A,,,,
89,320,Guatemala,1107,Asses,1964,6200,X,,,,
90,324,Guinea,1107,Asses,1964,2300,E,,,,
175,624,Guinea-Bissau,1107,Asses,1964,3000,E,,,,
91,328,Guyana,1107,Asses,1964,3600,A,,,,
93,332,Haiti,1107,Asses,1964,145000,E,,,,
95,340,Honduras,1107,Asses,1964,39834,A,,,,
97,348,Hungary,1107,Asses,1964,2730,A,,,,
100,356,India,1107,Asses,1964,1080000,E,,,,
102,364,Iran (Islamic Republic of),1107,Asses,1964,2000000,A,,,,
103,368,Iraq,1107,Asses,1964,570000,E,,,,
104,372,Ireland,1107,Asses,1964,84076,E,,,,
105,376,Israel,1107,Asses,1964,9000,X,,,,
106,380,Italy,1107,Asses,1964,412000,A,,,,
109,388,Jamaica,1107,Asses,1964,38800,A,,,,
112,400,Jordan,1107,Asses,1964,87230,A,,,,
121,422,Lebanon,1107,Asses,1964,34468,A,,,,
122,426,Lesotho,1107,Asses,1964,49000,A,,,,
124,434,Libya,1107,Asses,1964,124000,E,,,,
129,450,Madagascar,1107,Asses,1964,250,A,,,,
130,454,Malawi,1107,Asses,1964,445,E,,,,
133,466,Mali,1107,Asses,1964,341000,A,,,,
134,470,Malta,1107,Asses,1964,2083,A,,,,
136,478,Mauritania,1107,Asses,1964,135000,X,,,,
137,480,Mauritius,1107,Asses,1964,60,A,,,,
138,484,Mexico,1107,Asses,1964,3086601,A,,,,
141,496,Mongolia,1107,Asses,1964,,M,,,,
143,504,Morocco,1107,Asses,1964,1042000,A,,,,
144,508,Mozambique,1107,Asses,1964,12780,A,,,,
147,516,Namibia,1107,Asses,1964,53000,E,,,,
157,558,Nicaragua,1107,Asses,1964,7000,E,,,,
158,562,Niger,1107,Asses,1964,380000,E,,,,
159,566,Nigeria,1107,Asses,1964,1296000,A,,,,
221,512,Oman,1107,Asses,1964,22000,E,,,,
165,586,Pakistan,1107,Asses,1964,1080000,E,,,,
169,600,Paraguay,1107,Asses,1964,21145,A,,,,
170,604,Peru,1107,Asses,1964,445000,X,,,,
174,620,Portugal,1107,Asses,1964,182000,E,,,,
177,630,Puerto Rico,1107,Asses,1964,1400,E,,,,
117,410,Republic of Korea,1107,Asses,1964,,A,,,,
183,642,Romania,1107,Asses,1964,28000,E,,,,
182,638,Réunion,1107,Asses,1964,700,A,,,,
189,662,Saint Lucia,1107,Asses,1964,500,E,,,,
191,670,Saint Vincent and the Grenadines,1107,Asses,1964,1400,E,,,,
244,882,Samoa,1107,Asses,1964,6150,E,,,,
193,678,Sao Tome and Principe,1107,Asses,1964,96,A,,,,
194,682,Saudi Arabia,1107,Asses,1964,58000,E,,,,
195,686,Senegal,1107,Asses,1964,141000,A,,,,
201,706,Somalia,1107,Asses,1964,27000,E,,,,
202,710,South Africa,1107,Asses,1964,335000,E,,,,
203,724,Spain,1107,Asses,1964,726430,A,,,,
206,736,Sudan (former),1107,Asses,1964,585000,E,,,,
207,740,Suriname,1107,Asses,1964,379,A,,,,
211,756,Switzerland,1107,Asses,1964,500,E,,,,
212,760,Syrian Arab Republic,1107,Asses,1964,199820,A,,,,
216,764,Thailand,1107,Asses,1964,237,A,,,,
217,768,Togo,1107,Asses,1964,766,A,,,,
220,780,Trinidad and Tobago,1107,Asses,1964,2000,E,,,,
222,788,Tunisia,1107,Asses,1964,151000,A,,,,
223,792,Türkiye,1107,Asses,1964,1887672,A,,,,
226,800,Uganda,1107,Asses,1964,16206,A,,,,
215,834,United Republic of Tanzania,1107,Asses,1964,152000,A,,,,
231,840,United States of America,1107,Asses,1964,16000,E,,,,
234,858,Uruguay,1107,Asses,1964,1500,E,,,,
236,862,Venezuela (Bolivarian Republic of),1107,Asses,1964,435200,A,,,,
249,887,Yemen,1107,Asses,1964,600000,A,,,,
251,894,Zambia,1107,Asses,1964,1000,E,,,,
181,716,Zimbabwe,1107,Asses,1964,81000,E,,,,
248,890,Yugoslav SFR,1107,Asses,1965,130000,E,,,,
62,230,Ethiopia PDR,1107,Asses,1965,3760000,A,,,,
228,810,USSR,1107,Asses,1965,717000,A,,,,
2,4,Afghanistan,1107,Asses,1965,1300000,A,,,,
3,8,Albania,1107,Asses,1965,59700,A,,,,
4,12,Algeria,1107,Asses,1965,260000,A,,,,
7,24,Angola,1107,Asses,1965,3400,E,,,,
8,28,Antigua and Barbuda,1107,Asses,1965,2300,E,,,,
9,32,Argentina,1107,Asses,1965,100000,E,,,,
10,36,Australia,1107,Asses,1965,5000,E,,,,
13,48,Bahrain,1107,Asses,1965,,A,,,,
14,52,Barbados,1107,Asses,1965,2000,E,,,,
53,204,Benin,1107,Asses,1965,712,A,,,,
18,64,Bhutan,1107,Asses,1965,13700,E,,,,
19,68,Bolivia (Plurinational State of),1107,Asses,1965,550000,A,,,,
20,72,Botswana,1107,Asses,1965,26000,A,,,,
21,76,Brazil,1107,Asses,1965,1309000,E,,,,
27,100,Bulgaria,1107,Asses,1965,275919,A,,,,
233,854,Burkina Faso,1107,Asses,1965,150000,A,,,,
35,132,Cabo Verde,1107,Asses,1965,7311,A,,,,
32,120,Cameroon,1107,Asses,1965,86000,X,,,,
37,140,Central African Republic,1107,Asses,1965,1000,A,,,,
39,148,Chad,1107,Asses,1965,300000,A,,,,
40,152,Chile,1107,Asses,1965,18000,E,,,,
41,156,"China, mainland",1107,Asses,1965,7048000,A,,,,
44,170,Colombia,1107,Asses,1965,298337,A,,,,
45,174,Comoros,1107,Asses,1965,3000,E,,,,
48,188,Costa Rica,1107,Asses,1965,4000,E,,,,
49,192,Cuba,1107,Asses,1965,2400,A,,,,
50,196,Cyprus,1107,Asses,1965,37836,A,,,,
250,180,Democratic Republic of the Congo,1107,Asses,1965,200,E,,,,
72,262,Djibouti,1107,Asses,1965,3000,E,,,,
56,214,Dominican Republic,1107,Asses,1965,140000,E,,,,
58,218,Ecuador,1107,Asses,1965,166688,A,,,,
59,818,Egypt,1107,Asses,1965,1138000,A,,,,
60,222,El Salvador,1107,Asses,1965,1900,E,,,,
209,748,Eswatini,1107,Asses,1965,16166,A,,,,
68,250,France,1107,Asses,1965,48195,A,,,,
75,270,Gambia,1107,Asses,1965,5000,E,,,,
81,288,Ghana,1107,Asses,1965,8891,A,,,,
84,300,Greece,1107,Asses,1965,457000,A,,,,
86,308,Grenada,1107,Asses,1965,2000,E,,,,
87,312,Guadeloupe,1107,Asses,1965,1500,A,,,,
89,320,Guatemala,1107,Asses,1965,6000,X,,,,
90,324,Guinea,1107,Asses,1965,2350,E,,,,
175,624,Guinea-Bissau,1107,Asses,1965,3000,E,,,,
91,328,Guyana,1107,Asses,1965,3000,A,,,,
93,332,Haiti,1107,Asses,1965,150000,E,,,,
95,340,Honduras,1107,Asses,1965,40126,A,,,,
97,348,Hungary,1107,Asses,1965,3000,E,,,,
100,356,India,1107,Asses,1965,1070000,E,,,,
102,364,Iran (Islamic Republic of),1107,Asses,1965,2000000,A,,,,
103,368,Iraq,1107,Asses,1965,542000,A,,,,
104,372,Ireland,1107,Asses,1965,82400,E,,,,
105,376,Israel,1107,Asses,1965,8000,X,,,,
106,380,Italy,1107,Asses,1965,404000,A,,,,
109,388,Jamaica,1107,Asses,1965,38800,A,,,,
112,400,Jordan,1107,Asses,1965,87000,E,,,,
121,422,Lebanon,1107,Asses,1965,36426,A,,,,
122,426,Lesotho,1107,Asses,1965,46449,A,,,,
124,434,Libya,1107,Asses,1965,131546,A,,,,
129,450,Madagascar,1107,Asses,1965,250,A,,,,
130,454,Malawi,1107,Asses,1965,450,E,,,,
133,466,Mali,1107,Asses,1965,468071,A,,,,
134,470,Malta,1107,Asses,1965,1918,A,,,,
136,478,Mauritania,1107,Asses,1965,150000,E,,,,
137,480,Mauritius,1107,Asses,1965,81,A,,,,
138,484,Mexico,1107,Asses,1965,3241000,A,,,,
141,496,Mongolia,1107,Asses,1965,,M,,,,
143,504,Morocco,1107,Asses,1965,1000000,E,,,,
144,508,Mozambique,1107,Asses,1965,13740,E,,,,
147,516,Namibia,1107,Asses,1965,54000,E,,,,
157,558,Nicaragua,1107,Asses,1965,7100,E,,,,
158,562,Niger,1107,Asses,1965,420000,E,,,,
159,566,Nigeria,1107,Asses,1965,1240000,A,,,,
221,512,Oman,1107,Asses,1965,23000,E,,,,
165,586,Pakistan,1107,Asses,1965,1182783,A,,,,
169,600,Paraguay,1107,Asses,1965,21403,A,,,,
170,604,Peru,1107,Asses,1965,370152,X,,,,
174,620,Portugal,1107,Asses,1965,176000,E,,,,
177,630,Puerto Rico,1107,Asses,1965,1300,E,,,,
117,410,Republic of Korea,1107,Asses,1965,,A,,,,
183,642,Romania,1107,Asses,1965,28000,E,,,,
182,638,Réunion,1107,Asses,1965,800,A,,,,
189,662,Saint Lucia,1107,Asses,1965,500,E,,,,
191,670,Saint Vincent and the Grenadines,1107,Asses,1965,1300,A,,,,
244,882,Samoa,1107,Asses,1965,6170,E,,,,
193,678,Sao Tome and Principe,1107,Asses,1965,95,A,,,,
194,682,Saudi Arabia,1107,Asses,1965,59000,E,,,,
195,686,Senegal,1107,Asses,1965,147000,A,,,,
201,706,Somalia,1107,Asses,1965,26000,E,,,,
202,710,South Africa,1107,Asses,1965,330000,E,,,,
203,724,Spain,1107,Asses,1965,493000,A,,,,
206,736,Sudan (former),1107,Asses,1965,590000,X,,,,
207,740,Suriname,1107,Asses,1965,321,A,,,,
211,756,Switzerland,1107,Asses,1965,600,E,,,,
212,760,Syrian Arab Republic,1107,Asses,1965,190867,A,,,,
216,764,Thailand,1107,Asses,1965,260,A,,,,
217,768,Togo,1107,Asses,1965,876,A,,,,
220,780,Trinidad and Tobago,1107,Asses,1965,2000,E,,,,
222,788,Tunisia,1107,Asses,1965,157000,A,,,,
223,792,Türkiye,1107,Asses,1965,1918000,A,,,,
226,800,Uganda,1107,Asses,1965,16734,A,,,,
215,834,United Republic of Tanzania,1107,Asses,1965,156000,A,,,,
231,840,United States of America,1107,Asses,1965,16000,E,,,,
234,858,Uruguay,1107,Asses,1965,1500,E,,,,
236,862,Venezuela (Bolivarian Republic of),1107,Asses,1965,452600,A,,,,
249,887,Yemen,1107,Asses,1965,600000,A,,,,
251,894,Zambia,1107,Asses,1965,1000,E,,,,
181,716,Zimbabwe,1107,Asses,1965,81000,E,,,,
62,230,Ethiopia PDR,1107,Asses,1966,3775000,A,,,,
248,890,Yugoslav SFR,1107,Asses,1966,38700,X,,,,
228,810,USSR,1107,Asses,1966,713000,A,,,,
2,4,Afghanistan,1107,Asses,1966,1200000,A,,,,
3,8,Albania,1107,Asses,1966,59500,A,,,,
4,12,Algeria,1107,Asses,1966,275000,A,,,,
7,24,Angola,1107,Asses,1966,3400,E,,,,
8,28,Antigua and Barbuda,1107,Asses,1966,2300,E,,,,
9,32,Argentina,1107,Asses,1966,98000,E,,,,
10,36,Australia,1107,Asses,1966,5000,E,,,,
13,48,Bahrain,1107,Asses,1966,,A,,,,
14,52,Barbados,1107,Asses,1966,2000,E,,,,
53,204,Benin,1107,Asses,1966,700,A,,,,
18,64,Bhutan,1107,Asses,1966,14000,E,,,,
19,68,Bolivia (Plurinational State of),1107,Asses,1966,560000,X,,,,
20,72,Botswana,1107,Asses,1966,24243,A,,,,
21,76,Brazil,1107,Asses,1966,1368000,E,,,,
27,100,Bulgaria,1107,Asses,1966,287401,A,,,,
233,854,Burkina Faso,1107,Asses,1966,180000,A,,,,
35,132,Cabo Verde,1107,Asses,1966,9414,A,,,,
32,120,Cameroon,1107,Asses,1966,87000,X,,,,
37,140,Central African Republic,1107,Asses,1966,1000,A,,,,
39,148,Chad,1107,Asses,1966,300000,A,,,,
40,152,Chile,1107,Asses,1966,38000,E,,,,
41,156,"China, mainland",1107,Asses,1966,7438000,A,,,,
44,170,Colombia,1107,Asses,1966,367678,A,,,,
45,174,Comoros,1107,Asses,1966,3000,E,,,,
48,188,Costa Rica,1107,Asses,1966,4000,E,,,,
49,192,Cuba,1107,Asses,1966,2700,A,,,,
50,196,Cyprus,1107,Asses,1966,38000,A,,,,
250,180,Democratic Republic of the Congo,1107,Asses,1966,200,E,,,,
72,262,Djibouti,1107,Asses,1966,3600,E,,,,
56,214,Dominican Republic,1107,Asses,1966,138000,E,,,,
58,218,Ecuador,1107,Asses,1966,170000,E,,,,
59,818,Egypt,1107,Asses,1966,1162000,A,,,,
60,222,El Salvador,1107,Asses,1966,1800,E,,,,
209,748,Eswatini,1107,Asses,1966,15319,A,,,,
68,250,France,1107,Asses,1966,43210,A,,,,
75,270,Gambia,1107,Asses,1966,6000,E,,,,
81,288,Ghana,1107,Asses,1966,15000,E,,,,
84,300,Greece,1107,Asses,1966,441372,A,,,,
86,308,Grenada,1107,Asses,1966,2000,E,,,,
87,312,Guadeloupe,1107,Asses,1966,1475,A,,,,
89,320,Guatemala,1107,Asses,1966,6000,E,,,,
90,324,Guinea,1107,Asses,1966,2400,E,,,,
175,624,Guinea-Bissau,1107,Asses,1966,3000,E,,,,
91,328,Guyana,1107,Asses,1966,2500,A,,,,
93,332,Haiti,1107,Asses,1966,155000,E,,,,
95,340,Honduras,1107,Asses,1966,25525,A,,,,
97,348,Hungary,1107,Asses,1966,3235,A,,,,
100,356,India,1107,Asses,1966,1054350,A,,,,
102,364,Iran (Islamic Republic of),1107,Asses,1966,2028000,A,,,,
103,368,Iraq,1107,Asses,1966,530000,E,,,,
104,372,Ireland,1107,Asses,1966,70000,E,,,,
105,376,Israel,1107,Asses,1966,8000,X,,,,
106,380,Italy,1107,Asses,1966,373000,A,,,,
109,388,Jamaica,1107,Asses,1966,38800,A,,,,
112,400,Jordan,1107,Asses,1966,95708,A,,,,
121,422,Lebanon,1107,Asses,1966,37045,A,,,,
122,426,Lesotho,1107,Asses,1966,42101,A,,,,
124,434,Libya,1107,Asses,1966,129457,A,,,,
129,450,Madagascar,1107,Asses,1966,250,A,,,,
130,454,Malawi,1107,Asses,1966,486,A,,,,
133,466,Mali,1107,Asses,1966,498000,A,,,,
134,470,Malta,1107,Asses,1966,1838,A,,,,
136,478,Mauritania,1107,Asses,1966,170000,E,,,,
137,480,Mauritius,1107,Asses,1966,60,A,,,,
138,484,Mexico,1107,Asses,1966,3402977,A,,,,
141,496,Mongolia,1107,Asses,1966,,M,,,,
143,504,Morocco,1107,Asses,1966,950000,E,,,,
144,508,Mozambique,1107,Asses,1966,14700,E,,,,
147,516,Namibia,1107,Asses,1966,52500,E,,,,
157,558,Nicaragua,1107,Asses,1966,7200,E,,,,
158,562,Niger,1107,Asses,1966,480000,E,,,,
159,566,Nigeria,1107,Asses,1966,984654,A,,,,
221,512,Oman,1107,Asses,1966,24000,E,,,,
165,586,Pakistan,1107,Asses,1966,1300000,E,,,,
169,600,Paraguay,1107,Asses,1966,21677,A,,,,
170,604,Peru,1107,Asses,1966,398700,X,,,,
174,620,Portugal,1107,Asses,1966,173000,E,,,,
177,630,Puerto Rico,1107,Asses,1966,1200,E,,,,
117,410,Republic of Korea,1107,Asses,1966,99,A,,,,
183,642,Romania,1107,Asses,1966,29000,E,,,,
182,638,Réunion,1107,Asses,1966,900,A,,,,
189,662,Saint Lucia,1107,Asses,1966,500,E,,,,
191,670,Saint Vincent and the Grenadines,1107,Asses,1966,1300,E,,,,
244,882,Samoa,1107,Asses,1966,6230,E,,,,
193,678,Sao Tome and Principe,1107,Asses,1966,78,A,,,,
194,682,Saudi Arabia,1107,Asses,1966,52358,A,,,,
195,686,Senegal,1107,Asses,1966,161000,A,,,,
201,706,Somalia,1107,Asses,1966,26000,E,,,,
202,710,South Africa,1107,Asses,1966,310000,E,,,,
203,724,Spain,1107,Asses,1966,442000,A,,,,
206,736,Sudan (former),1107,Asses,1966,590000,X,,,,
207,740,Suriname,1107,Asses,1966,309,A,,,,
211,756,Switzerland,1107,Asses,1966,659,A,,,,
212,760,Syrian Arab Republic,1107,Asses,1966,199000,A,,,,
216,764,Thailand,1107,Asses,1966,270,A,,,,
217,768,Togo,1107,Asses,1966,955,A,,,,
220,780,Trinidad and Tobago,1107,Asses,1966,2000,E,,,,
222,788,Tunisia,1107,Asses,1966,163000,A,,,,
223,792,Türkiye,1107,Asses,1966,1971000,A,,,,
226,800,Uganda,1107,Asses,1966,16651,A,,,,
215,834,United Republic of Tanzania,1107,Asses,1966,160000,A,,,,
231,840,United States of America,1107,Asses,1966,16000,E,,,,
234,858,Uruguay,1107,Asses,1966,1500,E,,,,
236,862,Venezuela (Bolivarian Republic of),1107,Asses,1966,470700,A,,,,
249,887,Yemen,1107,Asses,1966,602000,A,,,,
251,894,Zambia,1107,Asses,1966,1000,E,,,,
181,716,Zimbabwe,1107,Asses,1966,81000,E,,,,
248,890,Yugoslav SFR,1107,Asses,1967,37500,E,,,,
62,230,Ethiopia PDR,1107,Asses,1967,3790300,A,,,,
228,810,USSR,1107,Asses,1967,695000,A,,,,
2,4,Afghanistan,1107,Asses,1967,1200000,A,,,,
3,8,Albania,1107,Asses,1967,60000,E,,,,
4,12,Algeria,1107,Asses,1967,326000,A,,,,
7,24,Angola,1107,Asses,1967,3400,E,,,,
8,28,Antigua and Barbuda,1107,Asses,1967,2300,E,,,,
9,32,Argentina,1107,Asses,1967,98000,E,,,,
10,36,Australia,1107,Asses,1967,5000,E,,,,
13,48,Bahrain,1107,Asses,1967,,A,,,,
14,52,Barbados,1107,Asses,1967,2000,E,,,,
53,204,Benin,1107,Asses,1967,700,A,,,,
18,64,Bhutan,1107,Asses,1967,14200,E,,,,
19,68,Bolivia (Plurinational State of),1107,Asses,1967,590000,X,,,,
20,72,Botswana,1107,Asses,1967,23886,A,,,,
21,76,Brazil,1107,Asses,1967,1372000,E,,,,
27,100,Bulgaria,1107,Asses,1967,291390,A,,,,
233,854,Burkina Faso,1107,Asses,1967,200000,A,,,,
35,132,Cabo Verde,1107,Asses,1967,7321,A,,,,
32,120,Cameroon,1107,Asses,1967,89000,X,,,,
37,140,Central African Republic,1107,Asses,1967,1000,A,,,,
39,148,Chad,1107,Asses,1967,300000,A,,,,
40,152,Chile,1107,Asses,1967,37000,E,,,,
41,156,"China, mainland",1107,Asses,1967,7500000,E,,,,
44,170,Colombia,1107,Asses,1967,422010,A,,,,
45,174,Comoros,1107,Asses,1967,3000,E,,,,
48,188,Costa Rica,1107,Asses,1967,4000,E,,,,
49,192,Cuba,1107,Asses,1967,4700,A,,,,
50,196,Cyprus,1107,Asses,1967,39000,E,,,,
250,180,Democratic Republic of the Congo,1107,Asses,1967,200,E,,,,
72,262,Djibouti,1107,Asses,1967,3800,E,,,,
56,214,Dominican Republic,1107,Asses,1967,136000,E,,,,
58,218,Ecuador,1107,Asses,1967,172000,E,,,,
59,818,Egypt,1107,Asses,1967,1185000,A,,,,
60,222,El Salvador,1107,Asses,1967,1800,E,,,,
209,748,Eswatini,1107,Asses,1967,15406,A,,,,
68,250,France,1107,Asses,1967,42024,A,,,,
75,270,Gambia,1107,Asses,1967,7000,E,,,,
81,288,Ghana,1107,Asses,1967,17500,E,,,,
84,300,Greece,1107,Asses,1967,427633,A,,,,
86,308,Grenada,1107,Asses,1967,1900,E,,,,
87,312,Guadeloupe,1107,Asses,1967,1470,A,,,,
89,320,Guatemala,1107,Asses,1967,5800,E,,,,
90,324,Guinea,1107,Asses,1967,2450,E,,,,
175,624,Guinea-Bissau,1107,Asses,1967,2800,E,,,,
91,328,Guyana,1107,Asses,1967,2375,A,,,,
93,332,Haiti,1107,Asses,1967,160000,E,,,,
95,340,Honduras,1107,Asses,1967,25100,E,,,,
97,348,Hungary,1107,Asses,1967,3396,A,,,,
100,356,India,1107,Asses,1967,1050000,E,,,,
102,364,Iran (Islamic Republic of),1107,Asses,1967,2018000,A,,,,
103,368,Iraq,1107,Asses,1967,520000,E,,,,
104,372,Ireland,1107,Asses,1967,65000,E,,,,
105,376,Israel,1107,Asses,1967,7400,X,,,,
106,380,Italy,1107,Asses,1967,358000,A,,,,
109,388,Jamaica,1107,Asses,1967,38000,E,,,,
112,400,Jordan,1107,Asses,1967,57433,A,,,,
121,422,Lebanon,1107,Asses,1967,30269,A,,,,
122,426,Lesotho,1107,Asses,1967,58945,A,,,,
124,434,Libya,1107,Asses,1967,129403,A,,,,
129,450,Madagascar,1107,Asses,1967,250,E,,,,
130,454,Malawi,1107,Asses,1967,432,A,,,,
133,466,Mali,1107,Asses,1967,513000,A,,,,
134,470,Malta,1107,Asses,1967,1795,A,,,,
136,478,Mauritania,1107,Asses,1967,200000,X,,,,
137,480,Mauritius,1107,Asses,1967,60,A,,,,
138,484,Mexico,1107,Asses,1967,3573000,A,,,,
141,496,Mongolia,1107,Asses,1967,,M,,,,
143,504,Morocco,1107,Asses,1967,910000,A,,,,
144,508,Mozambique,1107,Asses,1967,18256,A,,,,
147,516,Namibia,1107,Asses,1967,53500,E,,,,
157,558,Nicaragua,1107,Asses,1967,7300,E,,,,
158,562,Niger,1107,Asses,1967,520000,E,,,,
159,566,Nigeria,1107,Asses,1967,900000,E,,,,
221,512,Oman,1107,Asses,1967,24000,E,,,,
165,586,Pakistan,1107,Asses,1967,1400000,E,,,,
169,600,Paraguay,1107,Asses,1967,22000,E,,,,
170,604,Peru,1107,Asses,1967,446600,X,,,,
174,620,Portugal,1107,Asses,1967,167100,E,,,,
177,630,Puerto Rico,1107,Asses,1967,1300,E,,,,
117,410,Republic of Korea,1107,Asses,1967,142,A,,,,
183,642,Romania,1107,Asses,1967,29000,E,,,,
182,638,Réunion,1107,Asses,1967,700,E,,,,
189,662,Saint Lucia,1107,Asses,1967,500,E,,,,
191,670,Saint Vincent and the Grenadines,1107,Asses,1967,1200,E,,,,
244,882,Samoa,1107,Asses,1967,6300,E,,,,
193,678,Sao Tome and Principe,1107,Asses,1967,75,A,,,,
194,682,Saudi Arabia,1107,Asses,1967,63576,A,,,,
195,686,Senegal,1107,Asses,1967,167000,A,,,,
201,706,Somalia,1107,Asses,1967,25000,E,,,,
202,710,South Africa,1107,Asses,1967,280000,E,,,,
203,724,Spain,1107,Asses,1967,465000,A,,,,
206,736,Sudan (former),1107,Asses,1967,590000,X,,,,
207,740,Suriname,1107,Asses,1967,294,A,,,,
211,756,Switzerland,1107,Asses,1967,700,E,,,,
212,760,Syrian Arab Republic,1107,Asses,1967,239770,A,,,,
216,764,Thailand,1107,Asses,1967,263,A,,,,
217,768,Togo,1107,Asses,1967,1421,A,,,,
220,780,Trinidad and Tobago,1107,Asses,1967,2000,E,,,,
222,788,Tunisia,1107,Asses,1967,169000,A,,,,
223,792,Türkiye,1107,Asses,1967,1986000,A,,,,
226,800,Uganda,1107,Asses,1967,17000,A,,,,
215,834,United Republic of Tanzania,1107,Asses,1967,160000,A,,,,
231,840,United States of America,1107,Asses,1967,18000,E,,,,
234,858,Uruguay,1107,Asses,1967,1500,E,,,,
236,862,Venezuela (Bolivarian Republic of),1107,Asses,1967,475000,E,,,,
249,887,Yemen,1107,Asses,1967,709000,A,,,,
251,894,Zambia,1107,Asses,1967,1000,E,,,,
181,716,Zimbabwe,1107,Asses,1967,81000,E,,,,
62,230,Ethiopia PDR,1107,Asses,1968,3806000,A,,,,
248,890,Yugoslav SFR,1107,Asses,1968,36000,X,,,,
228,810,USSR,1107,Asses,1968,705000,A,,,,
2,4,Afghanistan,1107,Asses,1968,1328000,A,,,,
3,8,Albania,1107,Asses,1968,60000,E,,,,
4,12,Algeria,1107,Asses,1968,315390,A,,,,
7,24,Angola,1107,Asses,1968,3500,E,,,,
8,28,Antigua and Barbuda,1107,Asses,1968,2300,E,,,,
9,32,Argentina,1107,Asses,1968,97000,E,,,,
10,36,Australia,1107,Asses,1968,5000,E,,,,
13,48,Bahrain,1107,Asses,1968,,A,,,,
14,52,Barbados,1107,Asses,1968,2000,E,,,,
53,204,Benin,1107,Asses,1968,687,A,,,,
18,64,Bhutan,1107,Asses,1968,14500,E,,,,
19,68,Bolivia (Plurinational State of),1107,Asses,1968,620000,X,,,,
20,72,Botswana,1107,Asses,1968,37204,A,,,,
21,76,Brazil,1107,Asses,1968,1426000,E,,,,
27,100,Bulgaria,1107,Asses,1968,301170,A,,,,
233,854,Burkina Faso,1107,Asses,1968,240000,A,,,,
35,132,Cabo Verde,1107,Asses,1968,8000,E,,,,
32,120,Cameroon,1107,Asses,1968,89000,X,,,,
37,140,Central African Republic,1107,Asses,1968,1000,A,,,,
39,148,Chad,1107,Asses,1968,300000,A,,,,
40,152,Chile,1107,Asses,1968,36000,E,,,,
41,156,"China, mainland",1107,Asses,1968,7700000,E,,,,
44,170,Colombia,1107,Asses,1968,400267,A,,,,
45,174,Comoros,1107,Asses,1968,3000,E,,,,
48,188,Costa Rica,1107,Asses,1968,4000,E,,,,
49,192,Cuba,1107,Asses,1968,4700,A,,,,
50,196,Cyprus,1107,Asses,1968,40000,E,,,,
250,180,Democratic Republic of the Congo,1107,Asses,1968,200,E,,,,
72,262,Djibouti,1107,Asses,1968,4000,E,,,,
56,214,Dominican Republic,1107,Asses,1968,134000,E,,,,
58,218,Ecuador,1107,Asses,1968,173000,E,,,,
59,818,Egypt,1107,Asses,1968,1291000,A,,,,
60,222,El Salvador,1107,Asses,1968,1800,E,,,,
209,748,Eswatini,1107,Asses,1968,14095,A,,,,
68,250,France,1107,Asses,1968,41000,A,,,,
75,270,Gambia,1107,Asses,1968,8000,E,,,,
81,288,Ghana,1107,Asses,1968,20720,A,,,,
84,300,Greece,1107,Asses,1968,413485,A,,,,
86,308,Grenada,1107,Asses,1968,1900,E,,,,
87,312,Guadeloupe,1107,Asses,1968,1272,A,,,,
89,320,Guatemala,1107,Asses,1968,5600,E,,,,
90,324,Guinea,1107,Asses,1968,2500,E,,,,
175,624,Guinea-Bissau,1107,Asses,1968,2600,E,,,,
91,328,Guyana,1107,Asses,1968,2260,A,,,,
93,332,Haiti,1107,Asses,1968,165000,E,,,,
95,340,Honduras,1107,Asses,1968,24700,E,,,,
97,348,Hungary,1107,Asses,1968,3400,E,,,,
100,356,India,1107,Asses,1968,1040000,E,,,,
102,364,Iran (Islamic Republic of),1107,Asses,1968,2018000,A,,,,
103,368,Iraq,1107,Asses,1968,510000,E,,,,
104,372,Ireland,1107,Asses,1968,60000,E,,,,
105,376,Israel,1107,Asses,1968,7200,X,,,,
106,380,Italy,1107,Asses,1968,324700,A,,,,
109,388,Jamaica,1107,Asses,1968,37000,E,,,,
112,400,Jordan,1107,Asses,1968,49914,A,,,,
121,422,Lebanon,1107,Asses,1968,28310,A,,,,
122,426,Lesotho,1107,Asses,1968,42006,A,,,,
124,434,Libya,1107,Asses,1968,117596,A,,,,
129,450,Madagascar,1107,Asses,1968,250,E,,,,
130,454,Malawi,1107,Asses,1968,400,E,,,,
133,466,Mali,1107,Asses,1968,528000,A,,,,
134,470,Malta,1107,Asses,1968,1705,A,,,,
136,478,Mauritania,1107,Asses,1968,200000,E,,,,
137,480,Mauritius,1107,Asses,1968,60,A,,,,
138,484,Mexico,1107,Asses,1968,3352840,A,,,,
141,496,Mongolia,1107,Asses,1968,,M,,,,
143,504,Morocco,1107,Asses,1968,930000,E,,,,
144,508,Mozambique,1107,Asses,1968,15882,A,,,,
147,516,Namibia,1107,Asses,1968,54000,E,,,,
157,558,Nicaragua,1107,Asses,1968,7400,E,,,,
158,562,Niger,1107,Asses,1968,570000,E,,,,
159,566,Nigeria,1107,Asses,1968,880000,E,,,,
221,512,Oman,1107,Asses,1968,24000,E,,,,
165,586,Pakistan,1107,Asses,1968,1500000,E,,,,
169,600,Paraguay,1107,Asses,1968,23000,E,,,,
170,604,Peru,1107,Asses,1968,465000,E,,,,
174,620,Portugal,1107,Asses,1968,161068,A,,,,
177,630,Puerto Rico,1107,Asses,1968,1400,E,,,,
117,410,Republic of Korea,1107,Asses,1968,160,A,,,,
183,642,Romania,1107,Asses,1968,30000,E,,,,
182,638,Réunion,1107,Asses,1968,500,A,,,,
189,662,Saint Lucia,1107,Asses,1968,500,E,,,,
191,670,Saint Vincent and the Grenadines,1107,Asses,1968,1200,E,,,,
244,882,Samoa,1107,Asses,1968,6350,E,,,,
193,678,Sao Tome and Principe,1107,Asses,1968,65,A,,,,
194,682,Saudi Arabia,1107,Asses,1968,98179,A,,,,
195,686,Senegal,1107,Asses,1968,172000,A,,,,
201,706,Somalia,1107,Asses,1968,24292,E,,,,
202,710,South Africa,1107,Asses,1968,250000,E,,,,
203,724,Spain,1107,Asses,1968,458000,A,,,,
206,736,Sudan (former),1107,Asses,1968,600000,E,,,,
207,740,Suriname,1107,Asses,1968,250,E,,,,
211,756,Switzerland,1107,Asses,1968,680,E,,,,
212,760,Syrian Arab Republic,1107,Asses,1968,234569,A,,,,
216,764,Thailand,1107,Asses,1968,208,A,,,,
217,768,Togo,1107,Asses,1968,2185,A,,,,
220,780,Trinidad and Tobago,1107,Asses,1968,2000,E,,,,
222,788,Tunisia,1107,Asses,1968,170000,E,,,,
223,792,Türkiye,1107,Asses,1968,1965000,A,,,,
226,800,Uganda,1107,Asses,1968,16000,A,,,,
215,834,United Republic of Tanzania,1107,Asses,1968,160000,A,,,,
231,840,United States of America,1107,Asses,1968,18000,E,,,,
234,858,Uruguay,1107,Asses,1968,1500,E,,,,
236,862,Venezuela (Bolivarian Republic of),1107,Asses,1968,480000,E,,,,
249,887,Yemen,1107,Asses,1968,691000,A,,,,
251,894,Zambia,1107,Asses,1968,1000,E,,,,
181,716,Zimbabwe,1107,Asses,1968,81000,E,,,,
228,810,USSR,1107,Asses,1969,687000,A,,,,
248,890,Yugoslav SFR,1107,Asses,1969,37500,X,,,,
62,230,Ethiopia PDR,1107,Asses,1969,3821700,A,,,,
2,4,Afghanistan,1107,Asses,1969,1250000,A,,,,
3,8,Albania,1107,Asses,1969,60000,E,,,,
4,12,Algeria,1107,Asses,1969,330000,A,,,,
7,24,Angola,1107,Asses,1969,3600,E,,,,
8,28,Antigua and Barbuda,1107,Asses,1969,2300,E,,,,
9,32,Argentina,1107,Asses,1969,95000,E,,,,
10,36,Australia,1107,Asses,1969,5000,E,,,,
13,48,Bahrain,1107,Asses,1969,,A,,,,
14,52,Barbados,1107,Asses,1969,2000,E,,,,
53,204,Benin,1107,Asses,1969,650,E,,,,
18,64,Bhutan,1107,Asses,1969,14700,E,,,,
19,68,Bolivia (Plurinational State of),1107,Asses,1969,640000,X,,,,
20,72,Botswana,1107,Asses,1969,46000,A,,,,
21,76,Brazil,1107,Asses,1969,1438000,E,,,,
27,100,Bulgaria,1107,Asses,1969,300083,A,,,,
233,854,Burkina Faso,1107,Asses,1969,200000,A,,,,
35,132,Cabo Verde,1107,Asses,1969,9000,E,,,,
32,120,Cameroon,1107,Asses,1969,89000,X,,,,
37,140,Central African Republic,1107,Asses,1969,1000,A,,,,
39,148,Chad,1107,Asses,1969,300000,A,,,,
40,152,Chile,1107,Asses,1969,35000,E,,,,
41,156,"China, mainland",1107,Asses,1969,7900000,E,,,,
44,170,Colombia,1107,Asses,1969,315000,A,,,,
45,174,Comoros,1107,Asses,1969,3000,E,,,,
48,188,Costa Rica,1107,Asses,1969,4200,E,,,,
49,192,Cuba,1107,Asses,1969,5000,A,,,,
50,196,Cyprus,1107,Asses,1969,42000,E,,,,
250,180,Democratic Republic of the Congo,1107,Asses,1969,200,E,,,,
72,262,Djibouti,1107,Asses,1969,4000,E,,,,
56,214,Dominican Republic,1107,Asses,1969,131000,E,,,,
58,218,Ecuador,1107,Asses,1969,175000,E,,,,
59,818,Egypt,1107,Asses,1969,1327000,A,,,,
60,222,El Salvador,1107,Asses,1969,1800,E,,,,
209,748,Eswatini,1107,Asses,1969,14414,A,,,,
68,250,France,1107,Asses,1969,36043,A,,,,
75,270,Gambia,1107,Asses,1969,9000,E,,,,
81,288,Ghana,1107,Asses,1969,22000,E,,,,
84,300,Greece,1107,Asses,1969,392506,A,,,,
86,308,Grenada,1107,Asses,1969,1800,E,,,,
87,312,Guadeloupe,1107,Asses,1969,1250,A,,,,
89,320,Guatemala,1107,Asses,1969,5400,E,,,,
90,324,Guinea,1107,Asses,1969,2550,E,,,,
175,624,Guinea-Bissau,1107,Asses,1969,2500,E,,,,
91,328,Guyana,1107,Asses,1969,2200,A,,,,
93,332,Haiti,1107,Asses,1969,170000,E,,,,
95,340,Honduras,1107,Asses,1969,24400,E,,,,
97,348,Hungary,1107,Asses,1969,3450,E,,,,
100,356,India,1107,Asses,1969,1020000,E,,,,
102,364,Iran (Islamic Republic of),1107,Asses,1969,2020000,E,,,,
103,368,Iraq,1107,Asses,1969,500000,A,,,,
104,372,Ireland,1107,Asses,1969,58000,E,,,,
105,376,Israel,1107,Asses,1969,6900,X,,,,
106,380,Italy,1107,Asses,1969,305700,A,,,,
109,388,Jamaica,1107,Asses,1969,36000,E,,,,
112,400,Jordan,1107,Asses,1969,55364,A,,,,
121,422,Lebanon,1107,Asses,1969,27970,A,,,,
122,426,Lesotho,1107,Asses,1969,43302,A,,,,
124,434,Libya,1107,Asses,1969,110117,A,,,,
129,450,Madagascar,1107,Asses,1969,250,E,,,,
130,454,Malawi,1107,Asses,1969,381,A,,,,
133,466,Mali,1107,Asses,1969,475500,A,,,,
134,470,Malta,1107,Asses,1969,1579,A,,,,
136,478,Mauritania,1107,Asses,1969,200000,E,,,,
137,480,Mauritius,1107,Asses,1969,60,E,,,,
138,484,Mexico,1107,Asses,1969,3329868,A,,,,
141,496,Mongolia,1107,Asses,1969,,M,,,,
143,504,Morocco,1107,Asses,1969,950000,E,,,,
144,508,Mozambique,1107,Asses,1969,17042,A,,,,
147,516,Namibia,1107,Asses,1969,55000,E,,,,
157,558,Nicaragua,1107,Asses,1969,7500,E,,,,
158,562,Niger,1107,Asses,1969,600000,E,,,,
159,566,Nigeria,1107,Asses,1969,860000,E,,,,
221,512,Oman,1107,Asses,1969,23500,E,,,,
165,586,Pakistan,1107,Asses,1969,1600000,E,,,,
169,600,Paraguay,1107,Asses,1969,24000,E,,,,
170,604,Peru,1107,Asses,1969,485000,E,,,,
174,620,Portugal,1107,Asses,1969,164100,E,,,,
177,630,Puerto Rico,1107,Asses,1969,1420,E,,,,
117,410,Republic of Korea,1107,Asses,1969,421,A,,,,
183,642,Romania,1107,Asses,1969,30000,E,,,,
182,638,Réunion,1107,Asses,1969,400,A,,,,
189,662,Saint Lucia,1107,Asses,1969,500,E,,,,
191,670,Saint Vincent and the Grenadines,1107,Asses,1969,1100,E,,,,
244,882,Samoa,1107,Asses,1969,6400,E,,,,
193,678,Sao Tome and Principe,1107,Asses,1969,59,A,,,,
194,682,Saudi Arabia,1107,Asses,1969,96000,E,,,,
195,686,Senegal,1107,Asses,1969,178000,A,,,,
201,706,Somalia,1107,Asses,1969,24000,E,,,,
202,710,South Africa,1107,Asses,1969,230000,E,,,,
203,724,Spain,1107,Asses,1969,436783,A,,,,
206,736,Sudan (former),1107,Asses,1969,610000,E,,,,
207,740,Suriname,1107,Asses,1969,240,E,,,,
211,756,Switzerland,1107,Asses,1969,650,E,,,,
212,760,Syrian Arab Republic,1107,Asses,1969,242585,A,,,,
216,764,Thailand,1107,Asses,1969,197,A,,,,
217,768,Togo,1107,Asses,1969,1991,A,,,,
220,780,Trinidad and Tobago,1107,Asses,1969,2000,E,,,,
222,788,Tunisia,1107,Asses,1969,175000,E,,,,
223,792,Türkiye,1107,Asses,1969,1986000,A,,,,
226,800,Uganda,1107,Asses,1969,16759,E,,,,
215,834,United Republic of Tanzania,1107,Asses,1969,160000,A,,,,
231,840,United States of America,1107,Asses,1969,18000,E,,,,
234,858,Uruguay,1107,Asses,1969,1500,E,,,,
236,862,Venezuela (Bolivarian Republic of),1107,Asses,1969,485000,E,,,,
249,887,Yemen,1107,Asses,1969,612000,A,,,,
251,894,Zambia,1107,Asses,1969,1000,E,,,,
181,716,Zimbabwe,1107,Asses,1969,83000,E,,,,
228,810,USSR,1107,Asses,1970,581000,A,,,,
62,230,Ethiopia PDR,1107,Asses,1970,3837400,A,,,,
248,890,Yugoslav SFR,1107,Asses,1970,36700,X,,,,
2,4,Afghanistan,1107,Asses,1970,1300000,A,,,,
3,8,Albania,1107,Asses,1970,60000,E,,,,
4,12,Algeria,1107,Asses,1970,337440,A,,,,
7,24,Angola,1107,Asses,1970,4000,E,,,,
8,28,Antigua and Barbuda,1107,Asses,1970,2300,E,,,,
9,32,Argentina,1107,Asses,1970,94000,E,,,,
10,36,Australia,1107,Asses,1970,5000,E,,,,
13,48,Bahrain,1107,Asses,1970,,A,,,,
14,52,Barbados,1107,Asses,1970,2000,E,,,,
53,204,Benin,1107,Asses,1970,620,E,,,,
18,64,Bhutan,1107,Asses,1970,15000,E,,,,
19,68,Bolivia (Plurinational State of),1107,Asses,1970,650000,E,,,,
20,72,Botswana,1107,Asses,1970,42083,A,,,,
21,76,Brazil,1107,Asses,1970,1420000,E,,,,
27,100,Bulgaria,1107,Asses,1970,299311,A,,,,
233,854,Burkina Faso,1107,Asses,1970,200000,E,,,,
35,132,Cabo Verde,1107,Asses,1970,10000,E,,,,
32,120,Cameroon,1107,Asses,1970,92000,X,,,,
37,140,Central African Republic,1107,Asses,1970,1000,E,,,,
39,148,Chad,1107,Asses,1970,365000,A,,,,
40,152,Chile,1107,Asses,1970,35000,E,,,,
41,156,"China, mainland",1107,Asses,1970,8000000,E,,,,
44,170,Colombia,1107,Asses,1970,327000,A,,,,
45,174,Comoros,1107,Asses,1970,3000,E,,,,
48,188,Costa Rica,1107,Asses,1970,4400,E,,,,
49,192,Cuba,1107,Asses,1970,4700,A,,,,
50,196,Cyprus,1107,Asses,1970,44000,E,,,,
250,180,Democratic Republic of the Congo,1107,Asses,1970,171,A,,,,
72,262,Djibouti,1107,Asses,1970,4200,E,,,,
56,214,Dominican Republic,1107,Asses,1970,129000,E,,,,
58,218,Ecuador,1107,Asses,1970,180000,E,,,,
59,818,Egypt,1107,Asses,1970,1362000,A,,,,
60,222,El Salvador,1107,Asses,1970,1800,E,,,,
209,748,Eswatini,1107,Asses,1970,14704,A,,,,
68,250,France,1107,Asses,1970,34148,A,,,,
75,270,Gambia,1107,Asses,1970,10000,E,,,,
81,288,Ghana,1107,Asses,1970,23000,E,,,,
84,300,Greece,1107,Asses,1970,375858,A,,,,
86,308,Grenada,1107,Asses,1970,1800,E,,,,
87,312,Guadeloupe,1107,Asses,1970,1250,A,,,,
89,320,Guatemala,1107,Asses,1970,5300,E,,,,
90,324,Guinea,1107,Asses,1970,2600,E,,,,
175,624,Guinea-Bissau,1107,Asses,1970,2500,E,,,,
91,328,Guyana,1107,Asses,1970,2000,A,,,,
93,332,Haiti,1107,Asses,1970,170787,A,,,,
95,340,Honduras,1107,Asses,1970,24000,E,,,,
97,348,Hungary,1107,Asses,1970,3500,E,,,,
100,356,India,1107,Asses,1970,1000000,E,,,,
102,364,Iran (Islamic Republic of),1107,Asses,1970,2020000,E,,,,
103,368,Iraq,1107,Asses,1970,566000,A,,,,
104,372,Ireland,1107,Asses,1970,55000,E,,,,
105,376,Israel,1107,Asses,1970,6600,X,,,,
106,380,Italy,1107,Asses,1970,293200,A,,,,
109,388,Jamaica,1107,Asses,1970,34000,E,,,,
112,400,Jordan,1107,Asses,1970,43618,A,,,,
121,422,Lebanon,1107,Asses,1970,27267,A,,,,
122,426,Lesotho,1107,Asses,1970,89700,A,,,,
124,434,Libya,1107,Asses,1970,97850,A,,,,
129,450,Madagascar,1107,Asses,1970,311,A,,,,
130,454,Malawi,1107,Asses,1970,383,A,,,,
133,466,Mali,1107,Asses,1970,475500,A,,,,
134,470,Malta,1107,Asses,1970,1482,A,,,,
136,478,Mauritania,1107,Asses,1970,200000,E,,,,
137,480,Mauritius,1107,Asses,1970,60,E,,,,
138,484,Mexico,1107,Asses,1970,3518633,A,,,,
141,496,Mongolia,1107,Asses,1970,,M,,,,
143,504,Morocco,1107,Asses,1970,1000000,E,,,,
144,508,Mozambique,1107,Asses,1970,18981,A,,,,
147,516,Namibia,1107,Asses,1970,56000,E,,,,
157,558,Nicaragua,1107,Asses,1970,7800,E,,,,
158,562,Niger,1107,Asses,1970,627969,A,,,,
159,566,Nigeria,1107,Asses,1970,840000,E,,,,
221,512,Oman,1107,Asses,1970,24000,E,,,,
165,586,Pakistan,1107,Asses,1970,1700000,E,,,,
169,600,Paraguay,1107,Asses,1970,24000,E,,,,
170,604,Peru,1107,Asses,1970,505000,X,,,,
174,620,Portugal,1107,Asses,1970,167100,E,,,,
177,630,Puerto Rico,1107,Asses,1970,1450,E,,,,
117,410,Republic of Korea,1107,Asses,1970,342,A,,,,
183,642,Romania,1107,Asses,1970,30514,A,,,,
182,638,Réunion,1107,Asses,1970,200,E,,,,
189,662,Saint Lucia,1107,Asses,1970,500,E,,,,
191,670,Saint Vincent and the Grenadines,1107,Asses,1970,1000,E,,,,
244,882,Samoa,1107,Asses,1970,6480,E,,,,
193,678,Sao Tome and Principe,1107,Asses,1970,47,A,,,,
194,682,Saudi Arabia,1107,Asses,1970,94000,E,,,,
195,686,Senegal,1107,Asses,1970,185000,A,,,,
201,706,Somalia,1107,Asses,1970,23000,E,,,,
202,710,South Africa,1107,Asses,1970,215000,A,,,,
203,724,Spain,1107,Asses,1970,385565,A,,,,
206,736,Sudan (former),1107,Asses,1970,630000,E,,,,
207,740,Suriname,1107,Asses,1970,232,X,,,,
211,756,Switzerland,1107,Asses,1970,710,E,,,,
212,760,Syrian Arab Republic,1107,Asses,1970,234781,A,,,,
216,764,Thailand,1107,Asses,1970,186,A,,,,
217,768,Togo,1107,Asses,1970,1869,A,,,,
220,780,Trinidad and Tobago,1107,Asses,1970,2000,E,,,,
222,788,Tunisia,1107,Asses,1970,180000,E,,,,
223,792,Türkiye,1107,Asses,1970,1936000,A,,,,
226,800,Uganda,1107,Asses,1970,16500,E,,,,
215,834,United Republic of Tanzania,1107,Asses,1970,160000,A,,,,
231,840,United States of America,1107,Asses,1970,19000,E,,,,
234,858,Uruguay,1107,Asses,1970,1200,E,,,,
236,862,Venezuela (Bolivarian Republic of),1107,Asses,1970,495000,E,,,,
249,887,Yemen,1107,Asses,1970,621000,A,,,,
251,894,Zambia,1107,Asses,1970,1000,E,,,,
181,716,Zimbabwe,1107,Asses,1970,86000,E,,,,
248,890,Yugoslav SFR,1107,Asses,1971,37500,X,,,,
228,810,USSR,1107,Asses,1971,609000,A,,,,
62,230,Ethiopia PDR,1107,Asses,1971,3853100,A,,,,
2,4,Afghanistan,1107,Asses,1971,1300000,A,,,,
3,8,Albania,1107,Asses,1971,70000,E,,,,
4,12,Algeria,1107,Asses,1971,338020,A,,,,
7,24,Angola,1107,Asses,1971,4300,E,,,,
8,28,Antigua and Barbuda,1107,Asses,1971,2100,E,,,,
9,32,Argentina,1107,Asses,1971,94000,E,,,,
10,36,Australia,1107,Asses,1971,5000,E,,,,
13,48,Bahrain,1107,Asses,1971,,A,,,,
14,52,Barbados,1107,Asses,1971,2000,E,,,,
53,204,Benin,1107,Asses,1971,550,A,,,,
18,64,Bhutan,1107,Asses,1971,15200,E,,,,
19,68,Bolivia (Plurinational State of),1107,Asses,1971,670000,E,,,,
20,72,Botswana,1107,Asses,1971,64235,A,,,,
21,76,Brazil,1107,Asses,1971,1420450,A,,,,
27,100,Bulgaria,1107,Asses,1971,304514,A,,,,
233,854,Burkina Faso,1107,Asses,1971,200000,E,,,,
35,132,Cabo Verde,1107,Asses,1971,10685,A,,,,
32,120,Cameroon,1107,Asses,1971,70000,E,,,,
37,140,Central African Republic,1107,Asses,1971,1000,E,,,,
39,148,Chad,1107,Asses,1971,365000,A,,,,
40,152,Chile,1107,Asses,1971,35000,E,,,,
41,156,"China, mainland",1107,Asses,1971,8400000,A,,,,
44,170,Colombia,1107,Asses,1971,340000,A,,,,
45,174,Comoros,1107,Asses,1971,3000,E,,,,
48,188,Costa Rica,1107,Asses,1971,4600,E,,,,
49,192,Cuba,1107,Asses,1971,4100,A,,,,
50,196,Cyprus,1107,Asses,1971,46000,E,,,,
250,180,Democratic Republic of the Congo,1107,Asses,1971,304,A,,,,
72,262,Djibouti,1107,Asses,1971,4200,E,,,,
56,214,Dominican Republic,1107,Asses,1971,126346,A,,,,
58,218,Ecuador,1107,Asses,1971,183000,E,,,,
59,818,Egypt,1107,Asses,1971,1395000,A,,,,
60,222,El Salvador,1107,Asses,1971,1846,A,,,,
209,748,Eswatini,1107,Asses,1971,15078,A,,,,
68,250,France,1107,Asses,1971,33300,A,,,,
75,270,Gambia,1107,Asses,1971,11000,E,,,,
81,288,Ghana,1107,Asses,1971,24000,E,,,,
84,300,Greece,1107,Asses,1971,357941,A,,,,
86,308,Grenada,1107,Asses,1971,1700,E,,,,
87,312,Guadeloupe,1107,Asses,1971,1300,A,,,,
89,320,Guatemala,1107,Asses,1971,5500,E,,,,
90,324,Guinea,1107,Asses,1971,2500,E,,,,
175,624,Guinea-Bissau,1107,Asses,1971,2000,E,,,,
91,328,Guyana,1107,Asses,1971,1960,A,,,,
93,332,Haiti,1107,Asses,1971,178000,E,,,,
95,340,Honduras,1107,Asses,1971,23600,E,,,,
97,348,Hungary,1107,Asses,1971,3600,E,,,,
100,356,India,1107,Asses,1971,980000,E,,,,
102,364,Iran (Islamic Republic of),1107,Asses,1971,2023293,A,,,,
103,368,Iraq,1107,Asses,1971,580000,E,,,,
104,372,Ireland,1107,Asses,1971,50000,E,,,,
105,376,Israel,1107,Asses,1971,6300,X,,,,
106,380,Italy,1107,Asses,1971,263060,A,,,,
109,388,Jamaica,1107,Asses,1971,32000,E,,,,
112,400,Jordan,1107,Asses,1971,43452,A,,,,
121,422,Lebanon,1107,Asses,1971,27688,A,,,,
122,426,Lesotho,1107,Asses,1971,90000,E,,,,
124,434,Libya,1107,Asses,1971,77471,A,,,,
129,450,Madagascar,1107,Asses,1971,253,A,,,,
130,454,Malawi,1107,Asses,1971,429,A,,,,
133,466,Mali,1107,Asses,1971,460000,E,,,,
134,470,Malta,1107,Asses,1971,1430,A,,,,
136,478,Mauritania,1107,Asses,1971,190000,E,,,,
137,480,Mauritius,1107,Asses,1971,60,E,,,,
138,484,Mexico,1107,Asses,1971,3291000,A,,,,
141,496,Mongolia,1107,Asses,1971,,M,,,,
143,504,Morocco,1107,Asses,1971,1020000,A,,,,
144,508,Mozambique,1107,Asses,1971,20872,A,,,,
147,516,Namibia,1107,Asses,1971,58000,E,,,,
157,558,Nicaragua,1107,Asses,1971,8000,E,,,,
158,562,Niger,1107,Asses,1971,1022200,A,,,,
159,566,Nigeria,1107,Asses,1971,820000,E,,,,
221,512,Oman,1107,Asses,1971,25000,X,,,,
165,586,Pakistan,1107,Asses,1971,1800000,E,,,,
169,600,Paraguay,1107,Asses,1971,25000,A,,,,
170,604,Peru,1107,Asses,1971,530000,X,,,,
174,620,Portugal,1107,Asses,1971,172200,E,,,,
177,630,Puerto Rico,1107,Asses,1971,1480,E,,,,
117,410,Republic of Korea,1107,Asses,1971,300,E,,,,
183,642,Romania,1107,Asses,1971,32304,A,,,,
182,638,Réunion,1107,Asses,1971,100,E,,,,
189,662,Saint Lucia,1107,Asses,1971,500,E,,,,
191,670,Saint Vincent and the Grenadines,1107,Asses,1971,1000,E,,,,
244,882,Samoa,1107,Asses,1971,6550,E,,,,
193,678,Sao Tome and Principe,1107,Asses,1971,49,A,,,,
194,682,Saudi Arabia,1107,Asses,1971,96000,E,,,,
195,686,Senegal,1107,Asses,1971,190000,A,,,,
201,706,Somalia,1107,Asses,1971,22000,E,,,,
202,710,South Africa,1107,Asses,1971,210000,A,,,,
203,724,Spain,1107,Asses,1971,361000,A,,,,
206,736,Sudan (former),1107,Asses,1971,640000,E,,,,
207,740,Suriname,1107,Asses,1971,200,E,,,,
211,756,Switzerland,1107,Asses,1971,800,E,,,,
212,760,Syrian Arab Republic,1107,Asses,1971,243530,A,,,,
216,764,Thailand,1107,Asses,1971,180,E,,,,
217,768,Togo,1107,Asses,1971,1799,A,,,,
220,780,Trinidad and Tobago,1107,Asses,1971,2000,E,,,,
222,788,Tunisia,1107,Asses,1971,185000,E,,,,
223,792,Türkiye,1107,Asses,1971,1805000,A,,,,
226,800,Uganda,1107,Asses,1971,17281,A,,,,
215,834,United Republic of Tanzania,1107,Asses,1971,160000,E,,,,
231,840,United States of America,1107,Asses,1971,19000,E,,,,
234,858,Uruguay,1107,Asses,1971,1300,E,,,,
236,862,Venezuela (Bolivarian Republic of),1107,Asses,1971,500000,E,,,,
249,887,Yemen,1107,Asses,1971,787000,A,,,,
251,894,Zambia,1107,Asses,1971,1000,E,,,,
181,716,Zimbabwe,1107,Asses,1971,87000,E,,,,
62,230,Ethiopia PDR,1107,Asses,1972,3868900,A,,,,
248,890,Yugoslav SFR,1107,Asses,1972,36000,X,,,,
228,810,USSR,1107,Asses,1972,569000,A,,,,
2,4,Afghanistan,1107,Asses,1972,1300000,A,,,,
3,8,Albania,1107,Asses,1972,70000,E,,,,
4,12,Algeria,1107,Asses,1972,363870,A,,,,
7,24,Angola,1107,Asses,1972,4500,E,,,,
8,28,Antigua and Barbuda,1107,Asses,1972,2000,E,,,,
9,32,Argentina,1107,Asses,1972,90000,E,,,,
10,36,Australia,1107,Asses,1972,5000,E,,,,
13,48,Bahrain,1107,Asses,1972,,A,,,,
14,52,Barbados,1107,Asses,1972,2000,E,,,,
53,204,Benin,1107,Asses,1972,652,A,,,,
18,64,Bhutan,1107,Asses,1972,15500,E,,,,
19,68,Bolivia (Plurinational State of),1107,Asses,1972,660000,E,,,,
20,72,Botswana,1107,Asses,1972,75000,E,,,,
21,76,Brazil,1107,Asses,1972,1450000,E,,,,
27,100,Bulgaria,1107,Asses,1972,301886,A,,,,
233,854,Burkina Faso,1107,Asses,1972,180000,E,,,,
35,132,Cabo Verde,1107,Asses,1972,9000,E,,,,
32,120,Cameroon,1107,Asses,1972,55000,A,,,,
37,140,Central African Republic,1107,Asses,1972,1000,E,,,,
39,148,Chad,1107,Asses,1972,365000,A,,,,
40,152,Chile,1107,Asses,1972,35000,E,,,,
41,156,"China, mainland",1107,Asses,1972,8513000,A,,,,
44,170,Colombia,1107,Asses,1972,356000,A,,,,
45,174,Comoros,1107,Asses,1972,3100,E,,,,
48,188,Costa Rica,1107,Asses,1972,4800,E,,,,
49,192,Cuba,1107,Asses,1972,3900,A,,,,
50,196,Cyprus,1107,Asses,1972,45000,E,,,,
250,180,Democratic Republic of the Congo,1107,Asses,1972,211,A,,,,
72,262,Djibouti,1107,Asses,1972,4400,E,,,,
56,214,Dominican Republic,1107,Asses,1972,125000,E,,,,
58,218,Ecuador,1107,Asses,1972,185000,E,,,,
59,818,Egypt,1107,Asses,1972,1430000,A,,,,
60,222,El Salvador,1107,Asses,1972,1846,A,,,,
209,748,Eswatini,1107,Asses,1972,15704,A,,,,
68,250,France,1107,Asses,1972,28900,A,,,,
75,270,Gambia,1107,Asses,1972,12000,E,,,,
81,288,Ghana,1107,Asses,1972,25000,E,,,,
84,300,Greece,1107,Asses,1972,344855,A,,,,
86,308,Grenada,1107,Asses,1972,1700,E,,,,
87,312,Guadeloupe,1107,Asses,1972,1300,A,,,,
89,320,Guatemala,1107,Asses,1972,6000,E,,,,
90,324,Guinea,1107,Asses,1972,2500,E,,,,
175,624,Guinea-Bissau,1107,Asses,1972,2000,E,,,,
91,328,Guyana,1107,Asses,1972,1800,A,,,,
93,332,Haiti,1107,Asses,1972,183000,E,,,,
95,340,Honduras,1107,Asses,1972,23200,E,,,,
97,348,Hungary,1107,Asses,1972,3184,A,,,,
100,356,India,1107,Asses,1972,994000,A,,,,
102,364,Iran (Islamic Republic of),1107,Asses,1972,2000000,E,,,,
103,368,Iraq,1107,Asses,1972,590000,E,,,,
104,372,Ireland,1107,Asses,1972,45000,E,,,,
105,376,Israel,1107,Asses,1972,6100,X,,,,
106,380,Italy,1107,Asses,1972,235090,A,,,,
109,388,Jamaica,1107,Asses,1972,30000,E,,,,
112,400,Jordan,1107,Asses,1972,44500,A,,,,
121,422,Lebanon,1107,Asses,1972,27649,A,,,,
122,426,Lesotho,1107,Asses,1972,95000,E,,,,
124,434,Libya,1107,Asses,1972,76550,A,,,,
129,450,Madagascar,1107,Asses,1972,1044,A,,,,
130,454,Malawi,1107,Asses,1972,574,A,,,,
133,466,Mali,1107,Asses,1972,390000,E,,,,
134,470,Malta,1107,Asses,1972,1307,A,,,,
136,478,Mauritania,1107,Asses,1972,185000,X,,,,
137,480,Mauritius,1107,Asses,1972,60,E,,,,
138,484,Mexico,1107,Asses,1972,3324000,A,,,,
141,496,Mongolia,1107,Asses,1972,,M,,,,
143,504,Morocco,1107,Asses,1972,1100000,A,,,,
144,508,Mozambique,1107,Asses,1972,17996,A,,,,
147,516,Namibia,1107,Asses,1972,59000,E,,,,
157,558,Nicaragua,1107,Asses,1972,8200,E,,,,
158,562,Niger,1107,Asses,1972,1022200,A,,,,
159,566,Nigeria,1107,Asses,1972,760000,E,,,,
221,512,Oman,1107,Asses,1972,25000,E,,,,
165,586,Pakistan,1107,Asses,1972,1901000,A,,,,
169,600,Paraguay,1107,Asses,1972,25500,A,,,,
170,604,Peru,1107,Asses,1972,514000,X,,,,
174,620,Portugal,1107,Asses,1972,181675,A,,,,
177,630,Puerto Rico,1107,Asses,1972,1500,E,,,,
117,410,Republic of Korea,1107,Asses,1972,226,A,,,,
183,642,Romania,1107,Asses,1972,35439,A,,,,
182,638,Réunion,1107,Asses,1972,50,E,,,,
189,662,Saint Lucia,1107,Asses,1972,500,E,,,,
191,670,Saint Vincent and the Grenadines,1107,Asses,1972,1000,E,,,,
244,882,Samoa,1107,Asses,1972,6630,E,,,,
193,678,Sao Tome and Principe,1107,Asses,1972,45,A,,,,
194,682,Saudi Arabia,1107,Asses,1972,99076,A,,,,
195,686,Senegal,1107,Asses,1972,187000,A,,,,
201,706,Somalia,1107,Asses,1972,22000,E,,,,
202,710,South Africa,1107,Asses,1972,215000,A,,,,
203,724,Spain,1107,Asses,1972,327000,A,,,,
206,736,Sudan (former),1107,Asses,1972,650000,E,,,,
207,740,Suriname,1107,Asses,1972,180,E,,,,
211,756,Switzerland,1107,Asses,1972,900,E,,,,
212,760,Syrian Arab Republic,1107,Asses,1972,242336,A,,,,
216,764,Thailand,1107,Asses,1972,181,A,,,,
217,768,Togo,1107,Asses,1972,2019,A,,,,
220,780,Trinidad and Tobago,1107,Asses,1972,2000,E,,,,
222,788,Tunisia,1107,Asses,1972,185000,E,,,,
223,792,Türkiye,1107,Asses,1972,1760000,A,,,,
226,800,Uganda,1107,Asses,1972,17361,A,,,,
215,834,United Republic of Tanzania,1107,Asses,1972,160000,E,,,,
231,840,United States of America,1107,Asses,1972,19000,E,,,,
234,858,Uruguay,1107,Asses,1972,1200,E,,,,
236,862,Venezuela (Bolivarian Republic of),1107,Asses,1972,510000,E,,,,
249,887,Yemen,1107,Asses,1972,720000,A,,,,
251,894,Zambia,1107,Asses,1972,1000,E,,,,
181,716,Zimbabwe,1107,Asses,1972,88000,E,,,,
228,810,USSR,1107,Asses,1973,551000,A,,,,
62,230,Ethiopia PDR,1107,Asses,1973,3869000,A,,,,
248,890,Yugoslav SFR,1107,Asses,1973,34600,X,,,,
2,4,Afghanistan,1107,Asses,1973,1250000,E,,,,
3,8,Albania,1107,Asses,1973,75000,E,,,,
4,12,Algeria,1107,Asses,1973,397800,A,,,,
7,24,Angola,1107,Asses,1973,4700,E,,,,
8,28,Antigua and Barbuda,1107,Asses,1973,2000,E,,,,
9,32,Argentina,1107,Asses,1973,90000,E,,,,
10,36,Australia,1107,Asses,1973,5000,E,,,,
13,48,Bahrain,1107,Asses,1973,,A,,,,
14,52,Barbados,1107,Asses,1973,2000,E,,,,
53,204,Benin,1107,Asses,1973,557,A,,,,
18,64,Bhutan,1107,Asses,1973,15700,E,,,,
19,68,Bolivia (Plurinational State of),1107,Asses,1973,660000,E,,,,
20,72,Botswana,1107,Asses,1973,80000,E,,,,
21,76,Brazil,1107,Asses,1973,1480000,E,,,,
27,100,Bulgaria,1107,Asses,1973,307462,A,,,,
233,854,Burkina Faso,1107,Asses,1973,160000,E,,,,
35,132,Cabo Verde,1107,Asses,1973,8000,E,,,,
32,120,Cameroon,1107,Asses,1973,55000,A,,,,
37,140,Central African Republic,1107,Asses,1973,1000,E,,,,
39,148,Chad,1107,Asses,1973,350000,A,,,,
40,152,Chile,1107,Asses,1973,35000,E,,,,
41,156,"China, mainland",1107,Asses,1973,8353000,A,,,,
44,170,Colombia,1107,Asses,1973,450000,E,,,,
45,174,Comoros,1107,Asses,1973,3100,E,,,,
48,188,Costa Rica,1107,Asses,1973,5000,E,,,,
49,192,Cuba,1107,Asses,1973,5100,A,,,,
50,196,Cyprus,1107,Asses,1973,40000,E,,,,
250,180,Democratic Republic of the Congo,1107,Asses,1973,200,E,,,,
72,262,Djibouti,1107,Asses,1973,4400,E,,,,
56,214,Dominican Republic,1107,Asses,1973,123000,E,,,,
58,218,Ecuador,1107,Asses,1973,184869,A,,,,
59,818,Egypt,1107,Asses,1973,1464000,A,,,,
60,222,El Salvador,1107,Asses,1973,1846,A,,,,
209,748,Eswatini,1107,Asses,1973,16292,A,,,,
68,250,France,1107,Asses,1973,29400,A,,,,
75,270,Gambia,1107,Asses,1973,13000,E,,,,
81,288,Ghana,1107,Asses,1973,25000,E,,,,
84,300,Greece,1107,Asses,1973,325012,A,,,,
86,308,Grenada,1107,Asses,1973,1600,E,,,,
87,312,Guadeloupe,1107,Asses,1973,1300,A,,,,
89,320,Guatemala,1107,Asses,1973,6500,E,,,,
90,324,Guinea,1107,Asses,1973,2650,E,,,,
175,624,Guinea-Bissau,1107,Asses,1973,2000,E,,,,
91,328,Guyana,1107,Asses,1973,1750,A,,,,
93,332,Haiti,1107,Asses,1973,188000,E,,,,
95,340,Honduras,1107,Asses,1973,22800,E,,,,
97,348,Hungary,1107,Asses,1973,3200,E,,,,
100,356,India,1107,Asses,1973,1000000,E,,,,
102,364,Iran (Islamic Republic of),1107,Asses,1973,1961000,A,,,,
103,368,Iraq,1107,Asses,1973,600000,E,,,,
104,372,Ireland,1107,Asses,1973,40000,E,,,,
105,376,Israel,1107,Asses,1973,5800,X,,,,
106,380,Italy,1107,Asses,1973,214100,A,,,,
109,388,Jamaica,1107,Asses,1973,30000,E,,,,
112,400,Jordan,1107,Asses,1973,50300,A,,,,
121,422,Lebanon,1107,Asses,1973,26676,A,,,,
122,426,Lesotho,1107,Asses,1973,99900,A,,,,
124,434,Libya,1107,Asses,1973,73000,A,,,,
129,450,Madagascar,1107,Asses,1973,800,E,,,,
130,454,Malawi,1107,Asses,1973,747,A,,,,
133,466,Mali,1107,Asses,1973,320000,E,,,,
134,470,Malta,1107,Asses,1973,1196,A,,,,
136,478,Mauritania,1107,Asses,1973,170000,E,,,,
137,480,Mauritius,1107,Asses,1973,60,E,,,,
138,484,Mexico,1107,Asses,1973,3358000,A,,,,
141,496,Mongolia,1107,Asses,1973,,M,,,,
143,504,Morocco,1107,Asses,1973,1100000,A,,,,
144,508,Mozambique,1107,Asses,1973,18408,A,,,,
147,516,Namibia,1107,Asses,1973,60000,E,,,,
157,558,Nicaragua,1107,Asses,1973,8000,E,,,,
158,562,Niger,1107,Asses,1973,861961,A,,,,
159,566,Nigeria,1107,Asses,1973,720000,E,,,,
221,512,Oman,1107,Asses,1973,25000,E,,,,
165,586,Pakistan,1107,Asses,1973,1962000,A,,,,
169,600,Paraguay,1107,Asses,1973,26000,E,,,,
170,604,Peru,1107,Asses,1973,476000,X,,,,
174,620,Portugal,1107,Asses,1973,181901,A,,,,
177,630,Puerto Rico,1107,Asses,1973,1500,E,,,,
117,410,Republic of Korea,1107,Asses,1973,128,A,,,,
183,642,Romania,1107,Asses,1973,36336,A,,,,
182,638,Réunion,1107,Asses,1973,30,E,,,,
189,662,Saint Lucia,1107,Asses,1973,500,E,,,,
191,670,Saint Vincent and the Grenadines,1107,Asses,1973,1000,E,,,,
244,882,Samoa,1107,Asses,1973,6750,E,,,,
193,678,Sao Tome and Principe,1107,Asses,1973,38,A,,,,
194,682,Saudi Arabia,1107,Asses,1973,111007,A,,,,
195,686,Senegal,1107,Asses,1973,186000,A,,,,
201,706,Somalia,1107,Asses,1973,22000,E,,,,
202,710,South Africa,1107,Asses,1973,213000,A,,,,
203,724,Spain,1107,Asses,1973,313963,A,,,,
206,736,Sudan (former),1107,Asses,1973,660000,E,,,,
207,740,Suriname,1107,Asses,1973,160,E,,,,
211,756,Switzerland,1107,Asses,1973,1080,A,,,,
212,760,Syrian Arab Republic,1107,Asses,1973,248193,A,,,,
216,764,Thailand,1107,Asses,1973,200,E,,,,
217,768,Togo,1107,Asses,1973,883,A,,,,
220,780,Trinidad and Tobago,1107,Asses,1973,2000,E,,,,
222,788,Tunisia,1107,Asses,1973,187000,E,,,,
223,792,Türkiye,1107,Asses,1973,1701000,A,,,,
226,800,Uganda,1107,Asses,1973,16000,E,,,,
215,834,United Republic of Tanzania,1107,Asses,1973,160000,E,,,,
231,840,United States of America,1107,Asses,1973,20000,E,,,,
234,858,Uruguay,1107,Asses,1973,1200,E,,,,
236,862,Venezuela (Bolivarian Republic of),1107,Asses,1973,510000,E,,,,
249,887,Yemen,1107,Asses,1973,730000,A,,,,
251,894,Zambia,1107,Asses,1973,1000,E,,,,
181,716,Zimbabwe,1107,Asses,1973,89000,E,,,,
62,230,Ethiopia PDR,1107,Asses,1974,3850000,A,,,,
228,810,USSR,1107,Asses,1974,525000,A,,,,
248,890,Yugoslav SFR,1107,Asses,1974,34000,X,,,,
2,4,Afghanistan,1107,Asses,1974,1250000,E,,,,
3,8,Albania,1107,Asses,1974,75000,E,,,,
4,12,Algeria,1107,Asses,1974,415180,A,,,,
7,24,Angola,1107,Asses,1974,4900,E,,,,
8,28,Antigua and Barbuda,1107,Asses,1974,2000,E,,,,
9,32,Argentina,1107,Asses,1974,85198,A,,,,
10,36,Australia,1107,Asses,1974,5000,E,,,,
13,48,Bahrain,1107,Asses,1974,,A,,,,
14,52,Barbados,1107,Asses,1974,2000,E,,,,
53,204,Benin,1107,Asses,1974,552,A,,,,
18,64,Bhutan,1107,Asses,1974,16000,E,,,,
19,68,Bolivia (Plurinational State of),1107,Asses,1974,680000,E,,,,
20,72,Botswana,1107,Asses,1974,85000,E,,,,
21,76,Brazil,1107,Asses,1974,1568000,A,,,,
27,100,Bulgaria,1107,Asses,1974,311576,A,,,,
233,854,Burkina Faso,1107,Asses,1974,170000,E,,,,
35,132,Cabo Verde,1107,Asses,1974,7000,E,,,,
32,120,Cameroon,1107,Asses,1974,50000,E,,,,
37,140,Central African Republic,1107,Asses,1974,,A,,,,
39,148,Chad,1107,Asses,1974,330000,E,,,,
40,152,Chile,1107,Asses,1974,35000,E,,,,
41,156,"China, mainland",1107,Asses,1974,8350000,A,,,,
44,170,Colombia,1107,Asses,1974,526154,A,,,,
45,174,Comoros,1107,Asses,1974,3100,E,,,,
48,188,Costa Rica,1107,Asses,1974,5200,E,,,,
49,192,Cuba,1107,Asses,1974,4500,A,,,,
50,196,Cyprus,1107,Asses,1974,20000,E,,,,
250,180,Democratic Republic of the Congo,1107,Asses,1974,200,E,,,,
72,262,Djibouti,1107,Asses,1974,4600,E,,,,
56,214,Dominican Republic,1107,Asses,1974,121000,E,,,,
58,218,Ecuador,1107,Asses,1974,186000,E,,,,
59,818,Egypt,1107,Asses,1974,1499000,A,,,,
60,222,El Salvador,1107,Asses,1974,1846,A,,,,
209,748,Eswatini,1107,Asses,1974,15030,A,,,,
68,250,France,1107,Asses,1974,32000,A,,,,
75,270,Gambia,1107,Asses,1974,14500,E,,,,
81,288,Ghana,1107,Asses,1974,25000,E,,,,
84,300,Greece,1107,Asses,1974,311561,A,,,,
86,308,Grenada,1107,Asses,1974,1500,E,,,,
87,312,Guadeloupe,1107,Asses,1974,1300,A,,,,
89,320,Guatemala,1107,Asses,1974,7000,E,,,,
90,324,Guinea,1107,Asses,1974,2800,E,,,,
175,624,Guinea-Bissau,1107,Asses,1974,2000,E,,,,
91,328,Guyana,1107,Asses,1974,1270,A,,,,
93,332,Haiti,1107,Asses,1974,192000,E,,,,
95,340,Honduras,1107,Asses,1974,22479,A,,,,
97,348,Hungary,1107,Asses,1974,3200,E,,,,
100,356,India,1107,Asses,1974,1000000,E,,,,
102,364,Iran (Islamic Republic of),1107,Asses,1974,2142000,A,,,,
103,368,Iraq,1107,Asses,1974,606709,A,,,,
104,372,Ireland,1107,Asses,1974,38000,E,,,,
105,376,Israel,1107,Asses,1974,5600,X,,,,
106,380,Italy,1107,Asses,1974,204600,A,,,,
109,388,Jamaica,1107,Asses,1974,30000,E,,,,
112,400,Jordan,1107,Asses,1974,36723,A,,,,
121,422,Lebanon,1107,Asses,1974,25000,E,,,,
122,426,Lesotho,1107,Asses,1974,104100,A,,,,
124,434,Libya,1107,Asses,1974,55750,A,,,,
129,450,Madagascar,1107,Asses,1974,600,E,,,,
130,454,Malawi,1107,Asses,1974,735,A,,,,
133,466,Mali,1107,Asses,1974,340000,E,,,,
134,470,Malta,1107,Asses,1974,1100,E,,,,
136,478,Mauritania,1107,Asses,1974,150000,X,,,,
137,480,Mauritius,1107,Asses,1974,60,E,,,,
138,484,Mexico,1107,Asses,1974,3266000,A,,,,
141,496,Mongolia,1107,Asses,1974,,M,,,,
143,504,Morocco,1107,Asses,1974,1200000,A,,,,
144,508,Mozambique,1107,Asses,1974,20000,A,,,,
147,516,Namibia,1107,Asses,1974,61000,E,,,,
157,558,Nicaragua,1107,Asses,1974,7800,E,,,,
158,562,Niger,1107,Asses,1974,975232,A,,,,
159,566,Nigeria,1107,Asses,1974,710000,E,,,,
221,512,Oman,1107,Asses,1974,25000,E,,,,
165,586,Pakistan,1107,Asses,1974,2025000,A,,,,
169,600,Paraguay,1107,Asses,1974,26500,E,,,,
170,604,Peru,1107,Asses,1974,478000,X,,,,
174,620,Portugal,1107,Asses,1974,182000,E,,,,
177,630,Puerto Rico,1107,Asses,1974,1600,E,,,,
117,410,Republic of Korea,1107,Asses,1974,162,A,,,,
183,642,Romania,1107,Asses,1974,36800,E,,,,
182,638,Réunion,1107,Asses,1974,20,A,,,,
189,662,Saint Lucia,1107,Asses,1974,500,E,,,,
191,670,Saint Vincent and the Grenadines,1107,Asses,1974,1000,E,,,,
244,882,Samoa,1107,Asses,1974,6850,E,,,,
193,678,Sao Tome and Principe,1107,Asses,1974,25,A,,,,
194,682,Saudi Arabia,1107,Asses,1974,108000,E,,,,
195,686,Senegal,1107,Asses,1974,191000,A,,,,
201,706,Somalia,1107,Asses,1974,20000,E,,,,
202,710,South Africa,1107,Asses,1974,210000,A,,,,
203,724,Spain,1107,Asses,1974,279788,A,,,,
206,736,Sudan (former),1107,Asses,1974,664000,E,,,,
207,740,Suriname,1107,Asses,1974,140,E,,,,
211,756,Switzerland,1107,Asses,1974,1100,E,,,,
212,760,Syrian Arab Republic,1107,Asses,1974,241956,A,,,,
216,764,Thailand,1107,Asses,1974,305,A,,,,
217,768,Togo,1107,Asses,1974,1400,A,,,,
220,780,Trinidad and Tobago,1107,Asses,1974,2000,E,,,,
222,788,Tunisia,1107,Asses,1974,189000,E,,,,
223,792,Türkiye,1107,Asses,1974,1616000,A,,,,
226,800,Uganda,1107,Asses,1974,16000,E,,,,
215,834,United Republic of Tanzania,1107,Asses,1974,160000,E,,,,
231,840,United States of America,1107,Asses,1974,20000,E,,,,
234,858,Uruguay,1107,Asses,1974,1200,E,,,,
236,862,Venezuela (Bolivarian Republic of),1107,Asses,1974,500000,E,,,,
249,887,Yemen,1107,Asses,1974,740000,A,,,,
251,894,Zambia,1107,Asses,1974,1000,E,,,,
181,716,Zimbabwe,1107,Asses,1974,90000,E,,,,
248,890,Yugoslav SFR,1107,Asses,1975,33400,X,,,,
228,810,USSR,1107,Asses,1975,501000,A,,,,
62,230,Ethiopia PDR,1107,Asses,1975,3840000,A,,,,
2,4,Afghanistan,1107,Asses,1975,1250000,E,,,,
3,8,Albania,1107,Asses,1975,78000,E,,,,
4,12,Algeria,1107,Asses,1975,428850,A,,,,
7,24,Angola,1107,Asses,1975,5000,E,,,,
8,28,Antigua and Barbuda,1107,Asses,1975,1900,E,,,,
9,32,Argentina,1107,Asses,1975,88000,E,,,,
10,36,Australia,1107,Asses,1975,5000,E,,,,
13,48,Bahrain,1107,Asses,1975,,A,,,,
14,52,Barbados,1107,Asses,1975,2000,E,,,,
53,204,Benin,1107,Asses,1975,500,A,,,,
18,64,Bhutan,1107,Asses,1975,16200,E,,,,
19,68,Bolivia (Plurinational State of),1107,Asses,1975,700000,E,,,,
20,72,Botswana,1107,Asses,1975,95000,E,,,,
21,76,Brazil,1107,Asses,1975,1691000,A,,,,
27,100,Bulgaria,1107,Asses,1975,317077,A,,,,
233,854,Burkina Faso,1107,Asses,1975,180000,E,,,,
35,132,Cabo Verde,1107,Asses,1975,6000,E,,,,
32,120,Cameroon,1107,Asses,1975,45000,E,,,,
37,140,Central African Republic,1107,Asses,1975,,A,,,,
39,148,Chad,1107,Asses,1975,314000,A,,,,
40,152,Chile,1107,Asses,1975,34000,E,,,,
41,156,"China, mainland",1107,Asses,1975,8233000,A,,,,
44,170,Colombia,1107,Asses,1975,542991,A,,,,
45,174,Comoros,1107,Asses,1975,3100,E,,,,
48,188,Costa Rica,1107,Asses,1975,5400,E,,,,
49,192,Cuba,1107,Asses,1975,4400,A,,,,
50,196,Cyprus,1107,Asses,1975,19000,E,,,,
250,180,Democratic Republic of the Congo,1107,Asses,1975,200,E,,,,
72,262,Djibouti,1107,Asses,1975,4800,E,,,,
56,214,Dominican Republic,1107,Asses,1975,119000,E,,,,
58,218,Ecuador,1107,Asses,1975,188000,E,,,,
59,818,Egypt,1107,Asses,1975,1533000,A,,,,
60,222,El Salvador,1107,Asses,1975,1850,E,,,,
209,748,Eswatini,1107,Asses,1975,14993,A,,,,
68,250,France,1107,Asses,1975,24670,A,,,,
75,270,Gambia,1107,Asses,1975,16000,E,,,,
81,288,Ghana,1107,Asses,1975,25000,E,,,,
84,300,Greece,1107,Asses,1975,296437,A,,,,
86,308,Grenada,1107,Asses,1975,1430,A,,,,
87,312,Guadeloupe,1107,Asses,1975,800,A,,,,
89,320,Guatemala,1107,Asses,1975,8284,A,,,,
90,324,Guinea,1107,Asses,1975,2800,E,,,,
175,624,Guinea-Bissau,1107,Asses,1975,2000,E,,,,
91,328,Guyana,1107,Asses,1975,1250,E,,,,
93,332,Haiti,1107,Asses,1975,196000,E,,,,
95,340,Honduras,1107,Asses,1975,22200,E,,,,
97,348,Hungary,1107,Asses,1975,3200,E,,,,
100,356,India,1107,Asses,1975,1000000,E,,,,
102,364,Iran (Islamic Republic of),1107,Asses,1975,2159000,A,,,,
103,368,Iraq,1107,Asses,1975,550000,E,,,,
104,372,Ireland,1107,Asses,1975,35682,X,,,,
105,376,Israel,1107,Asses,1975,5300,X,,,,
106,380,Italy,1107,Asses,1975,184200,A,,,,
109,388,Jamaica,1107,Asses,1975,28000,E,,,,
112,400,Jordan,1107,Asses,1975,38057,A,,,,
121,422,Lebanon,1107,Asses,1975,20000,E,,,,
122,426,Lesotho,1107,Asses,1975,92700,A,,,,
124,434,Libya,1107,Asses,1975,55955,A,,,,
129,450,Madagascar,1107,Asses,1975,500,E,,,,
130,454,Malawi,1107,Asses,1975,770,A,,,,
133,466,Mali,1107,Asses,1975,360000,E,,,,
134,470,Malta,1107,Asses,1975,1027,A,,,,
136,478,Mauritania,1107,Asses,1975,160000,E,,,,
137,480,Mauritius,1107,Asses,1975,60,E,,,,
138,484,Mexico,1107,Asses,1975,3279000,A,,,,
141,496,Mongolia,1107,Asses,1975,,M,,,,
143,504,Morocco,1107,Asses,1975,1200000,E,,,,
144,508,Mozambique,1107,Asses,1975,20000,A,,,,
147,516,Namibia,1107,Asses,1975,62000,E,,,,
157,558,Nicaragua,1107,Asses,1975,6726,X,,,,
158,562,Niger,1107,Asses,1975,1007560,A,,,,
159,566,Nigeria,1107,Asses,1975,720000,E,,,,
221,512,Oman,1107,Asses,1975,25000,E,,,,
165,586,Pakistan,1107,Asses,1975,2090000,A,,,,
169,600,Paraguay,1107,Asses,1975,27000,X,,,,
170,604,Peru,1107,Asses,1975,477000,X,,,,
174,620,Portugal,1107,Asses,1975,181700,E,,,,
177,630,Puerto Rico,1107,Asses,1975,1600,E,,,,
117,410,Republic of Korea,1107,Asses,1975,211,A,,,,
183,642,Romania,1107,Asses,1975,37300,E,,,,
182,638,Réunion,1107,Asses,1975,20,A,,,,
189,662,Saint Lucia,1107,Asses,1975,500,E,,,,
191,670,Saint Vincent and the Grenadines,1107,Asses,1975,1000,E,,,,
244,882,Samoa,1107,Asses,1975,7000,X,,,,
193,678,Sao Tome and Principe,1107,Asses,1975,22,E,,,,
194,682,Saudi Arabia,1107,Asses,1975,106000,E,,,,
195,686,Senegal,1107,Asses,1975,196000,A,,,,
201,706,Somalia,1107,Asses,1975,21000,E,,,,
202,710,South Africa,1107,Asses,1975,210000,A,,,,
203,724,Spain,1107,Asses,1975,277721,A,,,,
206,736,Sudan (former),1107,Asses,1975,668000,E,,,,
207,740,Suriname,1107,Asses,1975,120,E,,,,
211,756,Switzerland,1107,Asses,1975,1100,E,,,,
212,760,Syrian Arab Republic,1107,Asses,1975,232647,A,,,,
216,764,Thailand,1107,Asses,1975,280,A,,,,
217,768,Togo,1107,Asses,1975,1600,A,,,,
220,780,Trinidad and Tobago,1107,Asses,1975,2000,E,,,,
222,788,Tunisia,1107,Asses,1975,193000,E,,,,
223,792,Türkiye,1107,Asses,1975,1522000,A,,,,
226,800,Uganda,1107,Asses,1975,16000,E,,,,
215,834,United Republic of Tanzania,1107,Asses,1975,160000,E,,,,
231,840,United States of America,1107,Asses,1975,20000,E,,,,
234,858,Uruguay,1107,Asses,1975,1200,E,,,,
236,862,Venezuela (Bolivarian Republic of),1107,Asses,1975,480000,E,,,,
249,887,Yemen,1107,Asses,1975,790000,A,,,,
251,894,Zambia,1107,Asses,1975,1000,E,,,,
181,716,Zimbabwe,1107,Asses,1975,91000,E,,,,
62,230,Ethiopia PDR,1107,Asses,1976,3860000,A,,,,
228,810,USSR,1107,Asses,1976,464000,A,,,,
248,890,Yugoslav SFR,1107,Asses,1976,32000,X,,,,
2,4,Afghanistan,1107,Asses,1976,1250000,E,,,,
3,8,Albania,1107,Asses,1976,78000,E,,,,
4,12,Algeria,1107,Asses,1976,463260,A,,,,
7,24,Angola,1107,Asses,1976,5000,E,,,,
8,28,Antigua and Barbuda,1107,Asses,1976,1900,E,,,,
9,32,Argentina,1107,Asses,1976,90000,E,,,,
10,36,Australia,1107,Asses,1976,5000,E,,,,
13,48,Bahrain,1107,Asses,1976,,A,,,,
14,52,Barbados,1107,Asses,1976,2000,E,,,,
53,204,Benin,1107,Asses,1976,600,A,,,,
18,64,Bhutan,1107,Asses,1976,16500,E,,,,
19,68,Bolivia (Plurinational State of),1107,Asses,1976,720000,E,,,,
20,72,Botswana,1107,Asses,1976,105000,E,,,,
21,76,Brazil,1107,Asses,1976,1464000,A,,,,
27,100,Bulgaria,1107,Asses,1976,325816,A,,,,
233,854,Burkina Faso,1107,Asses,1976,200000,A,,,,
35,132,Cabo Verde,1107,Asses,1976,6000,E,,,,
32,120,Cameroon,1107,Asses,1976,40000,E,,,,
37,140,Central African Republic,1107,Asses,1976,,A,,,,
39,148,Chad,1107,Asses,1976,271000,A,,,,
40,152,Chile,1107,Asses,1976,33000,E,,,,
41,156,"China, mainland",1107,Asses,1976,8127000,A,,,,
44,170,Colombia,1107,Asses,1976,560367,A,,,,
45,174,Comoros,1107,Asses,1976,3200,E,,,,
48,188,Costa Rica,1107,Asses,1976,5600,E,,,,
49,192,Cuba,1107,Asses,1976,4300,A,,,,
50,196,Cyprus,1107,Asses,1976,18000,E,,,,
250,180,Democratic Republic of the Congo,1107,Asses,1976,,A,,,,
72,262,Djibouti,1107,Asses,1976,5000,E,,,,
56,214,Dominican Republic,1107,Asses,1976,119000,E,,,,
58,218,Ecuador,1107,Asses,1976,189000,E,,,,
59,818,Egypt,1107,Asses,1976,1568000,A,,,,
60,222,El Salvador,1107,Asses,1976,1860,E,,,,
209,748,Eswatini,1107,Asses,1976,14017,A,,,,
68,250,France,1107,Asses,1976,24700,A,,,,
75,270,Gambia,1107,Asses,1976,17500,E,,,,
81,288,Ghana,1107,Asses,1976,25000,E,,,,
84,300,Greece,1107,Asses,1976,289714,A,,,,
86,308,Grenada,1107,Asses,1976,1400,E,,,,
87,312,Guadeloupe,1107,Asses,1976,600,A,,,,
89,320,Guatemala,1107,Asses,1976,8226,A,,,,
90,324,Guinea,1107,Asses,1976,2800,E,,,,
175,624,Guinea-Bissau,1107,Asses,1976,2000,E,,,,
91,328,Guyana,1107,Asses,1976,1200,E,,,,
93,332,Haiti,1107,Asses,1976,200000,E,,,,
95,340,Honduras,1107,Asses,1976,22000,E,,,,
97,348,Hungary,1107,Asses,1976,3200,E,,,,
100,356,India,1107,Asses,1976,1000000,E,,,,
102,364,Iran (Islamic Republic of),1107,Asses,1976,2160000,E,,,,
103,368,Iraq,1107,Asses,1976,459244,A,,,,
104,372,Ireland,1107,Asses,1976,34000,X,,,,
105,376,Israel,1107,Asses,1976,5100,X,,,,
106,380,Italy,1107,Asses,1976,168000,A,,,,
109,388,Jamaica,1107,Asses,1976,28000,E,,,,
112,400,Jordan,1107,Asses,1976,32000,E,,,,
121,422,Lebanon,1107,Asses,1976,15000,E,,,,
122,426,Lesotho,1107,Asses,1976,89400,A,,,,
124,434,Libya,1107,Asses,1976,56794,A,,,,
129,450,Madagascar,1107,Asses,1976,400,E,,,,
130,454,Malawi,1107,Asses,1976,885,A,,,,
133,466,Mali,1107,Asses,1976,380000,E,,,,
134,470,Malta,1107,Asses,1976,930,E,,,,
136,478,Mauritania,1107,Asses,1976,170000,X,,,,
137,480,Mauritius,1107,Asses,1976,60,E,,,,
138,484,Mexico,1107,Asses,1976,3317941,A,,,,
141,496,Mongolia,1107,Asses,1976,,M,,,,
143,504,Morocco,1107,Asses,1976,1200000,E,,,,
144,508,Mozambique,1107,Asses,1976,20000,E,,,,
147,516,Namibia,1107,Asses,1976,63000,E,,,,
157,558,Nicaragua,1107,Asses,1976,7000,E,,,,
158,562,Niger,1107,Asses,1976,1083810,A,,,,
159,566,Nigeria,1107,Asses,1976,700000,E,,,,
221,512,Oman,1107,Asses,1976,25000,E,,,,
165,586,Pakistan,1107,Asses,1976,2157000,A,,,,
169,600,Paraguay,1107,Asses,1976,28000,X,,,,
170,604,Peru,1107,Asses,1976,479000,X,,,,
174,620,Portugal,1107,Asses,1976,180000,E,,,,
177,630,Puerto Rico,1107,Asses,1976,1650,E,,,,
117,410,Republic of Korea,1107,Asses,1976,101,A,,,,
183,642,Romania,1107,Asses,1976,37800,E,,,,
182,638,Réunion,1107,Asses,1976,20,A,,,,
189,662,Saint Lucia,1107,Asses,1976,500,E,,,,
191,670,Saint Vincent and the Grenadines,1107,Asses,1976,1000,E,,,,
244,882,Samoa,1107,Asses,1976,7000,X,,,,
193,678,Sao Tome and Principe,1107,Asses,1976,22,E,,,,
194,682,Saudi Arabia,1107,Asses,1976,105000,E,,,,
195,686,Senegal,1107,Asses,1976,204000,A,,,,
201,706,Somalia,1107,Asses,1976,22000,E,,,,
202,710,South Africa,1107,Asses,1976,210000,A,,,,
203,724,Spain,1107,Asses,1976,273985,A,,,,
206,736,Sudan (former),1107,Asses,1976,670000,E,,,,
207,740,Suriname,1107,Asses,1976,100,E,,,,
211,756,Switzerland,1107,Asses,1976,1200,A,,,,
212,760,Syrian Arab Republic,1107,Asses,1976,233798,A,,,,
216,764,Thailand,1107,Asses,1976,255,A,,,,
217,768,Togo,1107,Asses,1976,1012,A,,,,
220,780,Trinidad and Tobago,1107,Asses,1976,2000,E,,,,
222,788,Tunisia,1107,Asses,1976,195000,E,,,,
223,792,Türkiye,1107,Asses,1976,1476000,A,,,,
226,800,Uganda,1107,Asses,1976,16000,E,,,,
215,834,United Republic of Tanzania,1107,Asses,1976,160000,E,,,,
231,840,United States of America,1107,Asses,1976,20000,E,,,,
234,858,Uruguay,1107,Asses,1976,1200,E,,,,
236,862,Venezuela (Bolivarian Republic of),1107,Asses,1976,480000,E,,,,
249,887,Yemen,1107,Asses,1976,790000,A,,,,
251,894,Zambia,1107,Asses,1976,1000,E,,,,
181,716,Zimbabwe,1107,Asses,1976,92000,E,,,,
228,810,USSR,1107,Asses,1977,444000,A,,,,
248,890,Yugoslav SFR,1107,Asses,1977,27200,X,,,,
62,230,Ethiopia PDR,1107,Asses,1977,3865000,E,,,,
2,4,Afghanistan,1107,Asses,1977,1300000,A,,,,
3,8,Albania,1107,Asses,1977,78000,E,,,,
4,12,Algeria,1107,Asses,1977,485550,A,,,,
7,24,Angola,1107,Asses,1977,5000,E,,,,
8,28,Antigua and Barbuda,1107,Asses,1977,1900,E,,,,
9,32,Argentina,1107,Asses,1977,90000,E,,,,
10,36,Australia,1107,Asses,1977,5000,E,,,,
13,48,Bahrain,1107,Asses,1977,,A,,,,
14,52,Barbados,1107,Asses,1977,2000,E,,,,
53,204,Benin,1107,Asses,1977,500,A,,,,
18,64,Bhutan,1107,Asses,1977,16800,E,,,,
19,68,Bolivia (Plurinational State of),1107,Asses,1977,740000,E,,,,
20,72,Botswana,1107,Asses,1977,115000,E,,,,
21,76,Brazil,1107,Asses,1977,1423000,A,,,,
27,100,Bulgaria,1107,Asses,1977,319702,A,,,,
233,854,Burkina Faso,1107,Asses,1977,200000,A,,,,
35,132,Cabo Verde,1107,Asses,1977,6000,E,,,,
32,120,Cameroon,1107,Asses,1977,35000,E,,,,
37,140,Central African Republic,1107,Asses,1977,,A,,,,
39,148,Chad,1107,Asses,1977,270000,E,,,,
40,152,Chile,1107,Asses,1977,32000,E,,,,
41,156,"China, mainland",1107,Asses,1977,7766000,A,,,,
44,170,Colombia,1107,Asses,1977,578299,A,,,,
45,174,Comoros,1107,Asses,1977,3200,E,,,,
48,188,Costa Rica,1107,Asses,1977,5800,E,,,,
49,192,Cuba,1107,Asses,1977,4100,A,,,,
50,196,Cyprus,1107,Asses,1977,17000,E,,,,
250,180,Democratic Republic of the Congo,1107,Asses,1977,,A,,,,
72,262,Djibouti,1107,Asses,1977,5500,E,,,,
56,214,Dominican Republic,1107,Asses,1977,119000,E,,,,
58,218,Ecuador,1107,Asses,1977,194800,A,,,,
59,818,Egypt,1107,Asses,1977,1603000,A,,,,
60,222,El Salvador,1107,Asses,1977,1870,E,,,,
209,748,Eswatini,1107,Asses,1977,13155,A,,,,
68,250,France,1107,Asses,1977,23900,A,,,,
75,270,Gambia,1107,Asses,1977,19000,E,,,,
81,288,Ghana,1107,Asses,1977,25000,E,,,,
84,300,Greece,1107,Asses,1977,279305,A,,,,
86,308,Grenada,1107,Asses,1977,1400,E,,,,
87,312,Guadeloupe,1107,Asses,1977,600,A,,,,
89,320,Guatemala,1107,Asses,1977,8169,A,,,,
90,324,Guinea,1107,Asses,1977,2800,E,,,,
175,624,Guinea-Bissau,1107,Asses,1977,2500,E,,,,
91,328,Guyana,1107,Asses,1977,1200,E,,,,
93,332,Haiti,1107,Asses,1977,200000,E,,,,
95,340,Honduras,1107,Asses,1977,21800,E,,,,
97,348,Hungary,1107,Asses,1977,3200,E,,,,
100,356,India,1107,Asses,1977,978000,A,,,,
102,364,Iran (Islamic Republic of),1107,Asses,1977,2170000,E,,,,
103,368,Iraq,1107,Asses,1977,450000,E,,,,
104,372,Ireland,1107,Asses,1977,33000,X,,,,
105,376,Israel,1107,Asses,1977,5000,X,,,,
106,380,Italy,1107,Asses,1977,163100,A,,,,
109,388,Jamaica,1107,Asses,1977,27000,E,,,,
112,400,Jordan,1107,Asses,1977,27286,A,,,,
121,422,Lebanon,1107,Asses,1977,10000,E,,,,
122,426,Lesotho,1107,Asses,1977,86014,A,,,,
124,434,Libya,1107,Asses,1977,57000,E,,,,
129,450,Madagascar,1107,Asses,1977,305,A,,,,
130,454,Malawi,1107,Asses,1977,881,A,,,,
133,466,Mali,1107,Asses,1977,400000,E,,,,
134,470,Malta,1107,Asses,1977,844,A,,,,
136,478,Mauritania,1107,Asses,1977,160000,E,,,,
137,480,Mauritius,1107,Asses,1977,60,E,,,,
138,484,Mexico,1107,Asses,1977,3281526,A,,,,
141,496,Mongolia,1107,Asses,1977,,M,,,,
143,504,Morocco,1107,Asses,1977,1200000,E,,,,
144,508,Mozambique,1107,Asses,1977,20000,E,,,,
147,516,Namibia,1107,Asses,1977,64000,E,,,,
157,558,Nicaragua,1107,Asses,1977,7000,E,,,,
158,562,Niger,1107,Asses,1977,1229400,A,,,,
159,566,Nigeria,1107,Asses,1977,700000,E,,,,
221,512,Oman,1107,Asses,1977,25000,E,,,,
165,586,Pakistan,1107,Asses,1977,2226000,A,,,,
169,600,Paraguay,1107,Asses,1977,28000,X,,,,
170,604,Peru,1107,Asses,1977,483000,X,,,,
174,620,Portugal,1107,Asses,1977,183000,A,,,,
177,630,Puerto Rico,1107,Asses,1977,1650,E,,,,
117,410,Republic of Korea,1107,Asses,1977,247,A,,,,
183,642,Romania,1107,Asses,1977,37000,E,,,,
182,638,Réunion,1107,Asses,1977,20,A,,,,
189,662,Saint Lucia,1107,Asses,1977,500,E,,,,
191,670,Saint Vincent and the Grenadines,1107,Asses,1977,1000,E,,,,
244,882,Samoa,1107,Asses,1977,7000,X,,,,
193,678,Sao Tome and Principe,1107,Asses,1977,22,E,,,,
194,682,Saudi Arabia,1107,Asses,1977,104000,E,,,,
195,686,Senegal,1107,Asses,1977,210000,A,,,,
201,706,Somalia,1107,Asses,1977,22000,E,,,,
202,710,South Africa,1107,Asses,1977,210000,A,,,,
203,724,Spain,1107,Asses,1977,242000,A,,,,
206,736,Sudan (former),1107,Asses,1977,675000,E,,,,
207,740,Suriname,1107,Asses,1977,100,E,,,,
211,756,Switzerland,1107,Asses,1977,1400,A,,,,
212,760,Syrian Arab Republic,1107,Asses,1977,234911,A,,,,
216,764,Thailand,1107,Asses,1977,240,A,,,,
217,768,Togo,1107,Asses,1977,1118,A,,,,
220,780,Trinidad and Tobago,1107,Asses,1977,2000,E,,,,
222,788,Tunisia,1107,Asses,1977,198200,E,,,,
223,792,Türkiye,1107,Asses,1977,1465000,A,,,,
226,800,Uganda,1107,Asses,1977,16000,E,,,,
215,834,United Republic of Tanzania,1107,Asses,1977,160000,E,,,,
231,840,United States of America,1107,Asses,1977,21000,E,,,,
234,858,Uruguay,1107,Asses,1977,1200,E,,,,
236,862,Venezuela (Bolivarian Republic of),1107,Asses,1977,470000,E,,,,
249,887,Yemen,1107,Asses,1977,748000,A,,,,
251,894,Zambia,1107,Asses,1977,1000,E,,,,
181,716,Zimbabwe,1107,Asses,1977,93000,E,,,,
248,890,Yugoslav SFR,1107,Asses,1978,27000,X,,,,
228,810,USSR,1107,Asses,1978,418000,A,,,,
62,230,Ethiopia PDR,1107,Asses,1978,3870000,E,,,,
2,4,Afghanistan,1107,Asses,1978,1300000,X,,,,
3,8,Albania,1107,Asses,1978,78000,E,,,,
4,12,Algeria,1107,Asses,1978,495290,A,,,,
7,24,Angola,1107,Asses,1978,5000,E,,,,
8,28,Antigua and Barbuda,1107,Asses,1978,1800,E,,,,
9,32,Argentina,1107,Asses,1978,90000,E,,,,
10,36,Australia,1107,Asses,1978,5000,E,,,,
13,48,Bahrain,1107,Asses,1978,,A,,,,
14,52,Barbados,1107,Asses,1978,2000,E,,,,
53,204,Benin,1107,Asses,1978,500,E,,,,
18,64,Bhutan,1107,Asses,1978,17000,E,,,,
19,68,Bolivia (Plurinational State of),1107,Asses,1978,720000,E,,,,
20,72,Botswana,1107,Asses,1978,123000,E,,,,
21,76,Brazil,1107,Asses,1978,1363000,A,,,,
27,100,Bulgaria,1107,Asses,1978,330011,A,,,,
233,854,Burkina Faso,1107,Asses,1978,200000,A,,,,
35,132,Cabo Verde,1107,Asses,1978,6000,E,,,,
32,120,Cameroon,1107,Asses,1978,31435,X,,,,
37,140,Central African Republic,1107,Asses,1978,,A,,,,
39,148,Chad,1107,Asses,1978,250000,E,,,,
40,152,Chile,1107,Asses,1978,30000,E,,,,
41,156,"China, mainland",1107,Asses,1978,7630000,A,,,,
44,170,Colombia,1107,Asses,1978,596800,A,,,,
45,174,Comoros,1107,Asses,1978,3300,E,,,,
48,188,Costa Rica,1107,Asses,1978,6000,E,,,,
49,192,Cuba,1107,Asses,1978,3900,A,,,,
50,196,Cyprus,1107,Asses,1978,16000,E,,,,
250,180,Democratic Republic of the Congo,1107,Asses,1978,,A,,,,
72,262,Djibouti,1107,Asses,1978,6500,A,,,,
56,214,Dominican Republic,1107,Asses,1978,119000,E,,,,
58,218,Ecuador,1107,Asses,1978,196300,A,,,,
59,818,Egypt,1107,Asses,1978,1637038,A,,,,
60,222,El Salvador,1107,Asses,1978,1880,E,,,,
209,748,Eswatini,1107,Asses,1978,13527,A,,,,
68,250,France,1107,Asses,1978,21100,A,,,,
75,270,Gambia,1107,Asses,1978,21000,E,,,,
81,288,Ghana,1107,Asses,1978,25000,E,,,,
84,300,Greece,1107,Asses,1978,266760,A,,,,
86,308,Grenada,1107,Asses,1978,1430,A,,,,
87,312,Guadeloupe,1107,Asses,1978,600,E,,,,
89,320,Guatemala,1107,Asses,1978,8200,E,,,,
90,324,Guinea,1107,Asses,1978,2800,E,,,,
175,624,Guinea-Bissau,1107,Asses,1978,2800,E,,,,
91,328,Guyana,1107,Asses,1978,1100,E,,,,
93,332,Haiti,1107,Asses,1978,202000,E,,,,
95,340,Honduras,1107,Asses,1978,21500,E,,,,
97,348,Hungary,1107,Asses,1978,3500,E,,,,
100,356,India,1107,Asses,1978,1000000,E,,,,
102,364,Iran (Islamic Republic of),1107,Asses,1978,2180000,E,,,,
103,368,Iraq,1107,Asses,1978,450000,E,,,,
104,372,Ireland,1107,Asses,1978,30000,X,,,,
105,376,Israel,1107,Asses,1978,4900,X,,,,
106,380,Italy,1107,Asses,1978,151360,A,,,,
109,388,Jamaica,1107,Asses,1978,26000,E,,,,
112,400,Jordan,1107,Asses,1978,27300,E,,,,
121,422,Lebanon,1107,Asses,1978,10000,E,,,,
122,426,Lesotho,1107,Asses,1978,87867,A,,,,
124,434,Libya,1107,Asses,1978,58000,E,,,,
129,450,Madagascar,1107,Asses,1978,317,A,,,,
130,454,Malawi,1107,Asses,1978,926,A,,,,
133,466,Mali,1107,Asses,1978,400000,E,,,,
134,470,Malta,1107,Asses,1978,844,A,,,,
136,478,Mauritania,1107,Asses,1978,150000,A,,,,
137,480,Mauritius,1107,Asses,1978,60,E,,,,
138,484,Mexico,1107,Asses,1978,3245495,A,,,,
141,496,Mongolia,1107,Asses,1978,,M,,,,
143,504,Morocco,1107,Asses,1978,1300000,E,,,,
144,508,Mozambique,1107,Asses,1978,20000,E,,,,
147,516,Namibia,1107,Asses,1978,65000,E,,,,
157,558,Nicaragua,1107,Asses,1978,7200,E,,,,
158,562,Niger,1107,Asses,1978,1254260,A,,,,
159,566,Nigeria,1107,Asses,1978,700000,E,,,,
221,512,Oman,1107,Asses,1978,25000,E,,,,
165,586,Pakistan,1107,Asses,1978,2298000,A,,,,
169,600,Paraguay,1107,Asses,1978,28000,X,,,,
170,604,Peru,1107,Asses,1978,485000,X,,,,
174,620,Portugal,1107,Asses,1978,183000,A,,,,
177,630,Puerto Rico,1107,Asses,1978,1650,E,,,,
117,410,Republic of Korea,1107,Asses,1978,200,X,,,,
183,642,Romania,1107,Asses,1978,36000,E,,,,
182,638,Réunion,1107,Asses,1978,20,A,,,,
189,662,Saint Lucia,1107,Asses,1978,500,E,,,,
191,670,Saint Vincent and the Grenadines,1107,Asses,1978,1000,E,,,,
244,882,Samoa,1107,Asses,1978,7000,X,,,,
193,678,Sao Tome and Principe,1107,Asses,1978,22,E,,,,
194,682,Saudi Arabia,1107,Asses,1978,104000,E,,,,
195,686,Senegal,1107,Asses,1978,230000,A,,,,
201,706,Somalia,1107,Asses,1978,22000,E,,,,
202,710,South Africa,1107,Asses,1978,210000,E,,,,
203,724,Spain,1107,Asses,1978,214000,A,,,,
206,736,Sudan (former),1107,Asses,1978,678000,E,,,,
207,740,Suriname,1107,Asses,1978,49,A,,,,
211,756,Switzerland,1107,Asses,1978,1482,A,,,,
212,760,Syrian Arab Republic,1107,Asses,1978,236016,A,,,,
216,764,Thailand,1107,Asses,1978,215,A,,,,
217,768,Togo,1107,Asses,1978,1290,A,,,,
220,780,Trinidad and Tobago,1107,Asses,1978,2000,E,,,,
222,788,Tunisia,1107,Asses,1978,201000,E,,,,
223,792,Türkiye,1107,Asses,1978,1407000,A,,,,
226,800,Uganda,1107,Asses,1978,16000,E,,,,
215,834,United Republic of Tanzania,1107,Asses,1978,162000,E,,,,
231,840,United States of America,1107,Asses,1978,21000,E,,,,
234,858,Uruguay,1107,Asses,1978,1200,E,,,,
236,862,Venezuela (Bolivarian Republic of),1107,Asses,1978,460000,E,,,,
249,887,Yemen,1107,Asses,1978,745000,A,,,,
251,894,Zambia,1107,Asses,1978,1000,E,,,,
181,716,Zimbabwe,1107,Asses,1978,94000,E,,,,
248,890,Yugoslav SFR,1107,Asses,1979,28000,A,,,,
228,810,USSR,1107,Asses,1979,405000,A,,,,
62,230,Ethiopia PDR,1107,Asses,1979,3885000,E,,,,
2,4,Afghanistan,1107,Asses,1979,1300000,X,,,,
3,8,Albania,1107,Asses,1979,80000,E,,,,
4,12,Algeria,1107,Asses,1979,527120,A,,,,
7,24,Angola,1107,Asses,1979,4900,E,,,,
8,28,Antigua and Barbuda,1107,Asses,1979,1800,E,,,,
9,32,Argentina,1107,Asses,1979,90000,E,,,,
10,36,Australia,1107,Asses,1979,4800,E,,,,
13,48,Bahrain,1107,Asses,1979,376,A,,,,
14,52,Barbados,1107,Asses,1979,2000,E,,,,
53,204,Benin,1107,Asses,1979,500,E,,,,
18,64,Bhutan,1107,Asses,1979,17200,E,,,,
19,68,Bolivia (Plurinational State of),1107,Asses,1979,700000,E,,,,
20,72,Botswana,1107,Asses,1979,127000,A,,,,
21,76,Brazil,1107,Asses,1979,1340000,A,,,,
27,100,Bulgaria,1107,Asses,1979,334444,A,,,,
233,854,Burkina Faso,1107,Asses,1979,200000,A,,,,
35,132,Cabo Verde,1107,Asses,1979,6000,E,,,,
32,120,Cameroon,1107,Asses,1979,33000,E,,,,
37,140,Central African Republic,1107,Asses,1979,,A,,,,
39,148,Chad,1107,Asses,1979,255000,E,,,,
40,152,Chile,1107,Asses,1979,30000,E,,,,
41,156,"China, mainland",1107,Asses,1979,7481000,A,,,,
44,170,Colombia,1107,Asses,1979,615898,A,,,,
45,174,Comoros,1107,Asses,1979,3400,E,,,,
48,188,Costa Rica,1107,Asses,1979,6100,E,,,,
49,192,Cuba,1107,Asses,1979,3900,A,,,,
50,196,Cyprus,1107,Asses,1979,14000,E,,,,
250,180,Democratic Republic of the Congo,1107,Asses,1979,,A,,,,
72,262,Djibouti,1107,Asses,1979,6500,E,,,,
56,214,Dominican Republic,1107,Asses,1979,119000,E,,,,
58,218,Ecuador,1107,Asses,1979,203810,A,,,,
59,818,Egypt,1107,Asses,1979,1671577,A,,,,
60,222,El Salvador,1107,Asses,1979,1890,E,,,,
209,748,Eswatini,1107,Asses,1979,14060,A,,,,
68,250,France,1107,Asses,1979,19900,A,,,,
75,270,Gambia,1107,Asses,1979,23000,E,,,,
81,288,Ghana,1107,Asses,1979,25000,E,,,,
84,300,Greece,1107,Asses,1979,253298,A,,,,
86,308,Grenada,1107,Asses,1979,1400,A,,,,
87,312,Guadeloupe,1107,Asses,1979,500,E,,,,
89,320,Guatemala,1107,Asses,1979,8200,E,,,,
90,324,Guinea,1107,Asses,1979,2800,E,,,,
175,624,Guinea-Bissau,1107,Asses,1979,3000,E,,,,
91,328,Guyana,1107,Asses,1979,1100,E,,,,
93,332,Haiti,1107,Asses,1979,204000,E,,,,
95,340,Honduras,1107,Asses,1979,21200,E,,,,
97,348,Hungary,1107,Asses,1979,3500,E,,,,
100,356,India,1107,Asses,1979,1000000,E,,,,
102,364,Iran (Islamic Republic of),1107,Asses,1979,2190000,E,,,,
103,368,Iraq,1107,Asses,1979,450000,E,,,,
104,372,Ireland,1107,Asses,1979,30000,X,,,,
105,376,Israel,1107,Asses,1979,4900,E,,,,
106,380,Italy,1107,Asses,1979,144550,A,,,,
109,388,Jamaica,1107,Asses,1979,26000,E,,,,
112,400,Jordan,1107,Asses,1979,20300,E,,,,
121,422,Lebanon,1107,Asses,1979,10000,X,,,,
122,426,Lesotho,1107,Asses,1979,85238,A,,,,
124,434,Libya,1107,Asses,1979,59000,E,,,,
129,450,Madagascar,1107,Asses,1979,320,A,,,,
130,454,Malawi,1107,Asses,1979,707,A,,,,
133,466,Mali,1107,Asses,1979,414000,A,,,,
134,470,Malta,1107,Asses,1979,749,A,,,,
136,478,Mauritania,1107,Asses,1979,150000,E,,,,
137,480,Mauritius,1107,Asses,1979,60,E,,,,
138,484,Mexico,1107,Asses,1979,3232513,A,,,,
141,496,Mongolia,1107,Asses,1979,,M,,,,
143,504,Morocco,1107,Asses,1979,1200000,E,,,,
144,508,Mozambique,1107,Asses,1979,20000,E,,,,
147,516,Namibia,1107,Asses,1979,66000,E,,,,
157,558,Nicaragua,1107,Asses,1979,7400,E,,,,
158,562,Niger,1107,Asses,1979,1279130,A,,,,
159,566,Nigeria,1107,Asses,1979,700000,E,,,,
221,512,Oman,1107,Asses,1979,25000,E,,,,
165,586,Pakistan,1107,Asses,1979,2371000,A,,,,
169,600,Paraguay,1107,Asses,1979,28000,X,,,,
170,604,Peru,1107,Asses,1979,486000,X,,,,
174,620,Portugal,1107,Asses,1979,182000,A,,,,
177,630,Puerto Rico,1107,Asses,1979,1700,E,,,,
117,410,Republic of Korea,1107,Asses,1979,165,A,,,,
183,642,Romania,1107,Asses,1979,35000,E,,,,
182,638,Réunion,1107,Asses,1979,20,A,,,,
189,662,Saint Lucia,1107,Asses,1979,500,E,,,,
191,670,Saint Vincent and the Grenadines,1107,Asses,1979,1000,E,,,,
244,882,Samoa,1107,Asses,1979,7000,X,,,,
193,678,Sao Tome and Principe,1107,Asses,1979,22,E,,,,
194,682,Saudi Arabia,1107,Asses,1979,105000,E,,,,
195,686,Senegal,1107,Asses,1979,236000,A,,,,
201,706,Somalia,1107,Asses,1979,22500,E,,,,
202,710,South Africa,1107,Asses,1979,210000,E,,,,
203,724,Spain,1107,Asses,1979,202000,A,,,,
206,736,Sudan (former),1107,Asses,1979,680000,E,,,,
207,740,Suriname,1107,Asses,1979,59,A,,,,
211,756,Switzerland,1107,Asses,1979,1500,A,,,,
212,760,Syrian Arab Republic,1107,Asses,1979,237816,A,,,,
216,764,Thailand,1107,Asses,1979,195,A,,,,
217,768,Togo,1107,Asses,1979,1582,A,,,,
220,780,Trinidad and Tobago,1107,Asses,1979,2000,E,,,,
222,788,Tunisia,1107,Asses,1979,203000,E,,,,
223,792,Türkiye,1107,Asses,1979,1371000,A,,,,
226,800,Uganda,1107,Asses,1979,16000,E,,,,
215,834,United Republic of Tanzania,1107,Asses,1979,160000,E,,,,
231,840,United States of America,1107,Asses,1979,21000,E,,,,
234,858,Uruguay,1107,Asses,1979,1200,E,,,,
236,862,Venezuela (Bolivarian Republic of),1107,Asses,1979,455000,E,,,,
249,887,Yemen,1107,Asses,1979,713000,A,,,,
251,894,Zambia,1107,Asses,1979,1000,E,,,,
181,716,Zimbabwe,1107,Asses,1979,94000,E,,,,
248,890,Yugoslav SFR,1107,Asses,1980,25080,A,,,,
62,230,Ethiopia PDR,1107,Asses,1980,3890000,E,,,,
228,810,USSR,1107,Asses,1980,383000,A,,,,
2,4,Afghanistan,1107,Asses,1980,1295000,X,,,,
3,8,Albania,1107,Asses,1980,80000,E,,,,
4,12,Algeria,1107,Asses,1980,506410,A,,,,
7,24,Angola,1107,Asses,1980,5000,E,,,,
8,28,Antigua and Barbuda,1107,Asses,1980,1700,E,,,,
9,32,Argentina,1107,Asses,1980,90000,E,,,,
10,36,Australia,1107,Asses,1980,4500,E,,,,
13,48,Bahrain,1107,Asses,1980,,A,,,,
14,52,Barbados,1107,Asses,1980,2000,E,,,,
53,204,Benin,1107,Asses,1980,500,E,,,,
18,64,Bhutan,1107,Asses,1980,17500,E,,,,
19,68,Bolivia (Plurinational State of),1107,Asses,1980,680000,E,,,,
20,72,Botswana,1107,Asses,1980,130000,A,,,,
21,76,Brazil,1107,Asses,1980,1330000,A,,,,
27,100,Bulgaria,1107,Asses,1980,337160,A,,,,
233,854,Burkina Faso,1107,Asses,1980,230000,E,,,,
35,132,Cabo Verde,1107,Asses,1980,6000,E,,,,
32,120,Cameroon,1107,Asses,1980,33700,A,,,,
37,140,Central African Republic,1107,Asses,1980,,A,,,,
39,148,Chad,1107,Asses,1980,260000,E,,,,
40,152,Chile,1107,Asses,1980,29000,E,,,,
41,156,"China, mainland",1107,Asses,1980,7473000,A,,,,
44,170,Colombia,1107,Asses,1980,634998,E,,,,
45,174,Comoros,1107,Asses,1980,3500,E,,,,
48,188,Costa Rica,1107,Asses,1980,6200,E,,,,
49,192,Cuba,1107,Asses,1980,3800,A,,,,
50,196,Cyprus,1107,Asses,1980,12000,E,,,,
250,180,Democratic Republic of the Congo,1107,Asses,1980,,A,,,,
72,262,Djibouti,1107,Asses,1980,6700,E,,,,
56,214,Dominican Republic,1107,Asses,1980,119000,E,,,,
58,218,Ecuador,1107,Asses,1980,206667,A,,,,
59,818,Egypt,1107,Asses,1980,1706115,A,,,,
60,222,El Salvador,1107,Asses,1980,1900,E,,,,
209,748,Eswatini,1107,Asses,1980,13592,A,,,,
68,250,France,1107,Asses,1980,23525,A,,,,
75,270,Gambia,1107,Asses,1980,25000,E,,,,
81,288,Ghana,1107,Asses,1980,25000,E,,,,
84,300,Greece,1107,Asses,1980,240438,A,,,,
86,308,Grenada,1107,Asses,1980,1000,E,,,,
87,312,Guadeloupe,1107,Asses,1980,500,E,,,,
89,320,Guatemala,1107,Asses,1980,8300,E,,,,
90,324,Guinea,1107,Asses,1980,2800,E,,,,
175,624,Guinea-Bissau,1107,Asses,1980,3000,E,,,,
91,328,Guyana,1107,Asses,1980,1000,E,,,,
93,332,Haiti,1107,Asses,1980,206000,E,,,,
95,340,Honduras,1107,Asses,1980,21300,E,,,,
97,348,Hungary,1107,Asses,1980,3500,E,,,,
100,356,India,1107,Asses,1980,1000000,E,,,,
102,364,Iran (Islamic Republic of),1107,Asses,1980,2200000,E,,,,
103,368,Iraq,1107,Asses,1980,416000,X,,,,
104,372,Ireland,1107,Asses,1980,28000,X,,,,
105,376,Israel,1107,Asses,1980,4900,E,,,,
106,380,Italy,1107,Asses,1980,132800,A,,,,
109,388,Jamaica,1107,Asses,1980,25000,E,,,,
112,400,Jordan,1107,Asses,1980,16360,A,,,,
121,422,Lebanon,1107,Asses,1980,10000,X,,,,
122,426,Lesotho,1107,Asses,1980,104922,A,,,,
124,434,Libya,1107,Asses,1980,60000,E,,,,
129,450,Madagascar,1107,Asses,1980,340,A,,,,
130,454,Malawi,1107,Asses,1980,544,A,,,,
133,466,Mali,1107,Asses,1980,470000,A,,,,
134,470,Malta,1107,Asses,1980,650,E,,,,
136,478,Mauritania,1107,Asses,1980,140000,A,,,,
137,480,Mauritius,1107,Asses,1980,60,E,,,,
138,484,Mexico,1107,Asses,1980,3221000,A,,,,
141,496,Mongolia,1107,Asses,1980,,M,,,,
143,504,Morocco,1107,Asses,1980,993650,A,,,,
144,508,Mozambique,1107,Asses,1980,20000,E,,,,
147,516,Namibia,1107,Asses,1980,67000,E,,,,
157,558,Nicaragua,1107,Asses,1980,7500,E,,,,
158,562,Niger,1107,Asses,1980,1306760,A,,,,
159,566,Nigeria,1107,Asses,1980,700000,E,,,,
221,512,Oman,1107,Asses,1980,25000,E,,,,
165,586,Pakistan,1107,Asses,1980,2447000,A,,,,
169,600,Paraguay,1107,Asses,1980,29000,E,,,,
170,604,Peru,1107,Asses,1980,488000,X,,,,
174,620,Portugal,1107,Asses,1980,183000,X,,,,
177,630,Puerto Rico,1107,Asses,1980,1700,E,,,,
117,410,Republic of Korea,1107,Asses,1980,94,A,,,,
183,642,Romania,1107,Asses,1980,36000,E,,,,
182,638,Réunion,1107,Asses,1980,20,A,,,,
189,662,Saint Lucia,1107,Asses,1980,500,E,,,,
191,670,Saint Vincent and the Grenadines,1107,Asses,1980,1000,E,,,,
244,882,Samoa,1107,Asses,1980,7000,X,,,,
193,678,Sao Tome and Principe,1107,Asses,1980,25,E,,,,
194,682,Saudi Arabia,1107,Asses,1980,105000,E,,,,
195,686,Senegal,1107,Asses,1980,238000,A,,,,
201,706,Somalia,1107,Asses,1980,23000,E,,,,
202,710,South Africa,1107,Asses,1980,210000,E,,,,
203,724,Spain,1107,Asses,1980,194000,A,,,,
206,736,Sudan (former),1107,Asses,1980,682000,E,,,,
207,740,Suriname,1107,Asses,1980,45,A,,,,
211,756,Switzerland,1107,Asses,1980,1500,A,,,,
212,760,Syrian Arab Republic,1107,Asses,1980,241984,A,,,,
216,764,Thailand,1107,Asses,1980,170,A,,,,
217,768,Togo,1107,Asses,1980,1491,A,,,,
220,780,Trinidad and Tobago,1107,Asses,1980,2000,E,,,,
222,788,Tunisia,1107,Asses,1980,205000,E,,,,
223,792,Türkiye,1107,Asses,1980,1331000,A,,,,
226,800,Uganda,1107,Asses,1980,16000,E,,,,
215,834,United Republic of Tanzania,1107,Asses,1980,163000,E,,,,
231,840,United States of America,1107,Asses,1980,21000,E,,,,
234,858,Uruguay,1107,Asses,1980,1200,E,,,,
236,862,Venezuela (Bolivarian Republic of),1107,Asses,1980,450000,E,,,,
249,887,Yemen,1107,Asses,1980,685000,A,,,,
251,894,Zambia,1107,Asses,1980,1000,E,,,,
181,716,Zimbabwe,1107,Asses,1980,95000,E,,,,
228,810,USSR,1107,Asses,1981,364000,A,,,,
62,230,Ethiopia PDR,1107,Asses,1981,4000000,E,,,,
248,890,Yugoslav SFR,1107,Asses,1981,20000,A,,,,
2,4,Afghanistan,1107,Asses,1981,1315000,X,,,,
3,8,Albania,1107,Asses,1981,85000,E,,,,
4,12,Algeria,1107,Asses,1981,499770,A,,,,
7,24,Angola,1107,Asses,1981,4900,E,,,,
8,28,Antigua and Barbuda,1107,Asses,1981,1700,E,,,,
9,32,Argentina,1107,Asses,1981,90000,E,,,,
10,36,Australia,1107,Asses,1981,4500,E,,,,
13,48,Bahrain,1107,Asses,1981,,A,,,,
14,52,Barbados,1107,Asses,1981,2000,E,,,,
53,204,Benin,1107,Asses,1981,500,E,,,,
18,64,Bhutan,1107,Asses,1981,17700,E,,,,
19,68,Bolivia (Plurinational State of),1107,Asses,1981,660000,E,,,,
20,72,Botswana,1107,Asses,1981,127000,A,,,,
21,76,Brazil,1107,Asses,1981,1331000,A,,,,
27,100,Bulgaria,1107,Asses,1981,340998,A,,,,
233,854,Burkina Faso,1107,Asses,1981,260000,E,,,,
35,132,Cabo Verde,1107,Asses,1981,6000,E,,,,
32,120,Cameroon,1107,Asses,1981,33570,A,,,,
37,140,Central African Republic,1107,Asses,1981,,A,,,,
39,148,Chad,1107,Asses,1981,270000,E,,,,
40,152,Chile,1107,Asses,1981,29000,E,,,,
41,156,"China, mainland",1107,Asses,1981,7748000,A,,,,
44,170,Colombia,1107,Asses,1981,640000,E,,,,
45,174,Comoros,1107,Asses,1981,3500,E,,,,
48,188,Costa Rica,1107,Asses,1981,6300,E,,,,
49,192,Cuba,1107,Asses,1981,3700,A,,,,
50,196,Cyprus,1107,Asses,1981,8500,E,,,,
250,180,Democratic Republic of the Congo,1107,Asses,1981,,A,,,,
72,262,Djibouti,1107,Asses,1981,6900,E,,,,
56,214,Dominican Republic,1107,Asses,1981,120000,E,,,,
58,218,Ecuador,1107,Asses,1981,209519,A,,,,
59,818,Egypt,1107,Asses,1981,1740654,A,,,,
60,222,El Salvador,1107,Asses,1981,1900,E,,,,
209,748,Eswatini,1107,Asses,1981,13213,A,,,,
68,250,France,1107,Asses,1981,23164,A,,,,
75,270,Gambia,1107,Asses,1981,28000,E,,,,
81,288,Ghana,1107,Asses,1981,25000,E,,,,
84,300,Greece,1107,Asses,1981,229944,A,,,,
86,308,Grenada,1107,Asses,1981,640,A,,,,
87,312,Guadeloupe,1107,Asses,1981,480,E,,,,
89,320,Guatemala,1107,Asses,1981,8333,A,,,,
90,324,Guinea,1107,Asses,1981,2800,E,,,,
175,624,Guinea-Bissau,1107,Asses,1981,3000,E,,,,
91,328,Guyana,1107,Asses,1981,1000,E,,,,
93,332,Haiti,1107,Asses,1981,208000,E,,,,
95,340,Honduras,1107,Asses,1981,21400,E,,,,
97,348,Hungary,1107,Asses,1981,3500,E,,,,
100,356,India,1107,Asses,1981,1000000,E,,,,
102,364,Iran (Islamic Republic of),1107,Asses,1981,2210000,E,,,,
103,368,Iraq,1107,Asses,1981,450000,E,,,,
104,372,Ireland,1107,Asses,1981,26000,X,,,,
105,376,Israel,1107,Asses,1981,5000,E,,,,
106,380,Italy,1107,Asses,1981,128800,A,,,,
109,388,Jamaica,1107,Asses,1981,25000,E,,,,
112,400,Jordan,1107,Asses,1981,18840,A,,,,
121,422,Lebanon,1107,Asses,1981,9800,A,,,,
122,426,Lesotho,1107,Asses,1981,97540,A,,,,
124,434,Libya,1107,Asses,1981,60000,E,,,,
129,450,Madagascar,1107,Asses,1981,157,A,,,,
130,454,Malawi,1107,Asses,1981,1108,A,,,,
133,466,Mali,1107,Asses,1981,580000,A,,,,
134,470,Malta,1107,Asses,1981,546,A,,,,
136,478,Mauritania,1107,Asses,1981,142000,A,,,,
137,480,Mauritius,1107,Asses,1981,60,E,,,,
138,484,Mexico,1107,Asses,1981,3182429,A,,,,
141,496,Mongolia,1107,Asses,1981,,M,,,,
143,504,Morocco,1107,Asses,1981,901570,A,,,,
144,508,Mozambique,1107,Asses,1981,20000,E,,,,
147,516,Namibia,1107,Asses,1981,67000,E,,,,
157,558,Nicaragua,1107,Asses,1981,7600,E,,,,
158,562,Niger,1107,Asses,1981,1334380,A,,,,
159,566,Nigeria,1107,Asses,1981,700000,E,,,,
221,512,Oman,1107,Asses,1981,22721,A,,,,
165,586,Pakistan,1107,Asses,1981,2482000,A,,,,
169,600,Paraguay,1107,Asses,1981,29000,E,,,,
170,604,Peru,1107,Asses,1981,489000,X,,,,
174,620,Portugal,1107,Asses,1981,182000,E,,,,
177,630,Puerto Rico,1107,Asses,1981,1700,E,,,,
117,410,Republic of Korea,1107,Asses,1981,170,A,,,,
183,642,Romania,1107,Asses,1981,36000,E,,,,
182,638,Réunion,1107,Asses,1981,20,A,,,,
189,662,Saint Lucia,1107,Asses,1981,500,E,,,,
191,670,Saint Vincent and the Grenadines,1107,Asses,1981,1000,E,,,,
244,882,Samoa,1107,Asses,1981,7000,X,,,,
193,678,Sao Tome and Principe,1107,Asses,1981,25,E,,,,
194,682,Saudi Arabia,1107,Asses,1981,108000,E,,,,
195,686,Senegal,1107,Asses,1981,203000,A,,,,
201,706,Somalia,1107,Asses,1981,23500,E,,,,
202,710,South Africa,1107,Asses,1981,210000,E,,,,
203,724,Spain,1107,Asses,1981,184000,A,,,,
206,736,Sudan (former),1107,Asses,1981,684000,E,,,,
207,740,Suriname,1107,Asses,1981,40,A,,,,
211,756,Switzerland,1107,Asses,1981,1500,A,,,,
212,760,Syrian Arab Republic,1107,Asses,1981,241000,A,,,,
216,764,Thailand,1107,Asses,1981,150,A,,,,
217,768,Togo,1107,Asses,1981,666,A,,,,
220,780,Trinidad and Tobago,1107,Asses,1981,2000,E,,,,
222,788,Tunisia,1107,Asses,1981,205000,E,,,,
223,792,Türkiye,1107,Asses,1981,1345000,A,,,,
226,800,Uganda,1107,Asses,1981,16000,E,,,,
215,834,United Republic of Tanzania,1107,Asses,1981,165000,E,,,,
231,840,United States of America,1107,Asses,1981,23000,E,,,,
234,858,Uruguay,1107,Asses,1981,1200,E,,,,
236,862,Venezuela (Bolivarian Republic of),1107,Asses,1981,450000,E,,,,
249,887,Yemen,1107,Asses,1981,662000,E,,,,
251,894,Zambia,1107,Asses,1981,1000,E,,,,
181,716,Zimbabwe,1107,Asses,1981,95000,E,,,,
62,230,Ethiopia PDR,1107,Asses,1982,4100000,E,,,,
248,890,Yugoslav SFR,1107,Asses,1982,18000,A,,,,
228,810,USSR,1107,Asses,1982,366000,A,,,,
2,4,Afghanistan,1107,Asses,1982,1315000,X,,,,
3,8,Albania,1107,Asses,1982,85000,E,,,,
4,12,Algeria,1107,Asses,1982,478570,A,,,,
7,24,Angola,1107,Asses,1982,4800,E,,,,
8,28,Antigua and Barbuda,1107,Asses,1982,1600,E,,,,
9,32,Argentina,1107,Asses,1982,90000,E,,,,
10,36,Australia,1107,Asses,1982,4500,E,,,,
13,48,Bahrain,1107,Asses,1982,,A,,,,
14,52,Barbados,1107,Asses,1982,2000,E,,,,
53,204,Benin,1107,Asses,1982,500,E,,,,
18,64,Bhutan,1107,Asses,1982,18000,E,,,,
19,68,Bolivia (Plurinational State of),1107,Asses,1982,630000,E,,,,
20,72,Botswana,1107,Asses,1982,138000,A,,,,
21,76,Brazil,1107,Asses,1982,1315672,A,,,,
27,100,Bulgaria,1107,Asses,1982,343285,A,,,,
233,854,Burkina Faso,1107,Asses,1982,390000,E,,,,
35,132,Cabo Verde,1107,Asses,1982,6000,E,,,,
32,120,Cameroon,1107,Asses,1982,28900,A,,,,
37,140,Central African Republic,1107,Asses,1982,,A,,,,
39,148,Chad,1107,Asses,1982,280000,E,,,,
40,152,Chile,1107,Asses,1982,28000,E,,,,
41,156,"China, mainland",1107,Asses,1982,8415000,A,,,,
44,170,Colombia,1107,Asses,1982,645000,E,,,,
45,174,Comoros,1107,Asses,1982,3600,E,,,,
48,188,Costa Rica,1107,Asses,1982,6400,E,,,,
49,192,Cuba,1107,Asses,1982,3800,A,,,,
50,196,Cyprus,1107,Asses,1982,7000,E,,,,
250,180,Democratic Republic of the Congo,1107,Asses,1982,,A,,,,
72,262,Djibouti,1107,Asses,1982,7000,E,,,,
56,214,Dominican Republic,1107,Asses,1982,124000,E,,,,
58,218,Ecuador,1107,Asses,1982,212410,A,,,,
59,818,Egypt,1107,Asses,1982,1775192,A,,,,
60,222,El Salvador,1107,Asses,1982,2000,E,,,,
209,748,Eswatini,1107,Asses,1982,14812,A,,,,
68,250,France,1107,Asses,1982,23000,E,,,,
75,270,Gambia,1107,Asses,1982,31000,E,,,,
81,288,Ghana,1107,Asses,1982,20000,E,,,,
84,300,Greece,1107,Asses,1982,219360,A,,,,
86,308,Grenada,1107,Asses,1982,640,E,,,,
87,312,Guadeloupe,1107,Asses,1982,480,E,,,,
89,320,Guatemala,1107,Asses,1982,8400,E,,,,
90,324,Guinea,1107,Asses,1982,2600,E,,,,
175,624,Guinea-Bissau,1107,Asses,1982,3000,E,,,,
91,328,Guyana,1107,Asses,1982,1000,E,,,,
93,332,Haiti,1107,Asses,1982,210000,E,,,,
95,340,Honduras,1107,Asses,1982,21400,E,,,,
97,348,Hungary,1107,Asses,1982,3500,E,,,,
100,356,India,1107,Asses,1982,1024000,A,,,,
102,364,Iran (Islamic Republic of),1107,Asses,1982,2214000,A,,,,
103,368,Iraq,1107,Asses,1982,450000,E,,,,
104,372,Ireland,1107,Asses,1982,23000,E,,,,
105,376,Israel,1107,Asses,1982,5000,E,,,,
106,380,Italy,1107,Asses,1982,124200,A,,,,
109,388,Jamaica,1107,Asses,1982,24500,E,,,,
112,400,Jordan,1107,Asses,1982,19400,A,,,,
121,422,Lebanon,1107,Asses,1982,9800,A,,,,
122,426,Lesotho,1107,Asses,1982,110893,A,,,,
124,434,Libya,1107,Asses,1982,60000,E,,,,
129,450,Madagascar,1107,Asses,1982,100,E,,,,
130,454,Malawi,1107,Asses,1982,1098,A,,,,
133,466,Mali,1107,Asses,1982,765000,A,,,,
134,470,Malta,1107,Asses,1982,530,E,,,,
136,478,Mauritania,1107,Asses,1982,142000,A,,,,
137,480,Mauritius,1107,Asses,1982,60,E,,,,
138,484,Mexico,1107,Asses,1982,3182000,A,,,,
141,496,Mongolia,1107,Asses,1982,,M,,,,
143,504,Morocco,1107,Asses,1982,723966,A,,,,
144,508,Mozambique,1107,Asses,1982,20000,E,,,,
147,516,Namibia,1107,Asses,1982,67000,E,,,,
157,558,Nicaragua,1107,Asses,1982,7600,E,,,,
158,562,Niger,1107,Asses,1982,1339910,A,,,,
159,566,Nigeria,1107,Asses,1982,700000,E,,,,
221,512,Oman,1107,Asses,1982,23000,E,,,,
165,586,Pakistan,1107,Asses,1982,2553000,A,,,,
169,600,Paraguay,1107,Asses,1982,29500,E,,,,
170,604,Peru,1107,Asses,1982,489000,X,,,,
174,620,Portugal,1107,Asses,1982,181000,E,,,,
177,630,Puerto Rico,1107,Asses,1982,1700,E,,,,
117,410,Republic of Korea,1107,Asses,1982,32,A,,,,
183,642,Romania,1107,Asses,1982,35000,E,,,,
182,638,Réunion,1107,Asses,1982,5,A,,,,
189,662,Saint Lucia,1107,Asses,1982,500,E,,,,
191,670,Saint Vincent and the Grenadines,1107,Asses,1982,1000,E,,,,
244,882,Samoa,1107,Asses,1982,7000,X,,,,
193,678,Sao Tome and Principe,1107,Asses,1982,25,E,,,,
194,682,Saudi Arabia,1107,Asses,1982,110000,E,,,,
195,686,Senegal,1107,Asses,1982,206000,A,,,,
201,706,Somalia,1107,Asses,1982,23800,E,,,,
202,710,South Africa,1107,Asses,1982,210000,E,,,,
203,724,Spain,1107,Asses,1982,178000,A,,,,
206,736,Sudan (former),1107,Asses,1982,686500,X,,,,
207,740,Suriname,1107,Asses,1982,21,A,,,,
211,756,Switzerland,1107,Asses,1982,1500,A,,,,
212,760,Syrian Arab Republic,1107,Asses,1982,235506,A,,,,
216,764,Thailand,1107,Asses,1982,125,A,,,,
217,768,Togo,1107,Asses,1982,331,A,,,,
220,780,Trinidad and Tobago,1107,Asses,1982,2000,E,,,,
222,788,Tunisia,1107,Asses,1982,206000,E,,,,
223,792,Türkiye,1107,Asses,1982,1270000,A,,,,
226,800,Uganda,1107,Asses,1982,16000,E,,,,
215,834,United Republic of Tanzania,1107,Asses,1982,166000,E,,,,
231,840,United States of America,1107,Asses,1982,23000,E,,,,
234,858,Uruguay,1107,Asses,1982,1200,E,,,,
236,862,Venezuela (Bolivarian Republic of),1107,Asses,1982,448000,E,,,,
249,887,Yemen,1107,Asses,1982,639000,E,,,,
251,894,Zambia,1107,Asses,1982,1000,E,,,,
181,716,Zimbabwe,1107,Asses,1982,96000,E,,,,
62,230,Ethiopia PDR,1107,Asses,1983,4295000,A,,,,
228,810,USSR,1107,Asses,1983,344000,A,,,,
248,890,Yugoslav SFR,1107,Asses,1983,10000,X,,,,
2,4,Afghanistan,1107,Asses,1983,1315000,E,,,,
3,8,Albania,1107,Asses,1983,90000,E,,,,
4,12,Algeria,1107,Asses,1983,462000,A,,,,
7,24,Angola,1107,Asses,1983,4700,E,,,,
8,28,Antigua and Barbuda,1107,Asses,1983,1600,E,,,,
9,32,Argentina,1107,Asses,1983,90000,E,,,,
10,36,Australia,1107,Asses,1983,4500,E,,,,
13,48,Bahrain,1107,Asses,1983,,A,,,,
14,52,Barbados,1107,Asses,1983,2000,E,,,,
53,204,Benin,1107,Asses,1983,500,E,,,,
18,64,Bhutan,1107,Asses,1983,18200,E,,,,
19,68,Bolivia (Plurinational State of),1107,Asses,1983,600000,E,,,,
20,72,Botswana,1107,Asses,1983,142300,A,,,,
21,76,Brazil,1107,Asses,1983,1237372,A,,,,
27,100,Bulgaria,1107,Asses,1983,346883,A,,,,
233,854,Burkina Faso,1107,Asses,1983,320000,E,,,,
35,132,Cabo Verde,1107,Asses,1983,6000,E,,,,
32,120,Cameroon,1107,Asses,1983,36700,A,,,,
37,140,Central African Republic,1107,Asses,1983,,A,,,,
39,148,Chad,1107,Asses,1983,289000,A,,,,
40,152,Chile,1107,Asses,1983,28000,E,,,,
41,156,"China, mainland",1107,Asses,1983,8999000,A,,,,
44,170,Colombia,1107,Asses,1983,650000,E,,,,
45,174,Comoros,1107,Asses,1983,3700,E,,,,
48,188,Costa Rica,1107,Asses,1983,6500,E,,,,
49,192,Cuba,1107,Asses,1983,3800,A,,,,
50,196,Cyprus,1107,Asses,1983,6160,A,,,,
250,180,Democratic Republic of the Congo,1107,Asses,1983,,A,,,,
72,262,Djibouti,1107,Asses,1983,7000,E,,,,
56,214,Dominican Republic,1107,Asses,1983,128000,E,,,,
58,218,Ecuador,1107,Asses,1983,215341,A,,,,
59,818,Egypt,1107,Asses,1983,1810000,A,,,,
60,222,El Salvador,1107,Asses,1983,2000,E,,,,
209,748,Eswatini,1107,Asses,1983,14653,A,,,,
68,250,France,1107,Asses,1983,22900,E,,,,
75,270,Gambia,1107,Asses,1983,34000,E,,,,
81,288,Ghana,1107,Asses,1983,16000,E,,,,
84,300,Greece,1107,Asses,1983,208670,A,,,,
86,308,Grenada,1107,Asses,1983,650,E,,,,
87,312,Guadeloupe,1107,Asses,1983,450,E,,,,
89,320,Guatemala,1107,Asses,1983,8500,E,,,,
90,324,Guinea,1107,Asses,1983,2400,E,,,,
175,624,Guinea-Bissau,1107,Asses,1983,3000,E,,,,
91,328,Guyana,1107,Asses,1983,1000,E,,,,
93,332,Haiti,1107,Asses,1983,212000,E,,,,
95,340,Honduras,1107,Asses,1983,21500,E,,,,
97,348,Hungary,1107,Asses,1983,3500,E,,,,
100,356,India,1107,Asses,1983,1000000,X,,,,
102,364,Iran (Islamic Republic of),1107,Asses,1983,2200000,E,,,,
103,368,Iraq,1107,Asses,1983,450000,E,,,,
104,372,Ireland,1107,Asses,1983,20000,E,,,,
105,376,Israel,1107,Asses,1983,5000,E,,,,
106,380,Italy,1107,Asses,1983,104700,A,,,,
109,388,Jamaica,1107,Asses,1983,24000,E,,,,
112,400,Jordan,1107,Asses,1983,19090,A,,,,
121,422,Lebanon,1107,Asses,1983,10000,X,,,,
122,426,Lesotho,1107,Asses,1983,107426,A,,,,
124,434,Libya,1107,Asses,1983,60000,E,,,,
129,450,Madagascar,1107,Asses,1983,80,E,,,,
130,454,Malawi,1107,Asses,1983,1140,A,,,,
133,466,Mali,1107,Asses,1983,615200,A,,,,
134,470,Malta,1107,Asses,1983,520,A,,,,
136,478,Mauritania,1107,Asses,1983,143000,A,,,,
137,480,Mauritius,1107,Asses,1983,60,E,,,,
138,484,Mexico,1107,Asses,1983,3182100,A,,,,
141,496,Mongolia,1107,Asses,1983,,M,,,,
143,504,Morocco,1107,Asses,1983,747050,A,,,,
144,508,Mozambique,1107,Asses,1983,20000,E,,,,
147,516,Namibia,1107,Asses,1983,67000,E,,,,
157,558,Nicaragua,1107,Asses,1983,7700,E,,,,
158,562,Niger,1107,Asses,1983,1389640,A,,,,
159,566,Nigeria,1107,Asses,1983,700000,E,,,,
221,512,Oman,1107,Asses,1983,23000,E,,,,
165,586,Pakistan,1107,Asses,1983,2626000,A,,,,
169,600,Paraguay,1107,Asses,1983,30000,E,,,,
170,604,Peru,1107,Asses,1983,489000,X,,,,
174,620,Portugal,1107,Asses,1983,180000,E,,,,
177,630,Puerto Rico,1107,Asses,1983,1800,E,,,,
117,410,Republic of Korea,1107,Asses,1983,31,A,,,,
183,642,Romania,1107,Asses,1983,35000,E,,,,
182,638,Réunion,1107,Asses,1983,5,A,,,,
189,662,Saint Lucia,1107,Asses,1983,500,E,,,,
191,670,Saint Vincent and the Grenadines,1107,Asses,1983,1000,E,,,,
244,882,Samoa,1107,Asses,1983,7000,E,,,,
193,678,Sao Tome and Principe,1107,Asses,1983,25,E,,,,
194,682,Saudi Arabia,1107,Asses,1983,110000,E,,,,
195,686,Senegal,1107,Asses,1983,208000,A,,,,
201,706,Somalia,1107,Asses,1983,24000,E,,,,
202,710,South Africa,1107,Asses,1983,210000,E,,,,
203,724,Spain,1107,Asses,1983,172000,A,,,,
206,736,Sudan (former),1107,Asses,1983,688500,X,,,,
207,740,Suriname,1107,Asses,1983,35,A,,,,
211,756,Switzerland,1107,Asses,1983,1961,A,,,,
212,760,Syrian Arab Republic,1107,Asses,1983,218000,A,,,,
216,764,Thailand,1107,Asses,1983,108,A,,,,
217,768,Togo,1107,Asses,1983,1055,A,,,,
220,780,Trinidad and Tobago,1107,Asses,1983,2000,E,,,,
222,788,Tunisia,1107,Asses,1983,208000,E,,,,
223,792,Türkiye,1107,Asses,1983,1252000,A,,,,
226,800,Uganda,1107,Asses,1983,16200,E,,,,
215,834,United Republic of Tanzania,1107,Asses,1983,167000,E,,,,
231,840,United States of America,1107,Asses,1983,23000,E,,,,
234,858,Uruguay,1107,Asses,1983,1200,E,,,,
236,862,Venezuela (Bolivarian Republic of),1107,Asses,1983,445000,E,,,,
249,887,Yemen,1107,Asses,1983,616000,E,,,,
251,894,Zambia,1107,Asses,1983,1000,E,,,,
181,716,Zimbabwe,1107,Asses,1983,96000,E,,,,
62,230,Ethiopia PDR,1107,Asses,1984,4400000,E,,,,
248,890,Yugoslav SFR,1107,Asses,1984,13000,X,,,,
228,810,USSR,1107,Asses,1984,330100,A,,,,
2,4,Afghanistan,1107,Asses,1984,1318000,E,,,,
3,8,Albania,1107,Asses,1984,90000,E,,,,
4,12,Algeria,1107,Asses,1984,403350,A,,,,
7,24,Angola,1107,Asses,1984,4600,E,,,,
8,28,Antigua and Barbuda,1107,Asses,1984,1600,E,,,,
9,32,Argentina,1107,Asses,1984,90000,E,,,,
10,36,Australia,1107,Asses,1984,4500,E,,,,
13,48,Bahrain,1107,Asses,1984,,A,,,,
14,52,Barbados,1107,Asses,1984,2000,E,,,,
53,204,Benin,1107,Asses,1984,500,E,,,,
18,64,Bhutan,1107,Asses,1984,18000,E,,,,
19,68,Bolivia (Plurinational State of),1107,Asses,1984,600000,E,,,,
20,72,Botswana,1107,Asses,1984,139000,A,,,,
21,76,Brazil,1107,Asses,1984,1246471,A,,,,
27,100,Bulgaria,1107,Asses,1984,351325,A,,,,
233,854,Burkina Faso,1107,Asses,1984,350000,E,,,,
35,132,Cabo Verde,1107,Asses,1984,6000,E,,,,
32,120,Cameroon,1107,Asses,1984,41775,A,,,,
37,140,Central African Republic,1107,Asses,1984,,A,,,,
39,148,Chad,1107,Asses,1984,220500,A,,,,
40,152,Chile,1107,Asses,1984,28000,E,,,,
41,156,"China, mainland",1107,Asses,1984,9449000,A,,,,
44,170,Colombia,1107,Asses,1984,650000,E,,,,
45,174,Comoros,1107,Asses,1984,3800,E,,,,
48,188,Costa Rica,1107,Asses,1984,6600,E,,,,
49,192,Cuba,1107,Asses,1984,3900,A,,,,
50,196,Cyprus,1107,Asses,1984,6160,A,,,,
250,180,Democratic Republic of the Congo,1107,Asses,1984,,A,,,,
72,262,Djibouti,1107,Asses,1984,7200,E,,,,
56,214,Dominican Republic,1107,Asses,1984,132000,E,,,,
58,218,Ecuador,1107,Asses,1984,218272,A,,,,
59,818,Egypt,1107,Asses,1984,1844000,A,,,,
60,222,El Salvador,1107,Asses,1984,2100,E,,,,
209,748,Eswatini,1107,Asses,1984,12732,A,,,,
68,250,France,1107,Asses,1984,23000,E,,,,
75,270,Gambia,1107,Asses,1984,37000,E,,,,
81,288,Ghana,1107,Asses,1984,15000,E,,,,
84,300,Greece,1107,Asses,1984,198939,A,,,,
86,308,Grenada,1107,Asses,1984,650,E,,,,
87,312,Guadeloupe,1107,Asses,1984,450,E,,,,
89,320,Guatemala,1107,Asses,1984,8600,E,,,,
90,324,Guinea,1107,Asses,1984,2200,E,,,,
175,624,Guinea-Bissau,1107,Asses,1984,3100,E,,,,
91,328,Guyana,1107,Asses,1984,1000,E,,,,
93,332,Haiti,1107,Asses,1984,212000,E,,,,
95,340,Honduras,1107,Asses,1984,21600,E,,,,
97,348,Hungary,1107,Asses,1984,3864,A,,,,
100,356,India,1107,Asses,1984,1000000,X,,,,
102,364,Iran (Islamic Republic of),1107,Asses,1984,2150000,E,,,,
103,368,Iraq,1107,Asses,1984,425000,E,,,,
104,372,Ireland,1107,Asses,1984,19000,E,,,,
105,376,Israel,1107,Asses,1984,5000,E,,,,
106,380,Italy,1107,Asses,1984,101400,A,,,,
109,388,Jamaica,1107,Asses,1984,24000,E,,,,
112,400,Jordan,1107,Asses,1984,19000,E,,,,
121,422,Lebanon,1107,Asses,1984,10000,X,,,,
122,426,Lesotho,1107,Asses,1984,109000,A,,,,
124,434,Libya,1107,Asses,1984,60000,E,,,,
129,450,Madagascar,1107,Asses,1984,21,A,,,,
130,454,Malawi,1107,Asses,1984,389,A,,,,
133,466,Mali,1107,Asses,1984,549000,A,,,,
134,470,Malta,1107,Asses,1984,520,E,,,,
136,478,Mauritania,1107,Asses,1984,145000,E,,,,
137,480,Mauritius,1107,Asses,1984,60,E,,,,
138,484,Mexico,1107,Asses,1984,3182200,A,,,,
141,496,Mongolia,1107,Asses,1984,,M,,,,
143,504,Morocco,1107,Asses,1984,707470,A,,,,
144,508,Mozambique,1107,Asses,1984,20000,E,,,,
147,516,Namibia,1107,Asses,1984,67000,E,,,,
157,558,Nicaragua,1107,Asses,1984,7800,E,,,,
158,562,Niger,1107,Asses,1984,903402,A,,,,
159,566,Nigeria,1107,Asses,1984,730000,E,,,,
221,512,Oman,1107,Asses,1984,23000,E,,,,
165,586,Pakistan,1107,Asses,1984,2701000,A,,,,
169,600,Paraguay,1107,Asses,1984,30000,E,,,,
170,604,Peru,1107,Asses,1984,490000,E,,,,
174,620,Portugal,1107,Asses,1984,178000,E,,,,
177,630,Puerto Rico,1107,Asses,1984,1800,E,,,,
117,410,Republic of Korea,1107,Asses,1984,20,A,,,,
183,642,Romania,1107,Asses,1984,35000,E,,,,
182,638,Réunion,1107,Asses,1984,5,A,,,,
189,662,Saint Lucia,1107,Asses,1984,500,E,,,,
191,670,Saint Vincent and the Grenadines,1107,Asses,1984,1100,E,,,,
244,882,Samoa,1107,Asses,1984,7000,E,,,,
193,678,Sao Tome and Principe,1107,Asses,1984,28,E,,,,
194,682,Saudi Arabia,1107,Asses,1984,110000,E,,,,
195,686,Senegal,1107,Asses,1984,209000,A,,,,
201,706,Somalia,1107,Asses,1984,24200,E,,,,
202,710,South Africa,1107,Asses,1984,210000,E,,,,
203,724,Spain,1107,Asses,1984,165000,A,,,,
206,736,Sudan (former),1107,Asses,1984,699500,X,,,,
207,740,Suriname,1107,Asses,1984,36,A,,,,
211,756,Switzerland,1107,Asses,1984,1960,A,,,,
212,760,Syrian Arab Republic,1107,Asses,1984,192000,A,,,,
216,764,Thailand,1107,Asses,1984,100,E,,,,
217,768,Togo,1107,Asses,1984,1757,A,,,,
220,780,Trinidad and Tobago,1107,Asses,1984,2000,E,,,,
222,788,Tunisia,1107,Asses,1984,210000,E,,,,
223,792,Türkiye,1107,Asses,1984,1208000,A,,,,
226,800,Uganda,1107,Asses,1984,16300,E,,,,
215,834,United Republic of Tanzania,1107,Asses,1984,168000,E,,,,
231,840,United States of America,1107,Asses,1984,24000,E,,,,
234,858,Uruguay,1107,Asses,1984,1200,E,,,,
236,862,Venezuela (Bolivarian Republic of),1107,Asses,1984,445000,E,,,,
249,887,Yemen,1107,Asses,1984,593000,E,,,,
251,894,Zambia,1107,Asses,1984,1100,E,,,,
181,716,Zimbabwe,1107,Asses,1984,97000,E,,,,
62,230,Ethiopia PDR,1107,Asses,1985,4500000,E,,,,
228,810,USSR,1107,Asses,1985,300000,A,,,,
248,890,Yugoslav SFR,1107,Asses,1985,14070,X,,,,
2,4,Afghanistan,1107,Asses,1985,1321000,E,,,,
3,8,Albania,1107,Asses,1985,90000,E,,,,
4,12,Algeria,1107,Asses,1985,351260,A,,,,
7,24,Angola,1107,Asses,1985,4700,E,,,,
8,28,Antigua and Barbuda,1107,Asses,1985,1600,E,,,,
9,32,Argentina,1107,Asses,1985,90000,E,,,,
10,36,Australia,1107,Asses,1985,4500,E,,,,
13,48,Bahrain,1107,Asses,1985,,A,,,,
14,52,Barbados,1107,Asses,1985,2000,E,,,,
53,204,Benin,1107,Asses,1985,500,E,,,,
18,64,Bhutan,1107,Asses,1985,18000,E,,,,
19,68,Bolivia (Plurinational State of),1107,Asses,1985,600000,E,,,,
20,72,Botswana,1107,Asses,1985,146000,A,,,,
21,76,Brazil,1107,Asses,1985,1274299,A,,,,
27,100,Bulgaria,1107,Asses,1985,348769,A,,,,
233,854,Burkina Faso,1107,Asses,1985,372000,A,,,,
35,132,Cabo Verde,1107,Asses,1985,6000,E,,,,
32,120,Cameroon,1107,Asses,1985,37200,E,,,,
37,140,Central African Republic,1107,Asses,1985,,A,,,,
39,148,Chad,1107,Asses,1985,222700,A,,,,
40,152,Chile,1107,Asses,1985,28000,E,,,,
41,156,"China, mainland",1107,Asses,1985,9962000,A,,,,
44,170,Colombia,1107,Asses,1985,650000,E,,,,
45,174,Comoros,1107,Asses,1985,4000,E,,,,
48,188,Costa Rica,1107,Asses,1985,6700,E,,,,
49,192,Cuba,1107,Asses,1985,4000,A,,,,
50,196,Cyprus,1107,Asses,1985,6160,A,,,,
250,180,Democratic Republic of the Congo,1107,Asses,1985,,A,,,,
72,262,Djibouti,1107,Asses,1985,7300,E,,,,
56,214,Dominican Republic,1107,Asses,1985,136000,A,,,,
58,218,Ecuador,1107,Asses,1985,188810,A,,,,
59,818,Egypt,1107,Asses,1985,1879000,A,,,,
60,222,El Salvador,1107,Asses,1985,2100,E,,,,
209,748,Eswatini,1107,Asses,1985,12167,A,,,,
68,250,France,1107,Asses,1985,23000,E,,,,
75,270,Gambia,1107,Asses,1985,40000,E,,,,
81,288,Ghana,1107,Asses,1985,14000,E,,,,
84,300,Greece,1107,Asses,1985,187577,A,,,,
86,308,Grenada,1107,Asses,1985,650,E,,,,
87,312,Guadeloupe,1107,Asses,1985,420,E,,,,
89,320,Guatemala,1107,Asses,1985,8600,E,,,,
90,324,Guinea,1107,Asses,1985,2000,E,,,,
175,624,Guinea-Bissau,1107,Asses,1985,3300,E,,,,
91,328,Guyana,1107,Asses,1985,1000,E,,,,
93,332,Haiti,1107,Asses,1985,212000,E,,,,
95,340,Honduras,1107,Asses,1985,21700,E,,,,
97,348,Hungary,1107,Asses,1985,4000,E,,,,
100,356,India,1107,Asses,1985,1000000,X,,,,
102,364,Iran (Islamic Republic of),1107,Asses,1985,2100000,E,,,,
103,368,Iraq,1107,Asses,1985,425000,E,,,,
104,372,Ireland,1107,Asses,1985,18000,E,,,,
105,376,Israel,1107,Asses,1985,5000,E,,,,
106,380,Italy,1107,Asses,1985,97800,A,,,,
109,388,Jamaica,1107,Asses,1985,23000,E,,,,
112,400,Jordan,1107,Asses,1985,19000,E,,,,
121,422,Lebanon,1107,Asses,1985,11500,E,,,,
122,426,Lesotho,1107,Asses,1985,111726,A,,,,
124,434,Libya,1107,Asses,1985,60000,E,,,,
129,450,Madagascar,1107,Asses,1985,66,A,,,,
130,454,Malawi,1107,Asses,1985,554,A,,,,
133,466,Mali,1107,Asses,1985,436000,A,,,,
134,470,Malta,1107,Asses,1985,520,E,,,,
136,478,Mauritania,1107,Asses,1985,147000,E,,,,
137,480,Mauritius,1107,Asses,1985,60,E,,,,
138,484,Mexico,1107,Asses,1985,3182500,E,,,,
141,496,Mongolia,1107,Asses,1985,,M,,,,
143,504,Morocco,1107,Asses,1985,741400,A,,,,
144,508,Mozambique,1107,Asses,1985,20000,E,,,,
147,516,Namibia,1107,Asses,1985,67500,E,,,,
157,558,Nicaragua,1107,Asses,1985,7800,E,,,,
158,562,Niger,1107,Asses,1985,707250,A,,,,
159,566,Nigeria,1107,Asses,1985,760000,E,,,,
221,512,Oman,1107,Asses,1985,23000,E,,,,
165,586,Pakistan,1107,Asses,1985,2778000,A,,,,
169,600,Paraguay,1107,Asses,1985,30000,E,,,,
170,604,Peru,1107,Asses,1985,490000,E,,,,
174,620,Portugal,1107,Asses,1985,175000,E,,,,
177,630,Puerto Rico,1107,Asses,1985,1800,E,,,,
117,410,Republic of Korea,1107,Asses,1985,25,A,,,,
183,642,Romania,1107,Asses,1985,35000,E,,,,
182,638,Réunion,1107,Asses,1985,5,A,,,,
189,662,Saint Lucia,1107,Asses,1985,500,E,,,,
191,670,Saint Vincent and the Grenadines,1107,Asses,1985,1100,E,,,,
244,882,Samoa,1107,Asses,1985,7000,E,,,,
193,678,Sao Tome and Principe,1107,Asses,1985,28,E,,,,
194,682,Saudi Arabia,1107,Asses,1985,109000,E,,,,
195,686,Senegal,1107,Asses,1985,206000,A,,,,
201,706,Somalia,1107,Asses,1985,24400,E,,,,
202,710,South Africa,1107,Asses,1985,210000,E,,,,
203,724,Spain,1107,Asses,1985,155000,A,,,,
206,736,Sudan (former),1107,Asses,1985,600000,E,,,,
207,740,Suriname,1107,Asses,1985,25,A,,,,
211,756,Switzerland,1107,Asses,1985,1954,A,,,,
212,760,Syrian Arab Republic,1107,Asses,1985,196000,A,,,,
216,764,Thailand,1107,Asses,1985,90,E,,,,
217,768,Togo,1107,Asses,1985,2498,A,,,,
220,780,Trinidad and Tobago,1107,Asses,1985,2000,E,,,,
222,788,Tunisia,1107,Asses,1985,215000,E,,,,
223,792,Türkiye,1107,Asses,1985,1226000,A,,,,
226,800,Uganda,1107,Asses,1985,16400,E,,,,
215,834,United Republic of Tanzania,1107,Asses,1985,169000,E,,,,
231,840,United States of America,1107,Asses,1985,24000,A,,,,
234,858,Uruguay,1107,Asses,1985,1200,E,,,,
236,862,Venezuela (Bolivarian Republic of),1107,Asses,1985,440000,E,,,,
249,887,Yemen,1107,Asses,1985,570000,E,,,,
251,894,Zambia,1107,Asses,1985,1150,E,,,,
181,716,Zimbabwe,1107,Asses,1985,98000,E,,,,
248,890,Yugoslav SFR,1107,Asses,1986,13000,X,,,,
228,810,USSR,1107,Asses,1986,300000,A,,,,
62,230,Ethiopia PDR,1107,Asses,1986,4600000,E,,,,
2,4,Afghanistan,1107,Asses,1986,1325000,X,,,,
3,8,Albania,1107,Asses,1986,95000,E,,,,
4,12,Algeria,1107,Asses,1986,340090,A,,,,
7,24,Angola,1107,Asses,1986,4600,E,,,,
8,28,Antigua and Barbuda,1107,Asses,1986,1600,E,,,,
9,32,Argentina,1107,Asses,1986,90000,E,,,,
10,36,Australia,1107,Asses,1986,4500,E,,,,
13,48,Bahrain,1107,Asses,1986,,A,,,,
14,52,Barbados,1107,Asses,1986,2000,E,,,,
53,204,Benin,1107,Asses,1986,500,E,,,,
18,64,Bhutan,1107,Asses,1986,18000,E,,,,
19,68,Bolivia (Plurinational State of),1107,Asses,1986,600000,E,,,,
20,72,Botswana,1107,Asses,1986,142000,A,,,,
21,76,Brazil,1107,Asses,1986,1285754,A,,,,
27,100,Bulgaria,1107,Asses,1986,344565,A,,,,
233,854,Burkina Faso,1107,Asses,1986,380000,A,,,,
35,132,Cabo Verde,1107,Asses,1986,6000,E,,,,
32,120,Cameroon,1107,Asses,1986,34000,E,,,,
37,140,Central African Republic,1107,Asses,1986,,A,,,,
39,148,Chad,1107,Asses,1986,227300,A,,,,
40,152,Chile,1107,Asses,1986,28000,E,,,,
41,156,"China, mainland",1107,Asses,1986,10415000,A,,,,
44,170,Colombia,1107,Asses,1986,672296,A,,,,
45,174,Comoros,1107,Asses,1986,4100,E,,,,
48,188,Costa Rica,1107,Asses,1986,6800,E,,,,
49,192,Cuba,1107,Asses,1986,4000,A,,,,
50,196,Cyprus,1107,Asses,1986,6100,A,,,,
250,180,Democratic Republic of the Congo,1107,Asses,1986,,A,,,,
72,262,Djibouti,1107,Asses,1986,7500,E,,,,
56,214,Dominican Republic,1107,Asses,1986,140000,E,,,,
58,218,Ecuador,1107,Asses,1986,161900,A,,,,
59,818,Egypt,1107,Asses,1986,1879000,A,,,,
60,222,El Salvador,1107,Asses,1986,2200,E,,,,
209,748,Eswatini,1107,Asses,1986,13366,A,,,,
68,250,France,1107,Asses,1986,23000,E,,,,
75,270,Gambia,1107,Asses,1986,40000,E,,,,
81,288,Ghana,1107,Asses,1986,13182,A,,,,
84,300,Greece,1107,Asses,1986,177408,A,,,,
86,308,Grenada,1107,Asses,1986,650,E,,,,
87,312,Guadeloupe,1107,Asses,1986,400,E,,,,
89,320,Guatemala,1107,Asses,1986,8600,E,,,,
90,324,Guinea,1107,Asses,1986,1800,E,,,,
175,624,Guinea-Bissau,1107,Asses,1986,3500,E,,,,
91,328,Guyana,1107,Asses,1986,1000,E,,,,
93,332,Haiti,1107,Asses,1986,215000,E,,,,
95,340,Honduras,1107,Asses,1986,21800,E,,,,
97,348,Hungary,1107,Asses,1986,4000,E,,,,
100,356,India,1107,Asses,1986,1000000,X,,,,
102,364,Iran (Islamic Republic of),1107,Asses,1986,2050000,E,,,,
103,368,Iraq,1107,Asses,1986,425000,E,,,,
104,372,Ireland,1107,Asses,1986,17000,E,,,,
105,376,Israel,1107,Asses,1986,5000,E,,,,
106,380,Italy,1107,Asses,1986,94100,A,,,,
109,388,Jamaica,1107,Asses,1986,23000,E,,,,
112,400,Jordan,1107,Asses,1986,19000,E,,,,
121,422,Lebanon,1107,Asses,1986,12500,E,,,,
122,426,Lesotho,1107,Asses,1986,136470,A,,,,
124,434,Libya,1107,Asses,1986,60500,E,,,,
129,450,Madagascar,1107,Asses,1986,171,A,,,,
130,454,Malawi,1107,Asses,1986,1786,A,,,,
133,466,Mali,1107,Asses,1986,383000,A,,,,
134,470,Malta,1107,Asses,1986,520,E,,,,
136,478,Mauritania,1107,Asses,1986,149000,E,,,,
137,480,Mauritius,1107,Asses,1986,60,E,,,,
138,484,Mexico,1107,Asses,1986,3183000,E,,,,
141,496,Mongolia,1107,Asses,1986,,M,,,,
143,504,Morocco,1107,Asses,1986,785040,A,,,,
144,508,Mozambique,1107,Asses,1986,20000,E,,,,
147,516,Namibia,1107,Asses,1986,67500,E,,,,
157,558,Nicaragua,1107,Asses,1986,7900,E,,,,
158,562,Niger,1107,Asses,1986,1013910,A,,,,
159,566,Nigeria,1107,Asses,1986,800000,E,,,,
221,512,Oman,1107,Asses,1986,23500,E,,,,
165,586,Pakistan,1107,Asses,1986,2857000,A,,,,
169,600,Paraguay,1107,Asses,1986,30000,E,,,,
170,604,Peru,1107,Asses,1986,490000,E,,,,
174,620,Portugal,1107,Asses,1986,175000,E,,,,
177,630,Puerto Rico,1107,Asses,1986,1950,E,,,,
117,410,Republic of Korea,1107,Asses,1986,50,X,,,,
183,642,Romania,1107,Asses,1986,35000,E,,,,
182,638,Réunion,1107,Asses,1986,5,A,,,,
189,662,Saint Lucia,1107,Asses,1986,500,E,,,,
191,670,Saint Vincent and the Grenadines,1107,Asses,1986,1100,E,,,,
244,882,Samoa,1107,Asses,1986,7000,E,,,,
193,678,Sao Tome and Principe,1107,Asses,1986,28,E,,,,
194,682,Saudi Arabia,1107,Asses,1986,108000,E,,,,
195,686,Senegal,1107,Asses,1986,204000,A,,,,
201,706,Somalia,1107,Asses,1986,24600,E,,,,
202,710,South Africa,1107,Asses,1986,210000,E,,,,
203,724,Spain,1107,Asses,1986,139612,A,,,,
206,736,Sudan (former),1107,Asses,1986,650000,E,,,,
207,740,Suriname,1107,Asses,1986,89,A,,,,
211,756,Switzerland,1107,Asses,1986,1950,A,,,,
212,760,Syrian Arab Republic,1107,Asses,1986,198955,A,,,,
216,764,Thailand,1107,Asses,1986,80,E,,,,
217,768,Togo,1107,Asses,1986,2852,A,,,,
220,780,Trinidad and Tobago,1107,Asses,1986,2000,E,,,,
222,788,Tunisia,1107,Asses,1986,216700,E,,,,
223,792,Türkiye,1107,Asses,1986,1192000,A,,,,
226,800,Uganda,1107,Asses,1986,16500,E,,,,
215,834,United Republic of Tanzania,1107,Asses,1986,170000,E,,,,
231,840,United States of America,1107,Asses,1986,24000,E,,,,
234,858,Uruguay,1107,Asses,1986,1250,E,,,,
236,862,Venezuela (Bolivarian Republic of),1107,Asses,1986,440000,E,,,,
249,887,Yemen,1107,Asses,1986,547000,E,,,,
251,894,Zambia,1107,Asses,1986,1200,E,,,,
181,716,Zimbabwe,1107,Asses,1986,99000,E,,,,
62,230,Ethiopia PDR,1107,Asses,1987,4700000,E,,,,
228,810,USSR,1107,Asses,1987,300000,A,,,,
248,890,Yugoslav SFR,1107,Asses,1987,13320,X,,,,
2,4,Afghanistan,1107,Asses,1987,1300000,A,,,,
3,8,Albania,1107,Asses,1987,95000,E,,,,
4,12,Algeria,1107,Asses,1987,354000,A,,,,
7,24,Angola,1107,Asses,1987,4600,E,,,,
8,28,Antigua and Barbuda,1107,Asses,1987,1600,E,,,,
9,32,Argentina,1107,Asses,1987,90000,E,,,,
10,36,Australia,1107,Asses,1987,2213,A,,,,
13,48,Bahrain,1107,Asses,1987,,A,,,,
14,52,Barbados,1107,Asses,1987,2000,E,,,,
53,204,Benin,1107,Asses,1987,500,E,,,,
18,64,Bhutan,1107,Asses,1987,18000,E,,,,
19,68,Bolivia (Plurinational State of),1107,Asses,1987,610000,E,,,,
20,72,Botswana,1107,Asses,1987,147000,A,,,,
21,76,Brazil,1107,Asses,1987,1295036,A,,,,
27,100,Bulgaria,1107,Asses,1987,340835,A,,,,
233,854,Burkina Faso,1107,Asses,1987,387000,A,,,,
35,132,Cabo Verde,1107,Asses,1987,6306,A,,,,
32,120,Cameroon,1107,Asses,1987,25092,A,,,,
37,140,Central African Republic,1107,Asses,1987,,A,,,,
39,148,Chad,1107,Asses,1987,221648,A,,,,
40,152,Chile,1107,Asses,1987,28000,E,,,,
41,156,"China, mainland",1107,Asses,1987,10689000,A,,,,
44,170,Colombia,1107,Asses,1987,682380,A,,,,
45,174,Comoros,1107,Asses,1987,4200,E,,,,
48,188,Costa Rica,1107,Asses,1987,6900,E,,,,
49,192,Cuba,1107,Asses,1987,4000,A,,,,
50,196,Cyprus,1107,Asses,1987,6100,A,,,,
250,180,Democratic Republic of the Congo,1107,Asses,1987,,A,,,,
72,262,Djibouti,1107,Asses,1987,7700,E,,,,
56,214,Dominican Republic,1107,Asses,1987,140000,E,,,,
58,218,Ecuador,1107,Asses,1987,214800,A,,,,
59,818,Egypt,1107,Asses,1987,1900000,E,,,,
60,222,El Salvador,1107,Asses,1987,2200,E,,,,
209,748,Eswatini,1107,Asses,1987,12803,A,,,,
68,250,France,1107,Asses,1987,22000,E,,,,
75,270,Gambia,1107,Asses,1987,40000,E,,,,
81,288,Ghana,1107,Asses,1987,13595,A,,,,
84,300,Greece,1107,Asses,1987,187577,A,,,,
86,308,Grenada,1107,Asses,1987,650,E,,,,
87,312,Guadeloupe,1107,Asses,1987,250,E,,,,
89,320,Guatemala,1107,Asses,1987,8700,E,,,,
90,324,Guinea,1107,Asses,1987,1600,E,,,,
175,624,Guinea-Bissau,1107,Asses,1987,4000,E,,,,
91,328,Guyana,1107,Asses,1987,1000,E,,,,
93,332,Haiti,1107,Asses,1987,216000,E,,,,
95,340,Honduras,1107,Asses,1987,21900,E,,,,
97,348,Hungary,1107,Asses,1987,4614,A,,,,
100,356,India,1107,Asses,1987,958000,A,,,,
102,364,Iran (Islamic Republic of),1107,Asses,1987,2000000,E,,,,
103,368,Iraq,1107,Asses,1987,425000,E,,,,
104,372,Ireland,1107,Asses,1987,16000,E,,,,
105,376,Israel,1107,Asses,1987,5000,E,,,,
106,380,Italy,1107,Asses,1987,90500,A,,,,
109,388,Jamaica,1107,Asses,1987,23000,E,,,,
112,400,Jordan,1107,Asses,1987,19000,A,,,,
121,422,Lebanon,1107,Asses,1987,14000,E,,,,
122,426,Lesotho,1107,Asses,1987,147580,A,,,,
124,434,Libya,1107,Asses,1987,60800,E,,,,
129,450,Madagascar,1107,Asses,1987,151,A,,,,
130,454,Malawi,1107,Asses,1987,1323,A,,,,
133,466,Mali,1107,Asses,1987,348009,A,,,,
134,470,Malta,1107,Asses,1987,500,E,,,,
136,478,Mauritania,1107,Asses,1987,149000,E,,,,
137,480,Mauritius,1107,Asses,1987,60,E,,,,
138,484,Mexico,1107,Asses,1987,3184000,E,,,,
141,496,Mongolia,1107,Asses,1987,,M,,,,
143,504,Morocco,1107,Asses,1987,854125,A,,,,
144,508,Mozambique,1107,Asses,1987,20000,E,,,,
147,516,Namibia,1107,Asses,1987,67500,E,,,,
157,558,Nicaragua,1107,Asses,1987,8000,E,,,,
158,562,Niger,1107,Asses,1987,1034190,A,,,,
159,566,Nigeria,1107,Asses,1987,830000,E,,,,
221,512,Oman,1107,Asses,1987,24000,E,,,,
165,586,Pakistan,1107,Asses,1987,2938000,A,,,,
169,600,Paraguay,1107,Asses,1987,31000,E,,,,
170,604,Peru,1107,Asses,1987,490000,E,,,,
174,620,Portugal,1107,Asses,1987,170000,E,,,,
177,630,Puerto Rico,1107,Asses,1987,2000,E,,,,
117,410,Republic of Korea,1107,Asses,1987,5,A,,,,
183,642,Romania,1107,Asses,1987,36000,E,,,,
182,638,Réunion,1107,Asses,1987,5,A,,,,
189,662,Saint Lucia,1107,Asses,1987,500,E,,,,
191,670,Saint Vincent and the Grenadines,1107,Asses,1987,1100,E,,,,
244,882,Samoa,1107,Asses,1987,7000,E,,,,
193,678,Sao Tome and Principe,1107,Asses,1987,28,E,,,,
194,682,Saudi Arabia,1107,Asses,1987,107000,E,,,,
195,686,Senegal,1107,Asses,1987,200000,A,,,,
201,706,Somalia,1107,Asses,1987,24800,E,,,,
202,710,South Africa,1107,Asses,1987,210000,E,,,,
203,724,Spain,1107,Asses,1987,120000,E,,,,
206,736,Sudan (former),1107,Asses,1987,660000,E,,,,
207,740,Suriname,1107,Asses,1987,77,A,,,,
211,756,Switzerland,1107,Asses,1987,1941,A,,,,
212,760,Syrian Arab Republic,1107,Asses,1987,184000,A,,,,
216,764,Thailand,1107,Asses,1987,70,E,,,,
217,768,Togo,1107,Asses,1987,2246,A,,,,
220,780,Trinidad and Tobago,1107,Asses,1987,2000,E,,,,
222,788,Tunisia,1107,Asses,1987,218400,E,,,,
223,792,Türkiye,1107,Asses,1987,1188000,A,,,,
226,800,Uganda,1107,Asses,1987,16600,E,,,,
215,834,United Republic of Tanzania,1107,Asses,1987,171000,E,,,,
231,840,United States of America,1107,Asses,1987,24000,E,,,,
234,858,Uruguay,1107,Asses,1987,1250,E,,,,
236,862,Venezuela (Bolivarian Republic of),1107,Asses,1987,440000,E,,,,
249,887,Yemen,1107,Asses,1987,524000,E,,,,
251,894,Zambia,1107,Asses,1987,1300,E,,,,
181,716,Zimbabwe,1107,Asses,1987,100000,E,,,,
62,230,Ethiopia PDR,1107,Asses,1988,4800000,E,,,,
248,890,Yugoslav SFR,1107,Asses,1988,14380,X,,,,
228,810,USSR,1107,Asses,1988,300000,A,,,,
2,4,Afghanistan,1107,Asses,1988,1000000,E,,,,
3,8,Albania,1107,Asses,1988,98000,E,,,,
4,12,Algeria,1107,Asses,1988,327100,A,,,,
7,24,Angola,1107,Asses,1988,4500,E,,,,
8,28,Antigua and Barbuda,1107,Asses,1988,1600,E,,,,
9,32,Argentina,1107,Asses,1988,90000,E,,,,
10,36,Australia,1107,Asses,1988,1401,A,,,,
13,48,Bahrain,1107,Asses,1988,,A,,,,
14,52,Barbados,1107,Asses,1988,2000,E,,,,
53,204,Benin,1107,Asses,1988,500,E,,,,
18,64,Bhutan,1107,Asses,1988,18100,E,,,,
19,68,Bolivia (Plurinational State of),1107,Asses,1988,620000,E,,,,
20,72,Botswana,1107,Asses,1988,150000,A,,,,
21,76,Brazil,1107,Asses,1988,1304119,A,,,,
27,100,Bulgaria,1107,Asses,1988,332951,A,,,,
233,854,Burkina Faso,1107,Asses,1988,395000,A,,,,
35,132,Cabo Verde,1107,Asses,1988,7152,A,,,,
32,120,Cameroon,1107,Asses,1988,33047,A,,,,
37,140,Central African Republic,1107,Asses,1988,,A,,,,
39,148,Chad,1107,Asses,1988,234330,A,,,,
40,152,Chile,1107,Asses,1988,28000,E,,,,
41,156,"China, mainland",1107,Asses,1988,10846000,A,,,,
44,170,Colombia,1107,Asses,1988,692615,A,,,,
45,174,Comoros,1107,Asses,1988,4300,E,,,,
48,188,Costa Rica,1107,Asses,1988,7000,E,,,,
49,192,Cuba,1107,Asses,1988,4200,A,,,,
50,196,Cyprus,1107,Asses,1988,5500,A,,,,
250,180,Democratic Republic of the Congo,1107,Asses,1988,,A,,,,
72,262,Djibouti,1107,Asses,1988,7800,E,,,,
56,214,Dominican Republic,1107,Asses,1988,142000,E,,,,
58,218,Ecuador,1107,Asses,1988,221300,A,,,,
59,818,Egypt,1107,Asses,1988,2000000,E,,,,
60,222,El Salvador,1107,Asses,1988,2300,E,,,,
209,748,Eswatini,1107,Asses,1988,11922,A,,,,
68,250,France,1107,Asses,1988,22000,E,,,,
75,270,Gambia,1107,Asses,1988,40136,A,,,,
81,288,Ghana,1107,Asses,1988,9863,A,,,,
84,300,Greece,1107,Asses,1988,157132,A,,,,
86,308,Grenada,1107,Asses,1988,650,E,,,,
87,312,Guadeloupe,1107,Asses,1988,250,E,,,,
89,320,Guatemala,1107,Asses,1988,8700,E,,,,
90,324,Guinea,1107,Asses,1988,1400,E,,,,
175,624,Guinea-Bissau,1107,Asses,1988,4500,E,,,,
91,328,Guyana,1107,Asses,1988,1000,E,,,,
93,332,Haiti,1107,Asses,1988,216000,E,,,,
95,340,Honduras,1107,Asses,1988,22000,E,,,,
97,348,Hungary,1107,Asses,1988,4500,E,,,,
100,356,India,1107,Asses,1988,960000,X,,,,
102,364,Iran (Islamic Republic of),1107,Asses,1988,2000000,E,,,,
103,368,Iraq,1107,Asses,1988,430000,E,,,,
104,372,Ireland,1107,Asses,1988,15000,E,,,,
105,376,Israel,1107,Asses,1988,5000,E,,,,
106,380,Italy,1107,Asses,1988,85800,A,,,,
109,388,Jamaica,1107,Asses,1988,23000,E,,,,
112,400,Jordan,1107,Asses,1988,19000,A,,,,
121,422,Lebanon,1107,Asses,1988,16000,E,,,,
122,426,Lesotho,1107,Asses,1988,130830,A,,,,
124,434,Libya,1107,Asses,1988,61000,E,,,,
129,450,Madagascar,1107,Asses,1988,97,A,,,,
130,454,Malawi,1107,Asses,1988,1463,A,,,,
133,466,Mali,1107,Asses,1988,510187,A,,,,
134,470,Malta,1107,Asses,1988,500,E,,,,
136,478,Mauritania,1107,Asses,1988,149400,E,,,,
137,480,Mauritius,1107,Asses,1988,60,E,,,,
138,484,Mexico,1107,Asses,1988,3185000,E,,,,
141,496,Mongolia,1107,Asses,1988,,M,,,,
143,504,Morocco,1107,Asses,1988,904108,A,,,,
144,508,Mozambique,1107,Asses,1988,20000,E,,,,
147,516,Namibia,1107,Asses,1988,68000,E,,,,
157,558,Nicaragua,1107,Asses,1988,8000,E,,,,
158,562,Niger,1107,Asses,1988,1054870,A,,,,
159,566,Nigeria,1107,Asses,1988,860000,E,,,,
221,512,Oman,1107,Asses,1988,24500,E,,,,
165,586,Pakistan,1107,Asses,1988,3202000,A,,,,
169,600,Paraguay,1107,Asses,1988,31000,E,,,,
170,604,Peru,1107,Asses,1988,490000,E,,,,
174,620,Portugal,1107,Asses,1988,170000,E,,,,
177,630,Puerto Rico,1107,Asses,1988,2000,E,,,,
117,410,Republic of Korea,1107,Asses,1988,13,A,,,,
183,642,Romania,1107,Asses,1988,36000,E,,,,
182,638,Réunion,1107,Asses,1988,41,A,,,,
189,662,Saint Lucia,1107,Asses,1988,500,E,,,,
191,670,Saint Vincent and the Grenadines,1107,Asses,1988,1150,E,,,,
244,882,Samoa,1107,Asses,1988,7000,E,,,,
193,678,Sao Tome and Principe,1107,Asses,1988,28,E,,,,
194,682,Saudi Arabia,1107,Asses,1988,106000,E,,,,
195,686,Senegal,1107,Asses,1988,286000,A,,,,
201,706,Somalia,1107,Asses,1988,25000,E,,,,
202,710,South Africa,1107,Asses,1988,210000,E,,,,
203,724,Spain,1107,Asses,1988,105000,E,,,,
206,736,Sudan (former),1107,Asses,1988,650000,E,,,,
207,740,Suriname,1107,Asses,1988,45,A,,,,
211,756,Switzerland,1107,Asses,1988,1934,A,,,,
212,760,Syrian Arab Republic,1107,Asses,1988,177000,A,,,,
216,764,Thailand,1107,Asses,1988,60,E,,,,
217,768,Togo,1107,Asses,1988,2800,A,,,,
220,780,Trinidad and Tobago,1107,Asses,1988,2000,E,,,,
222,788,Tunisia,1107,Asses,1988,220300,E,,,,
223,792,Türkiye,1107,Asses,1988,1153000,A,,,,
226,800,Uganda,1107,Asses,1988,16700,E,,,,
215,834,United Republic of Tanzania,1107,Asses,1988,172000,E,,,,
231,840,United States of America,1107,Asses,1988,26000,E,,,,
234,858,Uruguay,1107,Asses,1988,1250,E,,,,
236,862,Venezuela (Bolivarian Republic of),1107,Asses,1988,440000,E,,,,
249,887,Yemen,1107,Asses,1988,500000,A,,,,
251,894,Zambia,1107,Asses,1988,1400,E,,,,
181,716,Zimbabwe,1107,Asses,1988,101000,E,,,,
62,230,Ethiopia PDR,1107,Asses,1989,4900000,E,,,,
248,890,Yugoslav SFR,1107,Asses,1989,13360,X,,,,
228,810,USSR,1107,Asses,1989,300000,E,,,,
2,4,Afghanistan,1107,Asses,1989,800000,E,,,,
3,8,Albania,1107,Asses,1989,100000,E,,,,
4,12,Algeria,1107,Asses,1989,322370,A,,,,
7,24,Angola,1107,Asses,1989,4400,E,,,,
8,28,Antigua and Barbuda,1107,Asses,1989,1600,E,,,,
9,32,Argentina,1107,Asses,1989,90000,E,,,,
10,36,Australia,1107,Asses,1989,1863,A,,,,
13,48,Bahrain,1107,Asses,1989,,A,,,,
14,52,Barbados,1107,Asses,1989,2000,E,,,,
53,204,Benin,1107,Asses,1989,500,E,,,,
18,64,Bhutan,1107,Asses,1989,18200,E,,,,
19,68,Bolivia (Plurinational State of),1107,Asses,1989,630000,E,,,,
20,72,Botswana,1107,Asses,1989,150800,A,,,,
21,76,Brazil,1107,Asses,1989,1322156,A,,,,
27,100,Bulgaria,1107,Asses,1989,328550,A,,,,
233,854,Burkina Faso,1107,Asses,1989,403000,A,,,,
35,132,Cabo Verde,1107,Asses,1989,10800,A,,,,
32,120,Cameroon,1107,Asses,1989,35000,E,,,,
37,140,Central African Republic,1107,Asses,1989,,A,,,,
39,148,Chad,1107,Asses,1989,258600,A,,,,
40,152,Chile,1107,Asses,1989,28000,E,,,,
41,156,"China, mainland",1107,Asses,1989,11052000,A,,,,
44,170,Colombia,1107,Asses,1989,703000,A,,,,
45,174,Comoros,1107,Asses,1989,4300,E,,,,
48,188,Costa Rica,1107,Asses,1989,7000,E,,,,
49,192,Cuba,1107,Asses,1989,4500,A,,,,
50,196,Cyprus,1107,Asses,1989,5200,A,,,,
250,180,Democratic Republic of the Congo,1107,Asses,1989,,A,,,,
72,262,Djibouti,1107,Asses,1989,7800,E,,,,
56,214,Dominican Republic,1107,Asses,1989,142000,E,,,,
58,218,Ecuador,1107,Asses,1989,241800,A,,,,
59,818,Egypt,1107,Asses,1989,2158000,E,,,,
60,222,El Salvador,1107,Asses,1989,2400,E,,,,
209,748,Eswatini,1107,Asses,1989,11951,A,,,,
68,250,France,1107,Asses,1989,21000,E,,,,
75,270,Gambia,1107,Asses,1989,40874,A,,,,
81,288,Ghana,1107,Asses,1989,10729,A,,,,
84,300,Greece,1107,Asses,1989,146949,A,,,,
86,308,Grenada,1107,Asses,1989,650,E,,,,
87,312,Guadeloupe,1107,Asses,1989,230,E,,,,
89,320,Guatemala,1107,Asses,1989,8800,E,,,,
90,324,Guinea,1107,Asses,1989,1379,A,,,,
175,624,Guinea-Bissau,1107,Asses,1989,4750,A,,,,
91,328,Guyana,1107,Asses,1989,1000,E,,,,
93,332,Haiti,1107,Asses,1989,217000,E,,,,
95,340,Honduras,1107,Asses,1989,22100,E,,,,
97,348,Hungary,1107,Asses,1989,4300,E,,,,
100,356,India,1107,Asses,1989,960000,X,,,,
102,364,Iran (Islamic Republic of),1107,Asses,1989,2014220,A,,,,
103,368,Iraq,1107,Asses,1989,442000,E,,,,
104,372,Ireland,1107,Asses,1989,14000,E,,,,
105,376,Israel,1107,Asses,1989,5000,E,,,,
106,380,Italy,1107,Asses,1989,81000,A,,,,
109,388,Jamaica,1107,Asses,1989,23000,E,,,,
112,400,Jordan,1107,Asses,1989,19000,A,,,,
121,422,Lebanon,1107,Asses,1989,18000,E,,,,
122,426,Lesotho,1107,Asses,1989,150801,A,,,,
124,434,Libya,1107,Asses,1989,61500,E,,,,
129,450,Madagascar,1107,Asses,1989,97,A,,,,
130,454,Malawi,1107,Asses,1989,1500,E,,,,
133,466,Mali,1107,Asses,1989,517320,A,,,,
134,470,Malta,1107,Asses,1989,500,A,,,,
136,478,Mauritania,1107,Asses,1989,150100,E,,,,
137,480,Mauritius,1107,Asses,1989,60,E,,,,
138,484,Mexico,1107,Asses,1989,3186000,E,,,,
141,496,Mongolia,1107,Asses,1989,1067,A,,,,
143,504,Morocco,1107,Asses,1989,918239,A,,,,
144,508,Mozambique,1107,Asses,1989,20000,E,,,,
147,516,Namibia,1107,Asses,1989,68000,E,,,,
157,558,Nicaragua,1107,Asses,1989,8000,E,,,,
158,562,Niger,1107,Asses,1989,1075970,A,,,,
159,566,Nigeria,1107,Asses,1989,900000,E,,,,
221,512,Oman,1107,Asses,1989,25000,E,,,,
165,586,Pakistan,1107,Asses,1989,3309000,A,,,,
169,600,Paraguay,1107,Asses,1989,31000,E,,,,
170,604,Peru,1107,Asses,1989,490000,E,,,,
174,620,Portugal,1107,Asses,1989,170000,E,,,,
177,630,Puerto Rico,1107,Asses,1989,2000,E,,,,
117,410,Republic of Korea,1107,Asses,1989,8,A,,,,
183,642,Romania,1107,Asses,1989,36000,E,,,,
182,638,Réunion,1107,Asses,1989,30,A,,,,
189,662,Saint Lucia,1107,Asses,1989,500,E,,,,
191,670,Saint Vincent and the Grenadines,1107,Asses,1989,1150,E,,,,
244,882,Samoa,1107,Asses,1989,7000,E,,,,
193,678,Sao Tome and Principe,1107,Asses,1989,30,E,,,,
194,682,Saudi Arabia,1107,Asses,1989,105000,E,,,,
195,686,Senegal,1107,Asses,1989,303000,A,,,,
201,706,Somalia,1107,Asses,1989,25200,E,,,,
202,710,South Africa,1107,Asses,1989,210000,E,,,,
203,724,Spain,1107,Asses,1989,100000,E,,,,
206,736,Sudan (former),1107,Asses,1989,670000,E,,,,
207,740,Suriname,1107,Asses,1989,30,A,,,,
211,756,Switzerland,1107,Asses,1989,1950,E,,,,
212,760,Syrian Arab Republic,1107,Asses,1989,178000,A,,,,
216,764,Thailand,1107,Asses,1989,50,E,,,,
217,768,Togo,1107,Asses,1989,4100,A,,,,
220,780,Trinidad and Tobago,1107,Asses,1989,2000,E,,,,
222,788,Tunisia,1107,Asses,1989,224000,E,,,,
223,792,Türkiye,1107,Asses,1989,1119000,A,,,,
226,800,Uganda,1107,Asses,1989,16800,E,,,,
215,834,United Republic of Tanzania,1107,Asses,1989,173000,E,,,,
231,840,United States of America,1107,Asses,1989,55000,E,,,,
234,858,Uruguay,1107,Asses,1989,1250,E,,,,
236,862,Venezuela (Bolivarian Republic of),1107,Asses,1989,440000,E,,,,
249,887,Yemen,1107,Asses,1989,500000,A,,,,
251,894,Zambia,1107,Asses,1989,1499,A,,,,
181,716,Zimbabwe,1107,Asses,1989,102000,E,,,,
228,810,USSR,1107,Asses,1990,300000,E,,,,
248,890,Yugoslav SFR,1107,Asses,1990,17830,A,,,,
62,230,Ethiopia PDR,1107,Asses,1990,5000000,E,,,,
2,4,Afghanistan,1107,Asses,1990,600000,E,,,,
3,8,Albania,1107,Asses,1990,104400,A,,,,
4,12,Algeria,1107,Asses,1990,298780,A,,,,
7,24,Angola,1107,Asses,1990,4500,E,,,,
8,28,Antigua and Barbuda,1107,Asses,1990,1400,E,,,,
9,32,Argentina,1107,Asses,1990,90000,E,,,,
10,36,Australia,1107,Asses,1990,2310,A,,,,
13,48,Bahrain,1107,Asses,1990,,A,,,,
14,52,Barbados,1107,Asses,1990,2000,E,,,,
53,204,Benin,1107,Asses,1990,500,E,,,,
18,64,Bhutan,1107,Asses,1990,18200,E,,,,
19,68,Bolivia (Plurinational State of),1107,Asses,1990,630000,E,,,,
20,72,Botswana,1107,Asses,1990,158000,A,,,,
21,76,Brazil,1107,Asses,1990,1342826,A,,,,
27,100,Bulgaria,1107,Asses,1990,328587,A,,,,
233,854,Burkina Faso,1107,Asses,1990,427294,E,,,,
35,132,Cabo Verde,1107,Asses,1990,11000,E,,,,
32,120,Cameroon,1107,Asses,1990,35000,E,,,,
37,140,Central African Republic,1107,Asses,1990,,A,,,,
39,148,Chad,1107,Asses,1990,263750,A,,,,
40,152,Chile,1107,Asses,1990,28000,E,,,,
41,156,"China, mainland",1107,Asses,1990,11136000,A,,,,
44,170,Colombia,1107,Asses,1990,650000,E,,,,
45,174,Comoros,1107,Asses,1990,4400,E,,,,
48,188,Costa Rica,1107,Asses,1990,7000,E,,,,
49,192,Cuba,1107,Asses,1990,4900,A,,,,
50,196,Cyprus,1107,Asses,1990,5200,E,,,,
250,180,Democratic Republic of the Congo,1107,Asses,1990,,A,,,,
72,262,Djibouti,1107,Asses,1990,7900,E,,,,
56,214,Dominican Republic,1107,Asses,1990,143000,E,,,,
58,218,Ecuador,1107,Asses,1990,253016,A,,,,
59,818,Egypt,1107,Asses,1990,2380000,E,,,,
60,222,El Salvador,1107,Asses,1990,2500,E,,,,
209,748,Eswatini,1107,Asses,1990,11645,A,,,,
68,250,France,1107,Asses,1990,21000,E,,,,
75,270,Gambia,1107,Asses,1990,36573,A,,,,
81,288,Ghana,1107,Asses,1990,10398,A,,,,
84,300,Greece,1107,Asses,1990,136987,A,,,,
86,308,Grenada,1107,Asses,1990,650,E,,,,
87,312,Guadeloupe,1107,Asses,1990,200,E,,,,
89,320,Guatemala,1107,Asses,1990,8900,E,,,,
90,324,Guinea,1107,Asses,1990,1400,E,,,,
175,624,Guinea-Bissau,1107,Asses,1990,4750,A,,,,
91,328,Guyana,1107,Asses,1990,1000,E,,,,
93,332,Haiti,1107,Asses,1990,215000,E,,,,
95,340,Honduras,1107,Asses,1990,22100,E,,,,
97,348,Hungary,1107,Asses,1990,4000,E,,,,
100,356,India,1107,Asses,1990,960000,X,,,,
102,364,Iran (Islamic Republic of),1107,Asses,1990,1859915,A,,,,
103,368,Iraq,1107,Asses,1990,443000,E,,,,
104,372,Ireland,1107,Asses,1990,13000,E,,,,
105,376,Israel,1107,Asses,1990,5000,E,,,,
106,380,Italy,1107,Asses,1990,74000,A,,,,
109,388,Jamaica,1107,Asses,1990,23000,E,,,,
112,400,Jordan,1107,Asses,1990,19000,E,,,,
121,422,Lebanon,1107,Asses,1990,19000,E,,,,
122,426,Lesotho,1107,Asses,1990,155000,E,,,,
124,434,Libya,1107,Asses,1990,61700,E,,,,
129,450,Madagascar,1107,Asses,1990,100,E,,,,
130,454,Malawi,1107,Asses,1990,1600,E,,,,
133,466,Mali,1107,Asses,1990,576000,A,,,,
134,470,Malta,1107,Asses,1990,500,E,,,,
136,478,Mauritania,1107,Asses,1990,151400,E,,,,
137,480,Mauritius,1107,Asses,1990,60,E,,,,
138,484,Mexico,1107,Asses,1990,3187000,E,,,,
141,496,Mongolia,1107,Asses,1990,1018,A,,,,
143,504,Morocco,1107,Asses,1990,911892,A,,,,
144,508,Mozambique,1107,Asses,1990,20000,E,,,,
147,516,Namibia,1107,Asses,1990,68000,E,,,,
157,558,Nicaragua,1107,Asses,1990,8000,E,,,,
158,562,Niger,1107,Asses,1990,1097490,A,,,,
159,566,Nigeria,1107,Asses,1990,936000,A,,,,
221,512,Oman,1107,Asses,1990,25100,E,,,,
165,586,Pakistan,1107,Asses,1990,3420000,A,,,,
169,600,Paraguay,1107,Asses,1990,31000,E,,,,
170,604,Peru,1107,Asses,1990,500000,E,,,,
174,620,Portugal,1107,Asses,1990,53164,I,,,,
177,630,Puerto Rico,1107,Asses,1990,2000,E,,,,
117,410,Republic of Korea,1107,Asses,1990,19,A,,,,
183,642,Romania,1107,Asses,1990,35000,E,,,,
182,638,Réunion,1107,Asses,1990,20,A,,,,
189,662,Saint Lucia,1107,Asses,1990,500,E,,,,
191,670,Saint Vincent and the Grenadines,1107,Asses,1990,1200,E,,,,
244,882,Samoa,1107,Asses,1990,7000,E,,,,
193,678,Sao Tome and Principe,1107,Asses,1990,30,E,,,,
194,682,Saudi Arabia,1107,Asses,1990,110000,A,,,,
195,686,Senegal,1107,Asses,1990,302900,A,,,,
201,706,Somalia,1107,Asses,1990,25300,E,,,,
202,710,South Africa,1107,Asses,1990,210000,E,,,,
203,724,Spain,1107,Asses,1990,140000,A,,,,
206,736,Sudan (former),1107,Asses,1990,675000,E,,,,
207,740,Suriname,1107,Asses,1990,20,A,,,,
211,756,Switzerland,1107,Asses,1990,2000,E,,,,
212,760,Syrian Arab Republic,1107,Asses,1990,168000,A,,,,
216,764,Thailand,1107,Asses,1990,40,E,,,,
217,768,Togo,1107,Asses,1990,3300,A,,,,
220,780,Trinidad and Tobago,1107,Asses,1990,2000,E,,,,
222,788,Tunisia,1107,Asses,1990,226400,E,,,,
223,792,Türkiye,1107,Asses,1990,1084000,A,,,,
226,800,Uganda,1107,Asses,1990,16900,E,,,,
215,834,United Republic of Tanzania,1107,Asses,1990,174000,E,,,,
231,840,United States of America,1107,Asses,1990,53000,E,,,,
234,858,Uruguay,1107,Asses,1990,1300,E,,,,
236,862,Venezuela (Bolivarian Republic of),1107,Asses,1990,440000,E,,,,
249,887,Yemen,1107,Asses,1990,500000,A,,,,
251,894,Zambia,1107,Asses,1990,1600,E,,,,
181,716,Zimbabwe,1107,Asses,1990,103000,E,,,,
62,230,Ethiopia PDR,1107,Asses,1991,5100000,E,,,,
248,890,Yugoslav SFR,1107,Asses,1991,29360,A,,,,
228,810,USSR,1107,Asses,1991,310000,E,,,,
2,4,Afghanistan,1107,Asses,1991,500000,E,,,,
3,8,Albania,1107,Asses,1991,105600,A,,,,
4,12,Algeria,1107,Asses,1991,298390,A,,,,
7,24,Angola,1107,Asses,1991,4500,E,,,,
8,28,Antigua and Barbuda,1107,Asses,1991,1500,E,,,,
9,32,Argentina,1107,Asses,1991,90000,E,,,,
10,36,Australia,1107,Asses,1991,2638,A,,,,
13,48,Bahrain,1107,Asses,1991,,A,,,,
14,52,Barbados,1107,Asses,1991,2000,E,,,,
53,204,Benin,1107,Asses,1991,500,E,,,,
18,64,Bhutan,1107,Asses,1991,18200,E,,,,
19,68,Bolivia (Plurinational State of),1107,Asses,1991,630000,E,,,,
20,72,Botswana,1107,Asses,1991,200000,E,,,,
21,76,Brazil,1107,Asses,1991,1364199,A,,,,
27,100,Bulgaria,1107,Asses,1991,328579,A,,,,
233,854,Burkina Faso,1107,Asses,1991,453052,E,,,,
35,132,Cabo Verde,1107,Asses,1991,12859,A,,,,
32,120,Cameroon,1107,Asses,1991,36000,E,,,,
37,140,Central African Republic,1107,Asses,1991,,A,,,,
39,148,Chad,1107,Asses,1991,238700,A,,,,
40,152,Chile,1107,Asses,1991,28000,E,,,,
41,156,"China, mainland",1107,Asses,1991,11198000,A,,,,
44,170,Colombia,1107,Asses,1991,625000,E,,,,
45,174,Comoros,1107,Asses,1991,4500,E,,,,
48,188,Costa Rica,1107,Asses,1991,7100,E,,,,
49,192,Cuba,1107,Asses,1991,5400,A,,,,
50,196,Cyprus,1107,Asses,1991,5200,E,,,,
250,180,Democratic Republic of the Congo,1107,Asses,1991,,A,,,,
72,262,Djibouti,1107,Asses,1991,8000,E,,,,
56,214,Dominican Republic,1107,Asses,1991,143000,E,,,,
58,218,Ecuador,1107,Asses,1991,259000,A,,,,
59,818,Egypt,1107,Asses,1991,2530000,E,,,,
60,222,El Salvador,1107,Asses,1991,2600,E,,,,
209,748,Eswatini,1107,Asses,1991,11883,A,,,,
68,250,France,1107,Asses,1991,14153,A,,,,
75,270,Gambia,1107,Asses,1991,31220,A,,,,
81,288,Ghana,1107,Asses,1991,12042,A,,,,
84,300,Greece,1107,Asses,1991,127373,A,,,,
86,308,Grenada,1107,Asses,1991,650,E,,,,
87,312,Guadeloupe,1107,Asses,1991,180,E,,,,
89,320,Guatemala,1107,Asses,1991,9000,E,,,,
90,324,Guinea,1107,Asses,1991,1400,E,,,,
175,624,Guinea-Bissau,1107,Asses,1991,4900,A,,,,
91,328,Guyana,1107,Asses,1991,1000,E,,,,
93,332,Haiti,1107,Asses,1991,213500,E,,,,
95,340,Honduras,1107,Asses,1991,22200,E,,,,
97,348,Hungary,1107,Asses,1991,3946,A,,,,
100,356,India,1107,Asses,1991,960000,X,,,,
102,364,Iran (Islamic Republic of),1107,Asses,1991,1859915,A,,,,
103,368,Iraq,1107,Asses,1991,350000,E,,,,
104,372,Ireland,1107,Asses,1991,6300,X,,,,
105,376,Israel,1107,Asses,1991,5000,E,,,,
106,380,Italy,1107,Asses,1991,50883,A,,,,
109,388,Jamaica,1107,Asses,1991,23000,E,,,,
112,400,Jordan,1107,Asses,1991,19000,E,,,,
121,422,Lebanon,1107,Asses,1991,21069,A,,,,
122,426,Lesotho,1107,Asses,1991,150000,E,,,,
124,434,Libya,1107,Asses,1991,52000,E,,,,
129,450,Madagascar,1107,Asses,1991,100,E,,,,
130,454,Malawi,1107,Asses,1991,1700,E,,,,
133,466,Mali,1107,Asses,1991,574328,A,,,,
134,470,Malta,1107,Asses,1991,500,E,,,,
136,478,Mauritania,1107,Asses,1991,156900,E,,,,
137,480,Mauritius,1107,Asses,1991,60,E,,,,
138,484,Mexico,1107,Asses,1991,3188000,E,,,,
141,496,Mongolia,1107,Asses,1991,1020,E,,,,
143,504,Morocco,1107,Asses,1991,919400,A,,,,
144,508,Mozambique,1107,Asses,1991,20000,E,,,,
147,516,Namibia,1107,Asses,1991,68000,E,,,,
157,558,Nicaragua,1107,Asses,1991,8100,E,,,,
158,562,Niger,1107,Asses,1991,1119440,A,,,,
159,566,Nigeria,1107,Asses,1991,960000,E,,,,
221,512,Oman,1107,Asses,1991,25500,E,,,,
165,586,Pakistan,1107,Asses,1991,3534000,A,,,,
169,600,Paraguay,1107,Asses,1991,31000,E,,,,
170,604,Peru,1107,Asses,1991,500000,E,,,,
174,620,Portugal,1107,Asses,1991,51261,I,,,,
177,630,Puerto Rico,1107,Asses,1991,2000,E,,,,
117,410,Republic of Korea,1107,Asses,1991,17,A,,,,
183,642,Romania,1107,Asses,1991,35000,E,,,,
182,638,Réunion,1107,Asses,1991,15,A,,,,
189,662,Saint Lucia,1107,Asses,1991,500,E,,,,
191,670,Saint Vincent and the Grenadines,1107,Asses,1991,1200,E,,,,
244,882,Samoa,1107,Asses,1991,7000,E,,,,
193,678,Sao Tome and Principe,1107,Asses,1991,30,E,,,,
194,682,Saudi Arabia,1107,Asses,1991,109000,A,,,,
195,686,Senegal,1107,Asses,1991,328000,A,,,,
201,706,Somalia,1107,Asses,1991,20000,E,,,,
202,710,South Africa,1107,Asses,1991,210000,E,,,,
203,724,Spain,1107,Asses,1991,140000,A,,,,
206,736,Sudan (former),1107,Asses,1991,680000,E,,,,
207,740,Suriname,1107,Asses,1991,20,E,,,,
211,756,Switzerland,1107,Asses,1991,2000,E,,,,
212,760,Syrian Arab Republic,1107,Asses,1991,161000,A,,,,
216,764,Thailand,1107,Asses,1991,40,E,,,,
217,768,Togo,1107,Asses,1991,3300,E,,,,
220,780,Trinidad and Tobago,1107,Asses,1991,2000,E,,,,
222,788,Tunisia,1107,Asses,1991,228900,E,,,,
223,792,Türkiye,1107,Asses,1991,943751,A,,,,
226,800,Uganda,1107,Asses,1991,17000,E,,,,
215,834,United Republic of Tanzania,1107,Asses,1991,175000,E,,,,
231,840,United States of America,1107,Asses,1991,52000,E,,,,
234,858,Uruguay,1107,Asses,1991,1300,E,,,,
236,862,Venezuela (Bolivarian Republic of),1107,Asses,1991,440000,E,,,,
249,887,Yemen,1107,Asses,1991,500000,A,,,,
251,894,Zambia,1107,Asses,1991,1700,E,,,,
181,716,Zimbabwe,1107,Asses,1991,104000,E,,,,
108,398,Kazakhstan,1107,Asses,1992,45000,E,,,,
52,31,Azerbaijan,1107,Asses,1992,27400,A,,,,
113,417,Kyrgyzstan,1107,Asses,1992,63000,E,,,,
235,860,Uzbekistan,1107,Asses,1992,142700,A,,,,
208,762,Tajikistan,1107,Asses,1992,63300,A,,,,
185,643,Russian Federation,1107,Asses,1992,21500,A,,,,
230,804,Ukraine,1107,Asses,1992,19000,E,,,,
57,112,Belarus,1107,Asses,1992,8000,E,,,,
98,191,Croatia,1107,Asses,1992,13440,A,,,,
73,268,Georgia,1107,Asses,1992,3404,A,,,,
146,498,Republic of Moldova,1107,Asses,1992,1794,A,,,,
1,51,Armenia,1107,Asses,1992,2614,A,,,,
213,795,Turkmenistan,1107,Asses,1992,26000,E,,,,
62,230,Ethiopia PDR,1107,Asses,1992,5200000,E,,,,
2,4,Afghanistan,1107,Asses,1992,500000,E,,,,
3,8,Albania,1107,Asses,1992,103600,A,,,,
4,12,Algeria,1107,Asses,1992,277520,A,,,,
7,24,Angola,1107,Asses,1992,4600,E,,,,
8,28,Antigua and Barbuda,1107,Asses,1992,1500,E,,,,
9,32,Argentina,1107,Asses,1992,90000,E,,,,
10,36,Australia,1107,Asses,1992,3378,A,,,,
13,48,Bahrain,1107,Asses,1992,,A,,,,
14,52,Barbados,1107,Asses,1992,2000,E,,,,
53,204,Benin,1107,Asses,1992,500,E,,,,
18,64,Bhutan,1107,Asses,1992,18200,E,,,,
19,68,Bolivia (Plurinational State of),1107,Asses,1992,631000,E,,,,
20,72,Botswana,1107,Asses,1992,215000,E,,,,
21,76,Brazil,1107,Asses,1992,1381401,A,,,,
27,100,Bulgaria,1107,Asses,1992,329406,A,,,,
233,854,Burkina Faso,1107,Asses,1992,480363,E,,,,
35,132,Cabo Verde,1107,Asses,1992,13000,E,,,,
32,120,Cameroon,1107,Asses,1992,36000,E,,,,
37,140,Central African Republic,1107,Asses,1992,,A,,,,
39,148,Chad,1107,Asses,1992,243444,A,,,,
40,152,Chile,1107,Asses,1992,28000,E,,,,
41,156,"China, mainland",1107,Asses,1992,11158000,A,,,,
44,170,Colombia,1107,Asses,1992,575000,E,,,,
45,174,Comoros,1107,Asses,1992,4600,E,,,,
48,188,Costa Rica,1107,Asses,1992,7200,E,,,,
49,192,Cuba,1107,Asses,1992,5700,A,,,,
50,196,Cyprus,1107,Asses,1992,5200,E,,,,
250,180,Democratic Republic of the Congo,1107,Asses,1992,,A,,,,
72,262,Djibouti,1107,Asses,1992,8100,E,,,,
56,214,Dominican Republic,1107,Asses,1992,143000,E,,,,
58,218,Ecuador,1107,Asses,1992,262000,A,,,,
59,818,Egypt,1107,Asses,1992,2750000,E,,,,
60,222,El Salvador,1107,Asses,1992,2700,E,,,,
209,748,Eswatini,1107,Asses,1992,11928,A,,,,
68,250,France,1107,Asses,1992,14478,A,,,,
75,270,Gambia,1107,Asses,1992,31494,A,,,,
81,288,Ghana,1107,Asses,1992,13048,A,,,,
84,300,Greece,1107,Asses,1992,118412,A,,,,
86,308,Grenada,1107,Asses,1992,650,E,,,,
87,312,Guadeloupe,1107,Asses,1992,150,E,,,,
89,320,Guatemala,1107,Asses,1992,9100,E,,,,
90,324,Guinea,1107,Asses,1992,1600,E,,,,
175,624,Guinea-Bissau,1107,Asses,1992,4920,A,,,,
91,328,Guyana,1107,Asses,1992,1000,E,,,,
93,332,Haiti,1107,Asses,1992,210000,E,,,,
95,340,Honduras,1107,Asses,1992,22300,E,,,,
97,348,Hungary,1107,Asses,1992,3900,E,,,,
100,356,India,1107,Asses,1992,970000,A,,,,
102,364,Iran (Islamic Republic of),1107,Asses,1992,1600000,E,,,,
103,368,Iraq,1107,Asses,1992,355000,E,,,,
104,372,Ireland,1107,Asses,1992,7000,X,,,,
105,376,Israel,1107,Asses,1992,5000,E,,,,
106,380,Italy,1107,Asses,1992,40000,A,,,,
109,388,Jamaica,1107,Asses,1992,23000,E,,,,
112,400,Jordan,1107,Asses,1992,19000,E,,,,
121,422,Lebanon,1107,Asses,1992,21000,E,,,,
122,426,Lesotho,1107,Asses,1992,145000,E,,,,
124,434,Libya,1107,Asses,1992,40000,E,,,,
129,450,Madagascar,1107,Asses,1992,100,E,,,,
130,454,Malawi,1107,Asses,1992,1800,E,,,,
133,466,Mali,1107,Asses,1992,595739,A,,,,
134,470,Malta,1107,Asses,1992,500,E,,,,
136,478,Mauritania,1107,Asses,1992,162400,E,,,,
137,480,Mauritius,1107,Asses,1992,60,E,,,,
138,484,Mexico,1107,Asses,1992,3189000,E,,,,
141,496,Mongolia,1107,Asses,1992,1025,E,,,,
143,504,Morocco,1107,Asses,1992,981593,A,,,,
144,508,Mozambique,1107,Asses,1992,17000,E,,,,
147,516,Namibia,1107,Asses,1992,70000,X,,,,
157,558,Nicaragua,1107,Asses,1992,8200,E,,,,
158,562,Niger,1107,Asses,1992,1141830,A,,,,
159,566,Nigeria,1107,Asses,1992,1000000,E,,,,
221,512,Oman,1107,Asses,1992,25800,E,,,,
165,586,Pakistan,1107,Asses,1992,3653000,A,,,,
169,600,Paraguay,1107,Asses,1992,31000,E,,,,
170,604,Peru,1107,Asses,1992,520000,E,,,,
174,620,Portugal,1107,Asses,1992,49358,I,,,,
177,630,Puerto Rico,1107,Asses,1992,2000,E,,,,
117,410,Republic of Korea,1107,Asses,1992,16,E,,,,
183,642,Romania,1107,Asses,1992,35000,E,,,,
182,638,Réunion,1107,Asses,1992,10,A,,,,
189,662,Saint Lucia,1107,Asses,1992,500,E,,,,
191,670,Saint Vincent and the Grenadines,1107,Asses,1992,1250,E,,,,
244,882,Samoa,1107,Asses,1992,7000,E,,,,
193,678,Sao Tome and Principe,1107,Asses,1992,32,E,,,,
194,682,Saudi Arabia,1107,Asses,1992,108000,A,,,,
195,686,Senegal,1107,Asses,1992,364000,A,,,,
201,706,Somalia,1107,Asses,1992,15000,E,,,,
202,710,South Africa,1107,Asses,1992,210000,E,,,,
203,724,Spain,1107,Asses,1992,140000,A,,,,
206,736,Sudan (former),1107,Asses,1992,680500,E,,,,
207,740,Suriname,1107,Asses,1992,20,E,,,,
211,756,Switzerland,1107,Asses,1992,2000,E,,,,
212,760,Syrian Arab Republic,1107,Asses,1992,158268,A,,,,
216,764,Thailand,1107,Asses,1992,40,E,,,,
217,768,Togo,1107,Asses,1992,3300,E,,,,
220,780,Trinidad and Tobago,1107,Asses,1992,2000,E,,,,
222,788,Tunisia,1107,Asses,1992,229000,E,,,,
223,792,Türkiye,1107,Asses,1992,894445,A,,,,
226,800,Uganda,1107,Asses,1992,17100,E,,,,
215,834,United Republic of Tanzania,1107,Asses,1992,176000,E,,,,
231,840,United States of America,1107,Asses,1992,51000,E,,,,
234,858,Uruguay,1107,Asses,1992,1300,E,,,,
236,862,Venezuela (Bolivarian Republic of),1107,Asses,1992,440000,E,,,,
249,887,Yemen,1107,Asses,1992,500000,A,,,,
251,894,Zambia,1107,Asses,1992,1600,E,,,,
181,716,Zimbabwe,1107,Asses,1992,104000,E,,,,
98,191,Croatia,1107,Asses,1993,12430,A,,,,
230,804,Ukraine,1107,Asses,1993,19000,E,,,,
57,112,Belarus,1107,Asses,1993,8000,E,,,,
235,860,Uzbekistan,1107,Asses,1993,157900,A,,,,
146,498,Republic of Moldova,1107,Asses,1993,2107,A,,,,
52,31,Azerbaijan,1107,Asses,1993,24100,A,,,,
73,268,Georgia,1107,Asses,1993,5048,A,,,,
213,795,Turkmenistan,1107,Asses,1993,26000,E,,,,
1,51,Armenia,1107,Asses,1993,3345,A,,,,
208,762,Tajikistan,1107,Asses,1993,71000,A,,,,
108,398,Kazakhstan,1107,Asses,1993,45000,E,,,,
113,417,Kyrgyzstan,1107,Asses,1993,63000,E,,,,
238,231,Ethiopia,1107,Asses,1993,3250000,E,,,,
185,643,Russian Federation,1107,Asses,1993,21500,A,,,,
2,4,Afghanistan,1107,Asses,1993,500000,E,,,,
3,8,Albania,1107,Asses,1993,113700,A,,,,
4,12,Algeria,1107,Asses,1993,259470,A,,,,
7,24,Angola,1107,Asses,1993,4600,E,,,,
8,28,Antigua and Barbuda,1107,Asses,1993,1500,E,,,,
9,32,Argentina,1107,Asses,1993,90000,E,,,,
10,36,Australia,1107,Asses,1993,2438,A,,,,
13,48,Bahrain,1107,Asses,1993,,M,,,,
14,52,Barbados,1107,Asses,1993,2000,E,,,,
53,204,Benin,1107,Asses,1993,500,E,,,,
18,64,Bhutan,1107,Asses,1993,18200,E,,,,
19,68,Bolivia (Plurinational State of),1107,Asses,1993,631000,E,,,,
20,72,Botswana,1107,Asses,1993,231000,A,,,,
21,76,Brazil,1107,Asses,1993,1302374,A,,,,
27,100,Bulgaria,1107,Asses,1993,303030,A,,,,
233,854,Burkina Faso,1107,Asses,1993,509320,E,,,,
35,132,Cabo Verde,1107,Asses,1993,13200,E,,,,
32,120,Cameroon,1107,Asses,1993,36000,E,,,,
37,140,Central African Republic,1107,Asses,1993,,M,,,,
39,148,Chad,1107,Asses,1993,248313,A,,,,
40,152,Chile,1107,Asses,1993,28000,E,,,,
41,156,"China, mainland",1107,Asses,1993,10983000,A,,,,
44,170,Colombia,1107,Asses,1993,550000,E,,,,
45,174,Comoros,1107,Asses,1993,4700,E,,,,
48,188,Costa Rica,1107,Asses,1993,7300,E,,,,
49,192,Cuba,1107,Asses,1993,5800,A,,,,
50,196,Cyprus,1107,Asses,1993,5200,E,,,,
250,180,Democratic Republic of the Congo,1107,Asses,1993,,M,,,,
72,262,Djibouti,1107,Asses,1993,8100,E,,,,
56,214,Dominican Republic,1107,Asses,1993,144500,E,,,,
58,218,Ecuador,1107,Asses,1993,263000,E,,,,
59,818,Egypt,1107,Asses,1993,2950000,E,,,,
60,222,El Salvador,1107,Asses,1993,2800,E,,,,
209,748,Eswatini,1107,Asses,1993,14500,A,,,,
68,250,France,1107,Asses,1993,16243,A,,,,
75,270,Gambia,1107,Asses,1993,35635,A,,,,
81,288,Ghana,1107,Asses,1993,11829,A,,,,
84,300,Greece,1107,Asses,1993,110744,A,,,,
86,308,Grenada,1107,Asses,1993,650,E,,,,
87,312,Guadeloupe,1107,Asses,1993,150,E,,,,
89,320,Guatemala,1107,Asses,1993,9200,E,,,,
90,324,Guinea,1107,Asses,1993,1750,E,,,,
175,624,Guinea-Bissau,1107,Asses,1993,4900,E,,,,
91,328,Guyana,1107,Asses,1993,1000,E,,,,
93,332,Haiti,1107,Asses,1993,210000,E,,,,
95,340,Honduras,1107,Asses,1993,22400,E,,,,
97,348,Hungary,1107,Asses,1993,3800,E,,,,
100,356,India,1107,Asses,1993,900000,E,,,,
102,364,Iran (Islamic Republic of),1107,Asses,1993,1400000,X,,,,
103,368,Iraq,1107,Asses,1993,360000,E,,,,
104,372,Ireland,1107,Asses,1993,7400,X,,,,
105,376,Israel,1107,Asses,1993,5000,E,,,,
106,380,Italy,1107,Asses,1993,38945,A,,,,
109,388,Jamaica,1107,Asses,1993,23000,E,,,,
112,400,Jordan,1107,Asses,1993,19000,E,,,,
121,422,Lebanon,1107,Asses,1993,21000,E,,,,
122,426,Lesotho,1107,Asses,1993,138985,A,,,,
124,434,Libya,1107,Asses,1993,30000,E,,,,
129,450,Madagascar,1107,Asses,1993,100,E,,,,
130,454,Malawi,1107,Asses,1993,1900,E,,,,
133,466,Mali,1107,Asses,1993,619925,A,,,,
134,470,Malta,1107,Asses,1993,500,E,,,,
136,478,Mauritania,1107,Asses,1993,167900,E,,,,
137,480,Mauritius,1107,Asses,1993,60,E,,,,
138,484,Mexico,1107,Asses,1993,3190000,E,,,,
141,496,Mongolia,1107,Asses,1993,1030,E,,,,
143,504,Morocco,1107,Asses,1993,904500,A,,,,
144,508,Mozambique,1107,Asses,1993,19000,E,,,,
147,516,Namibia,1107,Asses,1993,85000,E,,,,
157,558,Nicaragua,1107,Asses,1993,8300,E,,,,
158,562,Niger,1107,Asses,1993,1164660,A,,,,
159,566,Nigeria,1107,Asses,1993,1000000,E,,,,
221,512,Oman,1107,Asses,1993,26000,E,,,,
165,586,Pakistan,1107,Asses,1993,3775000,A,,,,
169,600,Paraguay,1107,Asses,1993,31500,E,,,,
170,604,Peru,1107,Asses,1993,520000,E,,,,
174,620,Portugal,1107,Asses,1993,47455,I,,,,
177,630,Puerto Rico,1107,Asses,1993,2000,E,,,,
117,410,Republic of Korea,1107,Asses,1993,15,E,,,,
183,642,Romania,1107,Asses,1993,34000,E,,,,
182,638,Réunion,1107,Asses,1993,10,A,,,,
189,662,Saint Lucia,1107,Asses,1993,500,E,,,,
191,670,Saint Vincent and the Grenadines,1107,Asses,1993,1250,E,,,,
244,882,Samoa,1107,Asses,1993,7000,E,,,,
193,678,Sao Tome and Principe,1107,Asses,1993,32,E,,,,
194,682,Saudi Arabia,1107,Asses,1993,100000,A,,,,
195,686,Senegal,1107,Asses,1993,366000,A,,,,
201,706,Somalia,1107,Asses,1993,18000,E,,,,
202,710,South Africa,1107,Asses,1993,210000,E,,,,
203,724,Spain,1107,Asses,1993,140000,A,,,,
206,736,Sudan (former),1107,Asses,1993,670000,E,,,,
207,740,Suriname,1107,Asses,1993,20,E,,,,
211,756,Switzerland,1107,Asses,1993,2000,E,,,,
212,760,Syrian Arab Republic,1107,Asses,1993,185000,A,,,,
216,764,Thailand,1107,Asses,1993,30,E,,,,
217,768,Togo,1107,Asses,1993,3300,E,,,,
220,780,Trinidad and Tobago,1107,Asses,1993,2000,E,,,,
222,788,Tunisia,1107,Asses,1993,230000,E,,,,
223,792,Türkiye,1107,Asses,1993,841000,A,,,,
226,800,Uganda,1107,Asses,1993,17200,E,,,,
215,834,United Republic of Tanzania,1107,Asses,1993,177000,E,,,,
231,840,United States of America,1107,Asses,1993,52000,E,,,,
234,858,Uruguay,1107,Asses,1993,1350,E,,,,
236,862,Venezuela (Bolivarian Republic of),1107,Asses,1993,440000,E,,,,
249,887,Yemen,1107,Asses,1993,500000,A,,,,
251,894,Zambia,1107,Asses,1993,1700,E,,,,
181,716,Zimbabwe,1107,Asses,1993,103000,E,,,,
230,804,Ukraine,1107,Asses,1994,15000,E,,,,
98,191,Croatia,1107,Asses,1994,6640,A,,,,
185,643,Russian Federation,1107,Asses,1994,25549,A,,,,
213,795,Turkmenistan,1107,Asses,1994,25000,E,,,,
208,762,Tajikistan,1107,Asses,1994,70200,A,,,,
52,31,Azerbaijan,1107,Asses,1994,20100,A,,,,
73,268,Georgia,1107,Asses,1994,5500,A,,,,
146,498,Republic of Moldova,1107,Asses,1994,2247,A,,,,
238,231,Ethiopia,1107,Asses,1994,3250000,E,,,,
57,112,Belarus,1107,Asses,1994,8000,E,,,,
1,51,Armenia,1107,Asses,1994,5132,A,,,,
235,860,Uzbekistan,1107,Asses,1994,152800,A,,,,
108,398,Kazakhstan,1107,Asses,1994,40000,E,,,,
113,417,Kyrgyzstan,1107,Asses,1994,65000,E,,,,
2,4,Afghanistan,1107,Asses,1994,600000,E,,,,
3,8,Albania,1107,Asses,1994,113000,E,,,,
4,12,Algeria,1107,Asses,1994,226270,A,,,,
7,24,Angola,1107,Asses,1994,4700,E,,,,
8,28,Antigua and Barbuda,1107,Asses,1994,1500,E,,,,
9,32,Argentina,1107,Asses,1994,90000,E,,,,
10,36,Australia,1107,Asses,1994,2000,E,,,,
13,48,Bahrain,1107,Asses,1994,,M,,,,
14,52,Barbados,1107,Asses,1994,2000,E,,,,
53,204,Benin,1107,Asses,1994,500,E,,,,
18,64,Bhutan,1107,Asses,1994,18200,E,,,,
19,68,Bolivia (Plurinational State of),1107,Asses,1994,631000,E,,,,
20,72,Botswana,1107,Asses,1994,230500,A,,,,
21,76,Brazil,1107,Asses,1994,1312698,A,,,,
27,100,Bulgaria,1107,Asses,1994,297161,A,,,,
233,854,Burkina Faso,1107,Asses,1994,540023,E,,,,
35,132,Cabo Verde,1107,Asses,1994,13400,E,,,,
32,120,Cameroon,1107,Asses,1994,36000,E,,,,
37,140,Central African Republic,1107,Asses,1994,,M,,,,
39,148,Chad,1107,Asses,1994,253279,A,,,,
40,152,Chile,1107,Asses,1994,28000,E,,,,
41,156,"China, mainland",1107,Asses,1994,10891000,A,,,,
44,170,Colombia,1107,Asses,1994,525000,E,,,,
45,174,Comoros,1107,Asses,1994,4800,E,,,,
48,188,Costa Rica,1107,Asses,1994,7400,E,,,,
49,192,Cuba,1107,Asses,1994,5900,A,,,,
50,196,Cyprus,1107,Asses,1994,5200,E,,,,
250,180,Democratic Republic of the Congo,1107,Asses,1994,,M,,,,
72,262,Djibouti,1107,Asses,1994,8100,E,,,,
56,214,Dominican Republic,1107,Asses,1994,144500,E,,,,
58,218,Ecuador,1107,Asses,1994,287000,A,,,,
59,818,Egypt,1107,Asses,1994,3100000,E,,,,
60,222,El Salvador,1107,Asses,1994,2900,E,,,,
209,748,Eswatini,1107,Asses,1994,14560,A,,,,
68,250,France,1107,Asses,1994,17087,A,,,,
75,270,Gambia,1107,Asses,1994,33448,A,,,,
81,288,Ghana,1107,Asses,1994,11511,A,,,,
84,300,Greece,1107,Asses,1994,102674,A,,,,
86,308,Grenada,1107,Asses,1994,650,E,,,,
87,312,Guadeloupe,1107,Asses,1994,150,E,,,,
89,320,Guatemala,1107,Asses,1994,9300,E,,,,
90,324,Guinea,1107,Asses,1994,1800,E,,,,
175,624,Guinea-Bissau,1107,Asses,1994,4900,E,,,,
91,328,Guyana,1107,Asses,1994,1000,E,,,,
93,332,Haiti,1107,Asses,1994,210000,E,,,,
95,340,Honduras,1107,Asses,1994,22500,E,,,,
97,348,Hungary,1107,Asses,1994,3700,E,,,,
100,356,India,1107,Asses,1994,850000,E,,,,
102,364,Iran (Islamic Republic of),1107,Asses,1994,1400000,X,,,,
103,368,Iraq,1107,Asses,1994,380000,E,,,,
104,372,Ireland,1107,Asses,1994,6800,X,,,,
105,376,Israel,1107,Asses,1994,5000,E,,,,
106,380,Italy,1107,Asses,1994,32786,A,,,,
109,388,Jamaica,1107,Asses,1994,23000,E,,,,
112,400,Jordan,1107,Asses,1994,19000,E,,,,
121,422,Lebanon,1107,Asses,1994,20000,E,,,,
122,426,Lesotho,1107,Asses,1994,140105,A,,,,
124,434,Libya,1107,Asses,1994,20000,X,,,,
129,450,Madagascar,1107,Asses,1994,100,E,,,,
130,454,Malawi,1107,Asses,1994,2000,E,,,,
133,466,Mali,1107,Asses,1994,647241,A,,,,
134,470,Malta,1107,Asses,1994,500,E,,,,
136,478,Mauritania,1107,Asses,1994,173400,E,,,,
137,480,Mauritius,1107,Asses,1994,60,E,,,,
138,484,Mexico,1107,Asses,1994,3200000,E,,,,
141,496,Mongolia,1107,Asses,1994,1000,E,,,,
143,504,Morocco,1107,Asses,1994,915900,A,,,,
144,508,Mozambique,1107,Asses,1994,18000,E,,,,
147,516,Namibia,1107,Asses,1994,95000,E,,,,
157,558,Nicaragua,1107,Asses,1994,8300,E,,,,
158,562,Niger,1107,Asses,1994,1187960,A,,,,
159,566,Nigeria,1107,Asses,1994,1000000,E,,,,
221,512,Oman,1107,Asses,1994,26200,E,,,,
165,586,Pakistan,1107,Asses,1994,3901000,A,,,,
169,600,Paraguay,1107,Asses,1994,31500,E,,,,
170,604,Peru,1107,Asses,1994,520000,E,,,,
174,620,Portugal,1107,Asses,1994,45552,I,,,,
177,630,Puerto Rico,1107,Asses,1994,2000,E,,,,
117,410,Republic of Korea,1107,Asses,1994,13,E,,,,
183,642,Romania,1107,Asses,1994,33000,E,,,,
182,638,Réunion,1107,Asses,1994,10,E,,,,
189,662,Saint Lucia,1107,Asses,1994,500,E,,,,
191,670,Saint Vincent and the Grenadines,1107,Asses,1994,1250,E,,,,
244,882,Samoa,1107,Asses,1994,7000,E,,,,
193,678,Sao Tome and Principe,1107,Asses,1994,32,E,,,,
194,682,Saudi Arabia,1107,Asses,1994,107410,A,,,,
195,686,Senegal,1107,Asses,1994,366000,A,,,,
201,706,Somalia,1107,Asses,1994,19000,E,,,,
202,710,South Africa,1107,Asses,1994,210000,E,,,,
203,724,Spain,1107,Asses,1994,140000,A,,,,
206,736,Sudan (former),1107,Asses,1994,675000,E,,,,
207,740,Suriname,1107,Asses,1994,20,E,,,,
211,756,Switzerland,1107,Asses,1994,2000,E,,,,
212,760,Syrian Arab Republic,1107,Asses,1994,200758,A,,,,
216,764,Thailand,1107,Asses,1994,30,E,,,,
217,768,Togo,1107,Asses,1994,3300,E,,,,
220,780,Trinidad and Tobago,1107,Asses,1994,2000,E,,,,
222,788,Tunisia,1107,Asses,1994,230000,E,,,,
223,792,Türkiye,1107,Asses,1994,809000,A,,,,
226,800,Uganda,1107,Asses,1994,17300,E,,,,
215,834,United Republic of Tanzania,1107,Asses,1994,178000,E,,,,
231,840,United States of America,1107,Asses,1994,52000,E,,,,
234,858,Uruguay,1107,Asses,1994,1350,E,,,,
236,862,Venezuela (Bolivarian Republic of),1107,Asses,1994,440000,E,,,,
249,887,Yemen,1107,Asses,1994,500000,X,,,,
251,894,Zambia,1107,Asses,1994,1800,E,,,,
181,716,Zimbabwe,1107,Asses,1994,104000,E,,,,
113,417,Kyrgyzstan,1107,Asses,1995,65000,E,,,,
235,860,Uzbekistan,1107,Asses,1995,176200,A,,,,
98,191,Croatia,1107,Asses,1995,4000,E,,,,
57,112,Belarus,1107,Asses,1995,8000,E,,,,
108,398,Kazakhstan,1107,Asses,1995,40000,E,,,,
52,31,Azerbaijan,1107,Asses,1995,22400,A,,,,
146,498,Republic of Moldova,1107,Asses,1995,3000,A,,,,
238,231,Ethiopia,1107,Asses,1995,3250000,E,,,,
73,268,Georgia,1107,Asses,1995,6300,A,,,,
208,762,Tajikistan,1107,Asses,1995,76300,A,,,,
230,804,Ukraine,1107,Asses,1995,14500,E,,,,
1,51,Armenia,1107,Asses,1995,6176,A,,,,
185,643,Russian Federation,1107,Asses,1995,26000,E,,,,
213,795,Turkmenistan,1107,Asses,1995,25000,E,,,,
2,4,Afghanistan,1107,Asses,1995,704000,X,,,,
3,8,Albania,1107,Asses,1995,113000,E,,,,
4,12,Algeria,1107,Asses,1995,224440,A,,,,
7,24,Angola,1107,Asses,1995,4800,E,,,,
8,28,Antigua and Barbuda,1107,Asses,1995,1400,E,,,,
9,32,Argentina,1107,Asses,1995,90000,E,,,,
10,36,Australia,1107,Asses,1995,2000,E,,,,
13,48,Bahrain,1107,Asses,1995,,M,,,,
14,52,Barbados,1107,Asses,1995,2000,E,,,,
53,204,Benin,1107,Asses,1995,500,E,,,,
18,64,Bhutan,1107,Asses,1995,18188,I,,,,
19,68,Bolivia (Plurinational State of),1107,Asses,1995,631000,E,,,,
20,72,Botswana,1107,Asses,1995,303000,A,,,,
21,76,Brazil,1107,Asses,1995,1344155,A,,,,
27,100,Bulgaria,1107,Asses,1995,275627,A,,,,
233,854,Burkina Faso,1107,Asses,1995,572576,E,,,,
35,132,Cabo Verde,1107,Asses,1995,12915,A,,,,
32,120,Cameroon,1107,Asses,1995,36000,E,,,,
37,140,Central African Republic,1107,Asses,1995,,M,,,,
39,148,Chad,1107,Asses,1995,258332,A,,,,
40,152,Chile,1107,Asses,1995,28000,E,,,,
41,156,"China, mainland",1107,Asses,1995,10923000,A,,,,
44,170,Colombia,1107,Asses,1995,500000,E,,,,
45,174,Comoros,1107,Asses,1995,4900,E,,,,
48,188,Costa Rica,1107,Asses,1995,7500,E,,,,
49,192,Cuba,1107,Asses,1995,6100,A,,,,
50,196,Cyprus,1107,Asses,1995,5200,E,,,,
250,180,Democratic Republic of the Congo,1107,Asses,1995,,M,,,,
72,262,Djibouti,1107,Asses,1995,8290,X,,,,
56,214,Dominican Republic,1107,Asses,1995,144500,E,,,,
58,218,Ecuador,1107,Asses,1995,258000,A,,,,
59,818,Egypt,1107,Asses,1995,3112000,E,,,,
60,222,El Salvador,1107,Asses,1995,3000,E,,,,
209,748,Eswatini,1107,Asses,1995,14600,E,,,,
68,250,France,1107,Asses,1995,19117,A,,,,
75,270,Gambia,1107,Asses,1995,33602,A,,,,
81,288,Ghana,1107,Asses,1995,12000,E,,,,
84,300,Greece,1107,Asses,1995,88836,A,,,,
86,308,Grenada,1107,Asses,1995,660,E,,,,
87,312,Guadeloupe,1107,Asses,1995,150,E,,,,
89,320,Guatemala,1107,Asses,1995,9400,E,,,,
90,324,Guinea,1107,Asses,1995,1855,X,,,,
175,624,Guinea-Bissau,1107,Asses,1995,4900,E,,,,
91,328,Guyana,1107,Asses,1995,1000,E,,,,
93,332,Haiti,1107,Asses,1995,210000,E,,,,
95,340,Honduras,1107,Asses,1995,22600,E,,,,
97,348,Hungary,1107,Asses,1995,3600,E,,,,
100,356,India,1107,Asses,1995,800000,E,,,,
102,364,Iran (Islamic Republic of),1107,Asses,1995,1400000,X,,,,
103,368,Iraq,1107,Asses,1995,396000,X,,,,
104,372,Ireland,1107,Asses,1995,6000,X,,,,
105,376,Israel,1107,Asses,1995,5000,E,,,,
106,380,Italy,1107,Asses,1995,30300,X,,,,
109,388,Jamaica,1107,Asses,1995,23000,E,,,,
112,400,Jordan,1107,Asses,1995,18000,E,,,,
121,422,Lebanon,1107,Asses,1995,20000,E,,,,
122,426,Lesotho,1107,Asses,1995,146000,A,,,,
124,434,Libya,1107,Asses,1995,21000,X,,,,
129,450,Madagascar,1107,Asses,1995,110,E,,,,
130,454,Malawi,1107,Asses,1995,2052,A,,,,
133,466,Mali,1107,Asses,1995,678091,A,,,,
134,470,Malta,1107,Asses,1995,500,E,,,,
136,478,Mauritania,1107,Asses,1995,178900,E,,,,
137,480,Mauritius,1107,Asses,1995,60,E,,,,
138,484,Mexico,1107,Asses,1995,3230000,E,,,,
141,496,Mongolia,1107,Asses,1995,913,A,,,,
143,504,Morocco,1107,Asses,1995,953700,A,,,,
144,508,Mozambique,1107,Asses,1995,19000,E,,,,
147,516,Namibia,1107,Asses,1995,110000,E,,,,
157,558,Nicaragua,1107,Asses,1995,8400,E,,,,
158,562,Niger,1107,Asses,1995,1211720,A,,,,
159,566,Nigeria,1107,Asses,1995,1000000,E,,,,
221,512,Oman,1107,Asses,1995,26400,E,,,,
165,586,Pakistan,1107,Asses,1995,4032000,A,,,,
169,600,Paraguay,1107,Asses,1995,31500,E,,,,
170,604,Peru,1107,Asses,1995,520000,E,,,,
174,620,Portugal,1107,Asses,1995,43649,I,,,,
177,630,Puerto Rico,1107,Asses,1995,2000,E,,,,
117,410,Republic of Korea,1107,Asses,1995,13,E,,,,
183,642,Romania,1107,Asses,1995,32000,E,,,,
182,638,Réunion,1107,Asses,1995,10,E,,,,
189,662,Saint Lucia,1107,Asses,1995,500,E,,,,
191,670,Saint Vincent and the Grenadines,1107,Asses,1995,1250,E,,,,
244,882,Samoa,1107,Asses,1995,7000,E,,,,
193,678,Sao Tome and Principe,1107,Asses,1995,35,E,,,,
194,682,Saudi Arabia,1107,Asses,1995,102360,A,,,,
195,686,Senegal,1107,Asses,1995,366000,A,,,,
201,706,Somalia,1107,Asses,1995,19500,E,,,,
202,710,South Africa,1107,Asses,1995,210000,E,,,,
203,724,Spain,1107,Asses,1995,140000,A,,,,
206,736,Sudan (former),1107,Asses,1995,678000,E,,,,
207,740,Suriname,1107,Asses,1995,20,E,,,,
211,756,Switzerland,1107,Asses,1995,2000,E,,,,
212,760,Syrian Arab Republic,1107,Asses,1995,200000,A,,,,
216,764,Thailand,1107,Asses,1995,30,E,,,,
217,768,Togo,1107,Asses,1995,3300,E,,,,
220,780,Trinidad and Tobago,1107,Asses,1995,2000,E,,,,
222,788,Tunisia,1107,Asses,1995,230000,E,,,,
223,792,Türkiye,1107,Asses,1995,731000,A,,,,
226,800,Uganda,1107,Asses,1995,17400,E,,,,
215,834,United Republic of Tanzania,1107,Asses,1995,178000,E,,,,
231,840,United States of America,1107,Asses,1995,52000,E,,,,
234,858,Uruguay,1107,Asses,1995,1350,E,,,,
236,862,Venezuela (Bolivarian Republic of),1107,Asses,1995,440000,E,,,,
249,887,Yemen,1107,Asses,1995,500000,E,,,,
251,894,Zambia,1107,Asses,1995,1700,E,,,,
181,716,Zimbabwe,1107,Asses,1995,105000,E,,,,
146,498,Republic of Moldova,1107,Asses,1996,3000,A,,,,
238,231,Ethiopia,1107,Asses,1996,3200000,E,,,,
213,795,Turkmenistan,1107,Asses,1996,26000,E,,,,
208,762,Tajikistan,1107,Asses,1996,80200,A,,,,
230,804,Ukraine,1107,Asses,1996,14000,E,,,,
108,398,Kazakhstan,1107,Asses,1996,40000,E,,,,
113,417,Kyrgyzstan,1107,Asses,1996,65000,E,,,,
73,268,Georgia,1107,Asses,1996,8257,A,,,,
185,643,Russian Federation,1107,Asses,1996,26500,E,,,,
57,112,Belarus,1107,Asses,1996,8000,E,,,,
1,51,Armenia,1107,Asses,1996,6415,E,,,,
235,860,Uzbekistan,1107,Asses,1996,187400,A,,,,
52,31,Azerbaijan,1107,Asses,1996,24800,A,,,,
98,191,Croatia,1107,Asses,1996,4000,E,,,,
2,4,Afghanistan,1107,Asses,1996,753000,X,,,,
3,8,Albania,1107,Asses,1996,113000,E,,,,
4,12,Algeria,1107,Asses,1996,210000,A,,,,
7,24,Angola,1107,Asses,1996,4900,E,,,,
8,28,Antigua and Barbuda,1107,Asses,1996,1400,E,,,,
9,32,Argentina,1107,Asses,1996,90000,E,,,,
10,36,Australia,1107,Asses,1996,2000,E,,,,
13,48,Bahrain,1107,Asses,1996,,M,,,,
14,52,Barbados,1107,Asses,1996,2000,E,,,,
53,204,Benin,1107,Asses,1996,500,E,,,,
18,64,Bhutan,1107,Asses,1996,18183,I,,,,
19,68,Bolivia (Plurinational State of),1107,Asses,1996,631000,E,,,,
20,72,Botswana,1107,Asses,1996,336000,A,,,,
21,76,Brazil,1107,Asses,1996,1231893,A,,,,
27,100,Bulgaria,1107,Asses,1996,281253,A,,,,
233,854,Burkina Faso,1107,Asses,1996,607092,E,,,,
35,132,Cabo Verde,1107,Asses,1996,13500,E,,,,
32,120,Cameroon,1107,Asses,1996,37000,E,,,,
37,140,Central African Republic,1107,Asses,1996,,M,,,,
39,148,Chad,1107,Asses,1996,258495,A,,,,
40,152,Chile,1107,Asses,1996,28000,E,,,,
41,156,"China, mainland",1107,Asses,1996,10745000,A,,,,
44,170,Colombia,1107,Asses,1996,475000,E,,,,
45,174,Comoros,1107,Asses,1996,4900,E,,,,
48,188,Costa Rica,1107,Asses,1996,7600,E,,,,
49,192,Cuba,1107,Asses,1996,6300,A,,,,
50,196,Cyprus,1107,Asses,1996,5200,E,,,,
250,180,Democratic Republic of the Congo,1107,Asses,1996,,M,,,,
72,262,Djibouti,1107,Asses,1996,8380,X,,,,
56,214,Dominican Republic,1107,Asses,1996,144500,E,,,,
58,218,Ecuador,1107,Asses,1996,266000,E,,,,
59,818,Egypt,1107,Asses,1996,2979710,E,,,,
60,222,El Salvador,1107,Asses,1996,3000,E,,,,
209,748,Eswatini,1107,Asses,1996,14700,E,,,,
68,250,France,1107,Asses,1996,20856,A,,,,
75,270,Gambia,1107,Asses,1996,24986,A,,,,
81,288,Ghana,1107,Asses,1996,13215,A,,,,
84,300,Greece,1107,Asses,1996,82599,A,,,,
86,308,Grenada,1107,Asses,1996,660,E,,,,
87,312,Guadeloupe,1107,Asses,1996,150,E,,,,
89,320,Guatemala,1107,Asses,1996,9500,E,,,,
90,324,Guinea,1107,Asses,1996,1900,E,,,,
175,624,Guinea-Bissau,1107,Asses,1996,4900,E,,,,
91,328,Guyana,1107,Asses,1996,1000,E,,,,
93,332,Haiti,1107,Asses,1996,210000,E,,,,
95,340,Honduras,1107,Asses,1996,22700,E,,,,
97,348,Hungary,1107,Asses,1996,3600,E,,,,
100,356,India,1107,Asses,1996,800000,E,,,,
102,364,Iran (Islamic Republic of),1107,Asses,1996,1400000,X,,,,
103,368,Iraq,1107,Asses,1996,367600,E,,,,
104,372,Ireland,1107,Asses,1996,6600,X,,,,
105,376,Israel,1107,Asses,1996,5000,E,,,,
106,380,Italy,1107,Asses,1996,26000,A,,,,
109,388,Jamaica,1107,Asses,1996,23000,E,,,,
112,400,Jordan,1107,Asses,1996,18000,E,,,,
121,422,Lebanon,1107,Asses,1996,18000,E,,,,
122,426,Lesotho,1107,Asses,1996,153200,A,,,,
124,434,Libya,1107,Asses,1996,25000,X,,,,
129,450,Madagascar,1107,Asses,1996,120,E,,,,
130,454,Malawi,1107,Asses,1996,2100,E,,,,
133,466,Mali,1107,Asses,1996,712950,A,,,,
134,470,Malta,1107,Asses,1996,500,E,,,,
136,478,Mauritania,1107,Asses,1996,184400,E,,,,
137,480,Mauritius,1107,Asses,1996,60,E,,,,
138,484,Mexico,1107,Asses,1996,3250000,E,,,,
141,496,Mongolia,1107,Asses,1996,1064,A,,,,
143,504,Morocco,1107,Asses,1996,918600,A,,,,
144,508,Mozambique,1107,Asses,1996,20000,E,,,,
147,516,Namibia,1107,Asses,1996,130000,E,,,,
157,558,Nicaragua,1107,Asses,1996,8400,E,,,,
158,562,Niger,1107,Asses,1996,1235950,A,,,,
159,566,Nigeria,1107,Asses,1996,1000000,E,,,,
221,512,Oman,1107,Asses,1996,26700,E,,,,
165,586,Pakistan,1107,Asses,1996,3549000,A,,,,
169,600,Paraguay,1107,Asses,1996,31700,E,,,,
170,604,Peru,1107,Asses,1996,520000,E,,,,
174,620,Portugal,1107,Asses,1996,41746,I,,,,
177,630,Puerto Rico,1107,Asses,1996,2000,E,,,,
117,410,Republic of Korea,1107,Asses,1996,10,E,,,,
183,642,Romania,1107,Asses,1996,31000,E,,,,
182,638,Réunion,1107,Asses,1996,10,E,,,,
189,662,Saint Lucia,1107,Asses,1996,500,E,,,,
191,670,Saint Vincent and the Grenadines,1107,Asses,1996,1250,E,,,,
244,882,Samoa,1107,Asses,1996,7000,E,,,,
193,678,Sao Tome and Principe,1107,Asses,1996,35,E,,,,
194,682,Saudi Arabia,1107,Asses,1996,100780,A,,,,
195,686,Senegal,1107,Asses,1996,367000,A,,,,
201,706,Somalia,1107,Asses,1996,20000,E,,,,
202,710,South Africa,1107,Asses,1996,210000,E,,,,
203,724,Spain,1107,Asses,1996,140000,A,,,,
206,736,Sudan (former),1107,Asses,1996,680000,E,,,,
207,740,Suriname,1107,Asses,1996,20,E,,,,
211,756,Switzerland,1107,Asses,1996,8142,A,,,,
212,760,Syrian Arab Republic,1107,Asses,1996,191381,A,,,,
216,764,Thailand,1107,Asses,1996,25,E,,,,
217,768,Togo,1107,Asses,1996,3300,E,,,,
220,780,Trinidad and Tobago,1107,Asses,1996,2000,E,,,,
222,788,Tunisia,1107,Asses,1996,230000,E,,,,
223,792,Türkiye,1107,Asses,1996,689000,A,,,,
226,800,Uganda,1107,Asses,1996,17500,E,,,,
215,834,United Republic of Tanzania,1107,Asses,1996,176000,E,,,,
231,840,United States of America,1107,Asses,1996,52000,E,,,,
234,858,Uruguay,1107,Asses,1996,1350,E,,,,
236,862,Venezuela (Bolivarian Republic of),1107,Asses,1996,440000,E,,,,
249,887,Yemen,1107,Asses,1996,500000,E,,,,
251,894,Zambia,1107,Asses,1996,1800,E,,,,
181,716,Zimbabwe,1107,Asses,1996,105000,E,,,,
146,498,Republic of Moldova,1107,Asses,1997,3000,A,,,,
235,860,Uzbekistan,1107,Asses,1997,188700,A,,,,
98,191,Croatia,1107,Asses,1997,4000,E,,,,
73,268,Georgia,1107,Asses,1997,9125,A,,,,
213,795,Turkmenistan,1107,Asses,1997,26000,E,,,,
1,51,Armenia,1107,Asses,1997,6837,A,,,,
238,231,Ethiopia,1107,Asses,1997,3150000,E,,,,
113,417,Kyrgyzstan,1107,Asses,1997,65000,E,,,,
230,804,Ukraine,1107,Asses,1997,13000,E,,,,
57,112,Belarus,1107,Asses,1997,8000,E,,,,
52,31,Azerbaijan,1107,Asses,1997,28300,A,,,,
108,398,Kazakhstan,1107,Asses,1997,35000,E,,,,
185,643,Russian Federation,1107,Asses,1997,26000,E,,,,
208,762,Tajikistan,1107,Asses,1997,85600,A,,,,
2,4,Afghanistan,1107,Asses,1997,805000,X,,,,
3,8,Albania,1107,Asses,1997,113000,E,,,,
4,12,Algeria,1107,Asses,1997,199430,A,,,,
7,24,Angola,1107,Asses,1997,5000,E,,,,
8,28,Antigua and Barbuda,1107,Asses,1997,1400,E,,,,
9,32,Argentina,1107,Asses,1997,90000,E,,,,
10,36,Australia,1107,Asses,1997,2000,E,,,,
13,48,Bahrain,1107,Asses,1997,,M,,,,
14,52,Barbados,1107,Asses,1997,2000,E,,,,
53,204,Benin,1107,Asses,1997,500,E,,,,
18,64,Bhutan,1107,Asses,1997,18178,I,,,,
19,68,Bolivia (Plurinational State of),1107,Asses,1997,631000,E,,,,
20,72,Botswana,1107,Asses,1997,330000,E,,,,
21,76,Brazil,1107,Asses,1997,1248507,A,,,,
27,100,Bulgaria,1107,Asses,1997,286874,A,,,,
233,854,Burkina Faso,1107,Asses,1997,643689,E,,,,
35,132,Cabo Verde,1107,Asses,1997,13500,E,,,,
32,120,Cameroon,1107,Asses,1997,37000,E,,,,
37,140,Central African Republic,1107,Asses,1997,,M,,,,
39,148,Chad,1107,Asses,1997,341576,A,,,,
40,152,Chile,1107,Asses,1997,28000,E,,,,
41,156,"China, mainland",1107,Asses,1997,9444000,A,,,,
44,170,Colombia,1107,Asses,1997,450000,E,,,,
45,174,Comoros,1107,Asses,1997,4950,E,,,,
48,188,Costa Rica,1107,Asses,1997,7600,E,,,,
49,192,Cuba,1107,Asses,1997,6200,A,,,,
50,196,Cyprus,1107,Asses,1997,5200,E,,,,
250,180,Democratic Republic of the Congo,1107,Asses,1997,,M,,,,
72,262,Djibouti,1107,Asses,1997,8400,E,,,,
56,214,Dominican Republic,1107,Asses,1997,144500,E,,,,
58,218,Ecuador,1107,Asses,1997,267000,E,,,,
59,818,Egypt,1107,Asses,1997,2990000,E,,,,
60,222,El Salvador,1107,Asses,1997,3000,E,,,,
209,748,Eswatini,1107,Asses,1997,14800,E,,,,
68,250,France,1107,Asses,1997,22434,A,,,,
75,270,Gambia,1107,Asses,1997,32734,A,,,,
81,288,Ghana,1107,Asses,1997,13500,E,,,,
84,300,Greece,1107,Asses,1997,77847,A,,,,
86,308,Grenada,1107,Asses,1997,660,E,,,,
87,312,Guadeloupe,1107,Asses,1997,150,E,,,,
89,320,Guatemala,1107,Asses,1997,9600,E,,,,
90,324,Guinea,1107,Asses,1997,1950,E,,,,
175,624,Guinea-Bissau,1107,Asses,1997,4900,E,,,,
91,328,Guyana,1107,Asses,1997,1000,E,,,,
93,332,Haiti,1107,Asses,1997,210000,E,,,,
95,340,Honduras,1107,Asses,1997,22800,E,,,,
97,348,Hungary,1107,Asses,1997,3600,E,,,,
100,356,India,1107,Asses,1997,882000,A,,,,
102,364,Iran (Islamic Republic of),1107,Asses,1997,1490000,X,,,,
103,368,Iraq,1107,Asses,1997,380000,E,,,,
104,372,Ireland,1107,Asses,1997,6100,X,,,,
105,376,Israel,1107,Asses,1997,5000,E,,,,
106,380,Italy,1107,Asses,1997,25000,E,,,,
109,388,Jamaica,1107,Asses,1997,23000,E,,,,
112,400,Jordan,1107,Asses,1997,18000,E,,,,
121,422,Lebanon,1107,Asses,1997,18000,E,,,,
122,426,Lesotho,1107,Asses,1997,144165,A,,,,
124,434,Libya,1107,Asses,1997,27000,E,,,,
129,450,Madagascar,1107,Asses,1997,130,E,,,,
130,454,Malawi,1107,Asses,1997,2150,E,,,,
133,466,Mali,1107,Asses,1997,752392,A,,,,
134,470,Malta,1107,Asses,1997,500,E,,,,
136,478,Mauritania,1107,Asses,1997,189900,E,,,,
137,480,Mauritius,1107,Asses,1997,60,E,,,,
138,484,Mexico,1107,Asses,1997,3250000,E,,,,
141,496,Mongolia,1107,Asses,1997,953,A,,,,
143,504,Morocco,1107,Asses,1997,949200,A,,,,
144,508,Mozambique,1107,Asses,1997,21000,E,,,,
147,516,Namibia,1107,Asses,1997,85188,A,,,,
157,558,Nicaragua,1107,Asses,1997,8500,E,,,,
158,562,Niger,1107,Asses,1997,1260670,A,,,,
159,566,Nigeria,1107,Asses,1997,1000000,E,,,,
221,512,Oman,1107,Asses,1997,27000,E,,,,
165,586,Pakistan,1107,Asses,1997,3615000,A,,,,
169,600,Paraguay,1107,Asses,1997,31700,E,,,,
170,604,Peru,1107,Asses,1997,520000,E,,,,
174,620,Portugal,1107,Asses,1997,44757,I,,,,
177,630,Puerto Rico,1107,Asses,1997,2000,E,,,,
117,410,Republic of Korea,1107,Asses,1997,5,E,,,,
183,642,Romania,1107,Asses,1997,30000,E,,,,
182,638,Réunion,1107,Asses,1997,10,E,,,,
189,662,Saint Lucia,1107,Asses,1997,500,E,,,,
191,670,Saint Vincent and the Grenadines,1107,Asses,1997,1250,E,,,,
244,882,Samoa,1107,Asses,1997,7000,E,,,,
193,678,Sao Tome and Principe,1107,Asses,1997,35,E,,,,
194,682,Saudi Arabia,1107,Asses,1997,106730,A,,,,
195,686,Senegal,1107,Asses,1997,375000,A,,,,
201,706,Somalia,1107,Asses,1997,20500,E,,,,
202,710,South Africa,1107,Asses,1997,210000,E,,,,
203,724,Spain,1107,Asses,1997,140000,A,,,,
206,736,Sudan (former),1107,Asses,1997,700000,E,,,,
207,740,Suriname,1107,Asses,1997,20,E,,,,
211,756,Switzerland,1107,Asses,1997,9038,A,,,,
212,760,Syrian Arab Republic,1107,Asses,1997,189995,A,,,,
216,764,Thailand,1107,Asses,1997,25,E,,,,
217,768,Togo,1107,Asses,1997,3300,E,,,,
220,780,Trinidad and Tobago,1107,Asses,1997,2000,E,,,,
222,788,Tunisia,1107,Asses,1997,230000,E,,,,
223,792,Türkiye,1107,Asses,1997,640000,A,,,,
226,800,Uganda,1107,Asses,1997,17600,E,,,,
215,834,United Republic of Tanzania,1107,Asses,1997,177000,E,,,,
231,840,United States of America,1107,Asses,1997,52000,E,,,,
234,858,Uruguay,1107,Asses,1997,1350,E,,,,
236,862,Venezuela (Bolivarian Republic of),1107,Asses,1997,440000,E,,,,
249,887,Yemen,1107,Asses,1997,500000,E,,,,
251,894,Zambia,1107,Asses,1997,1700,E,,,,
181,716,Zimbabwe,1107,Asses,1997,104000,E,,,,
113,417,Kyrgyzstan,1107,Asses,1998,65000,E,,,,
208,762,Tajikistan,1107,Asses,1998,90000,A,,,,
230,804,Ukraine,1107,Asses,1998,12500,E,,,,
235,860,Uzbekistan,1107,Asses,1998,194800,A,,,,
98,191,Croatia,1107,Asses,1998,4000,E,,,,
238,231,Ethiopia,1107,Asses,1998,3169340,A,,,,
57,112,Belarus,1107,Asses,1998,8500,E,,,,
108,398,Kazakhstan,1107,Asses,1998,29000,E,,,,
185,643,Russian Federation,1107,Asses,1998,25000,E,,,,
213,795,Turkmenistan,1107,Asses,1998,25000,E,,,,
52,31,Azerbaijan,1107,Asses,1998,31100,A,,,,
146,498,Republic of Moldova,1107,Asses,1998,3000,A,,,,
73,268,Georgia,1107,Asses,1998,10321,A,,,,
1,51,Armenia,1107,Asses,1998,6302,A,,,,
2,4,Afghanistan,1107,Asses,1998,860000,X,,,,
3,8,Albania,1107,Asses,1998,110000,X,,,,
4,12,Algeria,1107,Asses,1998,182620,A,,,,
7,24,Angola,1107,Asses,1998,4800,E,,,,
8,28,Antigua and Barbuda,1107,Asses,1998,1400,E,,,,
9,32,Argentina,1107,Asses,1998,90000,E,,,,
10,36,Australia,1107,Asses,1998,2000,E,,,,
13,48,Bahrain,1107,Asses,1998,,M,,,,
14,52,Barbados,1107,Asses,1998,2000,E,,,,
53,204,Benin,1107,Asses,1998,500,E,,,,
18,64,Bhutan,1107,Asses,1998,18173,I,,,,
19,68,Bolivia (Plurinational State of),1107,Asses,1998,631000,E,,,,
20,72,Botswana,1107,Asses,1998,320000,E,,,,
21,76,Brazil,1107,Asses,1998,1232750,A,,,,
27,100,Bulgaria,1107,Asses,1998,225018,A,,,,
233,854,Burkina Faso,1107,Asses,1998,682492,E,,,,
35,132,Cabo Verde,1107,Asses,1998,13500,E,,,,
32,120,Cameroon,1107,Asses,1998,37000,E,,,,
37,140,Central African Republic,1107,Asses,1998,,M,,,,
39,148,Chad,1107,Asses,1998,352484,A,,,,
40,152,Chile,1107,Asses,1998,28000,E,,,,
41,156,"China, mainland",1107,Asses,1998,9528000,A,,,,
44,170,Colombia,1107,Asses,1998,435000,E,,,,
45,174,Comoros,1107,Asses,1998,4950,E,,,,
48,188,Costa Rica,1107,Asses,1998,7600,E,,,,
49,192,Cuba,1107,Asses,1998,6100,A,,,,
50,196,Cyprus,1107,Asses,1998,5200,E,,,,
250,180,Democratic Republic of the Congo,1107,Asses,1998,,M,,,,
72,262,Djibouti,1107,Asses,1998,8500,E,,,,
56,214,Dominican Republic,1107,Asses,1998,144500,E,,,,
58,218,Ecuador,1107,Asses,1998,268000,E,,,,
59,818,Egypt,1107,Asses,1998,2995000,E,,,,
60,222,El Salvador,1107,Asses,1998,3000,E,,,,
209,748,Eswatini,1107,Asses,1998,14600,E,,,,
68,250,France,1107,Asses,1998,24513,A,,,,
75,270,Gambia,1107,Asses,1998,37981,A,,,,
81,288,Ghana,1107,Asses,1998,14000,E,,,,
84,300,Greece,1107,Asses,1998,72684,A,,,,
86,308,Grenada,1107,Asses,1998,660,E,,,,
87,312,Guadeloupe,1107,Asses,1998,150,E,,,,
89,320,Guatemala,1107,Asses,1998,9600,E,,,,
90,324,Guinea,1107,Asses,1998,1950,E,,,,
175,624,Guinea-Bissau,1107,Asses,1998,4900,E,,,,
91,328,Guyana,1107,Asses,1998,1000,E,,,,
93,332,Haiti,1107,Asses,1998,210000,E,,,,
95,340,Honduras,1107,Asses,1998,22900,E,,,,
97,348,Hungary,1107,Asses,1998,3600,E,,,,
100,356,India,1107,Asses,1998,838000,A,,,,
102,364,Iran (Islamic Republic of),1107,Asses,1998,1400000,X,,,,
103,368,Iraq,1107,Asses,1998,385000,E,,,,
104,372,Ireland,1107,Asses,1998,6500,X,,,,
105,376,Israel,1107,Asses,1998,5000,E,,,,
106,380,Italy,1107,Asses,1998,23000,E,,,,
109,388,Jamaica,1107,Asses,1998,23000,E,,,,
112,400,Jordan,1107,Asses,1998,18000,E,,,,
121,422,Lebanon,1107,Asses,1998,17000,E,,,,
122,426,Lesotho,1107,Asses,1998,153074,A,,,,
124,434,Libya,1107,Asses,1998,28000,E,,,,
129,450,Madagascar,1107,Asses,1998,140,E,,,,
130,454,Malawi,1107,Asses,1998,2100,E,,,,
133,466,Mali,1107,Asses,1998,797074,A,,,,
134,470,Malta,1107,Asses,1998,500,E,,,,
136,478,Mauritania,1107,Asses,1998,195400,E,,,,
137,480,Mauritius,1107,Asses,1998,60,E,,,,
138,484,Mexico,1107,Asses,1998,3250000,E,,,,
141,496,Mongolia,1107,Asses,1998,1510,A,,,,
143,504,Morocco,1107,Asses,1998,979800,A,,,,
144,508,Mozambique,1107,Asses,1998,22000,E,,,,
147,516,Namibia,1107,Asses,1998,150000,E,,,,
157,558,Nicaragua,1107,Asses,1998,8500,E,,,,
158,562,Niger,1107,Asses,1998,1285880,A,,,,
159,566,Nigeria,1107,Asses,1998,1000000,E,,,,
221,512,Oman,1107,Asses,1998,27500,E,,,,
165,586,Pakistan,1107,Asses,1998,3683000,A,,,,
169,600,Paraguay,1107,Asses,1998,32000,E,,,,
170,604,Peru,1107,Asses,1998,520000,E,,,,
174,620,Portugal,1107,Asses,1998,40860,I,,,,
177,630,Puerto Rico,1107,Asses,1998,2000,E,,,,
117,410,Republic of Korea,1107,Asses,1998,,E,,,,
183,642,Romania,1107,Asses,1998,30500,E,,,,
182,638,Réunion,1107,Asses,1998,10,E,,,,
189,662,Saint Lucia,1107,Asses,1998,500,E,,,,
191,670,Saint Vincent and the Grenadines,1107,Asses,1998,1250,E,,,,
244,882,Samoa,1107,Asses,1998,7000,E,,,,
193,678,Sao Tome and Principe,1107,Asses,1998,35,E,,,,
194,682,Saudi Arabia,1107,Asses,1998,99530,A,,,,
195,686,Senegal,1107,Asses,1998,376000,A,,,,
201,706,Somalia,1107,Asses,1998,19000,E,,,,
202,710,South Africa,1107,Asses,1998,210000,E,,,,
203,724,Spain,1107,Asses,1998,140000,A,,,,
206,736,Sudan (former),1107,Asses,1998,720000,E,,,,
207,740,Suriname,1107,Asses,1998,20,E,,,,
211,756,Switzerland,1107,Asses,1998,9589,A,,,,
212,760,Syrian Arab Republic,1107,Asses,1998,231605,A,,,,
216,764,Thailand,1107,Asses,1998,25,E,,,,
217,768,Togo,1107,Asses,1998,3300,E,,,,
220,780,Trinidad and Tobago,1107,Asses,1998,2000,E,,,,
222,788,Tunisia,1107,Asses,1998,230000,E,,,,
223,792,Türkiye,1107,Asses,1998,603000,A,,,,
226,800,Uganda,1107,Asses,1998,17700,E,,,,
215,834,United Republic of Tanzania,1107,Asses,1998,178000,E,,,,
231,840,United States of America,1107,Asses,1998,52000,E,,,,
234,858,Uruguay,1107,Asses,1998,1350,E,,,,
236,862,Venezuela (Bolivarian Republic of),1107,Asses,1998,440000,E,,,,
249,887,Yemen,1107,Asses,1998,500000,E,,,,
251,894,Zambia,1107,Asses,1998,1600,E,,,,
181,716,Zimbabwe,1107,Asses,1998,105000,E,,,,
208,762,Tajikistan,1107,Asses,1999,105700,A,,,,
57,112,Belarus,1107,Asses,1999,8500,E,,,,
52,31,Azerbaijan,1107,Asses,1999,32800,A,,,,
146,498,Republic of Moldova,1107,Asses,1999,3000,A,,,,
230,804,Ukraine,1107,Asses,1999,12000,E,,,,
108,398,Kazakhstan,1107,Asses,1999,29000,E,,,,
238,231,Ethiopia,1107,Asses,1999,3098850,A,,,,
213,795,Turkmenistan,1107,Asses,1999,24500,E,,,,
113,417,Kyrgyzstan,1107,Asses,1999,65000,E,,,,
235,860,Uzbekistan,1107,Asses,1999,196700,A,,,,
1,51,Armenia,1107,Asses,1999,6585,A,,,,
185,643,Russian Federation,1107,Asses,1999,25000,E,,,,
73,268,Georgia,1107,Asses,1999,11396,A,,,,
98,191,Croatia,1107,Asses,1999,4000,E,,,,
2,4,Afghanistan,1107,Asses,1999,919940,A,,,,
3,8,Albania,1107,Asses,1999,120000,X,,,,
4,12,Algeria,1107,Asses,1999,171150,A,,,,
7,24,Angola,1107,Asses,1999,4500,E,,,,
8,28,Antigua and Barbuda,1107,Asses,1999,1400,E,,,,
9,32,Argentina,1107,Asses,1999,95000,E,,,,
10,36,Australia,1107,Asses,1999,2000,E,,,,
13,48,Bahrain,1107,Asses,1999,,M,,,,
14,52,Barbados,1107,Asses,1999,2000,E,,,,
53,204,Benin,1107,Asses,1999,500,E,,,,
18,64,Bhutan,1107,Asses,1999,18168,I,,,,
19,68,Bolivia (Plurinational State of),1107,Asses,1999,631000,E,,,,
20,72,Botswana,1107,Asses,1999,325000,E,,,,
21,76,Brazil,1107,Asses,1999,1236401,A,,,,
27,100,Bulgaria,1107,Asses,1999,220525,A,,,,
233,854,Burkina Faso,1107,Asses,1999,723634,E,,,,
35,132,Cabo Verde,1107,Asses,1999,13500,E,,,,
32,120,Cameroon,1107,Asses,1999,37000,E,,,,
37,140,Central African Republic,1107,Asses,1999,,M,,,,
39,148,Chad,1107,Asses,1999,349982,A,,,,
40,152,Chile,1107,Asses,1999,28000,E,,,,
41,156,"China, mainland",1107,Asses,1999,9558000,A,,,,
44,170,Colombia,1107,Asses,1999,405000,E,,,,
45,174,Comoros,1107,Asses,1999,5000,E,,,,
48,188,Costa Rica,1107,Asses,1999,7600,E,,,,
49,192,Cuba,1107,Asses,1999,6400,A,,,,
50,196,Cyprus,1107,Asses,1999,5200,E,,,,
250,180,Democratic Republic of the Congo,1107,Asses,1999,,M,,,,
72,262,Djibouti,1107,Asses,1999,8600,E,,,,
56,214,Dominican Republic,1107,Asses,1999,145000,E,,,,
58,218,Ecuador,1107,Asses,1999,269000,E,,,,
59,818,Egypt,1107,Asses,1999,3000000,E,,,,
60,222,El Salvador,1107,Asses,1999,3000,E,,,,
209,748,Eswatini,1107,Asses,1999,14700,E,,,,
68,250,France,1107,Asses,1999,27489,A,,,,
75,270,Gambia,1107,Asses,1999,32981,A,,,,
81,288,Ghana,1107,Asses,1999,14300,E,,,,
84,300,Greece,1107,Asses,1999,68093,A,,,,
86,308,Grenada,1107,Asses,1999,660,E,,,,
87,312,Guadeloupe,1107,Asses,1999,150,E,,,,
89,320,Guatemala,1107,Asses,1999,9700,E,,,,
90,324,Guinea,1107,Asses,1999,1950,E,,,,
175,624,Guinea-Bissau,1107,Asses,1999,4900,E,,,,
91,328,Guyana,1107,Asses,1999,1000,E,,,,
93,332,Haiti,1107,Asses,1999,210000,E,,,,
95,340,Honduras,1107,Asses,1999,22900,E,,,,
97,348,Hungary,1107,Asses,1999,3500,E,,,,
100,356,India,1107,Asses,1999,797000,A,,,,
102,364,Iran (Islamic Republic of),1107,Asses,1999,1554000,X,,,,
103,368,Iraq,1107,Asses,1999,375000,E,,,,
104,372,Ireland,1107,Asses,1999,6500,X,,,,
105,376,Israel,1107,Asses,1999,5000,E,,,,
106,380,Italy,1107,Asses,1999,23000,E,,,,
109,388,Jamaica,1107,Asses,1999,23000,E,,,,
112,400,Jordan,1107,Asses,1999,12400,E,,,,
121,422,Lebanon,1107,Asses,1999,16000,E,,,,
122,426,Lesotho,1107,Asses,1999,203368,A,,,,
124,434,Libya,1107,Asses,1999,29000,E,,,,
129,450,Madagascar,1107,Asses,1999,150,E,,,,
130,454,Malawi,1107,Asses,1999,2150,E,,,,
133,466,Mali,1107,Asses,1999,847810,A,,,,
134,470,Malta,1107,Asses,1999,500,E,,,,
136,478,Mauritania,1107,Asses,1999,200900,E,,,,
137,480,Mauritius,1107,Asses,1999,60,E,,,,
138,484,Mexico,1107,Asses,1999,3250000,E,,,,
141,496,Mongolia,1107,Asses,1999,1491,A,,,,
143,504,Morocco,1107,Asses,1999,1000500,A,,,,
144,508,Mozambique,1107,Asses,1999,23000,E,,,,
147,516,Namibia,1107,Asses,1999,174584,A,,,,
157,558,Nicaragua,1107,Asses,1999,8500,E,,,,
158,562,Niger,1107,Asses,1999,1311600,A,,,,
159,566,Nigeria,1107,Asses,1999,1000000,E,,,,
221,512,Oman,1107,Asses,1999,28000,E,,,,
165,586,Pakistan,1107,Asses,1999,3750000,A,,,,
169,600,Paraguay,1107,Asses,1999,32000,E,,,,
170,604,Peru,1107,Asses,1999,535000,E,,,,
174,620,Portugal,1107,Asses,1999,37758,A,,,,
177,630,Puerto Rico,1107,Asses,1999,2000,E,,,,
117,410,Republic of Korea,1107,Asses,1999,,E,,,,
183,642,Romania,1107,Asses,1999,31000,E,,,,
182,638,Réunion,1107,Asses,1999,10,E,,,,
189,662,Saint Lucia,1107,Asses,1999,500,E,,,,
191,670,Saint Vincent and the Grenadines,1107,Asses,1999,1260,E,,,,
244,882,Samoa,1107,Asses,1999,7000,E,,,,
193,678,Sao Tome and Principe,1107,Asses,1999,35,E,,,,
194,682,Saudi Arabia,1107,Asses,1999,98060,A,,,,
195,686,Senegal,1107,Asses,1999,377000,A,,,,
201,706,Somalia,1107,Asses,1999,19000,E,,,,
202,710,South Africa,1107,Asses,1999,210000,E,,,,
203,724,Spain,1107,Asses,1999,140000,A,,,,
206,736,Sudan (former),1107,Asses,1999,730000,E,,,,
207,740,Suriname,1107,Asses,1999,20,E,,,,
211,756,Switzerland,1107,Asses,1999,10852,A,,,,
212,760,Syrian Arab Republic,1107,Asses,1999,219044,A,,,,
216,764,Thailand,1107,Asses,1999,30,E,,,,
217,768,Togo,1107,Asses,1999,3300,E,,,,
220,780,Trinidad and Tobago,1107,Asses,1999,2000,E,,,,
222,788,Tunisia,1107,Asses,1999,230000,E,,,,
223,792,Türkiye,1107,Asses,1999,555000,A,,,,
226,800,Uganda,1107,Asses,1999,17800,E,,,,
215,834,United Republic of Tanzania,1107,Asses,1999,179000,E,,,,
231,840,United States of America,1107,Asses,1999,52000,E,,,,
234,858,Uruguay,1107,Asses,1999,1350,E,,,,
236,862,Venezuela (Bolivarian Republic of),1107,Asses,1999,440000,E,,,,
249,887,Yemen,1107,Asses,1999,500000,E,,,,
251,894,Zambia,1107,Asses,1999,1700,E,,,,
181,716,Zimbabwe,1107,Asses,1999,226000,E,,,,
146,498,Republic of Moldova,1107,Asses,2000,3000,A,,,,
255,56,Belgium,1107,Asses,2000,,M,,,,
113,417,Kyrgyzstan,1107,Asses,2000,65000,E,,,,
213,795,Turkmenistan,1107,Asses,2000,24000,E,,,,
235,860,Uzbekistan,1107,Asses,2000,224800,A,,,,
98,191,Croatia,1107,Asses,2000,4000,E,,,,
108,398,Kazakhstan,1107,Asses,2000,30000,E,,,,
208,762,Tajikistan,1107,Asses,2000,110300,A,,,,
52,31,Azerbaijan,1107,Asses,2000,35500,A,,,,
73,268,Georgia,1107,Asses,2000,11400,A,,,,
185,643,Russian Federation,1107,Asses,2000,22000,E,,,,
230,804,Ukraine,1107,Asses,2000,11500,X,,,,
1,51,Armenia,1107,Asses,2000,6867,A,,,,
57,112,Belarus,1107,Asses,2000,8000,E,,,,
238,231,Ethiopia,1107,Asses,2000,3063130,A,,,,
2,4,Afghanistan,1107,Asses,2000,682000,A,,,,
3,8,Albania,1107,Asses,2000,120000,X,,,,
4,12,Algeria,1107,Asses,2000,177580,A,,,,
7,24,Angola,1107,Asses,2000,4500,E,,,,
8,28,Antigua and Barbuda,1107,Asses,2000,1400,E,,,,
9,32,Argentina,1107,Asses,2000,95000,E,,,,
10,36,Australia,1107,Asses,2000,2000,E,,,,
13,48,Bahrain,1107,Asses,2000,,M,,,,
14,52,Barbados,1107,Asses,2000,2000,E,,,,
53,204,Benin,1107,Asses,2000,572,A,,,,
18,64,Bhutan,1107,Asses,2000,18199,I,,,,
19,68,Bolivia (Plurinational State of),1107,Asses,2000,631000,E,,,,
20,72,Botswana,1107,Asses,2000,330000,E,,,,
21,76,Brazil,1107,Asses,2000,1242177,A,,,,
27,100,Bulgaria,1107,Asses,2000,207689,A,,,,
233,854,Burkina Faso,1107,Asses,2000,767256,E,,,,
35,132,Cabo Verde,1107,Asses,2000,13500,E,,,,
32,120,Cameroon,1107,Asses,2000,38000,E,,,,
37,140,Central African Republic,1107,Asses,2000,,M,,,,
39,148,Chad,1107,Asses,2000,356981,A,,,,
40,152,Chile,1107,Asses,2000,28500,E,,,,
41,156,"China, mainland",1107,Asses,2000,9348000,A,,,,
44,170,Colombia,1107,Asses,2000,375000,E,,,,
45,174,Comoros,1107,Asses,2000,5000,E,,,,
48,188,Costa Rica,1107,Asses,2000,7600,E,,,,
49,192,Cuba,1107,Asses,2000,6700,A,,,,
50,196,Cyprus,1107,Asses,2000,5200,E,,,,
250,180,Democratic Republic of the Congo,1107,Asses,2000,,M,,,,
72,262,Djibouti,1107,Asses,2000,8700,E,,,,
56,214,Dominican Republic,1107,Asses,2000,145000,E,,,,
58,218,Ecuador,1107,Asses,2000,176390,A,,,,
59,818,Egypt,1107,Asses,2000,3050000,E,,,,
60,222,El Salvador,1107,Asses,2000,3200,E,,,,
209,748,Eswatini,1107,Asses,2000,14800,E,,,,
68,250,France,1107,Asses,2000,30257,A,,,,
75,270,Gambia,1107,Asses,2000,35000,E,,,,
81,288,Ghana,1107,Asses,2000,14000,E,,,,
84,300,Greece,1107,Asses,2000,64326,A,,,,
86,308,Grenada,1107,Asses,2000,660,E,,,,
87,312,Guadeloupe,1107,Asses,2000,150,E,,,,
89,320,Guatemala,1107,Asses,2000,9800,E,,,,
90,324,Guinea,1107,Asses,2000,1950,E,,,,
175,624,Guinea-Bissau,1107,Asses,2000,4900,E,,,,
91,328,Guyana,1107,Asses,2000,1000,E,,,,
93,332,Haiti,1107,Asses,2000,215000,E,,,,
95,340,Honduras,1107,Asses,2000,23000,E,,,,
97,348,Hungary,1107,Asses,2000,3500,E,,,,
100,356,India,1107,Asses,2000,757000,A,,,,
102,364,Iran (Islamic Republic of),1107,Asses,2000,1600000,E,,,,
103,368,Iraq,1107,Asses,2000,380000,E,,,,
104,372,Ireland,1107,Asses,2000,4400,X,,,,
105,376,Israel,1107,Asses,2000,5000,E,,,,
106,380,Italy,1107,Asses,2000,23000,E,,,,
109,388,Jamaica,1107,Asses,2000,23000,E,,,,
112,400,Jordan,1107,Asses,2000,12700,E,,,,
121,422,Lebanon,1107,Asses,2000,15000,X,,,,
122,426,Lesotho,1107,Asses,2000,179391,A,,,,
124,434,Libya,1107,Asses,2000,29500,E,,,,
129,450,Madagascar,1107,Asses,2000,160,E,,,,
130,454,Malawi,1107,Asses,2000,2200,E,,,,
133,466,Mali,1107,Asses,2000,905525,A,,,,
134,470,Malta,1107,Asses,2000,500,E,,,,
136,478,Mauritania,1107,Asses,2000,206400,E,,,,
137,480,Mauritius,1107,Asses,2000,60,E,,,,
138,484,Mexico,1107,Asses,2000,3250000,E,,,,
141,496,Mongolia,1107,Asses,2000,890,A,,,,
143,504,Morocco,1107,Asses,2000,1099100,A,,,,
144,508,Mozambique,1107,Asses,2000,23000,E,,,,
147,516,Namibia,1107,Asses,2000,167548,A,,,,
157,558,Nicaragua,1107,Asses,2000,8600,E,,,,
158,562,Niger,1107,Asses,2000,1337832,A,,,,
159,566,Nigeria,1107,Asses,2000,1000000,E,,,,
221,512,Oman,1107,Asses,2000,28500,E,,,,
165,586,Pakistan,1107,Asses,2000,3822000,A,,,,
169,600,Paraguay,1107,Asses,2000,32000,E,,,,
170,604,Peru,1107,Asses,2000,550000,E,,,,
174,620,Portugal,1107,Asses,2000,34137,I,,,,
177,630,Puerto Rico,1107,Asses,2000,2000,E,,,,
117,410,Republic of Korea,1107,Asses,2000,,E,,,,
183,642,Romania,1107,Asses,2000,30000,E,,,,
182,638,Réunion,1107,Asses,2000,10,E,,,,
189,662,Saint Lucia,1107,Asses,2000,500,E,,,,
191,670,Saint Vincent and the Grenadines,1107,Asses,2000,1260,E,,,,
244,882,Samoa,1107,Asses,2000,7000,E,,,,
193,678,Sao Tome and Principe,1107,Asses,2000,35,E,,,,
194,682,Saudi Arabia,1107,Asses,2000,98090,A,,,,
195,686,Senegal,1107,Asses,2000,399000,A,,,,
201,706,Somalia,1107,Asses,2000,20000,E,,,,
202,710,South Africa,1107,Asses,2000,150000,X,,,,
203,724,Spain,1107,Asses,2000,140000,E,,,,
206,736,Sudan (former),1107,Asses,2000,740000,E,,,,
207,740,Suriname,1107,Asses,2000,20,E,,,,
211,756,Switzerland,1107,Asses,2000,11417,A,,,,
212,760,Syrian Arab Republic,1107,Asses,2000,216443,A,,,,
216,764,Thailand,1107,Asses,2000,30,E,,,,
217,768,Togo,1107,Asses,2000,3300,E,,,,
220,780,Trinidad and Tobago,1107,Asses,2000,2000,E,,,,
222,788,Tunisia,1107,Asses,2000,230000,E,,,,
223,792,Türkiye,1107,Asses,2000,489000,A,,,,
226,800,Uganda,1107,Asses,2000,17900,E,,,,
215,834,United Republic of Tanzania,1107,Asses,2000,180000,E,,,,
231,840,United States of America,1107,Asses,2000,52000,E,,,,
234,858,Uruguay,1107,Asses,2000,1350,E,,,,
236,862,Venezuela (Bolivarian Republic of),1107,Asses,2000,440000,E,,,,
249,887,Yemen,1107,Asses,2000,550000,E,,,,
251,894,Zambia,1107,Asses,2000,1800,E,,,,
181,716,Zimbabwe,1107,Asses,2000,267000,E,,,,
208,762,Tajikistan,1107,Asses,2001,116600,A,,,,
52,31,Azerbaijan,1107,Asses,2001,37700,A,,,,
113,417,Kyrgyzstan,1107,Asses,2001,65000,E,,,,
185,643,Russian Federation,1107,Asses,2001,25496,A,,,,
255,56,Belgium,1107,Asses,2001,,M,,,,
1,51,Armenia,1107,Asses,2001,6953,A,,,,
235,860,Uzbekistan,1107,Asses,2001,224400,A,,,,
108,398,Kazakhstan,1107,Asses,2001,30000,E,,,,
230,804,Ukraine,1107,Asses,2001,11500,E,,,,
146,498,Republic of Moldova,1107,Asses,2001,4000,A,,,,
213,795,Turkmenistan,1107,Asses,2001,25000,E,,,,
57,112,Belarus,1107,Asses,2001,8500,E,,,,
73,268,Georgia,1107,Asses,2001,10449,A,,,,
238,231,Ethiopia,1107,Asses,2001,3414000,A,,,,
98,191,Croatia,1107,Asses,2001,4000,E,,,,
2,4,Afghanistan,1107,Asses,2001,682000,A,,,,
3,8,Albania,1107,Asses,2001,105000,X,,,,
4,12,Algeria,1107,Asses,2001,180160,A,,,,
7,24,Angola,1107,Asses,2001,4500,E,,,,
8,28,Antigua and Barbuda,1107,Asses,2001,1450,E,,,,
9,32,Argentina,1107,Asses,2001,95000,E,,,,
10,36,Australia,1107,Asses,2001,2000,E,,,,
13,48,Bahrain,1107,Asses,2001,,M,,,,
14,52,Barbados,1107,Asses,2001,2000,E,,,,
53,204,Benin,1107,Asses,2001,600,E,,,,
18,64,Bhutan,1107,Asses,2001,18201,I,,,,
19,68,Bolivia (Plurinational State of),1107,Asses,2001,631000,E,,,,
20,72,Botswana,1107,Asses,2001,330000,E,,,,
21,76,Brazil,1107,Asses,2001,1239025,A,,,,
27,100,Bulgaria,1107,Asses,2001,196200,A,,,,
233,854,Burkina Faso,1107,Asses,2001,813507,E,,,,
35,132,Cabo Verde,1107,Asses,2001,14000,E,,,,
32,120,Cameroon,1107,Asses,2001,38000,E,,,,
37,140,Central African Republic,1107,Asses,2001,,M,,,,
39,148,Chad,1107,Asses,2001,364120,A,,,,
40,152,Chile,1107,Asses,2001,28500,E,,,,
41,156,"China, mainland",1107,Asses,2001,9227000,A,,,,
44,170,Colombia,1107,Asses,2001,350000,E,,,,
45,174,Comoros,1107,Asses,2001,5000,E,,,,
48,188,Costa Rica,1107,Asses,2001,7600,E,,,,
49,192,Cuba,1107,Asses,2001,7100,A,,,,
50,196,Cyprus,1107,Asses,2001,5200,E,,,,
250,180,Democratic Republic of the Congo,1107,Asses,2001,,M,,,,
72,262,Djibouti,1107,Asses,2001,8700,E,,,,
56,214,Dominican Republic,1107,Asses,2001,150000,E,,,,
58,218,Ecuador,1107,Asses,2001,270000,E,,,,
59,818,Egypt,1107,Asses,2001,3100000,E,,,,
60,222,El Salvador,1107,Asses,2001,3200,E,,,,
209,748,Eswatini,1107,Asses,2001,14800,E,,,,
68,250,France,1107,Asses,2001,31517,A,,,,
75,270,Gambia,1107,Asses,2001,35500,E,,,,
81,288,Ghana,1107,Asses,2001,13500,E,,,,
84,300,Greece,1107,Asses,2001,59928,A,,,,
86,308,Grenada,1107,Asses,2001,660,E,,,,
87,312,Guadeloupe,1107,Asses,2001,150,E,,,,
89,320,Guatemala,1107,Asses,2001,9800,E,,,,
90,324,Guinea,1107,Asses,2001,1950,E,,,,
175,624,Guinea-Bissau,1107,Asses,2001,4900,E,,,,
91,328,Guyana,1107,Asses,2001,1000,E,,,,
93,332,Haiti,1107,Asses,2001,215000,E,,,,
95,340,Honduras,1107,Asses,2001,23000,E,,,,
97,348,Hungary,1107,Asses,2001,3500,E,,,,
100,356,India,1107,Asses,2001,720000,A,,,,
102,364,Iran (Islamic Republic of),1107,Asses,2001,1600000,E,,,,
103,368,Iraq,1107,Asses,2001,385000,E,,,,
104,372,Ireland,1107,Asses,2001,4300,X,,,,
105,376,Israel,1107,Asses,2001,5000,E,,,,
106,380,Italy,1107,Asses,2001,23000,E,,,,
109,388,Jamaica,1107,Asses,2001,23000,E,,,,
112,400,Jordan,1107,Asses,2001,12600,E,,,,
121,422,Lebanon,1107,Asses,2001,15000,X,,,,
122,426,Lesotho,1107,Asses,2001,156824,A,,,,
124,434,Libya,1107,Asses,2001,30000,E,,,,
129,450,Madagascar,1107,Asses,2001,150,E,,,,
130,454,Malawi,1107,Asses,2001,2200,E,,,,
133,466,Mali,1107,Asses,2001,971354,A,,,,
134,470,Malta,1107,Asses,2001,500,E,,,,
136,478,Mauritania,1107,Asses,2001,211900,E,,,,
137,480,Mauritius,1107,Asses,2001,60,E,,,,
138,484,Mexico,1107,Asses,2001,3260000,E,,,,
141,496,Mongolia,1107,Asses,2001,850,E,,,,
143,504,Morocco,1107,Asses,2001,1007300,A,,,,
144,508,Mozambique,1107,Asses,2001,21083,A,,,,
147,516,Namibia,1107,Asses,2001,169314,A,,,,
157,558,Nicaragua,1107,Asses,2001,8700,E,,,,
158,562,Niger,1107,Asses,2001,1364589,A,,,,
159,566,Nigeria,1107,Asses,2001,1000000,E,,,,
221,512,Oman,1107,Asses,2001,27000,E,,,,
165,586,Pakistan,1107,Asses,2001,3893000,A,,,,
169,600,Paraguay,1107,Asses,2001,32500,E,,,,
170,604,Peru,1107,Asses,2001,570000,E,,,,
174,620,Portugal,1107,Asses,2001,31189,I,,,,
177,630,Puerto Rico,1107,Asses,2001,2000,E,,,,
117,410,Republic of Korea,1107,Asses,2001,,I,,,,
183,642,Romania,1107,Asses,2001,31000,E,,,,
182,638,Réunion,1107,Asses,2001,10,E,,,,
189,662,Saint Lucia,1107,Asses,2001,500,E,,,,
191,670,Saint Vincent and the Grenadines,1107,Asses,2001,1260,E,,,,
244,882,Samoa,1107,Asses,2001,7000,E,,,,
193,678,Sao Tome and Principe,1107,Asses,2001,35,E,,,,
194,682,Saudi Arabia,1107,Asses,2001,98090,A,,,,
195,686,Senegal,1107,Asses,2001,407000,A,,,,
201,706,Somalia,1107,Asses,2001,21000,E,,,,
202,710,South Africa,1107,Asses,2001,150000,E,,,,
203,724,Spain,1107,Asses,2001,140000,E,,,,
206,736,Sudan (former),1107,Asses,2001,750000,E,,,,
207,740,Suriname,1107,Asses,2001,20,E,,,,
211,756,Switzerland,1107,Asses,2001,12027,A,,,,
212,760,Syrian Arab Republic,1107,Asses,2001,167000,A,,,,
216,764,Thailand,1107,Asses,2001,28,E,,,,
217,768,Togo,1107,Asses,2001,3300,E,,,,
220,780,Trinidad and Tobago,1107,Asses,2001,2000,E,,,,
222,788,Tunisia,1107,Asses,2001,240000,E,,,,
223,792,Türkiye,1107,Asses,2001,462000,A,,,,
226,800,Uganda,1107,Asses,2001,17900,E,,,,
215,834,United Republic of Tanzania,1107,Asses,2001,182000,E,,,,
231,840,United States of America,1107,Asses,2001,52000,E,,,,
234,858,Uruguay,1107,Asses,2001,1400,E,,,,
236,862,Venezuela (Bolivarian Republic of),1107,Asses,2001,440000,E,,,,
249,887,Yemen,1107,Asses,2001,575000,E,,,,
251,894,Zambia,1107,Asses,2001,1800,E,,,,
181,716,Zimbabwe,1107,Asses,2001,288000,E,,,,
185,643,Russian Federation,1107,Asses,2002,23668,A,,,,
113,417,Kyrgyzstan,1107,Asses,2002,66000,E,,,,
108,398,Kazakhstan,1107,Asses,2002,30000,E,,,,
73,268,Georgia,1107,Asses,2002,10000,E,,,,
98,191,Croatia,1107,Asses,2002,4000,E,,,,
235,860,Uzbekistan,1107,Asses,2002,239300,A,,,,
213,795,Turkmenistan,1107,Asses,2002,25000,E,,,,
52,31,Azerbaijan,1107,Asses,2002,39100,A,,,,
146,498,Republic of Moldova,1107,Asses,2002,4000,A,,,,
238,231,Ethiopia,1107,Asses,2002,3901210,A,,,,
208,762,Tajikistan,1107,Asses,2002,138224,A,,,,
230,804,Ukraine,1107,Asses,2002,11000,E,,,,
1,51,Armenia,1107,Asses,2002,7275,A,,,,
255,56,Belgium,1107,Asses,2002,,M,,,,
57,112,Belarus,1107,Asses,2002,8500,E,,,,
2,4,Afghanistan,1107,Asses,2002,1588000,A,,,,
3,8,Albania,1107,Asses,2002,96000,X,,,,
4,12,Algeria,1107,Asses,2002,170170,A,,,,
7,24,Angola,1107,Asses,2002,4500,E,,,,
8,28,Antigua and Barbuda,1107,Asses,2002,1500,E,,,,
9,32,Argentina,1107,Asses,2002,95000,E,,,,
10,36,Australia,1107,Asses,2002,2000,E,,,,
13,48,Bahrain,1107,Asses,2002,,M,,,,
14,52,Barbados,1107,Asses,2002,2100,E,,,,
53,204,Benin,1107,Asses,2002,600,E,,,,
18,64,Bhutan,1107,Asses,2002,18181,I,,,,
19,68,Bolivia (Plurinational State of),1107,Asses,2002,632000,E,,,,
20,72,Botswana,1107,Asses,2002,330000,E,,,,
21,76,Brazil,1107,Asses,2002,1217122,A,,,,
27,100,Bulgaria,1107,Asses,2002,150000,E,,,,
233,854,Burkina Faso,1107,Asses,2002,862547,E,,,,
35,132,Cabo Verde,1107,Asses,2002,14000,E,,,,
32,120,Cameroon,1107,Asses,2002,39000,E,,,,
37,140,Central African Republic,1107,Asses,2002,,M,,,,
39,148,Chad,1107,Asses,2002,372000,E,,,,
40,152,Chile,1107,Asses,2002,28800,E,,,,
41,156,"China, mainland",1107,Asses,2002,8815000,A,,,,
44,170,Colombia,1107,Asses,2002,320000,E,,,,
45,174,Comoros,1107,Asses,2002,5000,E,,,,
48,188,Costa Rica,1107,Asses,2002,7700,E,,,,
49,192,Cuba,1107,Asses,2002,7300,A,,,,
50,196,Cyprus,1107,Asses,2002,5200,E,,,,
250,180,Democratic Republic of the Congo,1107,Asses,2002,,M,,,,
72,262,Djibouti,1107,Asses,2002,8700,E,,,,
56,214,Dominican Republic,1107,Asses,2002,150000,E,,,,
58,218,Ecuador,1107,Asses,2002,160840,A,,,,
59,818,Egypt,1107,Asses,2002,3100000,E,,,,
60,222,El Salvador,1107,Asses,2002,3200,E,,,,
209,748,Eswatini,1107,Asses,2002,14800,E,,,,
68,250,France,1107,Asses,2002,30452,A,,,,
75,270,Gambia,1107,Asses,2002,35500,E,,,,
81,288,Ghana,1107,Asses,2002,13100,A,,,,
84,300,Greece,1107,Asses,2002,56109,A,,,,
86,308,Grenada,1107,Asses,2002,660,E,,,,
87,312,Guadeloupe,1107,Asses,2002,150,E,,,,
89,320,Guatemala,1107,Asses,2002,9900,E,,,,
90,324,Guinea,1107,Asses,2002,1950,E,,,,
175,624,Guinea-Bissau,1107,Asses,2002,4900,E,,,,
91,328,Guyana,1107,Asses,2002,1000,E,,,,
93,332,Haiti,1107,Asses,2002,215000,E,,,,
95,340,Honduras,1107,Asses,2002,23000,E,,,,
97,348,Hungary,1107,Asses,2002,3500,E,,,,
100,356,India,1107,Asses,2002,684000,A,,,,
102,364,Iran (Islamic Republic of),1107,Asses,2002,1600000,E,,,,
103,368,Iraq,1107,Asses,2002,380000,E,,,,
104,372,Ireland,1107,Asses,2002,4100,X,,,,
105,376,Israel,1107,Asses,2002,5000,E,,,,
106,380,Italy,1107,Asses,2002,23000,E,,,,
109,388,Jamaica,1107,Asses,2002,23000,E,,,,
112,400,Jordan,1107,Asses,2002,18000,E,,,,
121,422,Lebanon,1107,Asses,2002,15000,X,,,,
122,426,Lesotho,1107,Asses,2002,141998,A,,,,
124,434,Libya,1107,Asses,2002,30000,E,,,,
129,450,Madagascar,1107,Asses,2002,150,E,,,,
130,454,Malawi,1107,Asses,2002,2200,E,,,,
133,466,Mali,1107,Asses,2002,710476,A,,,,
134,470,Malta,1107,Asses,2002,500,E,,,,
136,478,Mauritania,1107,Asses,2002,217400,E,,,,
137,480,Mauritius,1107,Asses,2002,60,E,,,,
138,484,Mexico,1107,Asses,2002,3260000,E,,,,
141,496,Mongolia,1107,Asses,2002,800,E,,,,
143,504,Morocco,1107,Asses,2002,981800,A,,,,
144,508,Mozambique,1107,Asses,2002,33137,A,,,,
147,516,Namibia,1107,Asses,2002,125450,A,,,,
157,558,Nicaragua,1107,Asses,2002,8800,E,,,,
158,562,Niger,1107,Asses,2002,1391881,A,,,,
159,566,Nigeria,1107,Asses,2002,1000000,E,,,,
221,512,Oman,1107,Asses,2002,26800,E,,,,
165,586,Pakistan,1107,Asses,2002,3966000,A,,,,
169,600,Paraguay,1107,Asses,2002,33000,E,,,,
170,604,Peru,1107,Asses,2002,580000,E,,,,
174,620,Portugal,1107,Asses,2002,28484,I,,,,
177,630,Puerto Rico,1107,Asses,2002,2000,E,,,,
117,410,Republic of Korea,1107,Asses,2002,,I,,,,
183,642,Romania,1107,Asses,2002,28000,E,,,,
182,638,Réunion,1107,Asses,2002,10,E,,,,
189,662,Saint Lucia,1107,Asses,2002,500,E,,,,
191,670,Saint Vincent and the Grenadines,1107,Asses,2002,1260,E,,,,
244,882,Samoa,1107,Asses,2002,7000,E,,,,
193,678,Sao Tome and Principe,1107,Asses,2002,36,E,,,,
194,682,Saudi Arabia,1107,Asses,2002,100000,E,,,,
195,686,Senegal,1107,Asses,2002,399547,A,,,,
201,706,Somalia,1107,Asses,2002,21000,E,,,,
202,710,South Africa,1107,Asses,2002,150000,E,,,,
203,724,Spain,1107,Asses,2002,140000,E,,,,
206,736,Sudan (former),1107,Asses,2002,750000,E,,,,
207,740,Suriname,1107,Asses,2002,20,E,,,,
211,756,Switzerland,1107,Asses,2002,12753,A,,,,
212,760,Syrian Arab Republic,1107,Asses,2002,130000,A,,,,
216,764,Thailand,1107,Asses,2002,30,E,,,,
217,768,Togo,1107,Asses,2002,3300,E,,,,
220,780,Trinidad and Tobago,1107,Asses,2002,2100,E,,,,
222,788,Tunisia,1107,Asses,2002,240000,E,,,,
223,792,Türkiye,1107,Asses,2002,417214,A,,,,
226,800,Uganda,1107,Asses,2002,17900,E,,,,
215,834,United Republic of Tanzania,1107,Asses,2002,182000,E,,,,
231,840,United States of America,1107,Asses,2002,52000,E,,,,
234,858,Uruguay,1107,Asses,2002,1400,E,,,,
236,862,Venezuela (Bolivarian Republic of),1107,Asses,2002,440000,E,,,,
249,887,Yemen,1107,Asses,2002,590000,E,,,,
251,894,Zambia,1107,Asses,2002,1800,E,,,,
181,716,Zimbabwe,1107,Asses,2002,340000,E,,,,
98,191,Croatia,1107,Asses,2003,4000,E,,,,
52,31,Azerbaijan,1107,Asses,2003,40200,A,,,,
230,804,Ukraine,1107,Asses,2003,12000,E,,,,
255,56,Belgium,1107,Asses,2003,,M,,,,
238,231,Ethiopia,1107,Asses,2003,3800000,E,,,,
146,498,Republic of Moldova,1107,Asses,2003,4000,A,,,,
108,398,Kazakhstan,1107,Asses,2003,30000,E,,,,
113,417,Kyrgyzstan,1107,Asses,2003,66000,E,,,,
213,795,Turkmenistan,1107,Asses,2003,25000,E,,,,
1,51,Armenia,1107,Asses,2003,7245,A,,,,
73,268,Georgia,1107,Asses,2003,10000,E,,,,
235,860,Uzbekistan,1107,Asses,2003,254600,A,,,,
57,112,Belarus,1107,Asses,2003,8500,E,,,,
185,643,Russian Federation,1107,Asses,2003,22962,A,,,,
208,762,Tajikistan,1107,Asses,2003,138224,A,,,,
2,4,Afghanistan,1107,Asses,2003,1598000,A,,,,
3,8,Albania,1107,Asses,2003,88000,X,,,,
4,12,Algeria,1107,Asses,2003,166380,A,,,,
7,24,Angola,1107,Asses,2003,4500,E,,,,
8,28,Antigua and Barbuda,1107,Asses,2003,1550,E,,,,
9,32,Argentina,1107,Asses,2003,98000,E,,,,
10,36,Australia,1107,Asses,2003,2000,E,,,,
13,48,Bahrain,1107,Asses,2003,,M,,,,
14,52,Barbados,1107,Asses,2003,2150,E,,,,
53,204,Benin,1107,Asses,2003,600,E,,,,
18,64,Bhutan,1107,Asses,2003,18200,E,,,,
19,68,Bolivia (Plurinational State of),1107,Asses,2003,635000,E,,,,
20,72,Botswana,1107,Asses,2003,330000,E,,,,
21,76,Brazil,1107,Asses,2003,1208660,A,,,,
27,100,Bulgaria,1107,Asses,2003,135701,A,,,,
233,854,Burkina Faso,1107,Asses,2003,914543,A,,,,
35,132,Cabo Verde,1107,Asses,2003,14000,E,,,,
32,120,Cameroon,1107,Asses,2003,39000,E,,,,
37,140,Central African Republic,1107,Asses,2003,,M,,,,
39,148,Chad,1107,Asses,2003,380000,E,,,,
40,152,Chile,1107,Asses,2003,29000,E,,,,
41,156,"China, mainland",1107,Asses,2003,8499000,A,,,,
44,170,Colombia,1107,Asses,2003,300000,E,,,,
45,174,Comoros,1107,Asses,2003,5000,E,,,,
48,188,Costa Rica,1107,Asses,2003,7700,E,,,,
49,192,Cuba,1107,Asses,2003,7800,A,,,,
50,196,Cyprus,1107,Asses,2003,5200,E,,,,
250,180,Democratic Republic of the Congo,1107,Asses,2003,,M,,,,
72,262,Djibouti,1107,Asses,2003,8800,E,,,,
56,214,Dominican Republic,1107,Asses,2003,150500,E,,,,
58,218,Ecuador,1107,Asses,2003,179946,A,,,,
59,818,Egypt,1107,Asses,2003,3150000,E,,,,
60,222,El Salvador,1107,Asses,2003,3200,E,,,,
209,748,Eswatini,1107,Asses,2003,14800,E,,,,
68,250,France,1107,Asses,2003,31674,A,,,,
75,270,Gambia,1107,Asses,2003,36000,E,,,,
81,288,Ghana,1107,Asses,2003,13500,E,,,,
84,300,Greece,1107,Asses,2003,52598,A,,,,
86,308,Grenada,1107,Asses,2003,660,E,,,,
87,312,Guadeloupe,1107,Asses,2003,150,E,,,,
89,320,Guatemala,1107,Asses,2003,9900,E,,,,
90,324,Guinea,1107,Asses,2003,1950,E,,,,
175,624,Guinea-Bissau,1107,Asses,2003,4900,E,,,,
91,328,Guyana,1107,Asses,2003,1000,E,,,,
93,332,Haiti,1107,Asses,2003,220000,E,,,,
95,340,Honduras,1107,Asses,2003,23000,E,,,,
97,348,Hungary,1107,Asses,2003,3500,E,,,,
100,356,India,1107,Asses,2003,650000,A,,,,
102,364,Iran (Islamic Republic of),1107,Asses,2003,1600000,E,,,,
103,368,Iraq,1107,Asses,2003,380000,X,,,,
104,372,Ireland,1107,Asses,2003,5200,X,,,,
105,376,Israel,1107,Asses,2003,5000,E,,,,
106,380,Italy,1107,Asses,2003,23000,E,,,,
109,388,Jamaica,1107,Asses,2003,23000,E,,,,
112,400,Jordan,1107,Asses,2003,12600,E,,,,
121,422,Lebanon,1107,Asses,2003,15000,X,,,,
122,426,Lesotho,1107,Asses,2003,143436,A,,,,
124,434,Libya,1107,Asses,2003,30000,E,,,,
129,450,Madagascar,1107,Asses,2003,150,E,,,,
130,454,Malawi,1107,Asses,2003,2200,E,,,,
133,466,Mali,1107,Asses,2003,726035,A,,,,
134,470,Malta,1107,Asses,2003,500,E,,,,
136,478,Mauritania,1107,Asses,2003,222900,E,,,,
137,480,Mauritius,1107,Asses,2003,60,E,,,,
138,484,Mexico,1107,Asses,2003,3260000,E,,,,
141,496,Mongolia,1107,Asses,2003,700,E,,,,
143,504,Morocco,1107,Asses,2003,983400,A,,,,
144,508,Mozambique,1107,Asses,2003,40954,A,,,,
147,516,Namibia,1107,Asses,2003,130000,E,,,,
157,558,Nicaragua,1107,Asses,2003,8900,E,,,,
158,562,Niger,1107,Asses,2003,1419718,A,,,,
159,566,Nigeria,1107,Asses,2003,1000000,E,,,,
221,512,Oman,1107,Asses,2003,26500,E,,,,
165,586,Pakistan,1107,Asses,2003,4040000,A,,,,
169,600,Paraguay,1107,Asses,2003,35000,E,,,,
170,604,Peru,1107,Asses,2003,600000,E,,,,
174,620,Portugal,1107,Asses,2003,26002,I,,,,
177,630,Puerto Rico,1107,Asses,2003,2000,E,,,,
117,410,Republic of Korea,1107,Asses,2003,,I,,,,
183,642,Romania,1107,Asses,2003,28000,E,,,,
182,638,Réunion,1107,Asses,2003,10,E,,,,
189,662,Saint Lucia,1107,Asses,2003,500,E,,,,
191,670,Saint Vincent and the Grenadines,1107,Asses,2003,1260,E,,,,
244,882,Samoa,1107,Asses,2003,7000,E,,,,
193,678,Sao Tome and Principe,1107,Asses,2003,36,E,,,,
194,682,Saudi Arabia,1107,Asses,2003,100000,E,,,,
195,686,Senegal,1107,Asses,2003,399547,A,,,,
201,706,Somalia,1107,Asses,2003,22000,E,,,,
202,710,South Africa,1107,Asses,2003,150000,E,,,,
203,724,Spain,1107,Asses,2003,140000,E,,,,
206,736,Sudan (former),1107,Asses,2003,750000,E,,,,
207,740,Suriname,1107,Asses,2003,20,E,,,,
211,756,Switzerland,1107,Asses,2003,13598,A,,,,
212,760,Syrian Arab Republic,1107,Asses,2003,126000,A,,,,
216,764,Thailand,1107,Asses,2003,30,E,,,,
217,768,Togo,1107,Asses,2003,3300,E,,,,
220,780,Trinidad and Tobago,1107,Asses,2003,2150,E,,,,
222,788,Tunisia,1107,Asses,2003,240000,E,,,,
223,792,Türkiye,1107,Asses,2003,397540,A,,,,
226,800,Uganda,1107,Asses,2003,17900,E,,,,
215,834,United Republic of Tanzania,1107,Asses,2003,182000,E,,,,
231,840,United States of America,1107,Asses,2003,52000,E,,,,
234,858,Uruguay,1107,Asses,2003,1450,E,,,,
236,862,Venezuela (Bolivarian Republic of),1107,Asses,2003,440000,E,,,,
249,887,Yemen,1107,Asses,2003,615000,E,,,,
251,894,Zambia,1107,Asses,2003,1800,E,,,,
181,716,Zimbabwe,1107,Asses,2003,362000,E,,,,
1,51,Armenia,1107,Asses,2004,7054,A,,,,
57,112,Belarus,1107,Asses,2004,9000,E,,,,
185,643,Russian Federation,1107,Asses,2004,24004,A,,,,
73,268,Georgia,1107,Asses,2004,10000,E,,,,
108,398,Kazakhstan,1107,Asses,2004,30000,E,,,,
52,31,Azerbaijan,1107,Asses,2004,42200,A,,,,
146,498,Republic of Moldova,1107,Asses,2004,4000,A,,,,
255,56,Belgium,1107,Asses,2004,1,A,,,,
238,231,Ethiopia,1107,Asses,2004,3914480,A,,,,
113,417,Kyrgyzstan,1107,Asses,2004,70000,E,,,,
230,804,Ukraine,1107,Asses,2004,12000,E,,,,
213,795,Turkmenistan,1107,Asses,2004,25000,E,,,,
235,860,Uzbekistan,1107,Asses,2004,262400,A,,,,
208,762,Tajikistan,1107,Asses,2004,146518,A,,,,
98,191,Croatia,1107,Asses,2004,4000,E,,,,
2,4,Afghanistan,1107,Asses,2004,1614000,A,,,,
3,8,Albania,1107,Asses,2004,81000,X,,,,
4,12,Algeria,1107,Asses,2004,160840,A,,,,
7,24,Angola,1107,Asses,2004,4500,E,,,,
8,28,Antigua and Barbuda,1107,Asses,2004,1600,E,,,,
9,32,Argentina,1107,Asses,2004,98000,E,,,,
10,36,Australia,1107,Asses,2004,2000,E,,,,
13,48,Bahrain,1107,Asses,2004,,M,,,,
14,52,Barbados,1107,Asses,2004,2200,E,,,,
53,204,Benin,1107,Asses,2004,600,E,,,,
18,64,Bhutan,1107,Asses,2004,18200,E,,,,
19,68,Bolivia (Plurinational State of),1107,Asses,2004,635000,E,,,,
20,72,Botswana,1107,Asses,2004,330000,E,,,,
21,76,Brazil,1107,Asses,2004,1196324,A,,,,
27,100,Bulgaria,1107,Asses,2004,110000,E,,,,
233,854,Burkina Faso,1107,Asses,2004,932810,A,,,,
35,132,Cabo Verde,1107,Asses,2004,14500,E,,,,
32,120,Cameroon,1107,Asses,2004,40000,E,,,,
37,140,Central African Republic,1107,Asses,2004,,M,,,,
39,148,Chad,1107,Asses,2004,388000,E,,,,
40,152,Chile,1107,Asses,2004,29500,E,,,,
41,156,"China, mainland",1107,Asses,2004,8207000,A,,,,
44,170,Colombia,1107,Asses,2004,285000,E,,,,
45,174,Comoros,1107,Asses,2004,5000,E,,,,
48,188,Costa Rica,1107,Asses,2004,7700,E,,,,
49,192,Cuba,1107,Asses,2004,8300,A,,,,
50,196,Cyprus,1107,Asses,2004,5200,E,,,,
250,180,Democratic Republic of the Congo,1107,Asses,2004,,M,,,,
72,262,Djibouti,1107,Asses,2004,8800,E,,,,
56,214,Dominican Republic,1107,Asses,2004,150500,E,,,,
58,218,Ecuador,1107,Asses,2004,168078,A,,,,
59,818,Egypt,1107,Asses,2004,3150000,E,,,,
60,222,El Salvador,1107,Asses,2004,3200,E,,,,
209,748,Eswatini,1107,Asses,2004,14800,E,,,,
68,250,France,1107,Asses,2004,32241,A,,,,
75,270,Gambia,1107,Asses,2004,36000,E,,,,
81,288,Ghana,1107,Asses,2004,13700,E,,,,
84,300,Greece,1107,Asses,2004,48866,A,,,,
86,308,Grenada,1107,Asses,2004,660,E,,,,
87,312,Guadeloupe,1107,Asses,2004,150,E,,,,
89,320,Guatemala,1107,Asses,2004,9900,E,,,,
90,324,Guinea,1107,Asses,2004,2000,E,,,,
175,624,Guinea-Bissau,1107,Asses,2004,4900,E,,,,
91,328,Guyana,1107,Asses,2004,1000,E,,,,
93,332,Haiti,1107,Asses,2004,200000,E,,,,
95,340,Honduras,1107,Asses,2004,23000,E,,,,
97,348,Hungary,1107,Asses,2004,3500,E,,,,
100,356,India,1107,Asses,2004,590000,A,,,,
102,364,Iran (Islamic Republic of),1107,Asses,2004,1600000,E,,,,
103,368,Iraq,1107,Asses,2004,380000,E,,,,
104,372,Ireland,1107,Asses,2004,5100,A,,,,
105,376,Israel,1107,Asses,2004,5000,E,,,,
106,380,Italy,1107,Asses,2004,20000,X,,,,
109,388,Jamaica,1107,Asses,2004,23000,E,,,,
112,400,Jordan,1107,Asses,2004,14300,E,,,,
121,422,Lebanon,1107,Asses,2004,15000,X,,,,
122,426,Lesotho,1107,Asses,2004,84636,A,,,,
124,434,Libya,1107,Asses,2004,30000,E,,,,
129,450,Madagascar,1107,Asses,2004,150,E,,,,
130,454,Malawi,1107,Asses,2004,2200,E,,,,
133,466,Mali,1107,Asses,2004,741936,A,,,,
134,470,Malta,1107,Asses,2004,500,E,,,,
136,478,Mauritania,1107,Asses,2004,225000,X,,,,
137,480,Mauritius,1107,Asses,2004,60,E,,,,
138,484,Mexico,1107,Asses,2004,3260000,E,,,,
141,496,Mongolia,1107,Asses,2004,600,E,,,,
143,504,Morocco,1107,Asses,2004,1011900,A,,,,
144,508,Mozambique,1107,Asses,2004,42000,E,,,,
147,516,Namibia,1107,Asses,2004,135000,E,,,,
157,558,Nicaragua,1107,Asses,2004,9000,E,,,,
158,562,Niger,1107,Asses,2004,1448113,A,,,,
159,566,Nigeria,1107,Asses,2004,1050000,E,,,,
221,512,Oman,1107,Asses,2004,26500,E,,,,
165,586,Pakistan,1107,Asses,2004,4119000,A,,,,
169,600,Paraguay,1107,Asses,2004,35000,E,,,,
170,604,Peru,1107,Asses,2004,610000,E,,,,
174,620,Portugal,1107,Asses,2004,23725,I,,,,
177,630,Puerto Rico,1107,Asses,2004,2000,E,,,,
117,410,Republic of Korea,1107,Asses,2004,,I,,,,
183,642,Romania,1107,Asses,2004,28000,E,,,,
182,638,Réunion,1107,Asses,2004,10,E,,,,
189,662,Saint Lucia,1107,Asses,2004,500,E,,,,
191,670,Saint Vincent and the Grenadines,1107,Asses,2004,1260,E,,,,
244,882,Samoa,1107,Asses,2004,7000,E,,,,
193,678,Sao Tome and Principe,1107,Asses,2004,38,E,,,,
194,682,Saudi Arabia,1107,Asses,2004,100000,E,,,,
195,686,Senegal,1107,Asses,2004,411547,A,,,,
201,706,Somalia,1107,Asses,2004,22000,E,,,,
202,710,South Africa,1107,Asses,2004,150000,E,,,,
203,724,Spain,1107,Asses,2004,140000,E,,,,
206,736,Sudan (former),1107,Asses,2004,750000,E,,,,
207,740,Suriname,1107,Asses,2004,20,E,,,,
211,756,Switzerland,1107,Asses,2004,14360,A,,,,
212,760,Syrian Arab Republic,1107,Asses,2004,123000,A,,,,
216,764,Thailand,1107,Asses,2004,35,E,,,,
217,768,Togo,1107,Asses,2004,3300,E,,,,
220,780,Trinidad and Tobago,1107,Asses,2004,2200,E,,,,
222,788,Tunisia,1107,Asses,2004,240000,E,,,,
223,792,Türkiye,1107,Asses,2004,367739,A,,,,
226,800,Uganda,1107,Asses,2004,18000,E,,,,
215,834,United Republic of Tanzania,1107,Asses,2004,182000,E,,,,
231,840,United States of America,1107,Asses,2004,52000,E,,,,
234,858,Uruguay,1107,Asses,2004,1450,E,,,,
236,862,Venezuela (Bolivarian Republic of),1107,Asses,2004,440000,E,,,,
249,887,Yemen,1107,Asses,2004,625000,E,,,,
251,894,Zambia,1107,Asses,2004,1800,E,,,,
181,716,Zimbabwe,1107,Asses,2004,392000,E,,,,
73,268,Georgia,1107,Asses,2005,10000,E,,,,
208,762,Tajikistan,1107,Asses,2005,156055,A,,,,
235,860,Uzbekistan,1107,Asses,2005,268800,A,,,,
52,31,Azerbaijan,1107,Asses,2005,44500,A,,,,
230,804,Ukraine,1107,Asses,2005,12000,E,,,,
255,56,Belgium,1107,Asses,2005,2,A,,,,
213,795,Turkmenistan,1107,Asses,2005,25000,E,,,,
113,417,Kyrgyzstan,1107,Asses,2005,68000,E,,,,
238,231,Ethiopia,1107,Asses,2005,4265194,A,,,,
57,112,Belarus,1107,Asses,2005,9000,E,,,,
98,191,Croatia,1107,Asses,2005,4000,E,,,,
1,51,Armenia,1107,Asses,2005,6947,A,,,,
185,643,Russian Federation,1107,Asses,2005,23258,A,,,,
146,498,Republic of Moldova,1107,Asses,2005,4000,A,,,,
108,398,Kazakhstan,1107,Asses,2005,31000,E,,,,
2,4,Afghanistan,1107,Asses,2005,1391000,A,,,,
3,8,Albania,1107,Asses,2005,77500,X,,,,
4,12,Algeria,1107,Asses,2005,159410,A,,,,
7,24,Angola,1107,Asses,2005,4500,E,,,,
8,28,Antigua and Barbuda,1107,Asses,2005,1600,E,,,,
9,32,Argentina,1107,Asses,2005,98000,E,,,,
10,36,Australia,1107,Asses,2005,2000,E,,,,
13,48,Bahrain,1107,Asses,2005,,M,,,,
14,52,Barbados,1107,Asses,2005,2200,E,,,,
53,204,Benin,1107,Asses,2005,600,E,,,,
18,64,Bhutan,1107,Asses,2005,18000,E,,,,
19,68,Bolivia (Plurinational State of),1107,Asses,2005,635000,E,,,,
20,72,Botswana,1107,Asses,2005,330000,E,,,,
21,76,Brazil,1107,Asses,2005,1191533,A,,,,
27,100,Bulgaria,1107,Asses,2005,90000,E,,,,
233,854,Burkina Faso,1107,Asses,2005,951447,A,,,,
35,132,Cabo Verde,1107,Asses,2005,14500,E,,,,
32,120,Cameroon,1107,Asses,2005,40000,E,,,,
37,140,Central African Republic,1107,Asses,2005,,M,,,,
39,148,Chad,1107,Asses,2005,388000,E,,,,
40,152,Chile,1107,Asses,2005,30000,E,,,,
41,156,"China, mainland",1107,Asses,2005,7919100,A,,,,
44,170,Colombia,1107,Asses,2005,250000,E,,,,
45,174,Comoros,1107,Asses,2005,5000,E,,,,
48,188,Costa Rica,1107,Asses,2005,7700,E,,,,
49,192,Cuba,1107,Asses,2005,8700,A,,,,
50,196,Cyprus,1107,Asses,2005,5200,E,,,,
250,180,Democratic Republic of the Congo,1107,Asses,2005,,M,,,,
72,262,Djibouti,1107,Asses,2005,8800,E,,,,
56,214,Dominican Republic,1107,Asses,2005,150500,E,,,,
58,218,Ecuador,1107,Asses,2005,170913,A,,,,
59,818,Egypt,1107,Asses,2005,3135141,I,,,,
60,222,El Salvador,1107,Asses,2005,3200,E,,,,
209,748,Eswatini,1107,Asses,2005,14800,E,,,,
68,250,France,1107,Asses,2005,32481,A,,,,
75,270,Gambia,1107,Asses,2005,36500,E,,,,
81,288,Ghana,1107,Asses,2005,13700,E,,,,
84,300,Greece,1107,Asses,2005,45853,A,,,,
86,308,Grenada,1107,Asses,2005,660,E,,,,
87,312,Guadeloupe,1107,Asses,2005,150,E,,,,
89,320,Guatemala,1107,Asses,2005,9900,E,,,,
90,324,Guinea,1107,Asses,2005,2000,E,,,,
175,624,Guinea-Bissau,1107,Asses,2005,5000,E,,,,
91,328,Guyana,1107,Asses,2005,1000,E,,,,
93,332,Haiti,1107,Asses,2005,210000,E,,,,
95,340,Honduras,1107,Asses,2005,23000,E,,,,
97,348,Hungary,1107,Asses,2005,3500,E,,,,
100,356,India,1107,Asses,2005,534000,A,,,,
102,364,Iran (Islamic Republic of),1107,Asses,2005,1600000,E,,,,
103,368,Iraq,1107,Asses,2005,380000,E,,,,
104,372,Ireland,1107,Asses,2005,5077,A,,,,
105,376,Israel,1107,Asses,2005,5000,E,,,,
106,380,Italy,1107,Asses,2005,24000,E,,,,
109,388,Jamaica,1107,Asses,2005,23000,E,,,,
112,400,Jordan,1107,Asses,2005,12000,E,,,,
121,422,Lebanon,1107,Asses,2005,15000,X,,,,
122,426,Lesotho,1107,Asses,2005,168645,A,,,,
124,434,Libya,1107,Asses,2005,30000,E,,,,
129,450,Madagascar,1107,Asses,2005,150,E,,,,
130,454,Malawi,1107,Asses,2005,2200,E,,,,
133,466,Mali,1107,Asses,2005,758184,A,,,,
134,470,Malta,1107,Asses,2005,500,E,,,,
136,478,Mauritania,1107,Asses,2005,225000,X,,,,
137,480,Mauritius,1107,Asses,2005,60,E,,,,
138,484,Mexico,1107,Asses,2005,3260000,E,,,,
141,496,Mongolia,1107,Asses,2005,450,E,,,,
143,504,Morocco,1107,Asses,2005,1008000,A,,,,
144,508,Mozambique,1107,Asses,2005,45000,E,,,,
147,516,Namibia,1107,Asses,2005,140291,A,,,,
157,558,Nicaragua,1107,Asses,2005,9000,E,,,,
158,562,Niger,1107,Asses,2005,1477075,A,,,,
159,566,Nigeria,1107,Asses,2005,1050000,E,,,,
221,512,Oman,1107,Asses,2005,26300,E,,,,
165,586,Pakistan,1107,Asses,2005,4199000,A,,,,
169,600,Paraguay,1107,Asses,2005,35000,E,,,,
170,604,Peru,1107,Asses,2005,620000,E,,,,
174,620,Portugal,1107,Asses,2005,21636,I,,,,
177,630,Puerto Rico,1107,Asses,2005,2000,E,,,,
117,410,Republic of Korea,1107,Asses,2005,,I,,,,
183,642,Romania,1107,Asses,2005,29000,E,,,,
182,638,Réunion,1107,Asses,2005,10,E,,,,
189,662,Saint Lucia,1107,Asses,2005,500,E,,,,
191,670,Saint Vincent and the Grenadines,1107,Asses,2005,1260,E,,,,
244,882,Samoa,1107,Asses,2005,7000,E,,,,
193,678,Sao Tome and Principe,1107,Asses,2005,38,E,,,,
194,682,Saudi Arabia,1107,Asses,2005,100000,E,,,,
195,686,Senegal,1107,Asses,2005,413310,A,,,,
201,706,Somalia,1107,Asses,2005,22000,E,,,,
202,710,South Africa,1107,Asses,2005,150000,E,,,,
203,724,Spain,1107,Asses,2005,142000,E,,,,
206,736,Sudan (former),1107,Asses,2005,750000,E,,,,
207,740,Suriname,1107,Asses,2005,20,E,,,,
211,756,Switzerland,1107,Asses,2005,15457,A,,,,
212,760,Syrian Arab Republic,1107,Asses,2005,111800,A,,,,
216,764,Thailand,1107,Asses,2005,35,E,,,,
217,768,Togo,1107,Asses,2005,3300,E,,,,
220,780,Trinidad and Tobago,1107,Asses,2005,2200,E,,,,
222,788,Tunisia,1107,Asses,2005,240000,E,,,,
223,792,Türkiye,1107,Asses,2005,341377,A,,,,
226,800,Uganda,1107,Asses,2005,18200,E,,,,
215,834,United Republic of Tanzania,1107,Asses,2005,182000,E,,,,
231,840,United States of America,1107,Asses,2005,52000,E,,,,
234,858,Uruguay,1107,Asses,2005,1450,E,,,,
236,862,Venezuela (Bolivarian Republic of),1107,Asses,2005,440000,E,,,,
249,887,Yemen,1107,Asses,2005,640000,E,,,,
251,894,Zambia,1107,Asses,2005,1800,E,,,,
181,716,Zimbabwe,1107,Asses,2005,412000,E,,,,
73,268,Georgia,1107,Asses,2006,10000,E,,,,
108,398,Kazakhstan,1107,Asses,2006,30000,E,,,,
185,643,Russian Federation,1107,Asses,2006,21929,A,,,,
230,804,Ukraine,1107,Asses,2006,12000,E,,,,
255,56,Belgium,1107,Asses,2006,2,E,,,,
238,231,Ethiopia,1107,Asses,2006,4498390,A,,,,
208,762,Tajikistan,1107,Asses,2006,163611,A,,,,
235,860,Uzbekistan,1107,Asses,2006,288700,A,,,,
52,31,Azerbaijan,1107,Asses,2006,45400,A,,,,
57,112,Belarus,1107,Asses,2006,9000,E,,,,
146,498,Republic of Moldova,1107,Asses,2006,4000,A,,,,
213,795,Turkmenistan,1107,Asses,2006,25000,E,,,,
98,191,Croatia,1107,Asses,2006,4000,E,,,,
113,417,Kyrgyzstan,1107,Asses,2006,70000,E,,,,
1,51,Armenia,1107,Asses,2006,6905,A,,,,
2,4,Afghanistan,1107,Asses,2006,1215000,A,,,,
3,8,Albania,1107,Asses,2006,68000,X,,,,
4,12,Algeria,1107,Asses,2006,155220,A,,,,
7,24,Angola,1107,Asses,2006,4500,E,,,,
8,28,Antigua and Barbuda,1107,Asses,2006,1600,E,,,,
9,32,Argentina,1107,Asses,2006,98000,E,,,,
10,36,Australia,1107,Asses,2006,2000,E,,,,
13,48,Bahrain,1107,Asses,2006,,M,,,,
14,52,Barbados,1107,Asses,2006,2200,E,,,,
53,204,Benin,1107,Asses,2006,600,E,,,,
18,64,Bhutan,1107,Asses,2006,17993,I,,,,
19,68,Bolivia (Plurinational State of),1107,Asses,2006,635000,E,,,,
20,72,Botswana,1107,Asses,2006,330000,E,,,,
21,76,Brazil,1107,Asses,2006,1187420,A,,,,
27,100,Bulgaria,1107,Asses,2006,80000,E,,,,
233,854,Burkina Faso,1107,Asses,2006,970452,A,,,,
35,132,Cabo Verde,1107,Asses,2006,14500,E,,,,
32,120,Cameroon,1107,Asses,2006,40000,E,,,,
37,140,Central African Republic,1107,Asses,2006,,M,,,,
39,148,Chad,1107,Asses,2006,388000,E,,,,
40,152,Chile,1107,Asses,2006,30000,E,,,,
41,156,"China, mainland",1107,Asses,2006,7772000,A,,,,
44,170,Colombia,1107,Asses,2006,303874,A,,,,
45,174,Comoros,1107,Asses,2006,5000,E,,,,
48,188,Costa Rica,1107,Asses,2006,7700,E,,,,
49,192,Cuba,1107,Asses,2006,9100,A,,,,
50,196,Cyprus,1107,Asses,2006,5200,E,,,,
250,180,Democratic Republic of the Congo,1107,Asses,2006,,M,,,,
72,262,Djibouti,1107,Asses,2006,8370,A,,,,
56,214,Dominican Republic,1107,Asses,2006,150500,E,,,,
58,218,Ecuador,1107,Asses,2006,169274,A,,,,
59,818,Egypt,1107,Asses,2006,3100794,I,,,,
60,222,El Salvador,1107,Asses,2006,3200,E,,,,
209,748,Eswatini,1107,Asses,2006,14800,E,,,,
68,250,France,1107,Asses,2006,32344,A,,,,
75,270,Gambia,1107,Asses,2006,36500,E,,,,
81,288,Ghana,1107,Asses,2006,14000,E,,,,
84,300,Greece,1107,Asses,2006,42739,A,,,,
86,308,Grenada,1107,Asses,2006,660,E,,,,
87,312,Guadeloupe,1107,Asses,2006,150,E,,,,
89,320,Guatemala,1107,Asses,2006,9900,E,,,,
90,324,Guinea,1107,Asses,2006,2050,E,,,,
175,624,Guinea-Bissau,1107,Asses,2006,5050,E,,,,
91,328,Guyana,1107,Asses,2006,1000,E,,,,
93,332,Haiti,1107,Asses,2006,210000,E,,,,
95,340,Honduras,1107,Asses,2006,23000,E,,,,
97,348,Hungary,1107,Asses,2006,3000,E,,,,
100,356,India,1107,Asses,2006,483000,A,,,,
102,364,Iran (Islamic Republic of),1107,Asses,2006,1600000,E,,,,
103,368,Iraq,1107,Asses,2006,380000,E,,,,
104,372,Ireland,1107,Asses,2006,5880,X,,,,
105,376,Israel,1107,Asses,2006,5000,E,,,,
106,380,Italy,1107,Asses,2006,24000,E,,,,
109,388,Jamaica,1107,Asses,2006,23000,E,,,,
112,400,Jordan,1107,Asses,2006,10000,E,,,,
121,422,Lebanon,1107,Asses,2006,15000,X,,,,
122,426,Lesotho,1107,Asses,2006,172364,A,,,,
124,434,Libya,1107,Asses,2006,29000,A,,,,
129,450,Madagascar,1107,Asses,2006,150,E,,,,
130,454,Malawi,1107,Asses,2006,2200,E,,,,
133,466,Mali,1107,Asses,2006,919000,A,,,,
134,470,Malta,1107,Asses,2006,500,E,,,,
136,478,Mauritania,1107,Asses,2006,300000,X,,,,
137,480,Mauritius,1107,Asses,2006,60,E,,,,
138,484,Mexico,1107,Asses,2006,3260000,E,,,,
141,496,Mongolia,1107,Asses,2006,384,A,,,,
143,504,Morocco,1107,Asses,2006,999100,A,,,,
144,508,Mozambique,1107,Asses,2006,45000,E,,,,
147,516,Namibia,1107,Asses,2006,140000,E,,,,
157,558,Nicaragua,1107,Asses,2006,9000,E,,,,
158,562,Niger,1107,Asses,2006,1506617,A,,,,
159,566,Nigeria,1107,Asses,2006,1080000,E,,,,
221,512,Oman,1107,Asses,2006,26200,E,,,,
165,586,Pakistan,1107,Asses,2006,4269000,A,,,,
169,600,Paraguay,1107,Asses,2006,35000,E,,,,
170,604,Peru,1107,Asses,2006,620000,E,,,,
174,620,Portugal,1107,Asses,2006,19720,I,,,,
177,630,Puerto Rico,1107,Asses,2006,2000,E,,,,
117,410,Republic of Korea,1107,Asses,2006,,I,,,,
183,642,Romania,1107,Asses,2006,29000,E,,,,
182,638,Réunion,1107,Asses,2006,10,E,,,,
189,662,Saint Lucia,1107,Asses,2006,500,E,,,,
191,670,Saint Vincent and the Grenadines,1107,Asses,2006,1280,E,,,,
244,882,Samoa,1107,Asses,2006,7000,E,,,,
193,678,Sao Tome and Principe,1107,Asses,2006,38,E,,,,
194,682,Saudi Arabia,1107,Asses,2006,100000,E,,,,
195,686,Senegal,1107,Asses,2006,415463,A,,,,
201,706,Somalia,1107,Asses,2006,22000,E,,,,
202,710,South Africa,1107,Asses,2006,150000,E,,,,
203,724,Spain,1107,Asses,2006,142000,E,,,,
206,736,Sudan (former),1107,Asses,2006,750000,E,,,,
207,740,Suriname,1107,Asses,2006,16,E,,,,
211,756,Switzerland,1107,Asses,2006,15900,A,,,,
212,760,Syrian Arab Republic,1107,Asses,2006,113000,A,,,,
216,764,Thailand,1107,Asses,2006,35,E,,,,
217,768,Togo,1107,Asses,2006,3310,E,,,,
220,780,Trinidad and Tobago,1107,Asses,2006,2200,E,,,,
222,788,Tunisia,1107,Asses,2006,240000,E,,,,
223,792,Türkiye,1107,Asses,2006,329475,A,,,,
226,800,Uganda,1107,Asses,2006,18500,E,,,,
215,834,United Republic of Tanzania,1107,Asses,2006,182000,E,,,,
231,840,United States of America,1107,Asses,2006,52000,E,,,,
234,858,Uruguay,1107,Asses,2006,1500,E,,,,
236,862,Venezuela (Bolivarian Republic of),1107,Asses,2006,440000,E,,,,
249,887,Yemen,1107,Asses,2006,685000,E,,,,
251,894,Zambia,1107,Asses,2006,1800,E,,,,
181,716,Zimbabwe,1107,Asses,2006,452000,E,,,,
108,398,Kazakhstan,1107,Asses,2007,30000,E,,,,
238,231,Ethiopia,1107,Asses,2007,4935760,A,,,,
255,56,Belgium,1107,Asses,2007,2,E,,,,
213,795,Turkmenistan,1107,Asses,2007,25000,E,,,,
52,31,Azerbaijan,1107,Asses,2007,46253,A,,,,
146,498,Republic of Moldova,1107,Asses,2007,4000,A,,,,
208,762,Tajikistan,1107,Asses,2007,168830,A,,,,
113,417,Kyrgyzstan,1107,Asses,2007,70000,E,,,,
1,51,Armenia,1107,Asses,2007,6649,A,,,,
73,268,Georgia,1107,Asses,2007,10000,E,,,,
230,804,Ukraine,1107,Asses,2007,12000,E,,,,
57,112,Belarus,1107,Asses,2007,9000,E,,,,
235,860,Uzbekistan,1107,Asses,2007,292800,A,,,,
185,643,Russian Federation,1107,Asses,2007,20847,A,,,,
98,191,Croatia,1107,Asses,2007,4000,E,,,,
2,4,Afghanistan,1107,Asses,2007,1472000,A,,,,
3,8,Albania,1107,Asses,2007,64000,X,,,,
4,12,Algeria,1107,Asses,2007,150880,A,,,,
7,24,Angola,1107,Asses,2007,4500,E,,,,
8,28,Antigua and Barbuda,1107,Asses,2007,1700,E,,,,
9,32,Argentina,1107,Asses,2007,98000,E,,,,
10,36,Australia,1107,Asses,2007,2000,E,,,,
13,48,Bahrain,1107,Asses,2007,,M,,,,
14,52,Barbados,1107,Asses,2007,2300,E,,,,
53,204,Benin,1107,Asses,2007,600,E,,,,
18,64,Bhutan,1107,Asses,2007,18028,I,,,,
19,68,Bolivia (Plurinational State of),1107,Asses,2007,635000,E,,,,
20,72,Botswana,1107,Asses,2007,305689,A,,,,
21,76,Brazil,1107,Asses,2007,1163316,A,,,,
27,100,Bulgaria,1107,Asses,2007,70000,E,,,,
233,854,Burkina Faso,1107,Asses,2007,989840,A,,,,
35,132,Cabo Verde,1107,Asses,2007,14500,E,,,,
32,120,Cameroon,1107,Asses,2007,40000,E,,,,
37,140,Central African Republic,1107,Asses,2007,,M,,,,
39,148,Chad,1107,Asses,2007,429944,A,,,,
40,152,Chile,1107,Asses,2007,15016,A,,,,
41,156,"China, mainland",1107,Asses,2007,7306000,A,,,,
44,170,Colombia,1107,Asses,2007,276678,A,,,,
45,174,Comoros,1107,Asses,2007,5000,E,,,,
48,188,Costa Rica,1107,Asses,2007,7700,E,,,,
49,192,Cuba,1107,Asses,2007,9700,A,,,,
50,196,Cyprus,1107,Asses,2007,5200,E,,,,
250,180,Democratic Republic of the Congo,1107,Asses,2007,,M,,,,
72,262,Djibouti,1107,Asses,2007,8370,A,,,,
56,214,Dominican Republic,1107,Asses,2007,150500,E,,,,
58,218,Ecuador,1107,Asses,2007,162058,A,,,,
59,818,Egypt,1107,Asses,2007,3055151,I,,,,
60,222,El Salvador,1107,Asses,2007,3200,E,,,,
209,748,Eswatini,1107,Asses,2007,14800,E,,,,
68,250,France,1107,Asses,2007,31541,A,,,,
75,270,Gambia,1107,Asses,2007,36700,E,,,,
81,288,Ghana,1107,Asses,2007,14100,E,,,,
84,300,Greece,1107,Asses,2007,39498,A,,,,
86,308,Grenada,1107,Asses,2007,660,E,,,,
89,320,Guatemala,1107,Asses,2007,9900,E,,,,
90,324,Guinea,1107,Asses,2007,2050,E,,,,
175,624,Guinea-Bissau,1107,Asses,2007,5100,E,,,,
91,328,Guyana,1107,Asses,2007,1000,E,,,,
93,332,Haiti,1107,Asses,2007,210000,E,,,,
95,340,Honduras,1107,Asses,2007,23000,E,,,,
97,348,Hungary,1107,Asses,2007,2600,E,,,,
100,356,India,1107,Asses,2007,438000,A,,,,
102,364,Iran (Islamic Republic of),1107,Asses,2007,1600000,E,,,,
103,368,Iraq,1107,Asses,2007,380000,E,,,,
104,372,Ireland,1107,Asses,2007,6048,X,,,,
105,376,Israel,1107,Asses,2007,5000,E,,,,
106,380,Italy,1107,Asses,2007,24000,E,,,,
109,388,Jamaica,1107,Asses,2007,23000,E,,,,
112,400,Jordan,1107,Asses,2007,10000,E,,,,
121,422,Lebanon,1107,Asses,2007,15000,X,,,,
122,426,Lesotho,1107,Asses,2007,172364,A,,,,
124,434,Libya,1107,Asses,2007,29000,A,,,,
129,450,Madagascar,1107,Asses,2007,150,E,,,,
130,454,Malawi,1107,Asses,2007,2200,E,,,,
133,466,Mali,1107,Asses,2007,791756,A,,,,
134,470,Malta,1107,Asses,2007,500,E,,,,
136,478,Mauritania,1107,Asses,2007,300000,X,,,,
137,480,Mauritius,1107,Asses,2007,60,E,,,,
138,484,Mexico,1107,Asses,2007,3260000,E,,,,
141,496,Mongolia,1107,Asses,2007,324,A,,,,
143,504,Morocco,1107,Asses,2007,989700,A,,,,
144,508,Mozambique,1107,Asses,2007,45000,E,,,,
147,516,Namibia,1107,Asses,2007,140000,E,,,,
157,558,Nicaragua,1107,Asses,2007,9000,E,,,,
158,562,Niger,1107,Asses,2007,1536749,A,,,,
159,566,Nigeria,1107,Asses,2007,1060000,E,,,,
221,512,Oman,1107,Asses,2007,26000,E,,,,
165,586,Pakistan,1107,Asses,2007,4347000,A,,,,
169,600,Paraguay,1107,Asses,2007,35000,E,,,,
170,604,Peru,1107,Asses,2007,630000,E,,,,
174,620,Portugal,1107,Asses,2007,17962,I,,,,
177,630,Puerto Rico,1107,Asses,2007,2000,E,,,,
117,410,Republic of Korea,1107,Asses,2007,,I,,,,
183,642,Romania,1107,Asses,2007,29000,E,,,,
189,662,Saint Lucia,1107,Asses,2007,600,E,,,,
191,670,Saint Vincent and the Grenadines,1107,Asses,2007,1280,E,,,,
244,882,Samoa,1107,Asses,2007,7000,E,,,,
193,678,Sao Tome and Principe,1107,Asses,2007,38,E,,,,
194,682,Saudi Arabia,1107,Asses,2007,100000,E,,,,
195,686,Senegal,1107,Asses,2007,437565,A,,,,
201,706,Somalia,1107,Asses,2007,22000,E,,,,
202,710,South Africa,1107,Asses,2007,150500,E,,,,
203,724,Spain,1107,Asses,2007,142000,E,,,,
206,736,Sudan (former),1107,Asses,2007,750000,E,,,,
207,740,Suriname,1107,Asses,2007,15,E,,,,
211,756,Switzerland,1107,Asses,2007,16673,A,,,,
212,760,Syrian Arab Republic,1107,Asses,2007,107000,A,,,,
216,764,Thailand,1107,Asses,2007,35,E,,,,
217,768,Togo,1107,Asses,2007,3315,E,,,,
220,780,Trinidad and Tobago,1107,Asses,2007,2200,E,,,,
222,788,Tunisia,1107,Asses,2007,240000,E,,,,
223,792,Türkiye,1107,Asses,2007,296114,A,,,,
226,800,Uganda,1107,Asses,2007,18700,E,,,,
215,834,United Republic of Tanzania,1107,Asses,2007,182000,E,,,,
231,840,United States of America,1107,Asses,2007,52000,E,,,,
234,858,Uruguay,1107,Asses,2007,1500,E,,,,
236,862,Venezuela (Bolivarian Republic of),1107,Asses,2007,440000,E,,,,
249,887,Yemen,1107,Asses,2007,714500,E,,,,
251,894,Zambia,1107,Asses,2007,1800,E,,,,
181,716,Zimbabwe,1107,Asses,2007,482000,E,,,,
108,398,Kazakhstan,1107,Asses,2008,30000,E,,,,
146,498,Republic of Moldova,1107,Asses,2008,3000,A,,,,
1,51,Armenia,1107,Asses,2008,6723,A,,,,
57,112,Belarus,1107,Asses,2008,9000,E,,,,
98,191,Croatia,1107,Asses,2008,1839,A,,,,
230,804,Ukraine,1107,Asses,2008,12000,E,,,,
238,231,Ethiopia,1107,Asses,2008,5421700,A,,,,
185,643,Russian Federation,1107,Asses,2008,19934,A,,,,
255,56,Belgium,1107,Asses,2008,2,E,,,,
73,268,Georgia,1107,Asses,2008,10000,E,,,,
113,417,Kyrgyzstan,1107,Asses,2008,70000,E,,,,
213,795,Turkmenistan,1107,Asses,2008,25000,E,,,,
208,762,Tajikistan,1107,Asses,2008,171282,A,,,,
52,31,Azerbaijan,1107,Asses,2008,47209,A,,,,
235,860,Uzbekistan,1107,Asses,2008,303500,A,,,,
2,4,Afghanistan,1107,Asses,2008,1209000,A,,,,
3,8,Albania,1107,Asses,2008,60000,X,,,,
4,12,Algeria,1107,Asses,2008,147340,A,,,,
7,24,Angola,1107,Asses,2008,4500,E,,,,
8,28,Antigua and Barbuda,1107,Asses,2008,1700,E,,,,
9,32,Argentina,1107,Asses,2008,98000,E,,,,
10,36,Australia,1107,Asses,2008,2000,E,,,,
13,48,Bahrain,1107,Asses,2008,,M,,,,
14,52,Barbados,1107,Asses,2008,2300,E,,,,
53,204,Benin,1107,Asses,2008,615,E,,,,
18,64,Bhutan,1107,Asses,2008,18025,I,,,,
19,68,Bolivia (Plurinational State of),1107,Asses,2008,635000,E,,,,
20,72,Botswana,1107,Asses,2008,330000,E,,,,
21,76,Brazil,1107,Asses,2008,1130639,A,,,,
27,100,Bulgaria,1107,Asses,2008,60000,E,,,,
233,854,Burkina Faso,1107,Asses,2008,1008815,A,,,,
35,132,Cabo Verde,1107,Asses,2008,14500,E,,,,
32,120,Cameroon,1107,Asses,2008,40000,E,,,,
37,140,Central African Republic,1107,Asses,2008,,M,,,,
39,148,Chad,1107,Asses,2008,440262,A,,,,
40,152,Chile,1107,Asses,2008,15500,E,,,,
41,156,"China, mainland",1107,Asses,2008,6891000,A,,,,
44,170,Colombia,1107,Asses,2008,224051,A,,,,
45,174,Comoros,1107,Asses,2008,5000,E,,,,
48,188,Costa Rica,1107,Asses,2008,7700,E,,,,
49,192,Cuba,1107,Asses,2008,10400,A,,,,
50,196,Cyprus,1107,Asses,2008,5200,E,,,,
250,180,Democratic Republic of the Congo,1107,Asses,2008,,M,,,,
72,262,Djibouti,1107,Asses,2008,8370,A,,,,
56,214,Dominican Republic,1107,Asses,2008,150500,E,,,,
58,218,Ecuador,1107,Asses,2008,145139,A,,,,
59,818,Egypt,1107,Asses,2008,2324261,I,,,,
60,222,El Salvador,1107,Asses,2008,3250,E,,,,
209,748,Eswatini,1107,Asses,2008,15000,E,,,,
68,250,France,1107,Asses,2008,30775,A,,,,
75,270,Gambia,1107,Asses,2008,42212,A,,,,
81,288,Ghana,1107,Asses,2008,14150,E,,,,
84,300,Greece,1107,Asses,2008,37309,A,,,,
86,308,Grenada,1107,Asses,2008,660,E,,,,
89,320,Guatemala,1107,Asses,2008,9950,E,,,,
90,324,Guinea,1107,Asses,2008,2100,E,,,,
175,624,Guinea-Bissau,1107,Asses,2008,5150,E,,,,
91,328,Guyana,1107,Asses,2008,1000,E,,,,
93,332,Haiti,1107,Asses,2008,210000,E,,,,
95,340,Honduras,1107,Asses,2008,23000,E,,,,
97,348,Hungary,1107,Asses,2008,2200,E,,,,
100,356,India,1107,Asses,2008,416000,X,,,,
102,364,Iran (Islamic Republic of),1107,Asses,2008,1600000,E,,,,
103,368,Iraq,1107,Asses,2008,380000,E,,,,
104,372,Ireland,1107,Asses,2008,7600,X,,,,
105,376,Israel,1107,Asses,2008,5000,E,,,,
106,380,Italy,1107,Asses,2008,24000,E,,,,
109,388,Jamaica,1107,Asses,2008,23000,E,,,,
112,400,Jordan,1107,Asses,2008,10000,E,,,,
121,422,Lebanon,1107,Asses,2008,15000,E,,,,
122,426,Lesotho,1107,Asses,2008,136455,A,,,,
124,434,Libya,1107,Asses,2008,29000,A,,,,
129,450,Madagascar,1107,Asses,2008,150,E,,,,
130,454,Malawi,1107,Asses,2008,2200,E,,,,
133,466,Mali,1107,Asses,2008,807591,A,,,,
134,470,Malta,1107,Asses,2008,500,E,,,,
136,478,Mauritania,1107,Asses,2008,310000,X,,,,
137,480,Mauritius,1107,Asses,2008,60,E,,,,
138,484,Mexico,1107,Asses,2008,3261000,E,,,,
141,496,Mongolia,1107,Asses,2008,316,A,,,,
143,504,Morocco,1107,Asses,2008,967800,A,,,,
144,508,Mozambique,1107,Asses,2008,46000,E,,,,
147,516,Namibia,1107,Asses,2008,140000,E,,,,
157,558,Nicaragua,1107,Asses,2008,9000,E,,,,
158,562,Niger,1107,Asses,2008,1567484,A,,,,
159,566,Nigeria,1107,Asses,2008,1065000,E,,,,
221,512,Oman,1107,Asses,2008,26000,E,,,,
165,586,Pakistan,1107,Asses,2008,4427000,A,,,,
169,600,Paraguay,1107,Asses,2008,35000,E,,,,
170,604,Peru,1107,Asses,2008,635000,E,,,,
174,620,Portugal,1107,Asses,2008,16352,I,,,,
177,630,Puerto Rico,1107,Asses,2008,2000,E,,,,
117,410,Republic of Korea,1107,Asses,2008,,I,,,,
183,642,Romania,1107,Asses,2008,29000,E,,,,
189,662,Saint Lucia,1107,Asses,2008,600,E,,,,
191,670,Saint Vincent and the Grenadines,1107,Asses,2008,1300,E,,,,
244,882,Samoa,1107,Asses,2008,7000,E,,,,
193,678,Sao Tome and Principe,1107,Asses,2008,39,E,,,,
194,682,Saudi Arabia,1107,Asses,2008,100000,E,,,,
195,686,Senegal,1107,Asses,2008,441660,A,,,,
201,706,Somalia,1107,Asses,2008,22000,E,,,,
202,710,South Africa,1107,Asses,2008,150500,E,,,,
203,724,Spain,1107,Asses,2008,142000,E,,,,
206,736,Sudan (former),1107,Asses,2008,751000,E,,,,
207,740,Suriname,1107,Asses,2008,12,E,,,,
211,756,Switzerland,1107,Asses,2008,17348,A,,,,
212,760,Syrian Arab Republic,1107,Asses,2008,100837,A,,,,
216,764,Thailand,1107,Asses,2008,35,E,,,,
217,768,Togo,1107,Asses,2008,3320,E,,,,
220,780,Trinidad and Tobago,1107,Asses,2008,2300,E,,,,
222,788,Tunisia,1107,Asses,2008,240000,E,,,,
223,792,Türkiye,1107,Asses,2008,273520,A,,,,
226,800,Uganda,1107,Asses,2008,19000,E,,,,
215,834,United Republic of Tanzania,1107,Asses,2008,182000,E,,,,
231,840,United States of America,1107,Asses,2008,52000,E,,,,
234,858,Uruguay,1107,Asses,2008,1550,E,,,,
236,862,Venezuela (Bolivarian Republic of),1107,Asses,2008,440000,E,,,,
249,887,Yemen,1107,Asses,2008,715000,E,,,,
251,894,Zambia,1107,Asses,2008,2000,E,,,,
181,716,Zimbabwe,1107,Asses,2008,500000,E,,,,
208,762,Tajikistan,1107,Asses,2009,174044,A,,,,
52,31,Azerbaijan,1107,Asses,2009,46431,A,,,,
57,112,Belarus,1107,Asses,2009,9000,E,,,,
185,643,Russian Federation,1107,Asses,2009,19274,A,,,,
230,804,Ukraine,1107,Asses,2009,12000,E,,,,
108,398,Kazakhstan,1107,Asses,2009,30000,E,,,,
113,417,Kyrgyzstan,1107,Asses,2009,68570,A,,,,
98,191,Croatia,1107,Asses,2009,2249,A,,,,
235,860,Uzbekistan,1107,Asses,2009,306500,A,,,,
1,51,Armenia,1107,Asses,2009,5651,A,,,,
213,795,Turkmenistan,1107,Asses,2009,25000,E,,,,
238,231,Ethiopia,1107,Asses,2009,5715129,A,,,,
73,268,Georgia,1107,Asses,2009,10000,E,,,,
255,56,Belgium,1107,Asses,2009,2,E,,,,
146,498,Republic of Moldova,1107,Asses,2009,3185,A,,,,
2,4,Afghanistan,1107,Asses,2009,1322000,A,,,,
3,8,Albania,1107,Asses,2009,56000,X,,,,
4,12,Algeria,1107,Asses,2009,150000,E,,,,
7,24,Angola,1107,Asses,2009,4500,E,,,,
8,28,Antigua and Barbuda,1107,Asses,2009,1700,E,,,,
9,32,Argentina,1107,Asses,2009,98000,E,,,,
10,36,Australia,1107,Asses,2009,2000,E,,,,
13,48,Bahrain,1107,Asses,2009,,M,,,,
14,52,Barbados,1107,Asses,2009,2300,E,,,,
53,204,Benin,1107,Asses,2009,618,E,,,,
18,64,Bhutan,1107,Asses,2009,18000,E,,,,
19,68,Bolivia (Plurinational State of),1107,Asses,2009,635000,E,,,,
20,72,Botswana,1107,Asses,2009,359864,A,,,,
21,76,Brazil,1107,Asses,2009,1030494,A,,,,
27,100,Bulgaria,1107,Asses,2009,50000,E,,,,
233,854,Burkina Faso,1107,Asses,2009,1029788,A,,,,
35,132,Cabo Verde,1107,Asses,2009,15000,E,,,,
32,120,Cameroon,1107,Asses,2009,40000,E,,,,
37,140,Central African Republic,1107,Asses,2009,,M,,,,
39,148,Chad,1107,Asses,2009,450829,A,,,,
40,152,Chile,1107,Asses,2009,15500,E,,,,
41,156,"China, mainland",1107,Asses,2009,5403500,A,,,,
44,170,Colombia,1107,Asses,2009,220846,A,,,,
45,174,Comoros,1107,Asses,2009,5000,E,,,,
48,188,Costa Rica,1107,Asses,2009,8000,E,,,,
49,192,Cuba,1107,Asses,2009,11300,A,,,,
50,196,Cyprus,1107,Asses,2009,5200,E,,,,
250,180,Democratic Republic of the Congo,1107,Asses,2009,,M,,,,
72,262,Djibouti,1107,Asses,2009,8400,E,,,,
56,214,Dominican Republic,1107,Asses,2009,150500,E,,,,
58,218,Ecuador,1107,Asses,2009,134154,A,,,,
59,818,Egypt,1107,Asses,2009,2124661,I,,,,
60,222,El Salvador,1107,Asses,2009,3250,E,,,,
209,748,Eswatini,1107,Asses,2009,15200,E,,,,
68,250,France,1107,Asses,2009,30818,A,,,,
75,270,Gambia,1107,Asses,2009,42610,A,,,,
81,288,Ghana,1107,Asses,2009,14200,E,,,,
84,300,Greece,1107,Asses,2009,34602,A,,,,
86,308,Grenada,1107,Asses,2009,660,E,,,,
89,320,Guatemala,1107,Asses,2009,9950,E,,,,
90,324,Guinea,1107,Asses,2009,2150,E,,,,
175,624,Guinea-Bissau,1107,Asses,2009,5200,E,,,,
91,328,Guyana,1107,Asses,2009,1000,E,,,,
93,332,Haiti,1107,Asses,2009,210000,E,,,,
95,340,Honduras,1107,Asses,2009,23100,E,,,,
97,348,Hungary,1107,Asses,2009,1900,A,,,,
100,356,India,1107,Asses,2009,395000,X,,,,
102,364,Iran (Islamic Republic of),1107,Asses,2009,1600000,E,,,,
103,368,Iraq,1107,Asses,2009,380000,E,,,,
104,372,Ireland,1107,Asses,2009,7600,X,,,,
105,376,Israel,1107,Asses,2009,5000,E,,,,
106,380,Italy,1107,Asses,2009,24000,E,,,,
109,388,Jamaica,1107,Asses,2009,23000,E,,,,
112,400,Jordan,1107,Asses,2009,10000,E,,,,
121,422,Lebanon,1107,Asses,2009,15000,E,,,,
122,426,Lesotho,1107,Asses,2009,159713,A,,,,
124,434,Libya,1107,Asses,2009,29000,E,,,,
129,450,Madagascar,1107,Asses,2009,160,E,,,,
130,454,Malawi,1107,Asses,2009,2200,E,,,,
133,466,Mali,1107,Asses,2009,825277,A,,,,
134,470,Malta,1107,Asses,2009,500,E,,,,
136,478,Mauritania,1107,Asses,2009,310000,X,,,,
137,480,Mauritius,1107,Asses,2009,60,E,,,,
138,484,Mexico,1107,Asses,2009,3261000,E,,,,
141,496,Mongolia,1107,Asses,2009,228,A,,,,
143,504,Morocco,1107,Asses,2009,962600,A,,,,
144,508,Mozambique,1107,Asses,2009,47000,E,,,,
147,516,Namibia,1107,Asses,2009,140000,E,,,,
157,558,Nicaragua,1107,Asses,2009,9000,E,,,,
158,562,Niger,1107,Asses,2009,1598834,A,,,,
159,566,Nigeria,1107,Asses,2009,1065000,E,,,,
221,512,Oman,1107,Asses,2009,25300,E,,,,
165,586,Pakistan,1107,Asses,2009,4509000,A,,,,
169,600,Paraguay,1107,Asses,2009,35000,E,,,,
170,604,Peru,1107,Asses,2009,635000,E,,,,
174,620,Portugal,1107,Asses,2009,14303,A,,,,
177,630,Puerto Rico,1107,Asses,2009,2000,E,,,,
117,410,Republic of Korea,1107,Asses,2009,,I,,,,
183,642,Romania,1107,Asses,2009,30000,E,,,,
189,662,Saint Lucia,1107,Asses,2009,600,E,,,,
191,670,Saint Vincent and the Grenadines,1107,Asses,2009,1300,E,,,,
244,882,Samoa,1107,Asses,2009,7000,E,,,,
193,678,Sao Tome and Principe,1107,Asses,2009,40,E,,,,
194,682,Saudi Arabia,1107,Asses,2009,100000,E,,,,
195,686,Senegal,1107,Asses,2009,445635,A,,,,
201,706,Somalia,1107,Asses,2009,22000,E,,,,
202,710,South Africa,1107,Asses,2009,150500,E,,,,
203,724,Spain,1107,Asses,2009,142000,E,,,,
206,736,Sudan (former),1107,Asses,2009,751000,E,,,,
207,740,Suriname,1107,Asses,2009,8,E,,,,
211,756,Switzerland,1107,Asses,2009,18374,A,,,,
212,760,Syrian Arab Republic,1107,Asses,2009,92731,A,,,,
216,764,Thailand,1107,Asses,2009,35,E,,,,
217,768,Togo,1107,Asses,2009,3320,E,,,,
220,780,Trinidad and Tobago,1107,Asses,2009,2300,E,,,,
222,788,Tunisia,1107,Asses,2009,240000,E,,,,
223,792,Türkiye,1107,Asses,2009,234182,A,,,,
226,800,Uganda,1107,Asses,2009,19100,E,,,,
215,834,United Republic of Tanzania,1107,Asses,2009,182000,E,,,,
231,840,United States of America,1107,Asses,2009,52000,E,,,,
234,858,Uruguay,1107,Asses,2009,1600,E,,,,
236,862,Venezuela (Bolivarian Republic of),1107,Asses,2009,440000,E,,,,
249,887,Yemen,1107,Asses,2009,715300,A,,,,
251,894,Zambia,1107,Asses,2009,2000,E,,,,
181,716,Zimbabwe,1107,Asses,2009,532000,E,,,,
1,51,Armenia,1107,Asses,2010,4824,A,,,,
213,795,Turkmenistan,1107,Asses,2010,25000,E,,,,
255,56,Belgium,1107,Asses,2010,2,E,,,,
230,804,Ukraine,1107,Asses,2010,12000,E,,,,
52,31,Azerbaijan,1107,Asses,2010,46057,A,,,,
238,231,Ethiopia,1107,Asses,2010,6209665,A,,,,
57,112,Belarus,1107,Asses,2010,9000,E,,,,
98,191,Croatia,1107,Asses,2010,2486,A,,,,
108,398,Kazakhstan,1107,Asses,2010,30000,E,,,,
146,498,Republic of Moldova,1107,Asses,2010,2935,A,,,,
185,643,Russian Federation,1107,Asses,2010,18449,A,,,,
208,762,Tajikistan,1107,Asses,2010,179596,A,,,,
235,860,Uzbekistan,1107,Asses,2010,318300,A,,,,
113,417,Kyrgyzstan,1107,Asses,2010,72640,A,,,,
73,268,Georgia,1107,Asses,2010,10000,E,,,,
2,4,Afghanistan,1107,Asses,2010,1405000,A,,,,
3,8,Albania,1107,Asses,2010,55000,X,,,,
4,12,Algeria,1107,Asses,2010,141275,A,,,,
7,24,Angola,1107,Asses,2010,4500,E,,,,
8,28,Antigua and Barbuda,1107,Asses,2010,1700,E,,,,
9,32,Argentina,1107,Asses,2010,98000,E,,,,
10,36,Australia,1107,Asses,2010,2000,E,,,,
13,48,Bahrain,1107,Asses,2010,,M,,,,
14,52,Barbados,1107,Asses,2010,2300,E,,,,
53,204,Benin,1107,Asses,2010,618,E,,,,
18,64,Bhutan,1107,Asses,2010,18000,E,,,,
19,68,Bolivia (Plurinational State of),1107,Asses,2010,635000,E,,,,
20,72,Botswana,1107,Asses,2010,338513,A,,,,
21,76,Brazil,1107,Asses,2010,1001587,A,,,,
27,100,Bulgaria,1107,Asses,2010,40189,A,,,,
233,854,Burkina Faso,1107,Asses,2010,1050361,A,,,,
35,132,Cabo Verde,1107,Asses,2010,15000,E,,,,
32,120,Cameroon,1107,Asses,2010,40000,E,,,,
37,140,Central African Republic,1107,Asses,2010,,M,,,,
39,148,Chad,1107,Asses,2010,460000,E,,,,
40,152,Chile,1107,Asses,2010,15500,E,,,,
41,156,"China, mainland",1107,Asses,2010,5101000,A,,,,
44,170,Colombia,1107,Asses,2010,171798,A,,,,
45,174,Comoros,1107,Asses,2010,5200,E,,,,
48,188,Costa Rica,1107,Asses,2010,8000,E,,,,
49,192,Cuba,1107,Asses,2010,12200,A,,,,
50,196,Cyprus,1107,Asses,2010,5200,E,,,,
250,180,Democratic Republic of the Congo,1107,Asses,2010,,M,,,,
72,262,Djibouti,1107,Asses,2010,8400,E,,,,
56,214,Dominican Republic,1107,Asses,2010,150500,E,,,,
58,218,Ecuador,1107,Asses,2010,139249,A,,,,
59,818,Egypt,1107,Asses,2010,1323109,I,,,,
60,222,El Salvador,1107,Asses,2010,3200,E,,,,
209,748,Eswatini,1107,Asses,2010,15500,E,,,,
68,250,France,1107,Asses,2010,32566,A,,,,
75,270,Gambia,1107,Asses,2010,41957,A,,,,
81,288,Ghana,1107,Asses,2010,14250,E,,,,
84,300,Greece,1107,Asses,2010,32832,A,,,,
86,308,Grenada,1107,Asses,2010,660,E,,,,
89,320,Guatemala,1107,Asses,2010,9960,E,,,,
90,324,Guinea,1107,Asses,2010,2150,E,,,,
175,624,Guinea-Bissau,1107,Asses,2010,5200,E,,,,
91,328,Guyana,1107,Asses,2010,1010,E,,,,
93,332,Haiti,1107,Asses,2010,210000,E,,,,
95,340,Honduras,1107,Asses,2010,23100,E,,,,
97,348,Hungary,1107,Asses,2010,2000,A,,,,
100,356,India,1107,Asses,2010,375000,X,,,,
102,364,Iran (Islamic Republic of),1107,Asses,2010,1600000,E,,,,
103,368,Iraq,1107,Asses,2010,380000,E,,,,
104,372,Ireland,1107,Asses,2010,6500,X,,,,
105,376,Israel,1107,Asses,2010,5000,E,,,,
106,380,Italy,1107,Asses,2010,24000,E,,,,
109,388,Jamaica,1107,Asses,2010,23000,E,,,,
112,400,Jordan,1107,Asses,2010,9000,E,,,,
121,422,Lebanon,1107,Asses,2010,15000,E,,,,
122,426,Lesotho,1107,Asses,2010,136355,A,,,,
124,434,Libya,1107,Asses,2010,29000,E,,,,
129,450,Madagascar,1107,Asses,2010,160,E,,,,
130,454,Malawi,1107,Asses,2010,2200,E,,,,
133,466,Mali,1107,Asses,2010,861820,A,,,,
134,470,Malta,1107,Asses,2010,490,E,,,,
136,478,Mauritania,1107,Asses,2010,310000,X,,,,
137,480,Mauritius,1107,Asses,2010,60,E,,,,
138,484,Mexico,1107,Asses,2010,3260000,E,,,,
141,496,Mongolia,1107,Asses,2010,200,E,,,,
143,504,Morocco,1107,Asses,2010,950750,A,,,,
144,508,Mozambique,1107,Asses,2010,47500,E,,,,
147,516,Namibia,1107,Asses,2010,140000,E,,,,
157,558,Nicaragua,1107,Asses,2010,9100,E,,,,
158,562,Niger,1107,Asses,2010,1599593,A,,,,
159,566,Nigeria,1107,Asses,2010,1200000,E,,,,
221,512,Oman,1107,Asses,2010,25000,E,,,,
165,586,Pakistan,1107,Asses,2010,4600000,A,,,,
169,600,Paraguay,1107,Asses,2010,35000,E,,,,
170,604,Peru,1107,Asses,2010,640000,E,,,,
174,620,Portugal,1107,Asses,2010,13538,I,,,,
177,630,Puerto Rico,1107,Asses,2010,2000,E,,,,
117,410,Republic of Korea,1107,Asses,2010,,I,,,,
183,642,Romania,1107,Asses,2010,30000,E,,,,
189,662,Saint Lucia,1107,Asses,2010,600,E,,,,
191,670,Saint Vincent and the Grenadines,1107,Asses,2010,1300,E,,,,
244,882,Samoa,1107,Asses,2010,7000,E,,,,
193,678,Sao Tome and Principe,1107,Asses,2010,40,E,,,,
194,682,Saudi Arabia,1107,Asses,2010,100000,E,,,,
195,686,Senegal,1107,Asses,2010,449503,A,,,,
201,706,Somalia,1107,Asses,2010,22000,E,,,,
202,710,South Africa,1107,Asses,2010,152000,E,,,,
203,724,Spain,1107,Asses,2010,142000,E,,,,
206,736,Sudan (former),1107,Asses,2010,751500,E,,,,
207,740,Suriname,1107,Asses,2010,5,A,,,,
211,756,Switzerland,1107,Asses,2010,19441,A,,,,
212,760,Syrian Arab Republic,1107,Asses,2010,108560,A,,,,
216,764,Thailand,1107,Asses,2010,35,E,,,,
217,768,Togo,1107,Asses,2010,3325,E,,,,
220,780,Trinidad and Tobago,1107,Asses,2010,2300,E,,,,
222,788,Tunisia,1107,Asses,2010,240100,E,,,,
223,792,Türkiye,1107,Asses,2010,211529,A,,,,
226,800,Uganda,1107,Asses,2010,19000,E,,,,
215,834,United Republic of Tanzania,1107,Asses,2010,182000,E,,,,
231,840,United States of America,1107,Asses,2010,52000,E,,,,
234,858,Uruguay,1107,Asses,2010,1600,E,,,,
236,862,Venezuela (Bolivarian Republic of),1107,Asses,2010,440000,E,,,,
249,887,Yemen,1107,Asses,2010,715800,A,,,,
251,894,Zambia,1107,Asses,2010,2000,E,,,,
181,716,Zimbabwe,1107,Asses,2010,562297,A,,,,
255,56,Belgium,1107,Asses,2011,2,E,,,,
57,112,Belarus,1107,Asses,2011,9000,E,,,,
52,31,Azerbaijan,1107,Asses,2011,45939,A,,,,
73,268,Georgia,1107,Asses,2011,10000,E,,,,
208,762,Tajikistan,1107,Asses,2011,178215,A,,,,
146,498,Republic of Moldova,1107,Asses,2011,2754,A,,,,
1,51,Armenia,1107,Asses,2011,3954,A,,,,
213,795,Turkmenistan,1107,Asses,2011,25000,E,,,,
108,398,Kazakhstan,1107,Asses,2011,30000,E,,,,
113,417,Kyrgyzstan,1107,Asses,2011,71387,A,,,,
238,231,Ethiopia,1107,Asses,2011,6438435,A,,,,
98,191,Croatia,1107,Asses,2011,2823,A,,,,
230,804,Ukraine,1107,Asses,2011,12000,E,,,,
185,643,Russian Federation,1107,Asses,2011,17189,A,,,,
235,860,Uzbekistan,1107,Asses,2011,333800,A,,,,
2,4,Afghanistan,1107,Asses,2011,1466000,A,,,,
3,8,Albania,1107,Asses,2011,56000,X,,,,
4,12,Algeria,1107,Asses,2011,146830,A,,,,
7,24,Angola,1107,Asses,2011,4500,E,,,,
8,28,Antigua and Barbuda,1107,Asses,2011,1700,E,,,,
9,32,Argentina,1107,Asses,2011,98000,E,,,,
10,36,Australia,1107,Asses,2011,2000,E,,,,
13,48,Bahrain,1107,Asses,2011,,M,,,,
14,52,Barbados,1107,Asses,2011,2300,E,,,,
53,204,Benin,1107,Asses,2011,620,E,,,,
18,64,Bhutan,1107,Asses,2011,18000,E,,,,
19,68,Bolivia (Plurinational State of),1107,Asses,2011,635000,E,,,,
20,72,Botswana,1107,Asses,2011,351421,A,,,,
21,76,Brazil,1107,Asses,2011,974688,A,,,,
27,100,Bulgaria,1107,Asses,2011,40260,A,,,,
233,854,Burkina Faso,1107,Asses,2011,1071346,A,,,,
35,132,Cabo Verde,1107,Asses,2011,15300,E,,,,
32,120,Cameroon,1107,Asses,2011,40000,E,,,,
37,140,Central African Republic,1107,Asses,2011,,M,,,,
39,148,Chad,1107,Asses,2011,468000,E,,,,
40,152,Chile,1107,Asses,2011,15500,E,,,,
41,156,"China, mainland",1107,Asses,2011,4852800,A,,,,
44,170,Colombia,1107,Asses,2011,134467,A,,,,
45,174,Comoros,1107,Asses,2011,5300,E,,,,
48,188,Costa Rica,1107,Asses,2011,8050,E,,,,
49,192,Cuba,1107,Asses,2011,12800,A,,,,
50,196,Cyprus,1107,Asses,2011,5200,E,,,,
250,180,Democratic Republic of the Congo,1107,Asses,2011,,M,,,,
72,262,Djibouti,1107,Asses,2011,8400,E,,,,
56,214,Dominican Republic,1107,Asses,2011,150500,E,,,,
58,218,Ecuador,1107,Asses,2011,130693,A,,,,
59,818,Egypt,1107,Asses,2011,1291103,I,,,,
60,222,El Salvador,1107,Asses,2011,3200,E,,,,
209,748,Eswatini,1107,Asses,2011,15800,E,,,,
68,250,France,1107,Asses,2011,32783,A,,,,
75,270,Gambia,1107,Asses,2011,55527,A,,,,
81,288,Ghana,1107,Asses,2011,14300,E,,,,
84,300,Greece,1107,Asses,2011,30864,A,,,,
86,308,Grenada,1107,Asses,2011,660,E,,,,
89,320,Guatemala,1107,Asses,2011,9980,E,,,,
90,324,Guinea,1107,Asses,2011,2200,E,,,,
175,624,Guinea-Bissau,1107,Asses,2011,5200,E,,,,
91,328,Guyana,1107,Asses,2011,1010,E,,,,
93,332,Haiti,1107,Asses,2011,210000,E,,,,
95,340,Honduras,1107,Asses,2011,23150,E,,,,
97,348,Hungary,1107,Asses,2011,4000,A,,,,
100,356,India,1107,Asses,2011,357000,X,,,,
102,364,Iran (Islamic Republic of),1107,Asses,2011,1600000,E,,,,
103,368,Iraq,1107,Asses,2011,380000,E,,,,
104,372,Ireland,1107,Asses,2011,7700,X,,,,
105,376,Israel,1107,Asses,2011,5000,E,,,,
106,380,Italy,1107,Asses,2011,24000,E,,,,
109,388,Jamaica,1107,Asses,2011,23000,E,,,,
112,400,Jordan,1107,Asses,2011,9000,E,,,,
121,422,Lebanon,1107,Asses,2011,15000,E,,,,
122,426,Lesotho,1107,Asses,2011,132000,E,,,,
124,434,Libya,1107,Asses,2011,29000,E,,,,
129,450,Madagascar,1107,Asses,2011,160,E,,,,
130,454,Malawi,1107,Asses,2011,1815,A,,,,
133,466,Mali,1107,Asses,2011,880694,A,,,,
134,470,Malta,1107,Asses,2011,480,E,,,,
136,478,Mauritania,1107,Asses,2011,310000,X,,,,
137,480,Mauritius,1107,Asses,2011,60,E,,,,
138,484,Mexico,1107,Asses,2011,3260000,E,,,,
141,496,Mongolia,1107,Asses,2011,198,A,,,,
143,504,Morocco,1107,Asses,2011,950190,A,,,,
144,508,Mozambique,1107,Asses,2011,48000,E,,,,
147,516,Namibia,1107,Asses,2011,140000,E,,,,
157,558,Nicaragua,1107,Asses,2011,9100,E,,,,
158,562,Niger,1107,Asses,2011,1631585,A,,,,
159,566,Nigeria,1107,Asses,2011,1220000,E,,,,
221,512,Oman,1107,Asses,2011,25000,E,,,,
165,586,Pakistan,1107,Asses,2011,4678000,A,,,,
169,600,Paraguay,1107,Asses,2011,35000,E,,,,
170,604,Peru,1107,Asses,2011,640000,E,,,,
174,620,Portugal,1107,Asses,2011,12312,I,,,,
177,630,Puerto Rico,1107,Asses,2011,2000,E,,,,
117,410,Republic of Korea,1107,Asses,2011,,I,,,,
183,642,Romania,1107,Asses,2011,30000,E,,,,
189,662,Saint Lucia,1107,Asses,2011,600,E,,,,
191,670,Saint Vincent and the Grenadines,1107,Asses,2011,1300,E,,,,
244,882,Samoa,1107,Asses,2011,7000,E,,,,
193,678,Sao Tome and Principe,1107,Asses,2011,41,E,,,,
194,682,Saudi Arabia,1107,Asses,2011,100000,E,,,,
195,686,Senegal,1107,Asses,2011,452787,A,,,,
201,706,Somalia,1107,Asses,2011,22000,E,,,,
202,710,South Africa,1107,Asses,2011,152500,E,,,,
203,724,Spain,1107,Asses,2011,142000,E,,,,
206,736,Sudan (former),1107,Asses,2011,751500,E,,,,
207,740,Suriname,1107,Asses,2011,5,A,,,,
211,756,Switzerland,1107,Asses,2011,18172,A,,,,
212,760,Syrian Arab Republic,1107,Asses,2011,98960,A,,,,
216,764,Thailand,1107,Asses,2011,35,E,,,,
217,768,Togo,1107,Asses,2011,3340,E,,,,
220,780,Trinidad and Tobago,1107,Asses,2011,2300,E,,,,
222,788,Tunisia,1107,Asses,2011,240100,E,,,,
223,792,Türkiye,1107,Asses,2011,199496,A,,,,
226,800,Uganda,1107,Asses,2011,19200,E,,,,
215,834,United Republic of Tanzania,1107,Asses,2011,182000,E,,,,
231,840,United States of America,1107,Asses,2011,52000,E,,,,
234,858,Uruguay,1107,Asses,2011,1600,E,,,,
236,862,Venezuela (Bolivarian Republic of),1107,Asses,2011,440000,E,,,,
249,887,Yemen,1107,Asses,2011,716000,A,,,,
251,894,Zambia,1107,Asses,2011,2000,E,,,,
181,716,Zimbabwe,1107,Asses,2011,603741,A,,,,
146,498,Republic of Moldova,1107,Asses,2012,2512,A,,,,
230,804,Ukraine,1107,Asses,2012,12000,E,,,,
98,191,Croatia,1107,Asses,2012,3095,A,,,,
277,728,South Sudan,1107,Asses,2012,300000,E,,,,
57,112,Belarus,1107,Asses,2012,9000,E,,,,
208,762,Tajikistan,1107,Asses,2012,173988,A,,,,
235,860,Uzbekistan,1107,Asses,2012,342100,A,,,,
52,31,Azerbaijan,1107,Asses,2012,44301,A,,,,
238,231,Ethiopia,1107,Asses,2012,6748357,A,,,,
276,729,Sudan,1107,Asses,2012,7545275,A,,,,
113,417,Kyrgyzstan,1107,Asses,2012,73222,A,,,,
1,51,Armenia,1107,Asses,2012,3910,A,,,,
213,795,Turkmenistan,1107,Asses,2012,25000,E,,,,
73,268,Georgia,1107,Asses,2012,10000,E,,,,
185,643,Russian Federation,1107,Asses,2012,15068,A,,,,
108,398,Kazakhstan,1107,Asses,2012,30000,E,,,,
255,56,Belgium,1107,Asses,2012,2,E,,,,
2,4,Afghanistan,1107,Asses,2012,1423000,A,,,,
3,8,Albania,1107,Asses,2012,56000,X,,,,
4,12,Algeria,1107,Asses,2012,139170,A,,,,
7,24,Angola,1107,Asses,2012,4500,E,,,,
8,28,Antigua and Barbuda,1107,Asses,2012,1700,E,,,,
9,32,Argentina,1107,Asses,2012,98000,E,,,,
10,36,Australia,1107,Asses,2012,2000,E,,,,
13,48,Bahrain,1107,Asses,2012,,M,,,,
14,52,Barbados,1107,Asses,2012,2300,E,,,,
53,204,Benin,1107,Asses,2012,620,E,,,,
18,64,Bhutan,1107,Asses,2012,18000,E,,,,
19,68,Bolivia (Plurinational State of),1107,Asses,2012,635000,E,,,,
20,72,Botswana,1107,Asses,2012,289910,A,,,,
21,76,Brazil,1107,Asses,2012,902716,A,,,,
27,100,Bulgaria,1107,Asses,2012,24633,I,,,,
233,854,Burkina Faso,1107,Asses,2012,1092750,A,,,,
35,132,Cabo Verde,1107,Asses,2012,15300,E,,,,
32,120,Cameroon,1107,Asses,2012,40000,E,,,,
37,140,Central African Republic,1107,Asses,2012,,M,,,,
39,148,Chad,1107,Asses,2012,476000,E,,,,
40,152,Chile,1107,Asses,2012,15650,E,,,,
41,156,"China, mainland",1107,Asses,2012,4624300,A,,,,
44,170,Colombia,1107,Asses,2012,110986,A,,,,
45,174,Comoros,1107,Asses,2012,5350,E,,,,
48,188,Costa Rica,1107,Asses,2012,8050,E,,,,
49,192,Cuba,1107,Asses,2012,13500,A,,,,
50,196,Cyprus,1107,Asses,2012,5200,E,,,,
250,180,Democratic Republic of the Congo,1107,Asses,2012,,M,,,,
72,262,Djibouti,1107,Asses,2012,8400,E,,,,
56,214,Dominican Republic,1107,Asses,2012,155000,E,,,,
58,218,Ecuador,1107,Asses,2012,120570,A,,,,
59,818,Egypt,1107,Asses,2012,1270964,I,,,,
60,222,El Salvador,1107,Asses,2012,3250,E,,,,
209,748,Eswatini,1107,Asses,2012,15900,E,,,,
68,250,France,1107,Asses,2012,31082,A,,,,
75,270,Gambia,1107,Asses,2012,58000,E,,,,
81,288,Ghana,1107,Asses,2012,14350,E,,,,
84,300,Greece,1107,Asses,2012,28927,A,,,,
86,308,Grenada,1107,Asses,2012,660,E,,,,
89,320,Guatemala,1107,Asses,2012,10000,E,,,,
90,324,Guinea,1107,Asses,2012,2200,E,,,,
175,624,Guinea-Bissau,1107,Asses,2012,5200,E,,,,
91,328,Guyana,1107,Asses,2012,1020,E,,,,
93,332,Haiti,1107,Asses,2012,210000,E,,,,
95,340,Honduras,1107,Asses,2012,23150,E,,,,
97,348,Hungary,1107,Asses,2012,3000,A,,,,
100,356,India,1107,Asses,2012,318787,A,,,,
102,364,Iran (Islamic Republic of),1107,Asses,2012,1600000,E,,,,
103,368,Iraq,1107,Asses,2012,380000,E,,,,
104,372,Ireland,1107,Asses,2012,8600,X,,,,
105,376,Israel,1107,Asses,2012,5000,E,,,,
106,380,Italy,1107,Asses,2012,24000,E,,,,
109,388,Jamaica,1107,Asses,2012,23000,E,,,,
112,400,Jordan,1107,Asses,2012,9000,E,,,,
121,422,Lebanon,1107,Asses,2012,15000,E,,,,
122,426,Lesotho,1107,Asses,2012,128000,E,,,,
124,434,Libya,1107,Asses,2012,29000,E,,,,
129,450,Madagascar,1107,Asses,2012,150,E,,,,
130,454,Malawi,1107,Asses,2012,6073,A,,,,
133,466,Mali,1107,Asses,2012,899981,A,,,,
134,470,Malta,1107,Asses,2012,500,E,,,,
136,478,Mauritania,1107,Asses,2012,250000,X,,,,
137,480,Mauritius,1107,Asses,2012,60,E,,,,
138,484,Mexico,1107,Asses,2012,3280000,E,,,,
141,496,Mongolia,1107,Asses,2012,200,E,,,,
143,504,Morocco,1107,Asses,2012,947110,A,,,,
144,508,Mozambique,1107,Asses,2012,48200,E,,,,
147,516,Namibia,1107,Asses,2012,174946,A,,,,
157,558,Nicaragua,1107,Asses,2012,9000,E,,,,
158,562,Niger,1107,Asses,2012,1664216,A,,,,
159,566,Nigeria,1107,Asses,2012,1250000,E,,,,
221,512,Oman,1107,Asses,2012,24700,E,,,,
165,586,Pakistan,1107,Asses,2012,4764000,A,,,,
169,600,Paraguay,1107,Asses,2012,35000,E,,,,
170,604,Peru,1107,Asses,2012,640000,E,,,,
174,620,Portugal,1107,Asses,2012,11187,I,,,,
177,630,Puerto Rico,1107,Asses,2012,2000,E,,,,
117,410,Republic of Korea,1107,Asses,2012,,I,,,,
183,642,Romania,1107,Asses,2012,30000,E,,,,
189,662,Saint Lucia,1107,Asses,2012,600,E,,,,
191,670,Saint Vincent and the Grenadines,1107,Asses,2012,1300,E,,,,
244,882,Samoa,1107,Asses,2012,7000,E,,,,
193,678,Sao Tome and Principe,1107,Asses,2012,45,E,,,,
194,682,Saudi Arabia,1107,Asses,2012,100000,E,,,,
195,686,Senegal,1107,Asses,2012,455304,A,,,,
201,706,Somalia,1107,Asses,2012,22000,E,,,,
202,710,South Africa,1107,Asses,2012,152500,E,,,,
203,724,Spain,1107,Asses,2012,142000,E,,,,
207,740,Suriname,1107,Asses,2012,3,A,,,,
211,756,Switzerland,1107,Asses,2012,19287,A,,,,
212,760,Syrian Arab Republic,1107,Asses,2012,98763,A,,,,
216,764,Thailand,1107,Asses,2012,35,E,,,,
217,768,Togo,1107,Asses,2012,3340,E,,,,
220,780,Trinidad and Tobago,1107,Asses,2012,2300,E,,,,
222,788,Tunisia,1107,Asses,2012,240200,E,,,,
223,792,Türkiye,1107,Asses,2012,188789,A,,,,
226,800,Uganda,1107,Asses,2012,19200,E,,,,
215,834,United Republic of Tanzania,1107,Asses,2012,185000,E,,,,
231,840,United States of America,1107,Asses,2012,52000,E,,,,
234,858,Uruguay,1107,Asses,2012,1600,E,,,,
236,862,Venezuela (Bolivarian Republic of),1107,Asses,2012,440000,E,,,,
249,887,Yemen,1107,Asses,2012,717500,E,,,,
251,894,Zambia,1107,Asses,2012,2050,E,,,,
181,716,Zimbabwe,1107,Asses,2012,612000,E,,,,
1,51,Armenia,1107,Asses,2013,3875,A,,,,
255,56,Belgium,1107,Asses,2013,2,E,,,,
213,795,Turkmenistan,1107,Asses,2013,25000,E,,,,
238,231,Ethiopia,1107,Asses,2013,6953077,A,,,,
208,762,Tajikistan,1107,Asses,2013,173993,A,,,,
57,112,Belarus,1107,Asses,2013,9000,E,,,,
98,191,Croatia,1107,Asses,2013,2963,A,,,,
230,804,Ukraine,1107,Asses,2013,12000,E,,,,
276,729,Sudan,1107,Asses,2013,7556593,A,,,,
108,398,Kazakhstan,1107,Asses,2013,30000,E,,,,
113,417,Kyrgyzstan,1107,Asses,2013,77210,A,,,,
146,498,Republic of Moldova,1107,Asses,2013,2400,A,,,,
235,860,Uzbekistan,1107,Asses,2013,348400,A,,,,
52,31,Azerbaijan,1107,Asses,2013,43425,A,,,,
277,728,South Sudan,1107,Asses,2013,320000,E,,,,
73,268,Georgia,1107,Asses,2013,10000,E,,,,
185,643,Russian Federation,1107,Asses,2013,14636,A,,,,
2,4,Afghanistan,1107,Asses,2013,1451000,A,,,,
3,8,Albania,1107,Asses,2013,53000,X,,,,
4,12,Algeria,1107,Asses,2013,133645,A,,,,
7,24,Angola,1107,Asses,2013,4500,E,,,,
8,28,Antigua and Barbuda,1107,Asses,2013,1700,E,,,,
9,32,Argentina,1107,Asses,2013,98000,E,,,,
10,36,Australia,1107,Asses,2013,2000,E,,,,
13,48,Bahrain,1107,Asses,2013,,M,,,,
14,52,Barbados,1107,Asses,2013,2300,E,,,,
53,204,Benin,1107,Asses,2013,620,E,,,,
18,64,Bhutan,1107,Asses,2013,18000,E,,,,
19,68,Bolivia (Plurinational State of),1107,Asses,2013,635000,E,,,,
20,72,Botswana,1107,Asses,2013,309813,A,,,,
21,76,Brazil,1107,Asses,2013,915000,E,,,,
27,100,Bulgaria,1107,Asses,2013,18118,I,,,,
233,854,Burkina Faso,1107,Asses,2013,1114628,A,,,,
35,132,Cabo Verde,1107,Asses,2013,15300,E,,,,
32,120,Cameroon,1107,Asses,2013,40000,E,,,,
37,140,Central African Republic,1107,Asses,2013,,M,,,,
39,148,Chad,1107,Asses,2013,480000,E,,,,
40,152,Chile,1107,Asses,2013,15650,E,,,,
41,156,"China, mainland",1107,Asses,2013,4257100,A,,,,
44,170,Colombia,1107,Asses,2013,63333,A,,,,
45,174,Comoros,1107,Asses,2013,5400,E,,,,
48,188,Costa Rica,1107,Asses,2013,8100,E,,,,
49,192,Cuba,1107,Asses,2013,14400,A,,,,
50,196,Cyprus,1107,Asses,2013,5200,E,,,,
250,180,Democratic Republic of the Congo,1107,Asses,2013,,M,,,,
72,262,Djibouti,1107,Asses,2013,8400,E,,,,
56,214,Dominican Republic,1107,Asses,2013,155000,E,,,,
58,218,Ecuador,1107,Asses,2013,107674,A,,,,
59,818,Egypt,1107,Asses,2013,1285581,A,,,,
60,222,El Salvador,1107,Asses,2013,3250,E,,,,
209,748,Eswatini,1107,Asses,2013,16000,E,,,,
68,250,France,1107,Asses,2013,30742,A,,,,
75,270,Gambia,1107,Asses,2013,60000,E,,,,
81,288,Ghana,1107,Asses,2013,14350,E,,,,
84,300,Greece,1107,Asses,2013,27408,A,,,,
86,308,Grenada,1107,Asses,2013,660,E,,,,
89,320,Guatemala,1107,Asses,2013,10000,E,,,,
90,324,Guinea,1107,Asses,2013,2200,E,,,,
175,624,Guinea-Bissau,1107,Asses,2013,5200,E,,,,
91,328,Guyana,1107,Asses,2013,1020,E,,,,
93,332,Haiti,1107,Asses,2013,210000,E,,,,
95,340,Honduras,1107,Asses,2013,23150,E,,,,
97,348,Hungary,1107,Asses,2013,4000,A,,,,
100,356,India,1107,Asses,2013,303000,E,,,,
102,364,Iran (Islamic Republic of),1107,Asses,2013,1600000,E,,,,
103,368,Iraq,1107,Asses,2013,380000,E,,,,
104,372,Ireland,1107,Asses,2013,7000,X,,,,
105,376,Israel,1107,Asses,2013,5000,E,,,,
106,380,Italy,1107,Asses,2013,24000,E,,,,
109,388,Jamaica,1107,Asses,2013,23000,E,,,,
112,400,Jordan,1107,Asses,2013,9000,E,,,,
121,422,Lebanon,1107,Asses,2013,15000,E,,,,
122,426,Lesotho,1107,Asses,2013,101456,A,,,,
124,434,Libya,1107,Asses,2013,29000,E,,,,
129,450,Madagascar,1107,Asses,2013,150,E,,,,
130,454,Malawi,1107,Asses,2013,6311,A,,,,
133,466,Mali,1107,Asses,2013,919691,A,,,,
134,470,Malta,1107,Asses,2013,480,E,,,,
136,478,Mauritania,1107,Asses,2013,301000,X,,,,
137,480,Mauritius,1107,Asses,2013,60,E,,,,
138,484,Mexico,1107,Asses,2013,3280000,E,,,,
141,496,Mongolia,1107,Asses,2013,210,E,,,,
143,504,Morocco,1107,Asses,2013,944360,A,,,,
144,508,Mozambique,1107,Asses,2013,48300,E,,,,
147,516,Namibia,1107,Asses,2013,124120,A,,,,
157,558,Nicaragua,1107,Asses,2013,9000,E,,,,
158,562,Niger,1107,Asses,2013,1697502,A,,,,
159,566,Nigeria,1107,Asses,2013,1265000,E,,,,
221,512,Oman,1107,Asses,2013,24000,E,,,,
165,586,Pakistan,1107,Asses,2013,4853000,A,,,,
169,600,Paraguay,1107,Asses,2013,35000,E,,,,
170,604,Peru,1107,Asses,2013,640000,E,,,,
174,620,Portugal,1107,Asses,2013,10428,A,,,,
177,630,Puerto Rico,1107,Asses,2013,2000,E,,,,
117,410,Republic of Korea,1107,Asses,2013,,I,,,,
183,642,Romania,1107,Asses,2013,30000,E,,,,
189,662,Saint Lucia,1107,Asses,2013,600,E,,,,
191,670,Saint Vincent and the Grenadines,1107,Asses,2013,1300,E,,,,
244,882,Samoa,1107,Asses,2013,7000,E,,,,
193,678,Sao Tome and Principe,1107,Asses,2013,45,E,,,,
194,682,Saudi Arabia,1107,Asses,2013,100000,E,,,,
195,686,Senegal,1107,Asses,2013,458692,A,,,,
201,706,Somalia,1107,Asses,2013,22000,E,,,,
202,710,South Africa,1107,Asses,2013,155500,E,,,,
203,724,Spain,1107,Asses,2013,142000,E,,,,
207,740,Suriname,1107,Asses,2013,6,A,,,,
211,756,Switzerland,1107,Asses,2013,18940,A,,,,
212,760,Syrian Arab Republic,1107,Asses,2013,83546,A,,,,
216,764,Thailand,1107,Asses,2013,35,E,,,,
217,768,Togo,1107,Asses,2013,3400,E,,,,
220,780,Trinidad and Tobago,1107,Asses,2013,2300,E,,,,
222,788,Tunisia,1107,Asses,2013,240200,E,,,,
223,792,Türkiye,1107,Asses,2013,181422,A,,,,
226,800,Uganda,1107,Asses,2013,19200,E,,,,
215,834,United Republic of Tanzania,1107,Asses,2013,187000,E,,,,
231,840,United States of America,1107,Asses,2013,52000,E,,,,
234,858,Uruguay,1107,Asses,2013,1600,E,,,,
236,862,Venezuela (Bolivarian Republic of),1107,Asses,2013,440000,E,,,,
249,887,Yemen,1107,Asses,2013,718000,E,,,,
251,894,Zambia,1107,Asses,2013,2100,E,,,,
181,716,Zimbabwe,1107,Asses,2013,620000,E,,,,
255,56,Belgium,1107,Asses,2014,2,E,,,,
1,51,Armenia,1107,Asses,2014,3605,A,,,,
185,643,Russian Federation,1107,Asses,2014,13048,A,,,,
276,729,Sudan,1107,Asses,2014,7563289,I,,,,
277,728,South Sudan,1107,Asses,2014,330000,E,,,,
213,795,Turkmenistan,1107,Asses,2014,25000,E,,,,
73,268,Georgia,1107,Asses,2014,10000,E,,,,
146,498,Republic of Moldova,1107,Asses,2014,2143,A,,,,
52,31,Azerbaijan,1107,Asses,2014,39992,A,,,,
57,112,Belarus,1107,Asses,2014,9000,E,,,,
113,417,Kyrgyzstan,1107,Asses,2014,63492,A,,,,
235,860,Uzbekistan,1107,Asses,2014,314500,A,,,,
98,191,Croatia,1107,Asses,2014,2153,A,,,,
208,762,Tajikistan,1107,Asses,2014,160554,A,,,,
230,804,Ukraine,1107,Asses,2014,12000,E,,,,
238,231,Ethiopia,1107,Asses,2014,7428037,A,,,,
108,398,Kazakhstan,1107,Asses,2014,30000,X,,,,
2,4,Afghanistan,1107,Asses,2014,1441000,A,,,,
3,8,Albania,1107,Asses,2014,53500,X,,,,
4,12,Algeria,1107,Asses,2014,134920,A,,,,
7,24,Angola,1107,Asses,2014,4500,E,,,,
8,28,Antigua and Barbuda,1107,Asses,2014,1700,E,,,,
9,32,Argentina,1107,Asses,2014,99000,E,,,,
10,36,Australia,1107,Asses,2014,2000,E,,,,
13,48,Bahrain,1107,Asses,2014,,M,,,,
14,52,Barbados,1107,Asses,2014,2250,E,,,,
53,204,Benin,1107,Asses,2014,620,E,,,,
18,64,Bhutan,1107,Asses,2014,18000,E,,,,
19,68,Bolivia (Plurinational State of),1107,Asses,2014,635000,E,,,,
20,72,Botswana,1107,Asses,2014,227200,A,,,,
21,76,Brazil,1107,Asses,2014,927000,E,,,,
27,100,Bulgaria,1107,Asses,2014,18437,A,,,,
233,854,Burkina Faso,1107,Asses,2014,1136900,A,,,,
35,132,Cabo Verde,1107,Asses,2014,15400,E,,,,
32,120,Cameroon,1107,Asses,2014,40000,E,,,,
37,140,Central African Republic,1107,Asses,2014,,M,,,,
39,148,Chad,1107,Asses,2014,500554,A,,,,
40,152,Chile,1107,Asses,2014,15700,E,,,,
41,156,"China, mainland",1107,Asses,2014,4257100,A,,,,
44,170,Colombia,1107,Asses,2014,78735,A,,,,
45,174,Comoros,1107,Asses,2014,5400,E,,,,
48,188,Costa Rica,1107,Asses,2014,1349,A,,,,
49,192,Cuba,1107,Asses,2014,15300,A,,,,
50,196,Cyprus,1107,Asses,2014,5200,E,,,,
250,180,Democratic Republic of the Congo,1107,Asses,2014,,M,,,,
72,262,Djibouti,1107,Asses,2014,8400,E,,,,
56,214,Dominican Republic,1107,Asses,2014,155000,E,,,,
58,218,Ecuador,1107,Asses,2014,84785,A,,,,
59,818,Egypt,1107,Asses,2014,1277363,A,,,,
60,222,El Salvador,1107,Asses,2014,3260,E,,,,
209,748,Eswatini,1107,Asses,2014,16000,E,,,,
68,250,France,1107,Asses,2014,29461,A,,,,
75,270,Gambia,1107,Asses,2014,60000,E,,,,
81,288,Ghana,1107,Asses,2014,14400,E,,,,
84,300,Greece,1107,Asses,2014,19051,A,,,,
86,308,Grenada,1107,Asses,2014,660,E,,,,
89,320,Guatemala,1107,Asses,2014,9800,E,,,,
90,324,Guinea,1107,Asses,2014,2200,E,,,,
175,624,Guinea-Bissau,1107,Asses,2014,5200,E,,,,
91,328,Guyana,1107,Asses,2014,1010,E,,,,
93,332,Haiti,1107,Asses,2014,201582,I,,,,
95,340,Honduras,1107,Asses,2014,23200,E,,,,
97,348,Hungary,1107,Asses,2014,2000,A,,,,
100,356,India,1107,Asses,2014,288000,E,,,,
102,364,Iran (Islamic Republic of),1107,Asses,2014,1600000,E,,,,
103,368,Iraq,1107,Asses,2014,378000,X,,,,
104,372,Ireland,1107,Asses,2014,6900,X,,,,
105,376,Israel,1107,Asses,2014,5000,E,,,,
106,380,Italy,1107,Asses,2014,24900,E,,,,
109,388,Jamaica,1107,Asses,2014,23000,E,,,,
112,400,Jordan,1107,Asses,2014,9000,E,,,,
121,422,Lebanon,1107,Asses,2014,15000,E,,,,
122,426,Lesotho,1107,Asses,2014,103559,A,,,,
124,434,Libya,1107,Asses,2014,29000,E,,,,
129,450,Madagascar,1107,Asses,2014,155,E,,,,
130,454,Malawi,1107,Asses,2014,6500,E,,,,
133,466,Mali,1107,Asses,2014,939832,A,,,,
134,470,Malta,1107,Asses,2014,480,E,,,,
136,478,Mauritania,1107,Asses,2014,310000,X,,,,
137,480,Mauritius,1107,Asses,2014,60,E,,,,
138,484,Mexico,1107,Asses,2014,3281000,E,,,,
141,496,Mongolia,1107,Asses,2014,215,E,,,,
143,504,Morocco,1107,Asses,2014,947000,A,,,,
144,508,Mozambique,1107,Asses,2014,48500,E,,,,
147,516,Namibia,1107,Asses,2014,160880,A,,,,
157,558,Nicaragua,1107,Asses,2014,9050,E,,,,
158,562,Niger,1107,Asses,2014,1731450,A,,,,
159,566,Nigeria,1107,Asses,2014,1270000,E,,,,
221,512,Oman,1107,Asses,2014,24000,E,,,,
165,586,Pakistan,1107,Asses,2014,4942000,A,,,,
169,600,Paraguay,1107,Asses,2014,35000,E,,,,
170,604,Peru,1107,Asses,2014,640000,E,,,,
174,620,Portugal,1107,Asses,2014,9764,I,,,,
177,630,Puerto Rico,1107,Asses,2014,2000,E,,,,
117,410,Republic of Korea,1107,Asses,2014,,I,,,,
183,642,Romania,1107,Asses,2014,30000,E,,,,
189,662,Saint Lucia,1107,Asses,2014,600,E,,,,
191,670,Saint Vincent and the Grenadines,1107,Asses,2014,1300,E,,,,
244,882,Samoa,1107,Asses,2014,7000,E,,,,
193,678,Sao Tome and Principe,1107,Asses,2014,45,E,,,,
194,682,Saudi Arabia,1107,Asses,2014,100000,E,,,,
195,686,Senegal,1107,Asses,2014,463279,A,,,,
201,706,Somalia,1107,Asses,2014,22000,E,,,,
202,710,South Africa,1107,Asses,2014,156000,E,,,,
203,724,Spain,1107,Asses,2014,140000,E,,,,
207,740,Suriname,1107,Asses,2014,8,A,,,,
211,756,Switzerland,1107,Asses,2014,18925,A,,,,
212,760,Syrian Arab Republic,1107,Asses,2014,79206,A,,,,
216,764,Thailand,1107,Asses,2014,35,E,,,,
217,768,Togo,1107,Asses,2014,3400,E,,,,
220,780,Trinidad and Tobago,1107,Asses,2014,2300,E,,,,
222,788,Tunisia,1107,Asses,2014,241000,E,,,,
223,792,Türkiye,1107,Asses,2014,170503,A,,,,
226,800,Uganda,1107,Asses,2014,19200,E,,,,
215,834,United Republic of Tanzania,1107,Asses,2014,187500,E,,,,
231,840,United States of America,1107,Asses,2014,52000,E,,,,
234,858,Uruguay,1107,Asses,2014,1600,E,,,,
236,862,Venezuela (Bolivarian Republic of),1107,Asses,2014,440000,E,,,,
249,887,Yemen,1107,Asses,2014,718000,E,,,,
251,894,Zambia,1107,Asses,2014,2100,E,,,,
181,716,Zimbabwe,1107,Asses,2014,500243,A,,,,
108,398,Kazakhstan,1107,Asses,2015,29379,I,,,,
208,762,Tajikistan,1107,Asses,2015,157046,A,,,,
235,860,Uzbekistan,1107,Asses,2015,308500,A,,,,
277,728,South Sudan,1107,Asses,2015,342626,I,,,,
238,231,Ethiopia,1107,Asses,2015,7881394,A,,,,
73,268,Georgia,1107,Asses,2015,10013,I,,,,
185,643,Russian Federation,1107,Asses,2015,12150,A,,,,
57,112,Belarus,1107,Asses,2015,9000,E,,,,
98,191,Croatia,1107,Asses,2015,2459,A,,,,
213,795,Turkmenistan,1107,Asses,2015,24926,I,,,,
230,804,Ukraine,1107,Asses,2015,11937,I,,,,
52,31,Azerbaijan,1107,Asses,2015,35816,A,,,,
255,56,Belgium,1107,Asses,2015,2,I,,,,
276,729,Sudan,1107,Asses,2015,7574668,I,,,,
113,417,Kyrgyzstan,1107,Asses,2015,53639,A,,,,
1,51,Armenia,1107,Asses,2015,3334,A,,,,
146,498,Republic of Moldova,1107,Asses,2015,2195,A,,,,
2,4,Afghanistan,1107,Asses,2015,1481000,A,,,,
3,8,Albania,1107,Asses,2015,60000,X,,,,
4,12,Algeria,1107,Asses,2015,122106,A,,,,
7,24,Angola,1107,Asses,2015,4500,I,,,,
8,28,Antigua and Barbuda,1107,Asses,2015,1703,I,,,,
9,32,Argentina,1107,Asses,2015,86436,I,,,,
10,36,Australia,1107,Asses,2015,1960,I,,,,
13,48,Bahrain,1107,Asses,2015,,M,,,,
14,52,Barbados,1107,Asses,2015,2228,I,,,,
53,204,Benin,1107,Asses,2015,621,I,,,,
18,64,Bhutan,1107,Asses,2015,17983,I,,,,
19,68,Bolivia (Plurinational State of),1107,Asses,2015,635020,I,,,,
20,72,Botswana,1107,Asses,2015,178400,A,,,,
21,76,Brazil,1107,Asses,2015,908406,I,,,,
27,100,Bulgaria,1107,Asses,2015,20000,E,,,,
233,854,Burkina Faso,1107,Asses,2015,1159571,A,,,,
35,132,Cabo Verde,1107,Asses,2015,15564,I,,,,
32,120,Cameroon,1107,Asses,2015,40079,I,,,,
37,140,Central African Republic,1107,Asses,2015,,M,,,,
39,148,Chad,1107,Asses,2015,2804210,A,,,,
40,152,Chile,1107,Asses,2015,15650,E,,,,
41,156,"China, mainland",1107,Asses,2015,3836200,A,,,,
44,170,Colombia,1107,Asses,2015,75072,A,,,,
45,174,Comoros,1107,Asses,2015,5406,I,,,,
48,188,Costa Rica,1107,Asses,2015,8121,I,,,,
49,192,Cuba,1107,Asses,2015,15700,A,,,,
50,196,Cyprus,1107,Asses,2015,5200,I,,,,
250,180,Democratic Republic of the Congo,1107,Asses,2015,,M,,,,
72,262,Djibouti,1107,Asses,2015,8401,I,,,,
56,214,Dominican Republic,1107,Asses,2015,155018,I,,,,
58,218,Ecuador,1107,Asses,2015,59070,A,,,,
59,818,Egypt,1107,Asses,2015,1452262,A,,,,
60,222,El Salvador,1107,Asses,2015,3266,I,,,,
209,748,Eswatini,1107,Asses,2015,16042,I,,,,
68,250,France,1107,Asses,2015,30400,E,,,,
75,270,Gambia,1107,Asses,2015,61185,I,,,,
81,288,Ghana,1107,Asses,2015,14478,I,,,,
84,300,Greece,1107,Asses,2015,13344,A,,,,
86,308,Grenada,1107,Asses,2015,660,I,,,,
89,320,Guatemala,1107,Asses,2015,9802,I,,,,
90,324,Guinea,1107,Asses,2015,2210,I,,,,
175,624,Guinea-Bissau,1107,Asses,2015,5204,I,,,,
91,328,Guyana,1107,Asses,2015,1004,I,,,,
93,332,Haiti,1107,Asses,2015,195536,I,,,,
95,340,Honduras,1107,Asses,2015,23232,I,,,,
97,348,Hungary,1107,Asses,2015,2000,A,,,,
100,356,India,1107,Asses,2015,274000,E,,,,
102,364,Iran (Islamic Republic of),1107,Asses,2015,1593964,I,,,,
103,368,Iraq,1107,Asses,2015,378996,I,,,,
104,372,Ireland,1107,Asses,2015,7700,X,,,,
105,376,Israel,1107,Asses,2015,5000,I,,,,
106,380,Italy,1107,Asses,2015,23670,I,,,,
109,388,Jamaica,1107,Asses,2015,23000,I,,,,
112,400,Jordan,1107,Asses,2015,7871,I,,,,
121,422,Lebanon,1107,Asses,2015,14850,I,,,,
122,426,Lesotho,1107,Asses,2015,113778,A,,,,
124,434,Libya,1107,Asses,2015,29053,I,,,,
129,450,Madagascar,1107,Asses,2015,158,I,,,,
130,454,Malawi,1107,Asses,2015,6467,I,,,,
133,466,Mali,1107,Asses,2015,960414,A,,,,
134,470,Malta,1107,Asses,2015,479,I,,,,
136,478,Mauritania,1107,Asses,2015,321038,I,,,,
137,480,Mauritius,1107,Asses,2015,60,I,,,,
138,484,Mexico,1107,Asses,2015,3282881,I,,,,
141,496,Mongolia,1107,Asses,2015,23,A,,,,
143,504,Morocco,1107,Asses,2015,950000,A,,,,
144,508,Mozambique,1107,Asses,2015,48600,I,,,,
147,516,Namibia,1107,Asses,2015,148859,A,,,,
157,558,Nicaragua,1107,Asses,2015,9090,I,,,,
158,562,Niger,1107,Asses,2015,1766080,A,,,,
159,566,Nigeria,1107,Asses,2015,1279505,I,,,,
221,512,Oman,1107,Asses,2015,23861,I,,,,
165,586,Pakistan,1107,Asses,2015,5034000,A,,,,
169,600,Paraguay,1107,Asses,2015,35084,I,,,,
170,604,Peru,1107,Asses,2015,641173,I,,,,
174,620,Portugal,1107,Asses,2015,9000,E,,,,
177,630,Puerto Rico,1107,Asses,2015,2000,I,,,,
117,410,Republic of Korea,1107,Asses,2015,,I,,,,
183,642,Romania,1107,Asses,2015,30011,I,,,,
189,662,Saint Lucia,1107,Asses,2015,604,I,,,,
191,670,Saint Vincent and the Grenadines,1107,Asses,2015,1304,I,,,,
244,882,Samoa,1107,Asses,2015,7000,I,,,,
193,678,Sao Tome and Principe,1107,Asses,2015,45,I,,,,
194,682,Saudi Arabia,1107,Asses,2015,99107,I,,,,
195,686,Senegal,1107,Asses,2015,468070,I,,,,
201,706,Somalia,1107,Asses,2015,22080,I,,,,
202,710,South Africa,1107,Asses,2015,154079,I,,,,
203,724,Spain,1107,Asses,2015,139652,I,,,,
207,740,Suriname,1107,Asses,2015,5,A,,,,
211,756,Switzerland,1107,Asses,2015,19010,A,,,,
212,760,Syrian Arab Republic,1107,Asses,2015,75824,A,,,,
216,764,Thailand,1107,Asses,2015,34,I,,,,
217,768,Togo,1107,Asses,2015,3407,I,,,,
220,780,Trinidad and Tobago,1107,Asses,2015,2304,I,,,,
222,788,Tunisia,1107,Asses,2015,241418,I,,,,
223,792,Türkiye,1107,Asses,2015,155158,A,,,,
226,800,Uganda,1107,Asses,2015,19220,I,,,,
215,834,United Republic of Tanzania,1107,Asses,2015,188005,I,,,,
231,840,United States of America,1107,Asses,2015,51986,I,,,,
234,858,Uruguay,1107,Asses,2015,1612,I,,,,
236,862,Venezuela (Bolivarian Republic of),1107,Asses,2015,440000,I,,,,
249,887,Yemen,1107,Asses,2015,718487,I,,,,
251,894,Zambia,1107,Asses,2015,2109,I,,,,
181,716,Zimbabwe,1107,Asses,2015,538993,I,,,,
57,112,Belarus,1107,Asses,2016,8957,I,,,,
73,268,Georgia,1107,Asses,2016,10004,I,,,,
277,728,South Sudan,1107,Asses,2016,330875,E,,,,
213,795,Turkmenistan,1107,Asses,2016,24874,I,,,,
185,643,Russian Federation,1107,Asses,2016,10628,A,,,,
108,398,Kazakhstan,1107,Asses,2016,29174,I,,,,
52,31,Azerbaijan,1107,Asses,2016,34068,A,,,,
255,56,Belgium,1107,Asses,2016,2,I,,,,
98,191,Croatia,1107,Asses,2016,2862,A,,,,
230,804,Ukraine,1107,Asses,2016,11856,I,,,,
238,231,Ethiopia,1107,Asses,2016,8439220,A,,,,
276,729,Sudan,1107,Asses,2016,7586079,A,,,,
1,51,Armenia,1107,Asses,2016,2796,A,,,,
208,762,Tajikistan,1107,Asses,2016,153458,A,,,,
113,417,Kyrgyzstan,1107,Asses,2016,43040,A,,,,
146,498,Republic of Moldova,1107,Asses,2016,1962,A,,,,
235,860,Uzbekistan,1107,Asses,2016,313931,A,,,,
2,4,Afghanistan,1107,Asses,2016,1472100,A,,,,
3,8,Albania,1107,Asses,2016,62000,X,,,,
4,12,Algeria,1107,Asses,2016,112846,A,,,,
7,24,Angola,1107,Asses,2016,4499,I,,,,
8,28,Antigua and Barbuda,1107,Asses,2016,1707,I,,,,
9,32,Argentina,1107,Asses,2016,71268,I,,,,
10,36,Australia,1107,Asses,2016,1913,I,,,,
13,48,Bahrain,1107,Asses,2016,,M,,,,
14,52,Barbados,1107,Asses,2016,2220,I,,,,
53,204,Benin,1107,Asses,2016,622,I,,,,
18,64,Bhutan,1107,Asses,2016,17967,I,,,,
19,68,Bolivia (Plurinational State of),1107,Asses,2016,635049,I,,,,
20,72,Botswana,1107,Asses,2016,200000,E,,,,
21,76,Brazil,1107,Asses,2016,874313,I,,,,
27,100,Bulgaria,1107,Asses,2016,18500,E,,,,
233,854,Burkina Faso,1107,Asses,2016,1182742,A,,,,
35,132,Cabo Verde,1107,Asses,2016,15726,I,,,,
32,120,Cameroon,1107,Asses,2016,40108,I,,,,
37,140,Central African Republic,1107,Asses,2016,,M,,,,
39,148,Chad,1107,Asses,2016,2989288,A,,,,
40,152,Chile,1107,Asses,2016,15700,E,,,,
41,156,"China, mainland",1107,Asses,2016,3423700,A,,,,
44,170,Colombia,1107,Asses,2016,124721,A,,,,
45,174,Comoros,1107,Asses,2016,5415,I,,,,
48,188,Costa Rica,1107,Asses,2016,8141,I,,,,
49,192,Cuba,1107,Asses,2016,16400,A,,,,
50,196,Cyprus,1107,Asses,2016,5200,I,,,,
250,180,Democratic Republic of the Congo,1107,Asses,2016,,M,,,,
72,262,Djibouti,1107,Asses,2016,8399,I,,,,
56,214,Dominican Republic,1107,Asses,2016,155069,I,,,,
58,218,Ecuador,1107,Asses,2016,49960,A,,,,
59,818,Egypt,1107,Asses,2016,1449794,A,,,,
60,222,El Salvador,1107,Asses,2016,3270,I,,,,
209,748,Eswatini,1107,Asses,2016,16086,I,,,,
68,250,France,1107,Asses,2016,30200,E,,,,
75,270,Gambia,1107,Asses,2016,62964,I,,,,
81,288,Ghana,1107,Asses,2016,14594,I,,,,
84,300,Greece,1107,Asses,2016,8351,A,,,,
86,308,Grenada,1107,Asses,2016,660,I,,,,
89,320,Guatemala,1107,Asses,2016,9813,I,,,,
90,324,Guinea,1107,Asses,2016,2228,I,,,,
175,624,Guinea-Bissau,1107,Asses,2016,5210,I,,,,
91,328,Guyana,1107,Asses,2016,999,I,,,,
93,332,Haiti,1107,Asses,2016,170778,A,,,,
95,340,Honduras,1107,Asses,2016,23265,I,,,,
97,348,Hungary,1107,Asses,2016,3000,A,,,,
100,356,India,1107,Asses,2016,260000,E,,,,
102,364,Iran (Islamic Republic of),1107,Asses,2016,1584213,I,,,,
103,368,Iraq,1107,Asses,2016,379382,I,,,,
104,372,Ireland,1107,Asses,2016,8000,X,,,,
105,376,Israel,1107,Asses,2016,5000,I,,,,
106,380,Italy,1107,Asses,2016,20877,I,,,,
109,388,Jamaica,1107,Asses,2016,23000,I,,,,
112,400,Jordan,1107,Asses,2016,8624,E,,,,
121,422,Lebanon,1107,Asses,2016,14687,I,,,,
122,426,Lesotho,1107,Asses,2016,113988,A,,,,
124,434,Libya,1107,Asses,2016,29167,I,,,,
129,450,Madagascar,1107,Asses,2016,160,I,,,,
130,454,Malawi,1107,Asses,2016,6292,I,,,,
133,466,Mali,1107,Asses,2016,999100,A,,,,
134,470,Malta,1107,Asses,2016,485,I,,,,
136,478,Mauritania,1107,Asses,2016,325547,I,,,,
137,480,Mauritius,1107,Asses,2016,60,E,,,,
138,484,Mexico,1107,Asses,2016,3284392,I,,,,
141,496,Mongolia,1107,Asses,2016,40,A,,,,
143,504,Morocco,1107,Asses,2016,932000,A,,,,
144,508,Mozambique,1107,Asses,2016,48860,I,,,,
147,516,Namibia,1107,Asses,2016,144620,E,,,,
157,558,Nicaragua,1107,Asses,2016,9125,I,,,,
158,562,Niger,1107,Asses,2016,1801402,A,,,,
159,566,Nigeria,1107,Asses,2016,1294377,I,,,,
221,512,Oman,1107,Asses,2016,23656,I,,,,
165,586,Pakistan,1107,Asses,2016,5127000,A,,,,
169,600,Paraguay,1107,Asses,2016,35163,I,,,,
170,604,Peru,1107,Asses,2016,642830,I,,,,
174,620,Portugal,1107,Asses,2016,8800,E,,,,
177,630,Puerto Rico,1107,Asses,2016,2000,I,,,,
117,410,Republic of Korea,1107,Asses,2016,,I,,,,
183,642,Romania,1107,Asses,2016,30159,I,,,,
189,662,Saint Lucia,1107,Asses,2016,608,I,,,,
191,670,Saint Vincent and the Grenadines,1107,Asses,2016,1308,I,,,,
244,882,Samoa,1107,Asses,2016,7000,I,,,,
193,678,Sao Tome and Principe,1107,Asses,2016,45,I,,,,
194,682,Saudi Arabia,1107,Asses,2016,98646,I,,,,
195,686,Senegal,1107,Asses,2016,472359,I,,,,
201,706,Somalia,1107,Asses,2016,22224,I,,,,
202,710,South Africa,1107,Asses,2016,151457,I,,,,
203,724,Spain,1107,Asses,2016,140978,I,,,,
207,740,Suriname,1107,Asses,2016,5,A,,,,
211,756,Switzerland,1107,Asses,2016,19487,A,,,,
212,760,Syrian Arab Republic,1107,Asses,2016,76968,A,,,,
216,764,Thailand,1107,Asses,2016,33,I,,,,
217,768,Togo,1107,Asses,2016,3413,I,,,,
220,780,Trinidad and Tobago,1107,Asses,2016,2311,I,,,,
222,788,Tunisia,1107,Asses,2016,241465,I,,,,
223,792,Türkiye,1107,Asses,2016,151439,A,,,,
226,800,Uganda,1107,Asses,2016,19247,I,,,,
215,834,United Republic of Tanzania,1107,Asses,2016,188430,I,,,,
231,840,United States of America,1107,Asses,2016,51976,I,,,,
234,858,Uruguay,1107,Asses,2016,1624,I,,,,
236,862,Venezuela (Bolivarian Republic of),1107,Asses,2016,440000,I,,,,
249,887,Yemen,1107,Asses,2016,719710,I,,,,
251,894,Zambia,1107,Asses,2016,2118,I,,,,
181,716,Zimbabwe,1107,Asses,2016,548887,I,,,,
108,398,Kazakhstan,1107,Asses,2017,28875,I,,,,
98,191,Croatia,1107,Asses,2017,3252,A,,,,
276,729,Sudan,1107,Asses,2017,7597458,A,,,,
52,31,Azerbaijan,1107,Asses,2017,30854,A,,,,
185,643,Russian Federation,1107,Asses,2017,9136,A,,,,
238,231,Ethiopia,1107,Asses,2017,8845589,A,,,,
57,112,Belarus,1107,Asses,2017,8947,I,,,,
255,56,Belgium,1107,Asses,2017,2,I,,,,
146,498,Republic of Moldova,1107,Asses,2017,3079,A,,,,
208,762,Tajikistan,1107,Asses,2017,144797,A,,,,
213,795,Turkmenistan,1107,Asses,2017,24846,I,,,,
230,804,Ukraine,1107,Asses,2017,11845,I,,,,
277,728,South Sudan,1107,Asses,2017,337406,I,,,,
73,268,Georgia,1107,Asses,2017,10006,I,,,,
113,417,Kyrgyzstan,1107,Asses,2017,33144,A,,,,
1,51,Armenia,1107,Asses,2017,2104,A,,,,
235,860,Uzbekistan,1107,Asses,2017,266875,A,,,,
2,4,Afghanistan,1107,Asses,2017,1317000,A,,,,
3,8,Albania,1107,Asses,2017,56000,X,,,,
4,12,Algeria,1107,Asses,2017,95176,A,,,,
7,24,Angola,1107,Asses,2017,4498,I,,,,
8,28,Antigua and Barbuda,1107,Asses,2017,1713,I,,,,
9,32,Argentina,1107,Asses,2017,59261,A,,,,
10,36,Australia,1107,Asses,2017,1887,I,,,,
13,48,Bahrain,1107,Asses,2017,,M,,,,
14,52,Barbados,1107,Asses,2017,2217,I,,,,
53,204,Benin,1107,Asses,2017,624,I,,,,
18,64,Bhutan,1107,Asses,2017,17952,I,,,,
19,68,Bolivia (Plurinational State of),1107,Asses,2017,635108,I,,,,
20,72,Botswana,1107,Asses,2017,140215,A,,,,
21,76,Brazil,1107,Asses,2017,844653,I,,,,
27,100,Bulgaria,1107,Asses,2017,18500,E,,,,
233,854,Burkina Faso,1107,Asses,2017,1206371,A,,,,
35,132,Cabo Verde,1107,Asses,2017,15864,I,,,,
32,120,Cameroon,1107,Asses,2017,40133,I,,,,
37,140,Central African Republic,1107,Asses,2017,,M,,,,
39,148,Chad,1107,Asses,2017,3186581,A,,,,
40,152,Chile,1107,Asses,2017,15650,E,,,,
41,156,"China, mainland",1107,Asses,2017,2677833,A,,,,
44,170,Colombia,1107,Asses,2017,81811,A,,,,
45,174,Comoros,1107,Asses,2017,5424,I,,,,
48,188,Costa Rica,1107,Asses,2017,7193,I,,,,
49,192,Cuba,1107,Asses,2017,16900,A,,,,
50,196,Cyprus,1107,Asses,2017,5200,I,,,,
250,180,Democratic Republic of the Congo,1107,Asses,2017,,M,,,,
72,262,Djibouti,1107,Asses,2017,8402,I,,,,
56,214,Dominican Republic,1107,Asses,2017,155497,I,,,,
58,218,Ecuador,1107,Asses,2017,49727,A,,,,
59,818,Egypt,1107,Asses,2017,1385237,A,,,,
60,222,El Salvador,1107,Asses,2017,3273,I,,,,
209,748,Eswatini,1107,Asses,2017,16145,I,,,,
68,250,France,1107,Asses,2017,30000,E,,,,
75,270,Gambia,1107,Asses,2017,64714,I,,,,
81,288,Ghana,1107,Asses,2017,14720,I,,,,
84,300,Greece,1107,Asses,2017,3946,A,,,,
86,308,Grenada,1107,Asses,2017,660,I,,,,
89,320,Guatemala,1107,Asses,2017,9826,I,,,,
90,324,Guinea,1107,Asses,2017,2251,I,,,,
175,624,Guinea-Bissau,1107,Asses,2017,5213,I,,,,
91,328,Guyana,1107,Asses,2017,995,I,,,,
93,332,Haiti,1107,Asses,2017,174128,I,,,,
95,340,Honduras,1107,Asses,2017,23292,I,,,,
97,348,Hungary,1107,Asses,2017,4000,A,,,,
100,356,India,1107,Asses,2017,247000,E,,,,
102,364,Iran (Islamic Republic of),1107,Asses,2017,1576451,I,,,,
103,368,Iraq,1107,Asses,2017,379354,I,,,,
104,372,Ireland,1107,Asses,2017,7482,I,,,,
105,376,Israel,1107,Asses,2017,5000,I,,,,
106,380,Italy,1107,Asses,2017,20991,I,,,,
109,388,Jamaica,1107,Asses,2017,23000,I,,,,
112,400,Jordan,1107,Asses,2017,7741,I,,,,
121,422,Lebanon,1107,Asses,2017,14493,I,,,,
122,426,Lesotho,1107,Asses,2017,124788,A,,,,
124,434,Libya,1107,Asses,2017,29405,I,,,,
129,450,Madagascar,1107,Asses,2017,161,I,,,,
130,454,Malawi,1107,Asses,2017,6547,I,,,,
133,466,Mali,1107,Asses,2017,1099900,A,,,,
134,470,Malta,1107,Asses,2017,483,I,,,,
136,478,Mauritania,1107,Asses,2017,317189,E,,,,
137,480,Mauritius,1107,Asses,2017,60,I,,,,
138,484,Mexico,1107,Asses,2017,3285786,I,,,,
141,496,Mongolia,1107,Asses,2017,44,A,,,,
143,504,Morocco,1107,Asses,2017,930000,A,,,,
144,508,Mozambique,1107,Asses,2017,49212,I,,,,
147,516,Namibia,1107,Asses,2017,151264,I,,,,
157,558,Nicaragua,1107,Asses,2017,9158,I,,,,
158,562,Niger,1107,Asses,2017,1837429,A,,,,
159,566,Nigeria,1107,Asses,2017,1308540,I,,,,
221,512,Oman,1107,Asses,2017,23441,I,,,,
165,586,Pakistan,1107,Asses,2017,5222000,A,,,,
169,600,Paraguay,1107,Asses,2017,35188,I,,,,
170,604,Peru,1107,Asses,2017,643818,I,,,,
174,620,Portugal,1107,Asses,2017,8500,E,,,,
177,630,Puerto Rico,1107,Asses,2017,2000,I,,,,
117,410,Republic of Korea,1107,Asses,2017,,I,,,,
183,642,Romania,1107,Asses,2017,30331,I,,,,
189,662,Saint Lucia,1107,Asses,2017,609,I,,,,
191,670,Saint Vincent and the Grenadines,1107,Asses,2017,1312,I,,,,
244,882,Samoa,1107,Asses,2017,7000,I,,,,
193,678,Sao Tome and Principe,1107,Asses,2017,46,I,,,,
194,682,Saudi Arabia,1107,Asses,2017,98351,I,,,,
195,686,Senegal,1107,Asses,2017,476000,A,,,,
201,706,Somalia,1107,Asses,2017,22370,I,,,,
202,710,South Africa,1107,Asses,2017,148587,I,,,,
203,724,Spain,1107,Asses,2017,140813,I,,,,
207,740,Suriname,1107,Asses,2017,5,A,,,,
211,756,Switzerland,1107,Asses,2017,19972,A,,,,
212,760,Syrian Arab Republic,1107,Asses,2017,70679,A,,,,
216,764,Thailand,1107,Asses,2017,33,I,,,,
217,768,Togo,1107,Asses,2017,3423,I,,,,
220,780,Trinidad and Tobago,1107,Asses,2017,2315,I,,,,
222,788,Tunisia,1107,Asses,2017,241623,I,,,,
223,792,Türkiye,1107,Asses,2017,141375,A,,,,
226,800,Uganda,1107,Asses,2017,19277,I,,,,
215,834,United Republic of Tanzania,1107,Asses,2017,188791,I,,,,
231,840,United States of America,1107,Asses,2017,51974,I,,,,
234,858,Uruguay,1107,Asses,2017,1633,I,,,,
236,862,Venezuela (Bolivarian Republic of),1107,Asses,2017,440000,I,,,,
249,887,Yemen,1107,Asses,2017,720640,I,,,,
251,894,Zambia,1107,Asses,2017,2138,I,,,,
181,716,Zimbabwe,1107,Asses,2017,549468,A,,,,
208,762,Tajikistan,1107,Asses,2018,136676,A,,,,
52,31,Azerbaijan,1107,Asses,2018,28040,A,,,,
1,51,Armenia,1107,Asses,2018,1758,A,,,,
108,398,Kazakhstan,1107,Asses,2018,28774,I,,,,
277,728,South Sudan,1107,Asses,2018,340398,I,,,,
230,804,Ukraine,1107,Asses,2018,11869,I,,,,
57,112,Belarus,1107,Asses,2018,8946,I,,,,
276,729,Sudan,1107,Asses,2018,7608854,A,,,,
146,498,Republic of Moldova,1107,Asses,2018,4995,A,,,,
113,417,Kyrgyzstan,1107,Asses,2018,28941,A,,,,
73,268,Georgia,1107,Asses,2018,10020,I,,,,
185,643,Russian Federation,1107,Asses,2018,8148,A,,,,
235,860,Uzbekistan,1107,Asses,2018,222975,A,,,,
213,795,Turkmenistan,1107,Asses,2018,24835,I,,,,
238,231,Ethiopia,1107,Asses,2018,9655441,A,,,,
2,4,Afghanistan,1107,Asses,2018,1329850,I,,,,
3,8,Albania,1107,Asses,2018,56000,X,,,,
4,12,Algeria,1107,Asses,2018,84051,A,,,,
7,24,Angola,1107,Asses,2018,4496,I,,,,
8,28,Antigua and Barbuda,1107,Asses,2018,1717,I,,,,
9,32,Argentina,1107,Asses,2018,60321,A,,,,
10,36,Australia,1107,Asses,2018,1872,I,,,,
13,48,Bahrain,1107,Asses,2018,,M,,,,
14,52,Barbados,1107,Asses,2018,2216,I,,,,
53,204,Benin,1107,Asses,2018,626,I,,,,
18,64,Bhutan,1107,Asses,2018,17939,I,,,,
19,68,Bolivia (Plurinational State of),1107,Asses,2018,635080,I,,,,
20,72,Botswana,1107,Asses,2018,118970,I,,,,
21,76,Brazil,1107,Asses,2018,818198,I,,,,
233,854,Burkina Faso,1107,Asses,2018,1230000,A,,,,
35,132,Cabo Verde,1107,Asses,2018,16011,I,,,,
32,120,Cameroon,1107,Asses,2018,40143,I,,,,
37,140,Central African Republic,1107,Asses,2018,,M,,,,
39,148,Chad,1107,Asses,2018,3397001,A,,,,
40,152,Chile,1107,Asses,2018,15448,I,,,,
41,156,"China, mainland",1107,Asses,2018,2532846,A,,,,
44,170,Colombia,1107,Asses,2018,78100,A,,,,
45,174,Comoros,1107,Asses,2018,5435,I,,,,
48,188,Costa Rica,1107,Asses,2018,7139,I,,,,
49,192,Cuba,1107,Asses,2018,17400,A,,,,
250,180,Democratic Republic of the Congo,1107,Asses,2018,,M,,,,
72,262,Djibouti,1107,Asses,2018,8409,I,,,,
56,214,Dominican Republic,1107,Asses,2018,156018,I,,,,
58,218,Ecuador,1107,Asses,2018,47035,A,,,,
59,818,Egypt,1107,Asses,2018,1106170,A,,,,
60,222,El Salvador,1107,Asses,2018,3276,I,,,,
209,748,Eswatini,1107,Asses,2018,16223,I,,,,
75,270,Gambia,1107,Asses,2018,66133,I,,,,
81,288,Ghana,1107,Asses,2018,14841,I,,,,
86,308,Grenada,1107,Asses,2018,661,I,,,,
89,320,Guatemala,1107,Asses,2018,9841,I,,,,
90,324,Guinea,1107,Asses,2018,2276,I,,,,
175,624,Guinea-Bissau,1107,Asses,2018,5215,I,,,,
91,328,Guyana,1107,Asses,2018,991,I,,,,
93,332,Haiti,1107,Asses,2018,175536,I,,,,
95,340,Honduras,1107,Asses,2018,23317,I,,,,
97,348,Hungary,1107,Asses,2018,4100,A,,,,
100,356,India,1107,Asses,2018,188707,I,,,,
102,364,Iran (Islamic Republic of),1107,Asses,2018,1568610,I,,,,
103,368,Iraq,1107,Asses,2018,379318,I,,,,
105,376,Israel,1107,Asses,2018,5000,I,,,,
109,388,Jamaica,1107,Asses,2018,23000,I,,,,
112,400,Jordan,1107,Asses,2018,7176,I,,,,
121,422,Lebanon,1107,Asses,2018,14308,I,,,,
122,426,Lesotho,1107,Asses,2018,117063,A,,,,
124,434,Libya,1107,Asses,2018,29699,I,,,,
129,450,Madagascar,1107,Asses,2018,162,I,,,,
130,454,Malawi,1107,Asses,2018,6856,I,,,,
133,466,Mali,1107,Asses,2018,1121898,A,,,,
136,478,Mauritania,1107,Asses,2018,327846,I,,,,
137,480,Mauritius,1107,Asses,2018,60,I,,,,
138,484,Mexico,1107,Asses,2018,3287047,I,,,,
141,496,Mongolia,1107,Asses,2018,38,A,,,,
143,504,Morocco,1107,Asses,2018,934000,A,,,,
144,508,Mozambique,1107,Asses,2018,49666,I,,,,
147,516,Namibia,1107,Asses,2018,155121,I,,,,
157,558,Nicaragua,1107,Asses,2018,9184,I,,,,
158,562,Niger,1107,Asses,2018,1874178,A,,,,
159,566,Nigeria,1107,Asses,2018,1321441,I,,,,
221,512,Oman,1107,Asses,2018,23212,I,,,,
165,586,Pakistan,1107,Asses,2018,5319000,A,,,,
169,600,Paraguay,1107,Asses,2018,35195,I,,,,
170,604,Peru,1107,Asses,2018,644482,I,,,,
177,630,Puerto Rico,1107,Asses,2018,2000,I,,,,
117,410,Republic of Korea,1107,Asses,2018,,I,,,,
189,662,Saint Lucia,1107,Asses,2018,608,I,,,,
191,670,Saint Vincent and the Grenadines,1107,Asses,2018,1317,I,,,,
244,882,Samoa,1107,Asses,2018,7000,I,,,,
193,678,Sao Tome and Principe,1107,Asses,2018,46,I,,,,
194,682,Saudi Arabia,1107,Asses,2018,98371,I,,,,
195,686,Senegal,1107,Asses,2018,478279,A,,,,
201,706,Somalia,1107,Asses,2018,22496,I,,,,
202,710,South Africa,1107,Asses,2018,145588,I,,,,
207,740,Suriname,1107,Asses,2018,5,A,,,,
211,756,Switzerland,1107,Asses,2018,34028,A,,,,
212,760,Syrian Arab Republic,1107,Asses,2018,69490,A,,,,
216,764,Thailand,1107,Asses,2018,32,I,,,,
217,768,Togo,1107,Asses,2018,3431,I,,,,
220,780,Trinidad and Tobago,1107,Asses,2018,2318,I,,,,
222,788,Tunisia,1107,Asses,2018,241685,I,,,,
223,792,Türkiye,1107,Asses,2018,133953,A,,,,
226,800,Uganda,1107,Asses,2018,19310,I,,,,
215,834,United Republic of Tanzania,1107,Asses,2018,189158,I,,,,
231,840,United States of America,1107,Asses,2018,51974,I,,,,
234,858,Uruguay,1107,Asses,2018,1640,I,,,,
236,862,Venezuela (Bolivarian Republic of),1107,Asses,2018,440000,I,,,,
249,887,Yemen,1107,Asses,2018,721214,I,,,,
251,894,Zambia,1107,Asses,2018,2153,I,,,,
181,716,Zimbabwe,1107,Asses,2018,538303,I,,,,
1,51,Armenia,1107,Asses,2019,1562,A,,,,
108,398,Kazakhstan,1107,Asses,2019,29009,I,,,,
57,112,Belarus,1107,Asses,2019,8976,I,,,,
146,498,Republic of Moldova,1107,Asses,2019,3772,A,,,,
235,860,Uzbekistan,1107,Asses,2019,186691,A,,,,
73,268,Georgia,1107,Asses,2019,10000,I,,,,
208,762,Tajikistan,1107,Asses,2019,136015,A,,,,
185,643,Russian Federation,1107,Asses,2019,7750,A,,,,
213,795,Turkmenistan,1107,Asses,2019,24831,I,,,,
238,231,Ethiopia,1107,Asses,2019,9987762,A,,,,
52,31,Azerbaijan,1107,Asses,2019,25780,A,,,,
113,417,Kyrgyzstan,1107,Asses,2019,28441,A,,,,
277,728,South Sudan,1107,Asses,2019,344072,I,,,,
276,729,Sudan,1107,Asses,2019,7620268,A,,,,
230,804,Ukraine,1107,Asses,2019,11865,I,,,,
2,4,Afghanistan,1107,Asses,2019,1402909,I,,,,
3,8,Albania,1107,Asses,2019,55000,X,,,,
4,12,Algeria,1107,Asses,2019,86431,A,,,,
7,24,Angola,1107,Asses,2019,4493,I,,,,
8,28,Antigua and Barbuda,1107,Asses,2019,1723,I,,,,
9,32,Argentina,1107,Asses,2019,61541,A,,,,
10,36,Australia,1107,Asses,2019,1865,I,,,,
13,48,Bahrain,1107,Asses,2019,,M,,,,
14,52,Barbados,1107,Asses,2019,2213,I,,,,
53,204,Benin,1107,Asses,2019,628,I,,,,
18,64,Bhutan,1107,Asses,2019,17927,I,,,,
19,68,Bolivia (Plurinational State of),1107,Asses,2019,635094,I,,,,
20,72,Botswana,1107,Asses,2019,100807,I,,,,
21,76,Brazil,1107,Asses,2019,788507,I,,,,
233,854,Burkina Faso,1107,Asses,2019,1255000,A,,,,
35,132,Cabo Verde,1107,Asses,2019,16149,I,,,,
32,120,Cameroon,1107,Asses,2019,40134,I,,,,
37,140,Central African Republic,1107,Asses,2019,,M,,,,
39,148,Chad,1107,Asses,2019,3621240,A,,,,
40,152,Chile,1107,Asses,2019,15316,I,,,,
41,156,"China, mainland",1107,Asses,2019,2600691,A,,,,
44,170,Colombia,1107,Asses,2019,90978,A,,,,
45,174,Comoros,1107,Asses,2019,5446,I,,,,
48,188,Costa Rica,1107,Asses,2019,7222,I,,,,
49,192,Cuba,1107,Asses,2019,17900,A,,,,
250,180,Democratic Republic of the Congo,1107,Asses,2019,,M,,,,
72,262,Djibouti,1107,Asses,2019,8419,I,,,,
56,214,Dominican Republic,1107,Asses,2019,156640,I,,,,
58,218,Ecuador,1107,Asses,2019,61155,A,,,,
59,818,Egypt,1107,Asses,2019,879979,I,,,,
60,222,El Salvador,1107,Asses,2019,3279,I,,,,
209,748,Eswatini,1107,Asses,2019,16316,I,,,,
75,270,Gambia,1107,Asses,2019,67150,I,,,,
81,288,Ghana,1107,Asses,2019,14952,I,,,,
86,308,Grenada,1107,Asses,2019,661,I,,,,
89,320,Guatemala,1107,Asses,2019,9847,I,,,,
90,324,Guinea,1107,Asses,2019,2301,I,,,,
175,624,Guinea-Bissau,1107,Asses,2019,5214,I,,,,
91,328,Guyana,1107,Asses,2019,988,I,,,,
93,332,Haiti,1107,Asses,2019,177935,I,,,,
95,340,Honduras,1107,Asses,2019,23344,I,,,,
97,348,Hungary,1107,Asses,2019,4800,A,,,,
100,356,India,1107,Asses,2019,123587,A,,,,
102,364,Iran (Islamic Republic of),1107,Asses,2019,1562435,I,,,,
103,368,Iraq,1107,Asses,2019,379333,I,,,,
105,376,Israel,1107,Asses,2019,5000,I,,,,
109,388,Jamaica,1107,Asses,2019,23000,I,,,,
112,400,Jordan,1107,Asses,2019,6751,I,,,,
121,422,Lebanon,1107,Asses,2019,14124,I,,,,
122,426,Lesotho,1107,Asses,2019,101980,A,,,,
124,434,Libya,1107,Asses,2019,30000,E,,,,
129,450,Madagascar,1107,Asses,2019,162,I,,,,
130,454,Malawi,1107,Asses,2019,7086,I,,,,
133,466,Mali,1107,Asses,2019,1144336,A,,,,
136,478,Mauritania,1107,Asses,2019,335377,I,,,,
137,480,Mauritius,1107,Asses,2019,60,I,,,,
138,484,Mexico,1107,Asses,2019,3288390,I,,,,
141,496,Mongolia,1107,Asses,2019,40,A,,,,
143,504,Morocco,1107,Asses,2019,927000,A,,,,
144,508,Mozambique,1107,Asses,2019,50400,I,,,,
147,516,Namibia,1107,Asses,2019,157636,I,,,,
157,558,Nicaragua,1107,Asses,2019,9207,I,,,,
158,562,Niger,1107,Asses,2019,1911661,A,,,,
159,566,Nigeria,1107,Asses,2019,1332751,I,,,,
221,512,Oman,1107,Asses,2019,22968,I,,,,
165,586,Pakistan,1107,Asses,2019,5417000,A,,,,
169,600,Paraguay,1107,Asses,2019,35206,I,,,,
170,604,Peru,1107,Asses,2019,645156,I,,,,
177,630,Puerto Rico,1107,Asses,2019,2000,I,,,,
117,410,Republic of Korea,1107,Asses,2019,,I,,,,
189,662,Saint Lucia,1107,Asses,2019,608,I,,,,
191,670,Saint Vincent and the Grenadines,1107,Asses,2019,1320,I,,,,
244,882,Samoa,1107,Asses,2019,7000,I,,,,
193,678,Sao Tome and Principe,1107,Asses,2019,47,I,,,,
194,682,Saudi Arabia,1107,Asses,2019,98358,I,,,,
195,686,Senegal,1107,Asses,2019,450718,A,,,,
201,706,Somalia,1107,Asses,2019,22604,I,,,,
202,710,South Africa,1107,Asses,2019,142596,I,,,,
207,740,Suriname,1107,Asses,2019,5,A,,,,
211,756,Switzerland,1107,Asses,2019,33614,A,,,,
212,760,Syrian Arab Republic,1107,Asses,2019,69373,A,,,,
216,764,Thailand,1107,Asses,2019,31,I,,,,
217,768,Togo,1107,Asses,2019,3440,I,,,,
220,780,Trinidad and Tobago,1107,Asses,2019,2319,I,,,,
222,788,Tunisia,1107,Asses,2019,241903,I,,,,
223,792,Türkiye,1107,Asses,2019,126912,A,,,,
226,800,Uganda,1107,Asses,2019,19343,I,,,,
215,834,United Republic of Tanzania,1107,Asses,2019,189543,I,,,,
231,840,United States of America,1107,Asses,2019,51976,I,,,,
234,858,Uruguay,1107,Asses,2019,1645,I,,,,
236,862,Venezuela (Bolivarian Republic of),1107,Asses,2019,440000,I,,,,
249,887,Yemen,1107,Asses,2019,722285,I,,,,
251,894,Zambia,1107,Asses,2019,2171,I,,,,
181,716,Zimbabwe,1107,Asses,2019,519522,A,,,,
52,31,Azerbaijan,1107,Asses,2020,23419,A,,,,
73,268,Georgia,1107,Asses,2020,9992,I,,,,
108,398,Kazakhstan,1107,Asses,2020,29101,I,,,,
208,762,Tajikistan,1107,Asses,2020,133100,A,,,,
230,804,Ukraine,1107,Asses,2020,11913,I,,,,
113,417,Kyrgyzstan,1107,Asses,2020,27586,A,,,,
146,498,Republic of Moldova,1107,Asses,2020,1200,A,,,,
185,643,Russian Federation,1107,Asses,2020,6244,A,,,,
235,860,Uzbekistan,1107,Asses,2020,150971,A,,,,
57,112,Belarus,1107,Asses,2020,8930,I,,,,
1,51,Armenia,1107,Asses,2020,1485,A,,,,
238,231,Ethiopia,1107,Asses,2020,10791896,A,,,,
277,728,South Sudan,1107,Asses,2020,346876,I,,,,
213,795,Turkmenistan,1107,Asses,2020,24831,I,,,,
276,729,Sudan,1107,Asses,2020,7631699,A,,,,
2,4,Afghanistan,1107,Asses,2020,1491354,I,,,,
3,8,Albania,1107,Asses,2020,49000,A,,,,
4,12,Algeria,1107,Asses,2020,83730,A,,,,
7,24,Angola,1107,Asses,2020,4488,I,,,,
8,28,Antigua and Barbuda,1107,Asses,2020,1728,I,,,,
9,32,Argentina,1107,Asses,2020,62217,A,,,,
10,36,Australia,1107,Asses,2020,1862,I,,,,
13,48,Bahrain,1107,Asses,2020,,M,,,,
14,52,Barbados,1107,Asses,2020,2210,I,,,,
53,204,Benin,1107,Asses,2020,628,I,,,,
18,64,Bhutan,1107,Asses,2020,17917,I,,,,
19,68,Bolivia (Plurinational State of),1107,Asses,2020,635100,I,,,,
20,72,Botswana,1107,Asses,2020,74013,I,,,,
21,76,Brazil,1107,Asses,2020,770193,I,,,,
233,854,Burkina Faso,1107,Asses,2020,1400000,A,,,,
35,132,Cabo Verde,1107,Asses,2020,16273,I,,,,
32,120,Cameroon,1107,Asses,2020,40127,I,,,,
37,140,Central African Republic,1107,Asses,2020,,M,,,,
39,148,Chad,1107,Asses,2020,3860282,A,,,,
40,152,Chile,1107,Asses,2020,15135,I,,,,
41,156,"China, mainland",1107,Asses,2020,2324000,A,,,,
44,170,Colombia,1107,Asses,2020,88024,I,,,,
45,174,Comoros,1107,Asses,2020,5458,I,,,,
48,188,Costa Rica,1107,Asses,2020,7279,I,,,,
49,192,Cuba,1107,Asses,2020,19100,A,,,,
250,180,Democratic Republic of the Congo,1107,Asses,2020,,M,,,,
72,262,Djibouti,1107,Asses,2020,8427,I,,,,
56,214,Dominican Republic,1107,Asses,2020,157117,I,,,,
58,218,Ecuador,1107,Asses,2020,35926,A,,,,
59,818,Egypt,1107,Asses,2020,663156,I,,,,
60,222,El Salvador,1107,Asses,2020,3281,I,,,,
209,748,Eswatini,1107,Asses,2020,16416,I,,,,
75,270,Gambia,1107,Asses,2020,67163,I,,,,
81,288,Ghana,1107,Asses,2020,15049,I,,,,
86,308,Grenada,1107,Asses,2020,661,I,,,,
89,320,Guatemala,1107,Asses,2020,9845,I,,,,
90,324,Guinea,1107,Asses,2020,2325,I,,,,
175,624,Guinea-Bissau,1107,Asses,2020,5215,I,,,,
91,328,Guyana,1107,Asses,2020,985,I,,,,
93,332,Haiti,1107,Asses,2020,177862,I,,,,
95,340,Honduras,1107,Asses,2020,23370,I,,,,
97,348,Hungary,1107,Asses,2020,4800,A,,,,
100,356,India,1107,Asses,2020,80071,I,,,,
102,364,Iran (Islamic Republic of),1107,Asses,2020,1561515,I,,,,
103,368,Iraq,1107,Asses,2020,379300,I,,,,
105,376,Israel,1107,Asses,2020,5000,I,,,,
109,388,Jamaica,1107,Asses,2020,23000,I,,,,
112,400,Jordan,1107,Asses,2020,6238,I,,,,
121,422,Lebanon,1107,Asses,2020,13919,I,,,,
122,426,Lesotho,1107,Asses,2020,88853,A,,,,
124,434,Libya,1107,Asses,2020,30250,I,,,,
129,450,Madagascar,1107,Asses,2020,162,I,,,,
130,454,Malawi,1107,Asses,2020,7198,I,,,,
133,466,Mali,1107,Asses,2020,1167223,A,,,,
136,478,Mauritania,1107,Asses,2020,330258,E,,,,
137,480,Mauritius,1107,Asses,2020,60,I,,,,
138,484,Mexico,1107,Asses,2020,3289690,I,,,,
141,496,Mongolia,1107,Asses,2020,30,A,,,,
143,504,Morocco,1107,Asses,2020,925000,A,,,,
144,508,Mozambique,1107,Asses,2020,51131,I,,,,
147,516,Namibia,1107,Asses,2020,161464,I,,,,
157,558,Nicaragua,1107,Asses,2020,9229,I,,,,
158,562,Niger,1107,Asses,2020,1949895,A,,,,
159,566,Nigeria,1107,Asses,2020,1340798,I,,,,
221,512,Oman,1107,Asses,2020,22713,I,,,,
165,586,Pakistan,1107,Asses,2020,5517000,A,,,,
169,600,Paraguay,1107,Asses,2020,35239,I,,,,
170,604,Peru,1107,Asses,2020,645201,I,,,,
177,630,Puerto Rico,1107,Asses,2020,2000,I,,,,
117,410,Republic of Korea,1107,Asses,2020,,I,,,,
189,662,Saint Lucia,1107,Asses,2020,608,I,,,,
191,670,Saint Vincent and the Grenadines,1107,Asses,2020,1322,I,,,,
244,882,Samoa,1107,Asses,2020,7000,I,,,,
193,678,Sao Tome and Principe,1107,Asses,2020,47,I,,,,
194,682,Saudi Arabia,1107,Asses,2020,98215,I,,,,
195,686,Senegal,1107,Asses,2020,455225,A,,,,
201,706,Somalia,1107,Asses,2020,22692,I,,,,
202,710,South Africa,1107,Asses,2020,139951,I,,,,
207,740,Suriname,1107,Asses,2020,5,A,,,,
211,756,Switzerland,1107,Asses,2020,33092,A,,,,
212,760,Syrian Arab Republic,1107,Asses,2020,61344,A,,,,
216,764,Thailand,1107,Asses,2020,31,I,,,,
217,768,Togo,1107,Asses,2020,3446,I,,,,
220,780,Trinidad and Tobago,1107,Asses,2020,2320,I,,,,
222,788,Tunisia,1107,Asses,2020,241970,I,,,,
223,792,Türkiye,1107,Asses,2020,108304,A,,,,
226,800,Uganda,1107,Asses,2020,19373,I,,,,
215,834,United Republic of Tanzania,1107,Asses,2020,189913,I,,,,
231,840,United States of America,1107,Asses,2020,51976,I,,,,
234,858,Uruguay,1107,Asses,2020,1650,I,,,,
236,862,Venezuela (Bolivarian Republic of),1107,Asses,2020,440000,I,,,,
249,887,Yemen,1107,Asses,2020,722879,I,,,,
251,894,Zambia,1107,Asses,2020,2189,I,,,,
181,716,Zimbabwe,1107,Asses,2020,560763,I,,,,
238,231,Ethiopia,1107,Asses,2021,10020518,A,,,,
185,643,Russian Federation,1107,Asses,2021,6147,A,,,,
277,728,South Sudan,1107,Asses,2021,356052,I,,,,
235,860,Uzbekistan,1107,Asses,2021,121679,A,,,,
108,398,Kazakhstan,1107,Asses,2021,29068,I,,,,
213,795,Turkmenistan,1107,Asses,2021,24845,I,,,,
73,268,Georgia,1107,Asses,2021,10083,I,,,,
146,498,Republic of Moldova,1107,Asses,2021,1147,A,,,,
52,31,Azerbaijan,1107,Asses,2021,21047,A,,,,
57,112,Belarus,1107,Asses,2021,8899,I,,,,
113,417,Kyrgyzstan,1107,Asses,2021,27613,A,,,,
230,804,Ukraine,1107,Asses,2021,12023,I,,,,
276,729,Sudan,1107,Asses,2021,7643146,A,,,,
208,762,Tajikistan,1107,Asses,2021,131200,A,,,,
1,51,Armenia,1107,Asses,2021,1449,A,,,,
2,4,Afghanistan,1107,Asses,2021,1534586,I,,,,
3,8,Albania,1107,Asses,2021,47000,A,,,,
4,12,Algeria,1107,Asses,2021,80451,A,,,,
7,24,Angola,1107,Asses,2021,4480,I,,,,
8,28,Antigua and Barbuda,1107,Asses,2021,1730,I,,,,
9,32,Argentina,1107,Asses,2021,59090,A,,,,
10,36,Australia,1107,Asses,2021,1870,I,,,,
13,48,Bahrain,1107,Asses,2021,,M,,,,
14,52,Barbados,1107,Asses,2021,2189,I,,,,
53,204,Benin,1107,Asses,2021,635,I,,,,
18,64,Bhutan,1107,Asses,2021,17922,I,,,,
19,68,Bolivia (Plurinational State of),1107,Asses,2021,635218,I,,,,
20,72,Botswana,1107,Asses,2021,30107,I,,,,
21,76,Brazil,1107,Asses,2021,783470,I,,,,
233,854,Burkina Faso,1107,Asses,2021,1514102,A,,,,
35,132,Cabo Verde,1107,Asses,2021,16400,I,,,,
32,120,Cameroon,1107,Asses,2021,40130,I,,,,
37,140,Central African Republic,1107,Asses,2021,,M,,,,
39,148,Chad,1107,Asses,2021,4115104,A,,,,
40,152,Chile,1107,Asses,2021,15126,I,,,,
41,156,"China, mainland",1107,Asses,2021,1966900,A,,,,
44,170,Colombia,1107,Asses,2021,59906,I,,,,
45,174,Comoros,1107,Asses,2021,5492,I,,,,
48,188,Costa Rica,1107,Asses,2021,7237,I,,,,
49,192,Cuba,1107,Asses,2021,17500,A,,,,
250,180,Democratic Republic of the Congo,1107,Asses,2021,,M,,,,
72,262,Djibouti,1107,Asses,2021,8416,I,,,,
56,214,Dominican Republic,1107,Asses,2021,157399,I,,,,
58,218,Ecuador,1107,Asses,2021,49170,A,,,,
59,818,Egypt,1107,Asses,2021,1230714,I,,,,
60,222,El Salvador,1107,Asses,2021,3308,I,,,,
209,748,Eswatini,1107,Asses,2021,16585,I,,,,
75,270,Gambia,1107,Asses,2021,67918,I,,,,
81,288,Ghana,1107,Asses,2021,15189,I,,,,
86,308,Grenada,1107,Asses,2021,661,I,,,,
89,320,Guatemala,1107,Asses,2021,9742,I,,,,
90,324,Guinea,1107,Asses,2021,2366,I,,,,
175,624,Guinea-Bissau,1107,Asses,2021,5233,I,,,,
91,328,Guyana,1107,Asses,2021,981,I,,,,
93,332,Haiti,1107,Asses,2021,170463,I,,,,
95,340,Honduras,1107,Asses,2021,23400,I,,,,
97,348,Hungary,1107,Asses,2021,3000,A,,,,
100,356,India,1107,Asses,2021,110668,I,,,,
102,364,Iran (Islamic Republic of),1107,Asses,2021,1574737,I,,,,
103,368,Iraq,1107,Asses,2021,379331,I,,,,
105,376,Israel,1107,Asses,2021,5000,I,,,,
109,388,Jamaica,1107,Asses,2021,23000,I,,,,
112,400,Jordan,1107,Asses,2021,5919,I,,,,
121,422,Lebanon,1107,Asses,2021,13772,I,,,,
122,426,Lesotho,1107,Asses,2021,141167,A,,,,
124,434,Libya,1107,Asses,2021,17399,I,,,,
129,450,Madagascar,1107,Asses,2021,163,I,,,,
130,454,Malawi,1107,Asses,2021,7170,I,,,,
133,466,Mali,1107,Asses,2021,1190567,A,,,,
136,478,Mauritania,1107,Asses,2021,336737,E,,,,
137,480,Mauritius,1107,Asses,2021,60,I,,,,
138,484,Mexico,1107,Asses,2021,3291247,I,,,,
141,496,Mongolia,1107,Asses,2021,25,A,,,,
143,504,Morocco,1107,Asses,2021,891440,A,,,,
144,508,Mozambique,1107,Asses,2021,51565,I,,,,
147,516,Namibia,1107,Asses,2021,162695,I,,,,
157,558,Nicaragua,1107,Asses,2021,9270,I,,,,
158,562,Niger,1107,Asses,2021,1988893,A,,,,
159,566,Nigeria,1107,Asses,2021,1335648,I,,,,
221,512,Oman,1107,Asses,2021,22396,I,,,,
165,586,Pakistan,1107,Asses,2021,5620000,A,,,,
169,600,Paraguay,1107,Asses,2021,35425,I,,,,
170,604,Peru,1107,Asses,2021,647932,I,,,,
177,630,Puerto Rico,1107,Asses,2021,2000,I,,,,
117,410,Republic of Korea,1107,Asses,2021,,I,,,,
189,662,Saint Lucia,1107,Asses,2021,612,I,,,,
191,670,Saint Vincent and the Grenadines,1107,Asses,2021,1326,I,,,,
244,882,Samoa,1107,Asses,2021,7000,I,,,,
193,678,Sao Tome and Principe,1107,Asses,2021,47,I,,,,
194,682,Saudi Arabia,1107,Asses,2021,98301,I,,,,
195,686,Senegal,1107,Asses,2021,456142,A,,,,
201,706,Somalia,1107,Asses,2021,22827,I,,,,
202,710,South Africa,1107,Asses,2021,142536,I,,,,
207,740,Suriname,1107,Asses,2021,5,A,,,,
211,756,Switzerland,1107,Asses,2021,32975,A,,,,
212,760,Syrian Arab Republic,1107,Asses,2021,56812,A,,,,
216,764,Thailand,1107,Asses,2021,30,I,,,,
217,768,Togo,1107,Asses,2021,3471,I,,,,
220,780,Trinidad and Tobago,1107,Asses,2021,2329,I,,,,
222,788,Tunisia,1107,Asses,2021,242975,I,,,,
223,792,Türkiye,1107,Asses,2021,95809,A,,,,
226,800,Uganda,1107,Asses,2021,19351,I,,,,
215,834,United Republic of Tanzania,1107,Asses,2021,190234,I,,,,
231,840,United States of America,1107,Asses,2021,51975,I,,,,
234,858,Uruguay,1107,Asses,2021,1664,I,,,,
236,862,Venezuela (Bolivarian Republic of),1107,Asses,2021,440000,I,,,,
249,887,Yemen,1107,Asses,2021,718888,I,,,,
251,894,Zambia,1107,Asses,2021,2209,I,,,,
181,716,Zimbabwe,1107,Asses,2021,597822,I,,,,
1,51,Armenia,1107,Asses,2022,1218,A,,,,
57,112,Belarus,1107,Asses,2022,8880,I,,,,
276,729,Sudan,1107,Asses,2022,7654560,I,,,,
146,498,Republic of Moldova,1107,Asses,2022,1579,A,,,,
277,728,South Sudan,1107,Asses,2022,359075,I,,,,
213,795,Turkmenistan,1107,Asses,2022,24857,I,,,,
113,417,Kyrgyzstan,1107,Asses,2022,26829,A,,,,
73,268,Georgia,1107,Asses,2022,10089,I,,,,
108,398,Kazakhstan,1107,Asses,2022,29141,I,,,,
208,762,Tajikistan,1107,Asses,2022,126000,A,,,,
230,804,Ukraine,1107,Asses,2022,12055,I,,,,
235,860,Uzbekistan,1107,Asses,2022,106447,A,,,,
185,643,Russian Federation,1107,Asses,2022,5746,A,,,,
52,31,Azerbaijan,1107,Asses,2022,20020,A,,,,
238,231,Ethiopia,1107,Asses,2022,9891415,I,,,,
2,4,Afghanistan,1107,Asses,2022,1507841,I,,,,
3,8,Albania,1107,Asses,2022,39000,A,,,,
4,12,Algeria,1107,Asses,2022,75397,I,,,,
7,24,Angola,1107,Asses,2022,4485,I,,,,
8,28,Antigua and Barbuda,1107,Asses,2022,1728,I,,,,
9,32,Argentina,1107,Asses,2022,56868,A,,,,
10,36,Australia,1107,Asses,2022,1877,I,,,,
13,48,Bahrain,1107,Asses,2022,,M,,,,
14,52,Barbados,1107,Asses,2022,2178,I,,,,
53,204,Benin,1107,Asses,2022,634,I,,,,
18,64,Bhutan,1107,Asses,2022,17920,I,,,,
19,68,Bolivia (Plurinational State of),1107,Asses,2022,635133,I,,,,
20,72,Botswana,1107,Asses,2022,5444,I,,,,
21,76,Brazil,1107,Asses,2022,767808,I,,,,
233,854,Burkina Faso,1107,Asses,2022,1564433,A,,,,
35,132,Cabo Verde,1107,Asses,2022,16468,I,,,,
32,120,Cameroon,1107,Asses,2022,40102,I,,,,
37,140,Central African Republic,1107,Asses,2022,,M,,,,
39,148,Chad,1107,Asses,2022,3714846,A,,,,
40,152,Chile,1107,Asses,2022,15126,I,,,,
41,156,"China, mainland",1107,Asses,2022,1735400,A,,,,
44,170,Colombia,1107,Asses,2022,59834,I,,,,
45,174,Comoros,1107,Asses,2022,5502,I,,,,
48,188,Costa Rica,1107,Asses,2022,7331,I,,,,
49,192,Cuba,1107,Asses,2022,17700,A,,,,
250,180,Democratic Republic of the Congo,1107,Asses,2022,,M,,,,
72,262,Djibouti,1107,Asses,2022,8412,I,,,,
56,214,Dominican Republic,1107,Asses,2022,157606,I,,,,
58,218,Ecuador,1107,Asses,2022,33167,A,,,,
59,818,Egypt,1107,Asses,2022,1231103,I,,,,
60,222,El Salvador,1107,Asses,2022,3309,I,,,,
209,748,Eswatini,1107,Asses,2022,16603,I,,,,
75,270,Gambia,1107,Asses,2022,68772,I,,,,
81,288,Ghana,1107,Asses,2022,15189,I,,,,
86,308,Grenada,1107,Asses,2022,661,I,,,,
89,320,Guatemala,1107,Asses,2022,9718,I,,,,
90,324,Guinea,1107,Asses,2022,2380,I,,,,
175,624,Guinea-Bissau,1107,Asses,2022,5230,I,,,,
91,328,Guyana,1107,Asses,2022,976,I,,,,
93,332,Haiti,1107,Asses,2022,166342,I,,,,
95,340,Honduras,1107,Asses,2022,23428,I,,,,
97,348,Hungary,1107,Asses,2022,1700,A,,,,
100,356,India,1107,Asses,2022,89424,I,,,,
102,364,Iran (Islamic Republic of),1107,Asses,2022,1569156,I,,,,
103,368,Iraq,1107,Asses,2022,379267,I,,,,
105,376,Israel,1107,Asses,2022,5000,I,,,,
109,388,Jamaica,1107,Asses,2022,23000,I,,,,
112,400,Jordan,1107,Asses,2022,5399,I,,,,
121,422,Lebanon,1107,Asses,2022,13780,I,,,,
122,426,Lesotho,1107,Asses,2022,159475,A,,,,
124,434,Libya,1107,Asses,2022,7020,I,,,,
129,450,Madagascar,1107,Asses,2022,163,I,,,,
130,454,Malawi,1107,Asses,2022,7397,I,,,,
133,466,Mali,1107,Asses,2022,1214378,A,,,,
136,478,Mauritania,1107,Asses,2022,345593,E,,,,
137,480,Mauritius,1107,Asses,2022,60,I,,,,
138,484,Mexico,1107,Asses,2022,3291748,I,,,,
141,496,Mongolia,1107,Asses,2022,45,A,,,,
143,504,Morocco,1107,Asses,2022,891440,A,,,,
144,508,Mozambique,1107,Asses,2022,51622,I,,,,
147,516,Namibia,1107,Asses,2022,161652,I,,,,
157,558,Nicaragua,1107,Asses,2022,9289,I,,,,
158,562,Niger,1107,Asses,2022,2028670,A,,,,
159,566,Nigeria,1107,Asses,2022,1338703,I,,,,
221,512,Oman,1107,Asses,2022,22126,I,,,,
165,586,Pakistan,1107,Asses,2022,5724000,A,,,,
169,600,Paraguay,1107,Asses,2022,35409,I,,,,
170,604,Peru,1107,Asses,2022,648488,I,,,,
177,630,Puerto Rico,1107,Asses,2022,2000,I,,,,
117,410,Republic of Korea,1107,Asses,2022,,I,,,,
189,662,Saint Lucia,1107,Asses,2022,610,I,,,,
191,670,Saint Vincent and the Grenadines,1107,Asses,2022,1328,I,,,,
244,882,Samoa,1107,Asses,2022,7000,I,,,,
193,678,Sao Tome and Principe,1107,Asses,2022,48,I,,,,
194,682,Saudi Arabia,1107,Asses,2022,98442,I,,,,
195,686,Senegal,1107,Asses,2022,464375,A,,,,
201,706,Somalia,1107,Asses,2022,22794,I,,,,
202,710,South Africa,1107,Asses,2022,142956,I,,,,
207,740,Suriname,1107,Asses,2022,6,A,,,,
211,756,Switzerland,1107,Asses,2022,33386,A,,,,
212,760,Syrian Arab Republic,1107,Asses,2022,54249,A,,,,
216,764,Thailand,1107,Asses,2022,29,I,,,,
217,768,Togo,1107,Asses,2022,3485,I,,,,
220,780,Trinidad and Tobago,1107,Asses,2022,2328,I,,,,
222,788,Tunisia,1107,Asses,2022,242763,I,,,,
223,792,Türkiye,1107,Asses,2022,86455,A,,,,
226,800,Uganda,1107,Asses,2022,19345,I,,,,
215,834,United Republic of Tanzania,1107,Asses,2022,190624,I,,,,
231,840,United States of America,1107,Asses,2022,51975,I,,,,
234,858,Uruguay,1107,Asses,2022,1666,I,,,,
236,862,Venezuela (Bolivarian Republic of),1107,Asses,2022,440000,I,,,,
249,887,Yemen,1107,Asses,2022,717948,I,,,,
251,894,Zambia,1107,Asses,2022,2225,I,,,,
181,716,Zimbabwe,1107,Asses,2022,644043,A,,,,
185,643,Russian Federation,1107,Asses,2023,4972,I,,,,
52,31,Azerbaijan,1107,Asses,2023,14924,A,,,,
276,729,Sudan,1107,Asses,2023,7666017,I,,,,
230,804,Ukraine,1107,Asses,2023,12069,I,,,,
57,112,Belarus,1107,Asses,2023,8882,I,,,,
113,417,Kyrgyzstan,1107,Asses,2023,27024,A,,,,
213,795,Turkmenistan,1107,Asses,2023,24848,I,,,,
235,860,Uzbekistan,1107,Asses,2023,87974,A,,,,
146,498,Republic of Moldova,1107,Asses,2023,1597,A,,,,
1,51,Armenia,1107,Asses,2023,1042,A,,,,
108,398,Kazakhstan,1107,Asses,2023,29116,I,,,,
208,762,Tajikistan,1107,Asses,2023,120700,A,,,,
73,268,Georgia,1107,Asses,2023,10099,I,,,,
238,231,Ethiopia,1107,Asses,2023,10572672,I,,,,
277,728,South Sudan,1107,Asses,2023,363480,I,,,,
2,4,Afghanistan,1107,Asses,2023,1519205,I,,,,
3,8,Albania,1107,Asses,2023,36455,A,,,,
4,12,Algeria,1107,Asses,2023,63133,I,,,,
7,24,Angola,1107,Asses,2023,4482,I,,,,
8,28,Antigua and Barbuda,1107,Asses,2023,1730,I,,,,
9,32,Argentina,1107,Asses,2023,59464,A,,,,
10,36,Australia,1107,Asses,2023,1869,I,,,,
13,48,Bahrain,1107,Asses,2023,,M,,,,
14,52,Barbados,1107,Asses,2023,2169,I,,,,
53,204,Benin,1107,Asses,2023,635,I,,,,
18,64,Bhutan,1107,Asses,2023,17917,I,,,,
19,68,Bolivia (Plurinational State of),1107,Asses,2023,635139,I,,,,
20,72,Botswana,1107,Asses,2023,5411,I,,,,
21,76,Brazil,1107,Asses,2023,753673,I,,,,
233,854,Burkina Faso,1107,Asses,2023,1616437,A,,,,
35,132,Cabo Verde,1107,Asses,2023,16576,I,,,,
32,120,Cameroon,1107,Asses,2023,40104,I,,,,
37,140,Central African Republic,1107,Asses,2023,,M,,,,
39,148,Chad,1107,Asses,2023,4676320,A,,,,
40,152,Chile,1107,Asses,2023,15073,I,,,,
41,156,"China, mainland",1107,Asses,2023,1460000,A,,,,
44,170,Colombia,1107,Asses,2023,59952,I,,,,
45,174,Comoros,1107,Asses,2023,5515,I,,,,
48,188,Costa Rica,1107,Asses,2023,7327,I,,,,
49,192,Cuba,1107,Asses,2023,16200,A,,,,
250,180,Democratic Republic of the Congo,1107,Asses,2023,,M,,,,
72,262,Djibouti,1107,Asses,2023,8413,I,,,,
56,214,Dominican Republic,1107,Asses,2023,157942,I,,,,
58,218,Ecuador,1107,Asses,2023,33971,A,,,,
59,818,Egypt,1107,Asses,2023,1230789,I,,,,
60,222,El Salvador,1107,Asses,2023,3316,I,,,,
209,748,Eswatini,1107,Asses,2023,16675,I,,,,
75,270,Gambia,1107,Asses,2023,69510,I,,,,
81,288,Ghana,1107,Asses,2023,15267,I,,,,
86,308,Grenada,1107,Asses,2023,661,I,,,,
89,320,Guatemala,1107,Asses,2023,9694,I,,,,
90,324,Guinea,1107,Asses,2023,2401,I,,,,
175,624,Guinea-Bissau,1107,Asses,2023,5233,I,,,,
91,328,Guyana,1107,Asses,2023,971,I,,,,
93,332,Haiti,1107,Asses,2023,163278,I,,,,
95,340,Honduras,1107,Asses,2023,23456,I,,,,
97,348,Hungary,1107,Asses,2023,3100,A,,,,
100,356,India,1107,Asses,2023,68733,I,,,,
102,364,Iran (Islamic Republic of),1107,Asses,2023,1568815,I,,,,
103,368,Iraq,1107,Asses,2023,379245,I,,,,
105,376,Israel,1107,Asses,2023,5000,I,,,,
109,388,Jamaica,1107,Asses,2023,23000,I,,,,
112,400,Jordan,1107,Asses,2023,5061,I,,,,
121,422,Lebanon,1107,Asses,2023,13678,I,,,,
122,426,Lesotho,1107,Asses,2023,125212,A,,,,
124,434,Libya,1107,Asses,2023,1620,I,,,,
129,450,Madagascar,1107,Asses,2023,164,I,,,,
130,454,Malawi,1107,Asses,2023,7543,I,,,,
133,466,Mali,1107,Asses,2023,1238666,A,,,,
136,478,Mauritania,1107,Asses,2023,353644,E,,,,
137,480,Mauritius,1107,Asses,2023,60,I,,,,
138,484,Mexico,1107,Asses,2023,3292810,I,,,,
141,496,Mongolia,1107,Asses,2023,40,A,,,,
143,504,Morocco,1107,Asses,2023,832456,A,,,,
144,508,Mozambique,1107,Asses,2023,51914,I,,,,
147,516,Namibia,1107,Asses,2023,162884,I,,,,
157,558,Nicaragua,1107,Asses,2023,9314,I,,,,
158,562,Niger,1107,Asses,2023,2069247,A,,,,
159,566,Nigeria,1107,Asses,2023,1341778,I,,,,
221,512,Oman,1107,Asses,2023,21872,I,,,,
165,586,Pakistan,1107,Asses,2023,5830000,A,,,,
169,600,Paraguay,1107,Asses,2023,35445,I,,,,
170,604,Peru,1107,Asses,2023,649344,I,,,,
177,630,Puerto Rico,1107,Asses,2023,2000,I,,,,
117,410,Republic of Korea,1107,Asses,2023,,I,,,,
189,662,Saint Lucia,1107,Asses,2023,611,I,,,,
191,670,Saint Vincent and the Grenadines,1107,Asses,2023,1330,I,,,,
244,882,Samoa,1107,Asses,2023,7000,I,,,,
193,678,Sao Tome and Principe,1107,Asses,2023,48,I,,,,
194,682,Saudi Arabia,1107,Asses,2023,98364,I,,,,
195,686,Senegal,1107,Asses,2023,471014,I,,,,
201,706,Somalia,1107,Asses,2023,22879,I,,,,
202,710,South Africa,1107,Asses,2023,142768,I,,,,
207,740,Suriname,1107,Asses,2023,6,I,,,,
211,756,Switzerland,1107,Asses,2023,33473,A,,,,
212,760,Syrian Arab Republic,1107,Asses,2023,53101,A,,,,
216,764,Thailand,1107,Asses,2023,28,I,,,,
217,768,Togo,1107,Asses,2023,3497,I,,,,
220,780,Trinidad and Tobago,1107,Asses,2023,2330,I,,,,
222,788,Tunisia,1107,Asses,2023,242910,I,,,,
223,792,Türkiye,1107,Asses,2023,74704,A,,,,
226,800,Uganda,1107,Asses,2023,19355,I,,,,
215,834,United Republic of Tanzania,1107,Asses,2023,190978,I,,,,
231,840,United States of America,1107,Asses,2023,51974,I,,,,
234,858,Uruguay,1107,Asses,2023,1672,I,,,,
236,862,Venezuela (Bolivarian Republic of),1107,Asses,2023,440000,I,,,,
249,887,Yemen,1107,Asses,2023,717497,I,,,,
251,894,Zambia,1107,Asses,2023,2243,I,,,,
181,716,Zimbabwe,1107,Asses,2023,668489,A,,,,
185,643,Russian Federation,1107,Asses,2024,2739,I,,,,
230,804,Ukraine,1107,Asses,2024,12083,I,,,,
57,112,Belarus,1107,Asses,2024,8883,I,,,,
213,795,Turkmenistan,1107,Asses,2024,24838,I,,,,
52,31,Azerbaijan,1107,Asses,2024,10273,I,,,,
235,860,Uzbekistan,1107,Asses,2024,66822,A,,,,
73,268,Georgia,1107,Asses,2024,10110,I,,,,
1,51,Armenia,1107,Asses,2024,1084,A,,,,
277,728,South Sudan,1107,Asses,2024,367884,I,,,,
276,729,Sudan,1107,Asses,2024,7677752,I,,,,
108,398,Kazakhstan,1107,Asses,2024,29091,I,,,,
146,498,Republic of Moldova,1107,Asses,2024,780,A,,,,
238,231,Ethiopia,1107,Asses,2024,10803079,I,,,,
113,417,Kyrgyzstan,1107,Asses,2024,24767,A,,,,
208,762,Tajikistan,1107,Asses,2024,115836,I,,,,
2,4,Afghanistan,1107,Asses,2024,1530569,I,,,,
3,8,Albania,1107,Asses,2024,44924,A,,,,
4,12,Algeria,1107,Asses,2024,55741,I,,,,
7,24,Angola,1107,Asses,2024,4480,I,,,,
8,28,Antigua and Barbuda,1107,Asses,2024,1731,I,,,,
9,32,Argentina,1107,Asses,2024,62269,A,,,,
10,36,Australia,1107,Asses,2024,1862,I,,,,
13,48,Bahrain,1107,Asses,2024,,M,,,,
14,52,Barbados,1107,Asses,2024,2160,I,,,,
53,204,Benin,1107,Asses,2024,635,I,,,,
18,64,Bhutan,1107,Asses,2024,17913,I,,,,
19,68,Bolivia (Plurinational State of),1107,Asses,2024,635146,I,,,,
20,72,Botswana,1107,Asses,2024,5378,I,,,,
21,76,Brazil,1107,Asses,2024,739539,I,,,,
233,854,Burkina Faso,1107,Asses,2024,1670785,I,,,,
35,132,Cabo Verde,1107,Asses,2024,16685,I,,,,
32,120,Cameroon,1107,Asses,2024,40105,I,,,,
37,140,Central African Republic,1107,Asses,2024,,M,,,,
39,148,Chad,1107,Asses,2024,5042154,I,,,,
40,152,Chile,1107,Asses,2024,15020,I,,,,
41,156,"China, mainland",1107,Asses,2024,1299000,A,,,,
44,170,Colombia,1107,Asses,2024,60071,I,,,,
45,174,Comoros,1107,Asses,2024,5529,I,,,,
48,188,Costa Rica,1107,Asses,2024,7322,I,,,,
49,192,Cuba,1107,Asses,2024,15724,I,,,,
250,180,Democratic Republic of the Congo,1107,Asses,2024,,M,,,,
72,262,Djibouti,1107,Asses,2024,8413,I,,,,
56,214,Dominican Republic,1107,Asses,2024,158278,I,,,,
58,218,Ecuador,1107,Asses,2024,40909,A,,,,
59,818,Egypt,1107,Asses,2024,1230611,I,,,,
60,222,El Salvador,1107,Asses,2024,3322,I,,,,
209,748,Eswatini,1107,Asses,2024,16747,I,,,,
75,270,Gambia,1107,Asses,2024,70247,I,,,,
81,288,Ghana,1107,Asses,2024,15345,I,,,,
86,308,Grenada,1107,Asses,2024,661,I,,,,
89,320,Guatemala,1107,Asses,2024,9671,I,,,,
90,324,Guinea,1107,Asses,2024,2422,I,,,,
175,624,Guinea-Bissau,1107,Asses,2024,5237,I,,,,
91,328,Guyana,1107,Asses,2024,967,I,,,,
93,332,Haiti,1107,Asses,2024,160213,I,,,,
95,340,Honduras,1107,Asses,2024,23483,I,,,,
97,348,Hungary,1107,Asses,2024,2900,A,,,,
100,356,India,1107,Asses,2024,51608,I,,,,
102,364,Iran (Islamic Republic of),1107,Asses,2024,1568474,I,,,,
103,368,Iraq,1107,Asses,2024,379223,I,,,,
105,376,Israel,1107,Asses,2024,5000,I,,,,
109,388,Jamaica,1107,Asses,2024,23000,I,,,,
112,400,Jordan,1107,Asses,2024,4716,I,,,,
121,422,Lebanon,1107,Asses,2024,13576,I,,,,
122,426,Lesotho,1107,Asses,2024,141951,E,,,,
124,434,Libya,1107,Asses,2024,1610,I,,,,
129,450,Madagascar,1107,Asses,2024,164,I,,,,
130,454,Malawi,1107,Asses,2024,7689,I,,,,
133,466,Mali,1107,Asses,2024,1263440,A,,,,
136,478,Mauritania,1107,Asses,2024,361514,E,,,,
137,480,Mauritius,1107,Asses,2024,60,I,,,,
138,484,Mexico,1107,Asses,2024,3293871,I,,,,
141,496,Mongolia,1107,Asses,2024,26,A,,,,
143,504,Morocco,1107,Asses,2024,798054,A,,,,
144,508,Mozambique,1107,Asses,2024,52207,I,,,,
147,516,Namibia,1107,Asses,2024,164116,I,,,,
158,562,Niger,1107,Asses,2024,2110632,A,,,,
159,566,Nigeria,1107,Asses,2024,1344853,I,,,,
221,512,Oman,1107,Asses,2024,21618,I,,,,
165,586,Pakistan,1107,Asses,2024,5938000,A,,,,
169,600,Paraguay,1107,Asses,2024,35480,I,,,,
170,604,Peru,1107,Asses,2024,650192,I,,,,
177,630,Puerto Rico,1107,Asses,2024,2000,I,,,,
117,410,Republic of Korea,1107,Asses,2024,,I,,,,
189,662,Saint Lucia,1107,Asses,2024,612,I,,,,
191,670,Saint Vincent and the Grenadines,1107,Asses,2024,1332,I,,,,
244,882,Samoa,1107,Asses,2024,7000,I,,,,
193,678,Sao Tome and Principe,1107,Asses,2024,48,I,,,,
194,682,Saudi Arabia,1107,Asses,2024,98285,I,,,,
195,686,Senegal,1107,Asses,2024,468638,I,,,,
201,706,Somalia,1107,Asses,2024,22964,I,,,,
202,710,South Africa,1107,Asses,2024,142579,I,,,,
207,740,Suriname,1107,Asses,2024,5,I,,,,
211,756,Switzerland,1107,Asses,2024,33306,A,,,,
212,760,Syrian Arab Republic,1107,Asses,2024,52962,A,,,,
216,764,Thailand,1107,Asses,2024,27,I,,,,
217,768,Togo,1107,Asses,2024,3509,I,,,,
220,780,Trinidad and Tobago,1107,Asses,2024,2331,I,,,,
222,788,Tunisia,1107,Asses,2024,243058,I,,,,
223,792,Türkiye,1107,Asses,2024,65003,A,,,,
226,800,Uganda,1107,Asses,2024,19364,I,,,,
215,834,United Republic of Tanzania,1107,Asses,2024,191331,I,,,,
231,840,United States of America,1107,Asses,2024,51973,I,,,,
234,858,Uruguay,1107,Asses,2024,1678,I,,,,
236,862,Venezuela (Bolivarian Republic of),1107,Asses,2024,440000,I,,,,
249,887,Yemen,1107,Asses,2024,717047,I,,,,
251,894,Zambia,1107,Asses,2024,2261,I,,,,
181,716,Zimbabwe,1107,Asses,2024,687242,I,,,,
