faostat,m49 code,Country,Item Code,Item,Year,Stocks (Head),Stocks (Head) flag,Stocks (1000 Head),Stocks (1000 Head) flag,Stocks (No),Stocks (No) flag
182,638,Réunion,1016,Goats,1961,10000,E,,,,
62,230,Ethiopia PDR,1016,Goats,1961,17500000,A,,,,
87,312,Guadeloupe,1016,Goats,1961,42500,E,,,,
228,810,USSR,1016,Goats,1961,7290000,A,,,,
69,254,French Guiana,1016,Goats,1961,600,A,,,,
15,58,Belgium-Luxembourg,1016,Goats,1961,4304,A,,,,
51,200,Czechoslovakia,1016,Goats,1961,615965,A,,,,
206,736,Sudan (former),1016,Goats,1961,6290000,A,,,,
135,474,Martinique,1016,Goats,1961,13000,E,,,,
2,4,Afghanistan,1016,Goats,1961,4200000,E,,,,
3,8,Albania,1016,Goats,1961,1104300,A,,,,
4,12,Algeria,1016,Goats,1961,1946000,A,,,,
7,24,Angola,1016,Goats,1961,485000,E,,,,
8,28,Antigua and Barbuda,1016,Goats,1961,5500,A,,,,
9,32,Argentina,1016,Goats,1961,5000000,E,,,,
10,36,Australia,1016,Goats,1961,40000,E,,,,
11,40,Austria,1016,Goats,1961,161813,A,,,,
12,44,Bahamas,1016,Goats,1961,14000,A,,,,
13,48,Bahrain,1016,Goats,1961,7500,E,,,,
16,50,Bangladesh,1016,Goats,1961,7600000,E,,,,
14,52,Barbados,1016,Goats,1961,16900,E,,,,
23,84,Belize,1016,Goats,1961,600,E,,,,
53,204,Benin,1016,Goats,1961,420795,A,,,,
18,64,Bhutan,1016,Goats,1961,15000,E,,,,
19,68,Bolivia (Plurinational State of),1016,Goats,1961,1700000,E,,,,
20,72,Botswana,1016,Goats,1961,500000,E,,,,
21,76,Brazil,1016,Goats,1961,4900000,E,,,,
26,96,Brunei Darussalam,1016,Goats,1961,1384,A,,,,
27,100,Bulgaria,1016,Goats,1961,246495,A,,,,
233,854,Burkina Faso,1016,Goats,1961,1700000,A,,,,
29,108,Burundi,1016,Goats,1961,470000,E,,,,
35,132,Cabo Verde,1016,Goats,1961,40000,E,,,,
32,120,Cameroon,1016,Goats,1961,980000,E,,,,
33,124,Canada,1016,Goats,1961,12000,E,,,,
37,140,Central African Republic,1016,Goats,1961,450000,A,,,,
39,148,Chad,1016,Goats,1961,2000000,A,,,,
40,152,Chile,1016,Goats,1961,1130000,E,,,,
96,344,"China, Hong Kong SAR",1016,Goats,1961,160,A,,,,
214,158,"China, Taiwan Province of",1016,Goats,1961,132422,A,,,,
41,156,"China, mainland",1016,Goats,1961,51170000,A,,,,
44,170,Colombia,1016,Goats,1961,645000,E,,,,
45,174,Comoros,1016,Goats,1961,98000,E,,,,
46,178,Congo,1016,Goats,1961,55000,E,,,,
47,184,Cook Islands,1016,Goats,1961,2340,E,,,,
48,188,Costa Rica,1016,Goats,1961,1500,E,,,,
49,192,Cuba,1016,Goats,1961,81000,E,,,,
50,196,Cyprus,1016,Goats,1961,148900,A,,,,
107,384,Côte d'Ivoire,1016,Goats,1961,548000,A,,,,
116,408,Democratic People's Republic of Korea,1016,Goats,1961,79000,X,,,,
250,180,Democratic Republic of the Congo,1016,Goats,1961,2000000,E,,,,
72,262,Djibouti,1016,Goats,1961,455000,A,,,,
55,212,Dominica,1016,Goats,1961,4700,E,,,,
56,214,Dominican Republic,1016,Goats,1961,220000,E,,,,
58,218,Ecuador,1016,Goats,1961,152000,E,,,,
59,818,Egypt,1016,Goats,1961,772000,A,,,,
60,222,El Salvador,1016,Goats,1961,18000,X,,,,
61,226,Equatorial Guinea,1016,Goats,1961,5100,E,,,,
209,748,Eswatini,1016,Goats,1961,219143,A,,,,
66,242,Fiji,1016,Goats,1961,180000,E,,,,
67,246,Finland,1016,Goats,1961,2000,E,,,,
68,250,France,1016,Goats,1961,1172000,A,,,,
70,258,French Polynesia,1016,Goats,1961,8000,E,,,,
74,266,Gabon,1016,Goats,1961,50000,A,,,,
75,270,Gambia,1016,Goats,1961,98000,E,,,,
79,276,Germany,1016,Goats,1961,791300,A,,,,
81,288,Ghana,1016,Goats,1961,850000,E,,,,
84,300,Greece,1016,Goats,1961,5064000,A,,,,
86,308,Grenada,1016,Goats,1961,3500,E,,,,
89,320,Guatemala,1016,Goats,1961,88604,A,,,,
90,324,Guinea,1016,Goats,1961,313000,E,,,,
175,624,Guinea-Bissau,1016,Goats,1961,116000,E,,,,
91,328,Guyana,1016,Goats,1961,25000,E,,,,
93,332,Haiti,1016,Goats,1961,950000,E,,,,
95,340,Honduras,1016,Goats,1961,29000,X,,,,
97,348,Hungary,1016,Goats,1961,66400,A,,,,
99,352,Iceland,1016,Goats,1961,150,E,,,,
100,356,India,1016,Goats,1961,60864000,A,,,,
101,360,Indonesia,1016,Goats,1961,7910000,A,,,,
102,364,Iran (Islamic Republic of),1016,Goats,1961,12531000,A,,,,
103,368,Iraq,1016,Goats,1961,2600000,A,,,,
105,376,Israel,1016,Goats,1961,164500,A,,,,
106,380,Italy,1016,Goats,1961,1381000,A,,,,
109,388,Jamaica,1016,Goats,1961,580000,E,,,,
110,392,Japan,1016,Goats,1961,594847,A,,,,
112,400,Jordan,1016,Goats,1961,450881,A,,,,
114,404,Kenya,1016,Goats,1961,4700000,E,,,,
118,414,Kuwait,1016,Goats,1961,45000,E,,,,
120,418,Lao People's Democratic Republic,1016,Goats,1961,30000,E,,,,
121,422,Lebanon,1016,Goats,1961,470000,A,,,,
122,426,Lesotho,1016,Goats,1961,632032,A,,,,
123,430,Liberia,1016,Goats,1961,100000,E,,,,
124,434,Libya,1016,Goats,1961,1224254,A,,,,
129,450,Madagascar,1016,Goats,1961,500000,E,,,,
130,454,Malawi,1016,Goats,1961,529458,A,,,,
131,458,Malaysia,1016,Goats,1961,304707,A,,,,
133,466,Mali,1016,Goats,1961,4188000,A,,,,
134,470,Malta,1016,Goats,1961,31012,A,,,,
136,478,Mauritania,1016,Goats,1961,2540000,E,,,,
137,480,Mauritius,1016,Goats,1961,54000,A,,,,
138,484,Mexico,1016,Goats,1961,8928444,A,,,,
141,496,Mongolia,1016,Goats,1961,5631000,A,,,,
143,504,Morocco,1016,Goats,1961,7000000,A,,,,
144,508,Mozambique,1016,Goats,1961,450000,E,,,,
28,104,Myanmar,1016,Goats,1961,443940,A,,,,
147,516,Namibia,1016,Goats,1961,1443559,A,,,,
149,524,Nepal,1016,Goats,1961,3600000,E,,,,
150,528,Netherlands (Kingdom of the),1016,Goats,1961,41000,E,,,,
153,540,New Caledonia,1016,Goats,1961,20000,A,,,,
156,554,New Zealand,1016,Goats,1961,28000,E,,,,
157,558,Nicaragua,1016,Goats,1961,6500,E,,,,
158,562,Niger,1016,Goats,1961,4940000,A,,,,
159,566,Nigeria,1016,Goats,1961,623000,A,,,,
162,578,Norway,1016,Goats,1961,102100,A,,,,
221,512,Oman,1016,Goats,1961,100000,E,,,,
165,586,Pakistan,1016,Goats,1961,8800000,E,,,,
166,591,Panama,1016,Goats,1961,4140,E,,,,
168,598,Papua New Guinea,1016,Goats,1961,2700,E,,,,
169,600,Paraguay,1016,Goats,1961,78045,A,,,,
170,604,Peru,1016,Goats,1961,3831200,A,,,,
171,608,Philippines,1016,Goats,1961,532300,A,,,,
174,620,Portugal,1016,Goats,1961,606640,E,,,,
177,630,Puerto Rico,1016,Goats,1961,16000,E,,,,
179,634,Qatar,1016,Goats,1961,30500,E,,,,
117,410,Republic of Korea,1016,Goats,1961,231620,A,,,,
183,642,Romania,1016,Goats,1961,404000,A,,,,
184,646,Rwanda,1016,Goats,1961,460000,E,,,,
188,659,Saint Kitts and Nevis,1016,Goats,1961,9439,A,,,,
189,662,Saint Lucia,1016,Goats,1961,3900,E,,,,
191,670,Saint Vincent and the Grenadines,1016,Goats,1961,4800,E,,,,
193,678,Sao Tome and Principe,1016,Goats,1961,1510,A,,,,
194,682,Saudi Arabia,1016,Goats,1961,600000,E,,,,
195,686,Senegal,1016,Goats,1961,900000,E,,,,
196,690,Seychelles,1016,Goats,1961,1700,E,,,,
197,694,Sierra Leone,1016,Goats,1961,80000,E,,,,
200,702,Singapore,1016,Goats,1961,1534,A,,,,
201,706,Somalia,1016,Goats,1961,11800000,E,,,,
202,710,South Africa,1016,Goats,1961,5133000,A,,,,
203,724,Spain,1016,Goats,1961,3299632,A,,,,
38,144,Sri Lanka,1016,Goats,1961,491810,A,,,,
207,740,Suriname,1016,Goats,1961,11476,A,,,,
211,756,Switzerland,1016,Goats,1961,89357,A,,,,
212,760,Syrian Arab Republic,1016,Goats,1961,439000,A,,,,
216,764,Thailand,1016,Goats,1961,31000,E,,,,
176,626,Timor-Leste,1016,Goats,1961,223000,A,,,,
217,768,Togo,1016,Goats,1961,364594,A,,,,
219,776,Tonga,1016,Goats,1961,2448,A,,,,
220,780,Trinidad and Tobago,1016,Goats,1961,29000,E,,,,
222,788,Tunisia,1016,Goats,1961,550000,E,,,,
227,798,Tuvalu,1016,Goats,1961,,A,,,,
223,792,Türkiye,1016,Goats,1961,24632208,A,,,,
226,800,Uganda,1016,Goats,1961,2592000,A,,,,
225,784,United Arab Emirates,1016,Goats,1961,125000,E,,,,
229,826,United Kingdom of Great Britain and Northern Ireland,1016,Goats,1961,,M,,,,
215,834,United Republic of Tanzania,1016,Goats,1961,4462000,A,,,,
231,840,United States of America,1016,Goats,1961,3473000,A,,,,
234,858,Uruguay,1016,Goats,1961,19000,E,,,,
155,548,Vanuatu,1016,Goats,1961,8100,E,,,,
236,862,Venezuela (Bolivarian Republic of),1016,Goats,1961,1200000,E,,,,
237,704,Viet Nam,1016,Goats,1961,150000,E,,,,
249,887,Yemen,1016,Goats,1961,3024000,X,,,,
251,894,Zambia,1016,Goats,1961,143000,A,,,,
181,716,Zimbabwe,1016,Goats,1961,420700,A,,,,
62,230,Ethiopia PDR,1016,Goats,1962,17750304,A,,,,
87,312,Guadeloupe,1016,Goats,1962,42500,E,,,,
135,474,Martinique,1016,Goats,1962,13000,E,,,,
15,58,Belgium-Luxembourg,1016,Goats,1962,3755,A,,,,
51,200,Czechoslovakia,1016,Goats,1962,597157,A,,,,
182,638,Réunion,1016,Goats,1962,10000,E,,,,
69,254,French Guiana,1016,Goats,1962,600,A,,,,
228,810,USSR,1016,Goats,1962,7033000,A,,,,
206,736,Sudan (former),1016,Goats,1962,6320000,A,,,,
2,4,Afghanistan,1016,Goats,1962,4087270,A,,,,
3,8,Albania,1016,Goats,1962,1142500,A,,,,
4,12,Algeria,1016,Goats,1962,1609000,A,,,,
7,24,Angola,1016,Goats,1962,495000,E,,,,
8,28,Antigua and Barbuda,1016,Goats,1962,5600,E,,,,
9,32,Argentina,1016,Goats,1962,4970000,E,,,,
10,36,Australia,1016,Goats,1962,40000,E,,,,
11,40,Austria,1016,Goats,1962,149296,A,,,,
12,44,Bahamas,1016,Goats,1962,14000,A,,,,
13,48,Bahrain,1016,Goats,1962,7500,E,,,,
16,50,Bangladesh,1016,Goats,1962,7950000,E,,,,
14,52,Barbados,1016,Goats,1962,17000,X,,,,
23,84,Belize,1016,Goats,1962,700,E,,,,
53,204,Benin,1016,Goats,1962,442332,A,,,,
18,64,Bhutan,1016,Goats,1962,15000,E,,,,
19,68,Bolivia (Plurinational State of),1016,Goats,1962,1764000,A,,,,
20,72,Botswana,1016,Goats,1962,530000,E,,,,
21,76,Brazil,1016,Goats,1962,5000000,E,,,,
26,96,Brunei Darussalam,1016,Goats,1962,1400,A,,,,
27,100,Bulgaria,1016,Goats,1962,264574,A,,,,
233,854,Burkina Faso,1016,Goats,1962,1800000,A,,,,
29,108,Burundi,1016,Goats,1962,430000,E,,,,
35,132,Cabo Verde,1016,Goats,1962,42000,E,,,,
32,120,Cameroon,1016,Goats,1962,1010000,E,,,,
33,124,Canada,1016,Goats,1962,12500,E,,,,
37,140,Central African Republic,1016,Goats,1962,450000,A,,,,
39,148,Chad,1016,Goats,1962,2000000,E,,,,
40,152,Chile,1016,Goats,1962,1080000,E,,,,
96,344,"China, Hong Kong SAR",1016,Goats,1962,190,A,,,,
214,158,"China, Taiwan Province of",1016,Goats,1962,136297,A,,,,
41,156,"China, mainland",1016,Goats,1962,63120000,A,,,,
44,170,Colombia,1016,Goats,1962,647000,E,,,,
45,174,Comoros,1016,Goats,1962,97000,E,,,,
46,178,Congo,1016,Goats,1962,54000,E,,,,
47,184,Cook Islands,1016,Goats,1962,2390,E,,,,
48,188,Costa Rica,1016,Goats,1962,1500,E,,,,
49,192,Cuba,1016,Goats,1962,75000,E,,,,
50,196,Cyprus,1016,Goats,1962,136500,A,,,,
107,384,Côte d'Ivoire,1016,Goats,1962,568500,A,,,,
116,408,Democratic People's Republic of Korea,1016,Goats,1962,98000,X,,,,
250,180,Democratic Republic of the Congo,1016,Goats,1962,1850000,E,,,,
72,262,Djibouti,1016,Goats,1962,470000,E,,,,
55,212,Dominica,1016,Goats,1962,4750,E,,,,
56,214,Dominican Republic,1016,Goats,1962,230000,E,,,,
58,218,Ecuador,1016,Goats,1962,158000,E,,,,
59,818,Egypt,1016,Goats,1962,776000,A,,,,
60,222,El Salvador,1016,Goats,1962,18000,X,,,,
61,226,Equatorial Guinea,1016,Goats,1962,5300,E,,,,
209,748,Eswatini,1016,Goats,1962,229049,A,,,,
66,242,Fiji,1016,Goats,1962,180000,E,,,,
67,246,Finland,1016,Goats,1962,1960,E,,,,
68,250,France,1016,Goats,1962,1176000,A,,,,
70,258,French Polynesia,1016,Goats,1962,8500,E,,,,
74,266,Gabon,1016,Goats,1962,47000,A,,,,
75,270,Gambia,1016,Goats,1962,100000,A,,,,
79,276,Germany,1016,Goats,1962,738000,A,,,,
81,288,Ghana,1016,Goats,1962,930000,E,,,,
84,300,Greece,1016,Goats,1962,4603000,A,,,,
86,308,Grenada,1016,Goats,1962,3600,E,,,,
89,320,Guatemala,1016,Goats,1962,85991,A,,,,
90,324,Guinea,1016,Goats,1962,325000,E,,,,
175,624,Guinea-Bissau,1016,Goats,1962,116000,E,,,,
91,328,Guyana,1016,Goats,1962,27000,E,,,,
93,332,Haiti,1016,Goats,1962,970000,E,,,,
95,340,Honduras,1016,Goats,1962,28000,X,,,,
97,348,Hungary,1016,Goats,1962,65115,A,,,,
99,352,Iceland,1016,Goats,1962,150,E,,,,
100,356,India,1016,Goats,1962,61600000,X,,,,
101,360,Indonesia,1016,Goats,1962,7501000,A,,,,
102,364,Iran (Islamic Republic of),1016,Goats,1962,15887000,A,,,,
103,368,Iraq,1016,Goats,1962,2400000,E,,,,
105,376,Israel,1016,Goats,1962,155000,A,,,,
106,380,Italy,1016,Goats,1962,1309180,A,,,,
109,388,Jamaica,1016,Goats,1962,583000,E,,,,
110,392,Japan,1016,Goats,1962,557932,A,,,,
112,400,Jordan,1016,Goats,1962,537100,A,,,,
114,404,Kenya,1016,Goats,1962,4923000,A,,,,
118,414,Kuwait,1016,Goats,1962,45000,E,,,,
120,418,Lao People's Democratic Republic,1016,Goats,1962,30000,A,,,,
121,422,Lebanon,1016,Goats,1962,450000,A,,,,
122,426,Lesotho,1016,Goats,1962,749454,A,,,,
123,430,Liberia,1016,Goats,1962,105000,E,,,,
124,434,Libya,1016,Goats,1962,1252872,A,,,,
129,450,Madagascar,1016,Goats,1962,520000,E,,,,
130,454,Malawi,1016,Goats,1962,493184,A,,,,
131,458,Malaysia,1016,Goats,1962,310120,A,,,,
133,466,Mali,1016,Goats,1962,4173000,A,,,,
134,470,Malta,1016,Goats,1962,30500,E,,,,
136,478,Mauritania,1016,Goats,1962,2600000,E,,,,
137,480,Mauritius,1016,Goats,1962,54000,A,,,,
138,484,Mexico,1016,Goats,1962,9197081,A,,,,
141,496,Mongolia,1016,Goats,1962,4732000,A,,,,
143,504,Morocco,1016,Goats,1962,6000000,A,,,,
144,508,Mozambique,1016,Goats,1962,460000,E,,,,
28,104,Myanmar,1016,Goats,1962,435662,A,,,,
147,516,Namibia,1016,Goats,1962,1472905,A,,,,
149,524,Nepal,1016,Goats,1962,3750000,E,,,,
150,528,Netherlands (Kingdom of the),1016,Goats,1962,38000,E,,,,
153,540,New Caledonia,1016,Goats,1962,20000,X,,,,
156,554,New Zealand,1016,Goats,1962,25000,E,,,,
157,558,Nicaragua,1016,Goats,1962,6500,E,,,,
158,562,Niger,1016,Goats,1962,5200000,A,,,,
159,566,Nigeria,1016,Goats,1962,758000,A,,,,
162,578,Norway,1016,Goats,1962,99000,A,,,,
221,512,Oman,1016,Goats,1962,105000,E,,,,
165,586,Pakistan,1016,Goats,1962,9200000,E,,,,
166,591,Panama,1016,Goats,1962,4220,E,,,,
168,598,Papua New Guinea,1016,Goats,1962,2100,E,,,,
169,600,Paraguay,1016,Goats,1962,59000,A,,,,
170,604,Peru,1016,Goats,1962,3950000,A,,,,
171,608,Philippines,1016,Goats,1962,628300,A,,,,
174,620,Portugal,1016,Goats,1962,586490,E,,,,
177,630,Puerto Rico,1016,Goats,1962,16000,E,,,,
179,634,Qatar,1016,Goats,1962,31500,E,,,,
117,410,Republic of Korea,1016,Goats,1962,313449,A,,,,
183,642,Romania,1016,Goats,1962,561900,A,,,,
184,646,Rwanda,1016,Goats,1962,460000,E,,,,
188,659,Saint Kitts and Nevis,1016,Goats,1962,9450,E,,,,
189,662,Saint Lucia,1016,Goats,1962,4000,A,,,,
191,670,Saint Vincent and the Grenadines,1016,Goats,1962,5500,E,,,,
193,678,Sao Tome and Principe,1016,Goats,1962,1429,A,,,,
194,682,Saudi Arabia,1016,Goats,1962,610000,E,,,,
195,686,Senegal,1016,Goats,1962,940000,E,,,,
196,690,Seychelles,1016,Goats,1962,1800,E,,,,
197,694,Sierra Leone,1016,Goats,1962,81000,E,,,,
200,702,Singapore,1016,Goats,1962,1534,A,,,,
201,706,Somalia,1016,Goats,1962,12000000,E,,,,
202,710,South Africa,1016,Goats,1962,5184000,E,,,,
203,724,Spain,1016,Goats,1962,2950000,A,,,,
38,144,Sri Lanka,1016,Goats,1962,453812,A,,,,
207,740,Suriname,1016,Goats,1962,13847,A,,,,
211,756,Switzerland,1016,Goats,1962,89000,A,,,,
212,760,Syrian Arab Republic,1016,Goats,1962,535000,A,,,,
216,764,Thailand,1016,Goats,1962,26840,A,,,,
176,626,Timor-Leste,1016,Goats,1962,226772,A,,,,
217,768,Togo,1016,Goats,1962,410000,X,,,,
219,776,Tonga,1016,Goats,1962,2604,A,,,,
220,780,Trinidad and Tobago,1016,Goats,1962,29300,E,,,,
222,788,Tunisia,1016,Goats,1962,500000,E,,,,
227,798,Tuvalu,1016,Goats,1962,,A,,,,
223,792,Türkiye,1016,Goats,1962,23948608,A,,,,
226,800,Uganda,1016,Goats,1962,2532953,A,,,,
225,784,United Arab Emirates,1016,Goats,1962,130000,E,,,,
229,826,United Kingdom of Great Britain and Northern Ireland,1016,Goats,1962,,M,,,,
215,834,United Republic of Tanzania,1016,Goats,1962,4514000,A,,,,
231,840,United States of America,1016,Goats,1962,3647000,A,,,,
234,858,Uruguay,1016,Goats,1962,18000,E,,,,
155,548,Vanuatu,1016,Goats,1962,8200,E,,,,
236,862,Venezuela (Bolivarian Republic of),1016,Goats,1962,1270453,A,,,,
237,704,Viet Nam,1016,Goats,1962,155000,E,,,,
249,887,Yemen,1016,Goats,1962,3094000,X,,,,
251,894,Zambia,1016,Goats,1962,162000,A,,,,
181,716,Zimbabwe,1016,Goats,1962,449730,A,,,,
69,254,French Guiana,1016,Goats,1963,610,A,,,,
15,58,Belgium-Luxembourg,1016,Goats,1963,3740,A,,,,
206,736,Sudan (former),1016,Goats,1963,6585000,E,,,,
182,638,Réunion,1016,Goats,1963,10000,A,,,,
135,474,Martinique,1016,Goats,1963,13000,E,,,,
62,230,Ethiopia PDR,1016,Goats,1963,17933008,A,,,,
87,312,Guadeloupe,1016,Goats,1963,42500,E,,,,
51,200,Czechoslovakia,1016,Goats,1963,587920,A,,,,
228,810,USSR,1016,Goats,1963,6695000,A,,,,
2,4,Afghanistan,1016,Goats,1963,3800000,E,,,,
3,8,Albania,1016,Goats,1963,1119400,A,,,,
4,12,Algeria,1016,Goats,1963,1356000,A,,,,
7,24,Angola,1016,Goats,1963,500000,A,,,,
8,28,Antigua and Barbuda,1016,Goats,1963,5500,E,,,,
9,32,Argentina,1016,Goats,1963,4980000,E,,,,
10,36,Australia,1016,Goats,1963,40000,E,,,,
11,40,Austria,1016,Goats,1963,132347,A,,,,
12,44,Bahamas,1016,Goats,1963,14000,A,,,,
13,48,Bahrain,1016,Goats,1963,7600,E,,,,
16,50,Bangladesh,1016,Goats,1963,8310000,E,,,,
14,52,Barbados,1016,Goats,1963,15000,X,,,,
23,84,Belize,1016,Goats,1963,800,E,,,,
53,204,Benin,1016,Goats,1963,506568,A,,,,
18,64,Bhutan,1016,Goats,1963,15500,E,,,,
19,68,Bolivia (Plurinational State of),1016,Goats,1963,1940400,A,,,,
20,72,Botswana,1016,Goats,1963,550000,E,,,,
21,76,Brazil,1016,Goats,1963,5200000,E,,,,
26,96,Brunei Darussalam,1016,Goats,1963,1200,A,,,,
27,100,Bulgaria,1016,Goats,1963,285676,A,,,,
233,854,Burkina Faso,1016,Goats,1963,1900000,E,,,,
29,108,Burundi,1016,Goats,1963,390000,E,,,,
35,132,Cabo Verde,1016,Goats,1963,44000,E,,,,
32,120,Cameroon,1016,Goats,1963,1050000,E,,,,
33,124,Canada,1016,Goats,1963,13000,E,,,,
37,140,Central African Republic,1016,Goats,1963,450000,A,,,,
39,148,Chad,1016,Goats,1963,2000000,E,,,,
40,152,Chile,1016,Goats,1963,1030000,E,,,,
96,344,"China, Hong Kong SAR",1016,Goats,1963,512,A,,,,
214,158,"China, Taiwan Province of",1016,Goats,1963,136477,A,,,,
41,156,"China, mainland",1016,Goats,1963,70530000,A,,,,
44,170,Colombia,1016,Goats,1963,649000,E,,,,
45,174,Comoros,1016,Goats,1963,95000,E,,,,
46,178,Congo,1016,Goats,1963,53000,E,,,,
47,184,Cook Islands,1016,Goats,1963,2000,E,,,,
48,188,Costa Rica,1016,Goats,1963,1400,E,,,,
49,192,Cuba,1016,Goats,1963,68000,E,,,,
50,196,Cyprus,1016,Goats,1963,170000,A,,,,
107,384,Côte d'Ivoire,1016,Goats,1963,603000,A,,,,
116,408,Democratic People's Republic of Korea,1016,Goats,1963,127000,X,,,,
250,180,Democratic Republic of the Congo,1016,Goats,1963,1700000,E,,,,
72,262,Djibouti,1016,Goats,1963,490000,E,,,,
55,212,Dominica,1016,Goats,1963,4800,E,,,,
56,214,Dominican Republic,1016,Goats,1963,240000,E,,,,
58,218,Ecuador,1016,Goats,1963,164122,A,,,,
59,818,Egypt,1016,Goats,1963,780000,A,,,,
60,222,El Salvador,1016,Goats,1963,18000,X,,,,
61,226,Equatorial Guinea,1016,Goats,1963,5500,E,,,,
209,748,Eswatini,1016,Goats,1963,221619,A,,,,
66,242,Fiji,1016,Goats,1963,192000,E,,,,
67,246,Finland,1016,Goats,1963,1920,E,,,,
68,250,France,1016,Goats,1963,1124200,A,,,,
70,258,French Polynesia,1016,Goats,1963,8800,E,,,,
74,266,Gabon,1016,Goats,1963,50000,X,,,,
75,270,Gambia,1016,Goats,1963,93955,A,,,,
79,276,Germany,1016,Goats,1963,623100,A,,,,
81,288,Ghana,1016,Goats,1963,950000,E,,,,
84,300,Greece,1016,Goats,1963,4389000,A,,,,
86,308,Grenada,1016,Goats,1963,3800,E,,,,
89,320,Guatemala,1016,Goats,1963,89350,A,,,,
90,324,Guinea,1016,Goats,1963,333000,E,,,,
175,624,Guinea-Bissau,1016,Goats,1963,116000,E,,,,
91,328,Guyana,1016,Goats,1963,28000,E,,,,
93,332,Haiti,1016,Goats,1963,990000,E,,,,
95,340,Honduras,1016,Goats,1963,27000,X,,,,
97,348,Hungary,1016,Goats,1963,75269,A,,,,
99,352,Iceland,1016,Goats,1963,138,E,,,,
100,356,India,1016,Goats,1963,62334000,X,,,,
101,360,Indonesia,1016,Goats,1963,7527000,A,,,,
102,364,Iran (Islamic Republic of),1016,Goats,1963,13500000,A,,,,
103,368,Iraq,1016,Goats,1963,2200000,E,,,,
105,376,Israel,1016,Goats,1963,164000,A,,,,
106,380,Italy,1016,Goats,1963,1277930,A,,,,
109,388,Jamaica,1016,Goats,1963,525000,E,,,,
110,392,Japan,1016,Goats,1963,521665,A,,,,
112,400,Jordan,1016,Goats,1963,564600,A,,,,
114,404,Kenya,1016,Goats,1963,5100000,E,,,,
118,414,Kuwait,1016,Goats,1963,47000,E,,,,
120,418,Lao People's Democratic Republic,1016,Goats,1963,30500,A,,,,
121,422,Lebanon,1016,Goats,1963,450000,A,,,,
122,426,Lesotho,1016,Goats,1963,791726,A,,,,
123,430,Liberia,1016,Goats,1963,110000,E,,,,
124,434,Libya,1016,Goats,1963,1281490,A,,,,
129,450,Madagascar,1016,Goats,1963,550000,E,,,,
130,454,Malawi,1016,Goats,1963,438488,A,,,,
131,458,Malaysia,1016,Goats,1963,335718,A,,,,
133,466,Mali,1016,Goats,1963,4950000,E,,,,
134,470,Malta,1016,Goats,1963,30308,A,,,,
136,478,Mauritania,1016,Goats,1963,2650000,E,,,,
137,480,Mauritius,1016,Goats,1963,54000,A,,,,
138,484,Mexico,1016,Goats,1963,9200000,E,,,,
141,496,Mongolia,1016,Goats,1963,4567000,A,,,,
143,504,Morocco,1016,Goats,1963,6500000,A,,,,
144,508,Mozambique,1016,Goats,1963,470000,E,,,,
28,104,Myanmar,1016,Goats,1963,448160,A,,,,
147,516,Namibia,1016,Goats,1963,1502641,A,,,,
149,524,Nepal,1016,Goats,1963,3800000,E,,,,
150,528,Netherlands (Kingdom of the),1016,Goats,1963,34000,E,,,,
153,540,New Caledonia,1016,Goats,1963,21500,A,,,,
156,554,New Zealand,1016,Goats,1963,40000,E,,,,
157,558,Nicaragua,1016,Goats,1963,6500,E,,,,
158,562,Niger,1016,Goats,1963,5400000,A,,,,
159,566,Nigeria,1016,Goats,1963,917000,A,,,,
162,578,Norway,1016,Goats,1963,100600,A,,,,
221,512,Oman,1016,Goats,1963,110000,E,,,,
165,586,Pakistan,1016,Goats,1963,9600000,E,,,,
166,591,Panama,1016,Goats,1963,4300,E,,,,
168,598,Papua New Guinea,1016,Goats,1963,1000,E,,,,
169,600,Paraguay,1016,Goats,1963,59000,A,,,,
170,604,Peru,1016,Goats,1963,4198800,A,,,,
171,608,Philippines,1016,Goats,1963,483500,A,,,,
174,620,Portugal,1016,Goats,1963,566340,E,,,,
177,630,Puerto Rico,1016,Goats,1963,16500,E,,,,
179,634,Qatar,1016,Goats,1963,32500,E,,,,
117,410,Republic of Korea,1016,Goats,1963,286421,A,,,,
183,642,Romania,1016,Goats,1963,550400,A,,,,
184,646,Rwanda,1016,Goats,1963,450000,E,,,,
188,659,Saint Kitts and Nevis,1016,Goats,1963,9450,E,,,,
189,662,Saint Lucia,1016,Goats,1963,4000,A,,,,
191,670,Saint Vincent and the Grenadines,1016,Goats,1963,6300,A,,,,
193,678,Sao Tome and Principe,1016,Goats,1963,1472,A,,,,
194,682,Saudi Arabia,1016,Goats,1963,620000,E,,,,
195,686,Senegal,1016,Goats,1963,970000,E,,,,
196,690,Seychelles,1016,Goats,1963,1900,E,,,,
197,694,Sierra Leone,1016,Goats,1963,82000,E,,,,
200,702,Singapore,1016,Goats,1963,1534,A,,,,
201,706,Somalia,1016,Goats,1963,12200000,E,,,,
202,710,South Africa,1016,Goats,1963,5236000,E,,,,
203,724,Spain,1016,Goats,1963,2599443,A,,,,
38,144,Sri Lanka,1016,Goats,1963,538076,A,,,,
207,740,Suriname,1016,Goats,1963,11752,A,,,,
211,756,Switzerland,1016,Goats,1963,85250,E,,,,
212,760,Syrian Arab Republic,1016,Goats,1963,690000,A,,,,
216,764,Thailand,1016,Goats,1963,41000,A,,,,
176,626,Timor-Leste,1016,Goats,1963,235113,A,,,,
217,768,Togo,1016,Goats,1963,440300,A,,,,
219,776,Tonga,1016,Goats,1963,3090,A,,,,
220,780,Trinidad and Tobago,1016,Goats,1963,29600,E,,,,
222,788,Tunisia,1016,Goats,1963,460000,E,,,,
227,798,Tuvalu,1016,Goats,1963,,A,,,,
223,792,Türkiye,1016,Goats,1963,22075008,A,,,,
226,800,Uganda,1016,Goats,1963,2339920,A,,,,
225,784,United Arab Emirates,1016,Goats,1963,135000,E,,,,
229,826,United Kingdom of Great Britain and Northern Ireland,1016,Goats,1963,,M,,,,
215,834,United Republic of Tanzania,1016,Goats,1963,4514200,A,,,,
231,840,United States of America,1016,Goats,1963,3683000,A,,,,
234,858,Uruguay,1016,Goats,1963,18000,E,,,,
155,548,Vanuatu,1016,Goats,1963,8350,E,,,,
236,862,Venezuela (Bolivarian Republic of),1016,Goats,1963,1291766,A,,,,
237,704,Viet Nam,1016,Goats,1963,160000,E,,,,
249,887,Yemen,1016,Goats,1963,3126000,X,,,,
251,894,Zambia,1016,Goats,1963,162000,A,,,,
181,716,Zimbabwe,1016,Goats,1963,500000,E,,,,
228,810,USSR,1016,Goats,1964,5651000,A,,,,
15,58,Belgium-Luxembourg,1016,Goats,1964,3295,A,,,,
135,474,Martinique,1016,Goats,1964,13300,E,,,,
87,312,Guadeloupe,1016,Goats,1964,38000,E,,,,
62,230,Ethiopia PDR,1016,Goats,1964,18095296,A,,,,
51,200,Czechoslovakia,1016,Goats,1964,581988,A,,,,
69,254,French Guiana,1016,Goats,1964,600,A,,,,
182,638,Réunion,1016,Goats,1964,10000,A,,,,
206,736,Sudan (former),1016,Goats,1964,6850000,A,,,,
2,4,Afghanistan,1016,Goats,1964,3500000,E,,,,
3,8,Albania,1016,Goats,1964,1119900,A,,,,
4,12,Algeria,1016,Goats,1964,1642000,A,,,,
7,24,Angola,1016,Goats,1964,543000,E,,,,
8,28,Antigua and Barbuda,1016,Goats,1964,5700,E,,,,
9,32,Argentina,1016,Goats,1964,4998000,E,,,,
10,36,Australia,1016,Goats,1964,40000,E,,,,
11,40,Austria,1016,Goats,1964,120148,A,,,,
12,44,Bahamas,1016,Goats,1964,14000,A,,,,
13,48,Bahrain,1016,Goats,1964,7600,E,,,,
16,50,Bangladesh,1016,Goats,1964,8978000,A,,,,
14,52,Barbados,1016,Goats,1964,16000,X,,,,
23,84,Belize,1016,Goats,1964,900,E,,,,
53,204,Benin,1016,Goats,1964,542000,A,,,,
18,64,Bhutan,1016,Goats,1964,15000,E,,,,
19,68,Bolivia (Plurinational State of),1016,Goats,1964,2000000,E,,,,
20,72,Botswana,1016,Goats,1964,580000,E,,,,
21,76,Brazil,1016,Goats,1964,5400000,E,,,,
26,96,Brunei Darussalam,1016,Goats,1964,850,A,,,,
27,100,Bulgaria,1016,Goats,1964,352836,A,,,,
233,854,Burkina Faso,1016,Goats,1964,2000000,E,,,,
29,108,Burundi,1016,Goats,1964,353800,A,,,,
35,132,Cabo Verde,1016,Goats,1964,46000,E,,,,
32,120,Cameroon,1016,Goats,1964,1090000,E,,,,
33,124,Canada,1016,Goats,1964,14000,E,,,,
37,140,Central African Republic,1016,Goats,1964,450000,A,,,,
39,148,Chad,1016,Goats,1964,2000000,E,,,,
40,152,Chile,1016,Goats,1964,980000,E,,,,
96,344,"China, Hong Kong SAR",1016,Goats,1964,234,A,,,,
214,158,"China, Taiwan Province of",1016,Goats,1964,143006,A,,,,
41,156,"China, mainland",1016,Goats,1964,67730000,A,,,,
44,170,Colombia,1016,Goats,1964,662000,E,,,,
45,174,Comoros,1016,Goats,1964,94000,E,,,,
46,178,Congo,1016,Goats,1964,52000,E,,,,
47,184,Cook Islands,1016,Goats,1964,2000,E,,,,
48,188,Costa Rica,1016,Goats,1964,1500,E,,,,
49,192,Cuba,1016,Goats,1964,65000,E,,,,
50,196,Cyprus,1016,Goats,1964,180000,A,,,,
107,384,Côte d'Ivoire,1016,Goats,1964,672000,A,,,,
116,408,Democratic People's Republic of Korea,1016,Goats,1964,156000,X,,,,
250,180,Democratic Republic of the Congo,1016,Goats,1964,1580000,A,,,,
72,262,Djibouti,1016,Goats,1964,500000,E,,,,
55,212,Dominica,1016,Goats,1964,4850,E,,,,
56,214,Dominican Republic,1016,Goats,1964,250000,E,,,,
58,218,Ecuador,1016,Goats,1964,164450,A,,,,
59,818,Egypt,1016,Goats,1964,783500,A,,,,
60,222,El Salvador,1016,Goats,1964,18000,X,,,,
61,226,Equatorial Guinea,1016,Goats,1964,5200,E,,,,
209,748,Eswatini,1016,Goats,1964,247604,A,,,,
66,242,Fiji,1016,Goats,1964,192000,E,,,,
67,246,Finland,1016,Goats,1964,1880,E,,,,
68,250,France,1016,Goats,1964,1068600,A,,,,
70,258,French Polynesia,1016,Goats,1964,9500,E,,,,
74,266,Gabon,1016,Goats,1964,53000,X,,,,
75,270,Gambia,1016,Goats,1964,95000,E,,,,
79,276,Germany,1016,Goats,1964,585600,A,,,,
81,288,Ghana,1016,Goats,1964,1060000,E,,,,
84,300,Greece,1016,Goats,1964,4153000,A,,,,
86,308,Grenada,1016,Goats,1964,4000,E,,,,
89,320,Guatemala,1016,Goats,1964,85000,E,,,,
90,324,Guinea,1016,Goats,1964,341000,E,,,,
175,624,Guinea-Bissau,1016,Goats,1964,116000,E,,,,
91,328,Guyana,1016,Goats,1964,30000,E,,,,
93,332,Haiti,1016,Goats,1964,1010000,E,,,,
95,340,Honduras,1016,Goats,1964,26000,X,,,,
97,348,Hungary,1016,Goats,1964,85991,A,,,,
99,352,Iceland,1016,Goats,1964,138,E,,,,
100,356,India,1016,Goats,1964,63070000,X,,,,
101,360,Indonesia,1016,Goats,1964,7534000,A,,,,
102,364,Iran (Islamic Republic of),1016,Goats,1964,13000000,A,,,,
103,368,Iraq,1016,Goats,1964,2000000,E,,,,
105,376,Israel,1016,Goats,1964,157000,A,,,,
106,380,Italy,1016,Goats,1964,1236100,A,,,,
109,388,Jamaica,1016,Goats,1964,465000,E,,,,
110,392,Japan,1016,Goats,1964,457226,A,,,,
112,400,Jordan,1016,Goats,1964,650500,A,,,,
114,404,Kenya,1016,Goats,1964,5329000,A,,,,
118,414,Kuwait,1016,Goats,1964,50000,E,,,,
120,418,Lao People's Democratic Republic,1016,Goats,1964,30500,E,,,,
121,422,Lebanon,1016,Goats,1964,470886,A,,,,
122,426,Lesotho,1016,Goats,1964,716000,A,,,,
123,430,Liberia,1016,Goats,1964,115000,E,,,,
124,434,Libya,1016,Goats,1964,1310108,A,,,,
129,450,Madagascar,1016,Goats,1964,680000,E,,,,
130,454,Malawi,1016,Goats,1964,480295,A,,,,
131,458,Malaysia,1016,Goats,1964,347232,A,,,,
133,466,Mali,1016,Goats,1964,5100000,E,,,,
134,470,Malta,1016,Goats,1964,29179,A,,,,
136,478,Mauritania,1016,Goats,1964,2710000,E,,,,
137,480,Mauritius,1016,Goats,1964,65591,A,,,,
138,484,Mexico,1016,Goats,1964,9200000,E,,,,
141,496,Mongolia,1016,Goats,1964,4940000,A,,,,
143,504,Morocco,1016,Goats,1964,6400000,A,,,,
144,508,Mozambique,1016,Goats,1964,480000,E,,,,
28,104,Myanmar,1016,Goats,1964,518000,A,,,,
147,516,Namibia,1016,Goats,1964,1500000,E,,,,
149,524,Nepal,1016,Goats,1964,3850000,E,,,,
150,528,Netherlands (Kingdom of the),1016,Goats,1964,31000,E,,,,
153,540,New Caledonia,1016,Goats,1964,16300,A,,,,
156,554,New Zealand,1016,Goats,1964,45000,E,,,,
157,558,Nicaragua,1016,Goats,1964,6500,E,,,,
158,562,Niger,1016,Goats,1964,5550000,A,,,,
159,566,Nigeria,1016,Goats,1964,1113000,A,,,,
162,578,Norway,1016,Goats,1964,111191,A,,,,
221,512,Oman,1016,Goats,1964,115000,E,,,,
165,586,Pakistan,1016,Goats,1964,10000000,E,,,,
166,591,Panama,1016,Goats,1964,4390,E,,,,
168,598,Papua New Guinea,1016,Goats,1964,1000,E,,,,
169,600,Paraguay,1016,Goats,1964,50138,A,,,,
170,604,Peru,1016,Goats,1964,3950300,A,,,,
171,608,Philippines,1016,Goats,1964,557500,A,,,,
174,620,Portugal,1016,Goats,1964,580000,E,,,,
177,630,Puerto Rico,1016,Goats,1964,16500,E,,,,
179,634,Qatar,1016,Goats,1964,33500,E,,,,
117,410,Republic of Korea,1016,Goats,1964,224915,A,,,,
183,642,Romania,1016,Goats,1964,618500,A,,,,
184,646,Rwanda,1016,Goats,1964,459000,E,,,,
188,659,Saint Kitts and Nevis,1016,Goats,1964,9460,E,,,,
189,662,Saint Lucia,1016,Goats,1964,5000,A,,,,
191,670,Saint Vincent and the Grenadines,1016,Goats,1964,6300,E,,,,
193,678,Sao Tome and Principe,1016,Goats,1964,1420,A,,,,
194,682,Saudi Arabia,1016,Goats,1964,640000,E,,,,
195,686,Senegal,1016,Goats,1964,1000000,E,,,,
196,690,Seychelles,1016,Goats,1964,1800,E,,,,
197,694,Sierra Leone,1016,Goats,1964,84000,E,,,,
200,702,Singapore,1016,Goats,1964,1534,A,,,,
201,706,Somalia,1016,Goats,1964,12500000,E,,,,
202,710,South Africa,1016,Goats,1964,5288000,E,,,,
203,724,Spain,1016,Goats,1964,2336325,A,,,,
38,144,Sri Lanka,1016,Goats,1964,567431,A,,,,
207,740,Suriname,1016,Goats,1964,10258,A,,,,
211,756,Switzerland,1016,Goats,1964,81500,E,,,,
212,760,Syrian Arab Republic,1016,Goats,1964,800000,A,,,,
216,764,Thailand,1016,Goats,1964,40500,E,,,,
176,626,Timor-Leste,1016,Goats,1964,226650,A,,,,
217,768,Togo,1016,Goats,1964,473512,A,,,,
219,776,Tonga,1016,Goats,1964,3364,A,,,,
220,780,Trinidad and Tobago,1016,Goats,1964,30000,E,,,,
222,788,Tunisia,1016,Goats,1964,428000,A,,,,
227,798,Tuvalu,1016,Goats,1964,,A,,,,
223,792,Türkiye,1016,Goats,1964,21504912,A,,,,
226,800,Uganda,1016,Goats,1964,1990915,A,,,,
225,784,United Arab Emirates,1016,Goats,1964,140000,E,,,,
229,826,United Kingdom of Great Britain and Northern Ireland,1016,Goats,1964,,M,,,,
215,834,United Republic of Tanzania,1016,Goats,1964,4071000,A,,,,
231,840,United States of America,1016,Goats,1964,3904000,A,,,,
234,858,Uruguay,1016,Goats,1964,19000,E,,,,
155,548,Vanuatu,1016,Goats,1964,8500,E,,,,
236,862,Venezuela (Bolivarian Republic of),1016,Goats,1964,1280000,E,,,,
237,704,Viet Nam,1016,Goats,1964,163000,E,,,,
249,887,Yemen,1016,Goats,1964,3199000,X,,,,
251,894,Zambia,1016,Goats,1964,156000,A,,,,
181,716,Zimbabwe,1016,Goats,1964,600000,E,,,,
87,312,Guadeloupe,1016,Goats,1965,36000,E,,,,
62,230,Ethiopia PDR,1016,Goats,1965,17990704,A,,,,
69,254,French Guiana,1016,Goats,1965,600,A,,,,
182,638,Réunion,1016,Goats,1965,10000,A,,,,
228,810,USSR,1016,Goats,1965,5443000,A,,,,
15,58,Belgium-Luxembourg,1016,Goats,1965,3255,A,,,,
135,474,Martinique,1016,Goats,1965,13300,E,,,,
51,200,Czechoslovakia,1016,Goats,1965,558764,A,,,,
206,736,Sudan (former),1016,Goats,1965,6850000,A,,,,
2,4,Afghanistan,1016,Goats,1965,3200000,A,,,,
3,8,Albania,1016,Goats,1965,1199300,A,,,,
4,12,Algeria,1016,Goats,1965,1762000,A,,,,
7,24,Angola,1016,Goats,1965,580000,E,,,,
8,28,Antigua and Barbuda,1016,Goats,1965,5650,E,,,,
9,32,Argentina,1016,Goats,1965,5098000,E,,,,
10,36,Australia,1016,Goats,1965,40000,E,,,,
11,40,Austria,1016,Goats,1965,110516,A,,,,
12,44,Bahamas,1016,Goats,1965,14000,A,,,,
13,48,Bahrain,1016,Goats,1965,7600,E,,,,
16,50,Bangladesh,1016,Goats,1965,9150000,X,,,,
14,52,Barbados,1016,Goats,1965,17000,X,,,,
23,84,Belize,1016,Goats,1965,900,E,,,,
53,204,Benin,1016,Goats,1965,544000,A,,,,
18,64,Bhutan,1016,Goats,1965,15200,E,,,,
19,68,Bolivia (Plurinational State of),1016,Goats,1965,2000000,E,,,,
20,72,Botswana,1016,Goats,1965,600000,E,,,,
21,76,Brazil,1016,Goats,1965,5500000,E,,,,
26,96,Brunei Darussalam,1016,Goats,1965,700,E,,,,
27,100,Bulgaria,1016,Goats,1965,421819,A,,,,
233,854,Burkina Faso,1016,Goats,1965,2200000,E,,,,
29,108,Burundi,1016,Goats,1965,381600,A,,,,
35,132,Cabo Verde,1016,Goats,1965,48000,E,,,,
32,120,Cameroon,1016,Goats,1965,1135000,A,,,,
33,124,Canada,1016,Goats,1965,13000,E,,,,
37,140,Central African Republic,1016,Goats,1965,480000,A,,,,
39,148,Chad,1016,Goats,1965,2000000,A,,,,
40,152,Chile,1016,Goats,1965,933007,A,,,,
96,344,"China, Hong Kong SAR",1016,Goats,1965,273,A,,,,
214,158,"China, Taiwan Province of",1016,Goats,1965,149927,A,,,,
41,156,"China, mainland",1016,Goats,1965,62240000,A,,,,
44,170,Colombia,1016,Goats,1965,675000,E,,,,
45,174,Comoros,1016,Goats,1965,93000,E,,,,
46,178,Congo,1016,Goats,1965,51000,E,,,,
47,184,Cook Islands,1016,Goats,1965,2000,E,,,,
48,188,Costa Rica,1016,Goats,1965,1500,E,,,,
49,192,Cuba,1016,Goats,1965,71000,E,,,,
50,196,Cyprus,1016,Goats,1965,185000,A,,,,
107,384,Côte d'Ivoire,1016,Goats,1965,741000,A,,,,
116,408,Democratic People's Republic of Korea,1016,Goats,1965,180000,E,,,,
250,180,Democratic Republic of the Congo,1016,Goats,1965,1454000,A,,,,
72,262,Djibouti,1016,Goats,1965,507000,E,,,,
55,212,Dominica,1016,Goats,1965,4900,E,,,,
56,214,Dominican Republic,1016,Goats,1965,260000,E,,,,
58,218,Ecuador,1016,Goats,1965,164788,A,,,,
59,818,Egypt,1016,Goats,1965,787000,A,,,,
60,222,El Salvador,1016,Goats,1965,17000,X,,,,
61,226,Equatorial Guinea,1016,Goats,1965,5300,E,,,,
209,748,Eswatini,1016,Goats,1965,218637,A,,,,
66,242,Fiji,1016,Goats,1965,196000,E,,,,
67,246,Finland,1016,Goats,1965,1840,E,,,,
68,250,France,1016,Goats,1965,1041400,A,,,,
70,258,French Polynesia,1016,Goats,1965,10000,E,,,,
74,266,Gabon,1016,Goats,1965,55000,X,,,,
75,270,Gambia,1016,Goats,1965,97000,E,,,,
79,276,Germany,1016,Goats,1965,503500,A,,,,
81,288,Ghana,1016,Goats,1965,1150000,E,,,,
84,300,Greece,1016,Goats,1965,3990000,A,,,,
86,308,Grenada,1016,Goats,1965,4400,A,,,,
89,320,Guatemala,1016,Goats,1965,80000,E,,,,
90,324,Guinea,1016,Goats,1965,352000,E,,,,
175,624,Guinea-Bissau,1016,Goats,1965,116000,E,,,,
91,328,Guyana,1016,Goats,1965,32000,A,,,,
93,332,Haiti,1016,Goats,1965,1040000,E,,,,
95,340,Honduras,1016,Goats,1965,25000,X,,,,
97,348,Hungary,1016,Goats,1965,80000,E,,,,
99,352,Iceland,1016,Goats,1965,140,E,,,,
100,356,India,1016,Goats,1965,63800000,X,,,,
101,360,Indonesia,1016,Goats,1965,8659000,A,,,,
102,364,Iran (Islamic Republic of),1016,Goats,1965,13000000,A,,,,
103,368,Iraq,1016,Goats,1965,1845488,A,,,,
105,376,Israel,1016,Goats,1965,152500,A,,,,
106,380,Italy,1016,Goats,1965,1227800,A,,,,
109,388,Jamaica,1016,Goats,1965,471000,E,,,,
110,392,Japan,1016,Goats,1965,376282,A,,,,
112,400,Jordan,1016,Goats,1965,758900,A,,,,
114,404,Kenya,1016,Goats,1965,5300000,E,,,,
118,414,Kuwait,1016,Goats,1965,52000,E,,,,
120,418,Lao People's Democratic Republic,1016,Goats,1965,30500,E,,,,
121,422,Lebanon,1016,Goats,1965,441164,A,,,,
122,426,Lesotho,1016,Goats,1965,848392,A,,,,
123,430,Liberia,1016,Goats,1965,120000,E,,,,
124,434,Libya,1016,Goats,1965,1338726,A,,,,
129,450,Madagascar,1016,Goats,1965,730000,E,,,,
130,454,Malawi,1016,Goats,1965,464548,A,,,,
131,458,Malaysia,1016,Goats,1965,338241,A,,,,
133,466,Mali,1016,Goats,1965,5262000,E,,,,
134,470,Malta,1016,Goats,1965,25982,A,,,,
136,478,Mauritania,1016,Goats,1965,2770000,E,,,,
137,480,Mauritius,1016,Goats,1965,65591,A,,,,
138,484,Mexico,1016,Goats,1965,9300000,E,,,,
141,496,Mongolia,1016,Goats,1965,4705000,A,,,,
143,504,Morocco,1016,Goats,1965,6540000,A,,,,
144,508,Mozambique,1016,Goats,1965,500000,E,,,,
28,104,Myanmar,1016,Goats,1965,609211,A,,,,
147,516,Namibia,1016,Goats,1965,1500000,E,,,,
149,524,Nepal,1016,Goats,1965,3900000,E,,,,
150,528,Netherlands (Kingdom of the),1016,Goats,1965,28000,E,,,,
153,540,New Caledonia,1016,Goats,1965,15300,X,,,,
156,554,New Zealand,1016,Goats,1965,45000,E,,,,
157,558,Nicaragua,1016,Goats,1965,6500,E,,,,
158,562,Niger,1016,Goats,1965,6000000,A,,,,
159,566,Nigeria,1016,Goats,1965,1336000,A,,,,
162,578,Norway,1016,Goats,1965,107565,A,,,,
221,512,Oman,1016,Goats,1965,120000,E,,,,
165,586,Pakistan,1016,Goats,1965,10400000,E,,,,
166,591,Panama,1016,Goats,1965,4480,E,,,,
168,598,Papua New Guinea,1016,Goats,1965,1200,E,,,,
169,600,Paraguay,1016,Goats,1965,48000,A,,,,
170,604,Peru,1016,Goats,1965,3959300,A,,,,
171,608,Philippines,1016,Goats,1965,605500,A,,,,
174,620,Portugal,1016,Goats,1965,570000,E,,,,
177,630,Puerto Rico,1016,Goats,1965,17000,E,,,,
179,634,Qatar,1016,Goats,1965,34000,E,,,,
117,410,Republic of Korea,1016,Goats,1965,177491,A,,,,
183,642,Romania,1016,Goats,1965,743800,A,,,,
184,646,Rwanda,1016,Goats,1965,410000,E,,,,
188,659,Saint Kitts and Nevis,1016,Goats,1965,9460,E,,,,
189,662,Saint Lucia,1016,Goats,1965,5000,A,,,,
191,670,Saint Vincent and the Grenadines,1016,Goats,1965,6100,A,,,,
193,678,Sao Tome and Principe,1016,Goats,1965,1300,A,,,,
194,682,Saudi Arabia,1016,Goats,1965,660000,E,,,,
195,686,Senegal,1016,Goats,1965,1030000,E,,,,
196,690,Seychelles,1016,Goats,1965,2000,E,,,,
197,694,Sierra Leone,1016,Goats,1965,86000,E,,,,
200,702,Singapore,1016,Goats,1965,1534,A,,,,
201,706,Somalia,1016,Goats,1965,13000000,E,,,,
202,710,South Africa,1016,Goats,1965,5341000,E,,,,
203,724,Spain,1016,Goats,1965,2383000,A,,,,
38,144,Sri Lanka,1016,Goats,1965,600016,A,,,,
207,740,Suriname,1016,Goats,1965,9506,A,,,,
211,756,Switzerland,1016,Goats,1965,77750,E,,,,
212,760,Syrian Arab Republic,1016,Goats,1965,877000,A,,,,
216,764,Thailand,1016,Goats,1965,40000,E,,,,
176,626,Timor-Leste,1016,Goats,1965,251118,A,,,,
217,768,Togo,1016,Goats,1965,547528,A,,,,
219,776,Tonga,1016,Goats,1965,2828,A,,,,
220,780,Trinidad and Tobago,1016,Goats,1965,30200,E,,,,
222,788,Tunisia,1016,Goats,1965,475000,A,,,,
227,798,Tuvalu,1016,Goats,1965,,A,,,,
223,792,Türkiye,1016,Goats,1965,21162000,A,,,,
226,800,Uganda,1016,Goats,1965,2013597,A,,,,
225,784,United Arab Emirates,1016,Goats,1965,145000,E,,,,
229,826,United Kingdom of Great Britain and Northern Ireland,1016,Goats,1965,,M,,,,
215,834,United Republic of Tanzania,1016,Goats,1965,4266000,A,,,,
231,840,United States of America,1016,Goats,1965,4060000,A,,,,
234,858,Uruguay,1016,Goats,1965,17000,E,,,,
155,548,Vanuatu,1016,Goats,1965,8650,E,,,,
236,862,Venezuela (Bolivarian Republic of),1016,Goats,1965,1270000,E,,,,
237,704,Viet Nam,1016,Goats,1965,170000,E,,,,
249,887,Yemen,1016,Goats,1965,3227000,X,,,,
251,894,Zambia,1016,Goats,1965,159000,A,,,,
181,716,Zimbabwe,1016,Goats,1965,700000,E,,,,
135,474,Martinique,1016,Goats,1966,13300,E,,,,
69,254,French Guiana,1016,Goats,1966,630,A,,,,
228,810,USSR,1016,Goats,1966,5552000,A,,,,
206,736,Sudan (former),1016,Goats,1966,7539000,A,,,,
15,58,Belgium-Luxembourg,1016,Goats,1966,2856,A,,,,
51,200,Czechoslovakia,1016,Goats,1966,520856,A,,,,
87,312,Guadeloupe,1016,Goats,1966,38500,E,,,,
182,638,Réunion,1016,Goats,1966,12000,A,,,,
62,230,Ethiopia PDR,1016,Goats,1966,17888096,A,,,,
2,4,Afghanistan,1016,Goats,1966,3200000,A,,,,
3,8,Albania,1016,Goats,1966,1174700,A,,,,
4,12,Algeria,1016,Goats,1966,1771000,A,,,,
7,24,Angola,1016,Goats,1966,620000,E,,,,
8,28,Antigua and Barbuda,1016,Goats,1966,5550,E,,,,
9,32,Argentina,1016,Goats,1966,5200000,X,,,,
10,36,Australia,1016,Goats,1966,40000,E,,,,
11,40,Austria,1016,Goats,1966,97831,A,,,,
12,44,Bahamas,1016,Goats,1966,14050,A,,,,
13,48,Bahrain,1016,Goats,1966,13000,E,,,,
16,50,Bangladesh,1016,Goats,1966,8200000,E,,,,
14,52,Barbados,1016,Goats,1966,18000,X,,,,
23,84,Belize,1016,Goats,1966,1000,E,,,,
53,204,Benin,1016,Goats,1966,531500,A,,,,
18,64,Bhutan,1016,Goats,1966,15300,E,,,,
19,68,Bolivia (Plurinational State of),1016,Goats,1966,2000000,E,,,,
20,72,Botswana,1016,Goats,1966,630000,E,,,,
21,76,Brazil,1016,Goats,1966,5573000,E,,,,
26,96,Brunei Darussalam,1016,Goats,1966,602,A,,,,
27,100,Bulgaria,1016,Goats,1966,435638,A,,,,
233,854,Burkina Faso,1016,Goats,1966,2200000,A,,,,
29,108,Burundi,1016,Goats,1966,418700,A,,,,
35,132,Cabo Verde,1016,Goats,1966,50000,E,,,,
32,120,Cameroon,1016,Goats,1966,1383000,E,,,,
33,124,Canada,1016,Goats,1966,14000,E,,,,
37,140,Central African Republic,1016,Goats,1966,500000,A,,,,
39,148,Chad,1016,Goats,1966,2000000,X,,,,
40,152,Chile,1016,Goats,1966,935000,X,,,,
96,344,"China, Hong Kong SAR",1016,Goats,1966,273,A,,,,
214,158,"China, Taiwan Province of",1016,Goats,1966,156793,A,,,,
41,156,"China, mainland",1016,Goats,1966,60765008,A,,,,
44,170,Colombia,1016,Goats,1966,688407,A,,,,
45,174,Comoros,1016,Goats,1966,90000,A,,,,
46,178,Congo,1016,Goats,1966,50000,A,,,,
47,184,Cook Islands,1016,Goats,1966,2000,X,,,,
48,188,Costa Rica,1016,Goats,1966,1400,E,,,,
49,192,Cuba,1016,Goats,1966,75000,E,,,,
50,196,Cyprus,1016,Goats,1966,267000,A,,,,
107,384,Côte d'Ivoire,1016,Goats,1966,770000,A,,,,
116,408,Democratic People's Republic of Korea,1016,Goats,1966,200000,E,,,,
250,180,Democratic Republic of the Congo,1016,Goats,1966,1700000,E,,,,
72,262,Djibouti,1016,Goats,1966,515000,E,,,,
55,212,Dominica,1016,Goats,1966,4950,E,,,,
56,214,Dominican Republic,1016,Goats,1966,270000,E,,,,
58,218,Ecuador,1016,Goats,1966,171000,E,,,,
59,818,Egypt,1016,Goats,1966,791000,A,,,,
60,222,El Salvador,1016,Goats,1966,16000,X,,,,
61,226,Equatorial Guinea,1016,Goats,1966,7000,A,,,,
209,748,Eswatini,1016,Goats,1966,219637,A,,,,
66,242,Fiji,1016,Goats,1966,185000,E,,,,
67,246,Finland,1016,Goats,1966,1800,E,,,,
68,250,France,1016,Goats,1966,1014400,A,,,,
70,258,French Polynesia,1016,Goats,1966,11000,X,,,,
74,266,Gabon,1016,Goats,1966,57000,X,,,,
75,270,Gambia,1016,Goats,1966,98600,E,,,,
79,276,Germany,1016,Goats,1966,423800,A,,,,
81,288,Ghana,1016,Goats,1966,1180000,E,,,,
84,300,Greece,1016,Goats,1966,3895000,A,,,,
86,308,Grenada,1016,Goats,1966,4500,E,,,,
89,320,Guatemala,1016,Goats,1966,77000,E,,,,
90,324,Guinea,1016,Goats,1966,360000,E,,,,
175,624,Guinea-Bissau,1016,Goats,1966,116000,E,,,,
91,328,Guyana,1016,Goats,1966,33000,A,,,,
93,332,Haiti,1016,Goats,1966,1070454,A,,,,
95,340,Honduras,1016,Goats,1966,19141,A,,,,
97,348,Hungary,1016,Goats,1966,74212,A,,,,
99,352,Iceland,1016,Goats,1966,158,A,,,,
100,356,India,1016,Goats,1966,64589008,A,,,,
101,360,Indonesia,1016,Goats,1966,8308000,A,,,,
102,364,Iran (Islamic Republic of),1016,Goats,1966,13000000,A,,,,
103,368,Iraq,1016,Goats,1966,2000000,E,,,,
105,376,Israel,1016,Goats,1966,152000,A,,,,
106,380,Italy,1016,Goats,1966,1139000,A,,,,
109,388,Jamaica,1016,Goats,1966,480000,E,,,,
110,392,Japan,1016,Goats,1966,319038,A,,,,
112,400,Jordan,1016,Goats,1966,772708,A,,,,
114,404,Kenya,1016,Goats,1966,5300000,E,,,,
118,414,Kuwait,1016,Goats,1966,55000,E,,,,
120,418,Lao People's Democratic Republic,1016,Goats,1966,30500,E,,,,
121,422,Lebanon,1016,Goats,1966,442311,A,,,,
122,426,Lesotho,1016,Goats,1966,817225,A,,,,
123,430,Liberia,1016,Goats,1966,125000,E,,,,
124,434,Libya,1016,Goats,1966,1347162,A,,,,
129,450,Madagascar,1016,Goats,1966,800000,E,,,,
130,454,Malawi,1016,Goats,1966,464548,A,,,,
131,458,Malaysia,1016,Goats,1966,354939,A,,,,
133,466,Mali,1016,Goats,1966,5186000,E,,,,
134,470,Malta,1016,Goats,1966,24924,A,,,,
136,478,Mauritania,1016,Goats,1966,2700000,E,,,,
137,480,Mauritius,1016,Goats,1966,65591,A,,,,
138,484,Mexico,1016,Goats,1966,9300000,E,,,,
141,496,Mongolia,1016,Goats,1966,4786000,A,,,,
143,504,Morocco,1016,Goats,1966,6980000,A,,,,
144,508,Mozambique,1016,Goats,1966,497000,X,,,,
28,104,Myanmar,1016,Goats,1966,607199,A,,,,
147,516,Namibia,1016,Goats,1966,1480000,E,,,,
149,524,Nepal,1016,Goats,1966,3950000,E,,,,
150,528,Netherlands (Kingdom of the),1016,Goats,1966,25000,E,,,,
153,540,New Caledonia,1016,Goats,1966,14300,X,,,,
156,554,New Zealand,1016,Goats,1966,45000,E,,,,
157,558,Nicaragua,1016,Goats,1966,6600,E,,,,
158,562,Niger,1016,Goats,1966,6125000,A,,,,
159,566,Nigeria,1016,Goats,1966,1595000,A,,,,
162,578,Norway,1016,Goats,1966,108942,A,,,,
221,512,Oman,1016,Goats,1966,125000,E,,,,
165,586,Pakistan,1016,Goats,1966,10800000,E,,,,
166,591,Panama,1016,Goats,1966,4570,E,,,,
168,598,Papua New Guinea,1016,Goats,1966,1000,E,,,,
169,600,Paraguay,1016,Goats,1966,48000,A,,,,
170,604,Peru,1016,Goats,1966,3916000,A,,,,
171,608,Philippines,1016,Goats,1966,616400,A,,,,
174,620,Portugal,1016,Goats,1966,570300,E,,,,
177,630,Puerto Rico,1016,Goats,1966,20000,E,,,,
179,634,Qatar,1016,Goats,1966,35500,E,,,,
117,410,Republic of Korea,1016,Goats,1966,161343,A,,,,
183,642,Romania,1016,Goats,1966,807000,A,,,,
184,646,Rwanda,1016,Goats,1966,375000,A,,,,
188,659,Saint Kitts and Nevis,1016,Goats,1966,9470,E,,,,
189,662,Saint Lucia,1016,Goats,1966,5000,A,,,,
191,670,Saint Vincent and the Grenadines,1016,Goats,1966,4000,A,,,,
193,678,Sao Tome and Principe,1016,Goats,1966,1135,A,,,,
194,682,Saudi Arabia,1016,Goats,1966,680000,E,,,,
195,686,Senegal,1016,Goats,1966,1063000,E,,,,
196,690,Seychelles,1016,Goats,1966,2100,E,,,,
197,694,Sierra Leone,1016,Goats,1966,88000,E,,,,
200,702,Singapore,1016,Goats,1966,1534,A,,,,
201,706,Somalia,1016,Goats,1966,13500000,E,,,,
202,710,South Africa,1016,Goats,1966,5500000,E,,,,
203,724,Spain,1016,Goats,1966,2309000,A,,,,
38,144,Sri Lanka,1016,Goats,1966,589843,A,,,,
207,740,Suriname,1016,Goats,1966,7728,A,,,,
211,756,Switzerland,1016,Goats,1966,74707,A,,,,
212,760,Syrian Arab Republic,1016,Goats,1966,910000,A,,,,
216,764,Thailand,1016,Goats,1966,39000,E,,,,
176,626,Timor-Leste,1016,Goats,1966,250925,A,,,,
217,768,Togo,1016,Goats,1966,562176,A,,,,
219,776,Tonga,1016,Goats,1966,3360,A,,,,
220,780,Trinidad and Tobago,1016,Goats,1966,30500,E,,,,
222,788,Tunisia,1016,Goats,1966,527000,A,,,,
227,798,Tuvalu,1016,Goats,1966,,A,,,,
223,792,Türkiye,1016,Goats,1966,20805008,A,,,,
226,800,Uganda,1016,Goats,1966,2013597,A,,,,
225,784,United Arab Emirates,1016,Goats,1966,150000,E,,,,
229,826,United Kingdom of Great Britain and Northern Ireland,1016,Goats,1966,,M,,,,
215,834,United Republic of Tanzania,1016,Goats,1966,4278000,A,,,,
231,840,United States of America,1016,Goats,1966,4222000,A,,,,
234,858,Uruguay,1016,Goats,1966,17000,E,,,,
155,548,Vanuatu,1016,Goats,1966,8800,E,,,,
236,862,Venezuela (Bolivarian Republic of),1016,Goats,1966,1272000,E,,,,
237,704,Viet Nam,1016,Goats,1966,175000,E,,,,
249,887,Yemen,1016,Goats,1966,3139000,X,,,,
251,894,Zambia,1016,Goats,1966,166700,X,,,,
181,716,Zimbabwe,1016,Goats,1966,807000,X,,,,
87,312,Guadeloupe,1016,Goats,1967,38500,E,,,,
51,200,Czechoslovakia,1016,Goats,1967,476637,A,,,,
228,810,USSR,1016,Goats,1967,5559000,A,,,,
15,58,Belgium-Luxembourg,1016,Goats,1967,2658,A,,,,
135,474,Martinique,1016,Goats,1967,13300,E,,,,
62,230,Ethiopia PDR,1016,Goats,1967,17850000,E,,,,
206,736,Sudan (former),1016,Goats,1967,8293000,A,,,,
182,638,Réunion,1016,Goats,1967,13000,A,,,,
69,254,French Guiana,1016,Goats,1967,600,A,,,,
2,4,Afghanistan,1016,Goats,1967,3200000,A,,,,
3,8,Albania,1016,Goats,1967,1211400,A,,,,
4,12,Algeria,1016,Goats,1967,2321700,A,,,,
7,24,Angola,1016,Goats,1967,660000,E,,,,
8,28,Antigua and Barbuda,1016,Goats,1967,5700,E,,,,
9,32,Argentina,1016,Goats,1967,5280000,X,,,,
10,36,Australia,1016,Goats,1967,40000,E,,,,
11,40,Austria,1016,Goats,1967,93936,A,,,,
12,44,Bahamas,1016,Goats,1967,14100,A,,,,
13,48,Bahrain,1016,Goats,1967,13200,E,,,,
16,50,Bangladesh,1016,Goats,1967,8400000,E,,,,
14,52,Barbados,1016,Goats,1967,19000,X,,,,
23,84,Belize,1016,Goats,1967,1000,E,,,,
53,204,Benin,1016,Goats,1967,572400,A,,,,
18,64,Bhutan,1016,Goats,1967,15350,E,,,,
19,68,Bolivia (Plurinational State of),1016,Goats,1967,2100000,E,,,,
20,72,Botswana,1016,Goats,1967,646842,A,,,,
21,76,Brazil,1016,Goats,1967,5445000,E,,,,
26,96,Brunei Darussalam,1016,Goats,1967,700,A,,,,
27,100,Bulgaria,1016,Goats,1967,409032,A,,,,
233,854,Burkina Faso,1016,Goats,1967,2200000,X,,,,
29,108,Burundi,1016,Goats,1967,411148,A,,,,
35,132,Cabo Verde,1016,Goats,1967,49000,E,,,,
32,120,Cameroon,1016,Goats,1967,1468000,A,,,,
33,124,Canada,1016,Goats,1967,14000,E,,,,
37,140,Central African Republic,1016,Goats,1967,510000,A,,,,
39,148,Chad,1016,Goats,1967,2075000,X,,,,
40,152,Chile,1016,Goats,1967,932000,X,,,,
96,344,"China, Hong Kong SAR",1016,Goats,1967,214,A,,,,
214,158,"China, Taiwan Province of",1016,Goats,1967,156408,A,,,,
41,156,"China, mainland",1016,Goats,1967,60300000,X,,,,
44,170,Colombia,1016,Goats,1967,650000,E,,,,
45,174,Comoros,1016,Goats,1967,84000,X,,,,
46,178,Congo,1016,Goats,1967,50000,A,,,,
47,184,Cook Islands,1016,Goats,1967,2000,X,,,,
48,188,Costa Rica,1016,Goats,1967,1430,E,,,,
49,192,Cuba,1016,Goats,1967,81000,E,,,,
50,196,Cyprus,1016,Goats,1967,300000,A,,,,
107,384,Côte d'Ivoire,1016,Goats,1967,790000,A,,,,
116,408,Democratic People's Republic of Korea,1016,Goats,1967,215000,E,,,,
250,180,Democratic Republic of the Congo,1016,Goats,1967,1800000,E,,,,
72,262,Djibouti,1016,Goats,1967,520000,E,,,,
55,212,Dominica,1016,Goats,1967,5000,E,,,,
56,214,Dominican Republic,1016,Goats,1967,280000,E,,,,
58,218,Ecuador,1016,Goats,1967,178000,E,,,,
59,818,Egypt,1016,Goats,1967,794000,A,,,,
60,222,El Salvador,1016,Goats,1967,16000,X,,,,
61,226,Equatorial Guinea,1016,Goats,1967,8000,A,,,,
209,748,Eswatini,1016,Goats,1967,235275,A,,,,
66,242,Fiji,1016,Goats,1967,148000,E,,,,
67,246,Finland,1016,Goats,1967,1860,E,,,,
68,250,France,1016,Goats,1967,1017000,A,,,,
70,258,French Polynesia,1016,Goats,1967,11100,E,,,,
74,266,Gabon,1016,Goats,1967,57000,X,,,,
75,270,Gambia,1016,Goats,1967,102600,E,,,,
79,276,Germany,1016,Goats,1967,382800,A,,,,
81,288,Ghana,1016,Goats,1967,1310000,E,,,,
84,300,Greece,1016,Goats,1967,3944704,A,,,,
86,308,Grenada,1016,Goats,1967,5000,E,,,,
89,320,Guatemala,1016,Goats,1967,73000,E,,,,
90,324,Guinea,1016,Goats,1967,350000,E,,,,
175,624,Guinea-Bissau,1016,Goats,1967,116000,E,,,,
91,328,Guyana,1016,Goats,1967,31350,A,,,,
93,332,Haiti,1016,Goats,1967,1086000,E,,,,
95,340,Honduras,1016,Goats,1967,25000,X,,,,
97,348,Hungary,1016,Goats,1967,78179,A,,,,
99,352,Iceland,1016,Goats,1967,170,E,,,,
100,356,India,1016,Goats,1967,65066000,X,,,,
101,360,Indonesia,1016,Goats,1967,7092000,A,,,,
102,364,Iran (Islamic Republic of),1016,Goats,1967,13329000,A,,,,
103,368,Iraq,1016,Goats,1967,2100000,E,,,,
105,376,Israel,1016,Goats,1967,150000,A,,,,
106,380,Italy,1016,Goats,1967,1140000,A,,,,
109,388,Jamaica,1016,Goats,1967,500000,E,,,,
110,392,Japan,1016,Goats,1967,275575,A,,,,
112,400,Jordan,1016,Goats,1967,379550,A,,,,
114,404,Kenya,1016,Goats,1967,5330000,A,,,,
118,414,Kuwait,1016,Goats,1967,57000,E,,,,
120,418,Lao People's Democratic Republic,1016,Goats,1967,31000,E,,,,
121,422,Lebanon,1016,Goats,1967,431291,A,,,,
122,426,Lesotho,1016,Goats,1967,890628,A,,,,
123,430,Liberia,1016,Goats,1967,130000,E,,,,
124,434,Libya,1016,Goats,1967,1405047,A,,,,
129,450,Madagascar,1016,Goats,1967,950000,E,,,,
130,454,Malawi,1016,Goats,1967,626121,A,,,,
131,458,Malaysia,1016,Goats,1967,332823,A,,,,
133,466,Mali,1016,Goats,1967,5300000,E,,,,
134,470,Malta,1016,Goats,1967,23430,A,,,,
136,478,Mauritania,1016,Goats,1967,2800000,E,,,,
137,480,Mauritius,1016,Goats,1967,65591,A,,,,
138,484,Mexico,1016,Goats,1967,9350000,E,,,,
141,496,Mongolia,1016,Goats,1967,4414000,A,,,,
143,504,Morocco,1016,Goats,1967,7630000,A,,,,
144,508,Mozambique,1016,Goats,1967,457117,A,,,,
28,104,Myanmar,1016,Goats,1967,640000,A,,,,
147,516,Namibia,1016,Goats,1967,1470000,E,,,,
149,524,Nepal,1016,Goats,1967,4000000,E,,,,
150,528,Netherlands (Kingdom of the),1016,Goats,1967,22000,E,,,,
153,540,New Caledonia,1016,Goats,1967,14000,E,,,,
156,554,New Zealand,1016,Goats,1967,45000,E,,,,
157,558,Nicaragua,1016,Goats,1967,6800,E,,,,
158,562,Niger,1016,Goats,1967,6275000,A,,,,
159,566,Nigeria,1016,Goats,1967,1903000,A,,,,
162,578,Norway,1016,Goats,1967,108003,A,,,,
221,512,Oman,1016,Goats,1967,127000,E,,,,
165,586,Pakistan,1016,Goats,1967,11300000,E,,,,
166,591,Panama,1016,Goats,1967,4600,E,,,,
168,598,Papua New Guinea,1016,Goats,1967,1000,E,,,,
169,600,Paraguay,1016,Goats,1967,47000,A,,,,
170,604,Peru,1016,Goats,1967,1867000,A,,,,
171,608,Philippines,1016,Goats,1967,599000,A,,,,
174,620,Portugal,1016,Goats,1967,561300,E,,,,
177,630,Puerto Rico,1016,Goats,1967,20000,E,,,,
179,634,Qatar,1016,Goats,1967,36500,E,,,,
117,410,Republic of Korea,1016,Goats,1967,133434,A,,,,
183,642,Romania,1016,Goats,1967,827800,A,,,,
184,646,Rwanda,1016,Goats,1967,500000,A,,,,
188,659,Saint Kitts and Nevis,1016,Goats,1967,9470,E,,,,
189,662,Saint Lucia,1016,Goats,1967,5000,A,,,,
191,670,Saint Vincent and the Grenadines,1016,Goats,1967,4000,E,,,,
193,678,Sao Tome and Principe,1016,Goats,1967,1150,A,,,,
194,682,Saudi Arabia,1016,Goats,1967,700000,E,,,,
195,686,Senegal,1016,Goats,1967,1024470,A,,,,
196,690,Seychelles,1016,Goats,1967,2200,E,,,,
197,694,Sierra Leone,1016,Goats,1967,92000,E,,,,
200,702,Singapore,1016,Goats,1967,1534,A,,,,
201,706,Somalia,1016,Goats,1967,14000000,E,,,,
202,710,South Africa,1016,Goats,1967,5636690,A,,,,
203,724,Spain,1016,Goats,1967,2649000,A,,,,
38,144,Sri Lanka,1016,Goats,1967,579896,A,,,,
207,740,Suriname,1016,Goats,1967,7032,A,,,,
211,756,Switzerland,1016,Goats,1967,73000,E,,,,
212,760,Syrian Arab Republic,1016,Goats,1967,827000,A,,,,
216,764,Thailand,1016,Goats,1967,37580,A,,,,
176,626,Timor-Leste,1016,Goats,1967,210663,A,,,,
217,768,Togo,1016,Goats,1967,537000,A,,,,
219,776,Tonga,1016,Goats,1967,3750,A,,,,
220,780,Trinidad and Tobago,1016,Goats,1967,32000,E,,,,
222,788,Tunisia,1016,Goats,1967,490000,A,,,,
227,798,Tuvalu,1016,Goats,1967,,A,,,,
223,792,Türkiye,1016,Goats,1967,20932000,A,,,,
226,800,Uganda,1016,Goats,1967,1997713,A,,,,
225,784,United Arab Emirates,1016,Goats,1967,170000,E,,,,
229,826,United Kingdom of Great Britain and Northern Ireland,1016,Goats,1967,,M,,,,
215,834,United Republic of Tanzania,1016,Goats,1967,4311000,A,,,,
231,840,United States of America,1016,Goats,1967,3969000,A,,,,
234,858,Uruguay,1016,Goats,1967,18000,E,,,,
155,548,Vanuatu,1016,Goats,1967,8950,E,,,,
236,862,Venezuela (Bolivarian Republic of),1016,Goats,1967,1273000,E,,,,
237,704,Viet Nam,1016,Goats,1967,190000,E,,,,
249,887,Yemen,1016,Goats,1967,3203000,X,,,,
251,894,Zambia,1016,Goats,1967,185725,X,,,,
181,716,Zimbabwe,1016,Goats,1967,882000,X,,,,
228,810,USSR,1016,Goats,1968,5580000,A,,,,
51,200,Czechoslovakia,1016,Goats,1968,417000,A,,,,
206,736,Sudan (former),1016,Goats,1968,9123000,A,,,,
87,312,Guadeloupe,1016,Goats,1968,38000,E,,,,
182,638,Réunion,1016,Goats,1968,12000,A,,,,
15,58,Belgium-Luxembourg,1016,Goats,1968,2420,A,,,,
135,474,Martinique,1016,Goats,1968,13000,E,,,,
62,230,Ethiopia PDR,1016,Goats,1968,17800000,E,,,,
69,254,French Guiana,1016,Goats,1968,600,A,,,,
2,4,Afghanistan,1016,Goats,1968,3187000,A,,,,
3,8,Albania,1016,Goats,1968,1022300,A,,,,
4,12,Algeria,1016,Goats,1968,2514850,A,,,,
7,24,Angola,1016,Goats,1968,714760,A,,,,
8,28,Antigua and Barbuda,1016,Goats,1968,5700,E,,,,
9,32,Argentina,1016,Goats,1968,5300000,X,,,,
10,36,Australia,1016,Goats,1968,46000,E,,,,
11,40,Austria,1016,Goats,1968,87883,A,,,,
12,44,Bahamas,1016,Goats,1968,14000,E,,,,
13,48,Bahrain,1016,Goats,1968,13200,E,,,,
16,50,Bangladesh,1016,Goats,1968,8600000,E,,,,
14,52,Barbados,1016,Goats,1968,19000,X,,,,
23,84,Belize,1016,Goats,1968,1000,E,,,,
53,204,Benin,1016,Goats,1968,552027,A,,,,
18,64,Bhutan,1016,Goats,1968,15400,E,,,,
19,68,Bolivia (Plurinational State of),1016,Goats,1968,2150000,E,,,,
20,72,Botswana,1016,Goats,1968,703254,A,,,,
21,76,Brazil,1016,Goats,1968,5604000,E,,,,
26,96,Brunei Darussalam,1016,Goats,1968,834,A,,,,
27,100,Bulgaria,1016,Goats,1968,384176,A,,,,
233,854,Burkina Faso,1016,Goats,1968,2250000,E,,,,
29,108,Burundi,1016,Goats,1968,433963,A,,,,
35,132,Cabo Verde,1016,Goats,1968,49000,E,,,,
32,120,Cameroon,1016,Goats,1968,1500000,A,,,,
33,124,Canada,1016,Goats,1968,15000,E,,,,
37,140,Central African Republic,1016,Goats,1968,510000,A,,,,
39,148,Chad,1016,Goats,1968,2075000,X,,,,
40,152,Chile,1016,Goats,1968,910000,X,,,,
96,344,"China, Hong Kong SAR",1016,Goats,1968,364,A,,,,
214,158,"China, Taiwan Province of",1016,Goats,1968,154808,A,,,,
41,156,"China, mainland",1016,Goats,1968,62000000,X,,,,
44,170,Colombia,1016,Goats,1968,630000,E,,,,
45,174,Comoros,1016,Goats,1968,83000,E,,,,
46,178,Congo,1016,Goats,1968,55000,E,,,,
47,184,Cook Islands,1016,Goats,1968,1800,E,,,,
48,188,Costa Rica,1016,Goats,1968,1400,E,,,,
49,192,Cuba,1016,Goats,1968,82000,E,,,,
50,196,Cyprus,1016,Goats,1968,310000,A,,,,
107,384,Côte d'Ivoire,1016,Goats,1968,795000,A,,,,
116,408,Democratic People's Republic of Korea,1016,Goats,1968,235000,E,,,,
250,180,Democratic Republic of the Congo,1016,Goats,1968,2010000,E,,,,
72,262,Djibouti,1016,Goats,1968,525000,E,,,,
55,212,Dominica,1016,Goats,1968,5050,E,,,,
56,214,Dominican Republic,1016,Goats,1968,290000,E,,,,
58,218,Ecuador,1016,Goats,1968,183885,A,,,,
59,818,Egypt,1016,Goats,1968,970000,E,,,,
60,222,El Salvador,1016,Goats,1968,15000,X,,,,
61,226,Equatorial Guinea,1016,Goats,1968,7000,A,,,,
209,748,Eswatini,1016,Goats,1968,226320,A,,,,
66,242,Fiji,1016,Goats,1968,170000,E,,,,
67,246,Finland,1016,Goats,1968,1900,E,,,,
68,250,France,1016,Goats,1968,924000,A,,,,
70,258,French Polynesia,1016,Goats,1968,11160,E,,,,
74,266,Gabon,1016,Goats,1968,57000,X,,,,
75,270,Gambia,1016,Goats,1968,106700,E,,,,
79,276,Germany,1016,Goats,1968,324800,A,,,,
81,288,Ghana,1016,Goats,1968,1340000,E,,,,
84,300,Greece,1016,Goats,1968,4041807,A,,,,
86,308,Grenada,1016,Goats,1968,5500,E,,,,
89,320,Guatemala,1016,Goats,1968,68000,E,,,,
90,324,Guinea,1016,Goats,1968,350000,E,,,,
175,624,Guinea-Bissau,1016,Goats,1968,116000,E,,,,
91,328,Guyana,1016,Goats,1968,42300,A,,,,
93,332,Haiti,1016,Goats,1968,1100000,E,,,,
95,340,Honduras,1016,Goats,1968,26000,X,,,,
97,348,Hungary,1016,Goats,1968,79000,X,,,,
99,352,Iceland,1016,Goats,1968,183,E,,,,
100,356,India,1016,Goats,1968,65549000,X,,,,
101,360,Indonesia,1016,Goats,1968,8640000,A,,,,
102,364,Iran (Islamic Republic of),1016,Goats,1968,13388000,A,,,,
103,368,Iraq,1016,Goats,1968,2150000,E,,,,
105,376,Israel,1016,Goats,1968,143800,A,,,,
106,380,Italy,1016,Goats,1968,1124000,A,,,,
109,388,Jamaica,1016,Goats,1968,430000,E,,,,
110,392,Japan,1016,Goats,1968,253803,A,,,,
112,400,Jordan,1016,Goats,1968,402744,A,,,,
114,404,Kenya,1016,Goats,1968,5000000,E,,,,
118,414,Kuwait,1016,Goats,1968,60000,E,,,,
120,418,Lao People's Democratic Republic,1016,Goats,1968,32000,E,,,,
121,422,Lebanon,1016,Goats,1968,357310,A,,,,
122,426,Lesotho,1016,Goats,1968,679324,A,,,,
123,430,Liberia,1016,Goats,1968,135000,E,,,,
124,434,Libya,1016,Goats,1968,1336157,A,,,,
129,450,Madagascar,1016,Goats,1968,1078790,A,,,,
130,454,Malawi,1016,Goats,1968,665007,A,,,,
131,458,Malaysia,1016,Goats,1968,357791,A,,,,
133,466,Mali,1016,Goats,1968,5400000,E,,,,
134,470,Malta,1016,Goats,1968,20164,A,,,,
136,478,Mauritania,1016,Goats,1968,3000000,X,,,,
137,480,Mauritius,1016,Goats,1968,65591,A,,,,
138,484,Mexico,1016,Goats,1968,9391995,A,,,,
141,496,Mongolia,1016,Goats,1968,4336000,A,,,,
143,504,Morocco,1016,Goats,1968,8176000,A,,,,
144,508,Mozambique,1016,Goats,1968,485000,A,,,,
28,104,Myanmar,1016,Goats,1968,695176,A,,,,
147,516,Namibia,1016,Goats,1968,1460000,E,,,,
149,524,Nepal,1016,Goats,1968,4050000,E,,,,
150,528,Netherlands (Kingdom of the),1016,Goats,1968,19000,E,,,,
153,540,New Caledonia,1016,Goats,1968,13500,E,,,,
156,554,New Zealand,1016,Goats,1968,42651,A,,,,
157,558,Nicaragua,1016,Goats,1968,7000,E,,,,
158,562,Niger,1016,Goats,1968,6430000,A,,,,
159,566,Nigeria,1016,Goats,1968,2267000,A,,,,
162,578,Norway,1016,Goats,1968,98250,A,,,,
221,512,Oman,1016,Goats,1968,130000,E,,,,
165,586,Pakistan,1016,Goats,1968,11800000,E,,,,
166,591,Panama,1016,Goats,1968,5000,E,,,,
168,598,Papua New Guinea,1016,Goats,1968,1000,E,,,,
169,600,Paraguay,1016,Goats,1968,50000,E,,,,
170,604,Peru,1016,Goats,1968,1821000,A,,,,
171,608,Philippines,1016,Goats,1968,623500,A,,,,
174,620,Portugal,1016,Goats,1968,553080,A,,,,
177,630,Puerto Rico,1016,Goats,1968,20800,E,,,,
179,634,Qatar,1016,Goats,1968,37500,E,,,,
117,410,Republic of Korea,1016,Goats,1968,109279,A,,,,
183,642,Romania,1016,Goats,1968,732000,A,,,,
184,646,Rwanda,1016,Goats,1968,400000,A,,,,
188,659,Saint Kitts and Nevis,1016,Goats,1968,9480,E,,,,
189,662,Saint Lucia,1016,Goats,1968,5500,E,,,,
191,670,Saint Vincent and the Grenadines,1016,Goats,1968,3500,A,,,,
193,678,Sao Tome and Principe,1016,Goats,1968,1026,A,,,,
194,682,Saudi Arabia,1016,Goats,1968,725259,A,,,,
195,686,Senegal,1016,Goats,1968,1101870,A,,,,
196,690,Seychelles,1016,Goats,1968,2300,E,,,,
197,694,Sierra Leone,1016,Goats,1968,95000,E,,,,
200,702,Singapore,1016,Goats,1968,1534,A,,,,
201,706,Somalia,1016,Goats,1968,14500000,E,,,,
202,710,South Africa,1016,Goats,1968,5563932,A,,,,
203,724,Spain,1016,Goats,1968,2626000,A,,,,
38,144,Sri Lanka,1016,Goats,1968,584432,A,,,,
207,740,Suriname,1016,Goats,1968,6700,X,,,,
211,756,Switzerland,1016,Goats,1968,75000,E,,,,
212,760,Syrian Arab Republic,1016,Goats,1968,743346,A,,,,
216,764,Thailand,1016,Goats,1968,36000,E,,,,
176,626,Timor-Leste,1016,Goats,1968,196896,A,,,,
217,768,Togo,1016,Goats,1968,553000,A,,,,
219,776,Tonga,1016,Goats,1968,4039,A,,,,
220,780,Trinidad and Tobago,1016,Goats,1968,33000,E,,,,
222,788,Tunisia,1016,Goats,1968,480000,X,,,,
227,798,Tuvalu,1016,Goats,1968,,A,,,,
223,792,Türkiye,1016,Goats,1968,20659008,A,,,,
226,800,Uganda,1016,Goats,1968,1900426,A,,,,
225,784,United Arab Emirates,1016,Goats,1968,200000,E,,,,
229,826,United Kingdom of Great Britain and Northern Ireland,1016,Goats,1968,,M,,,,
215,834,United Republic of Tanzania,1016,Goats,1968,4348000,A,,,,
231,840,United States of America,1016,Goats,1968,3572000,A,,,,
234,858,Uruguay,1016,Goats,1968,16000,E,,,,
155,548,Vanuatu,1016,Goats,1968,9150,E,,,,
236,862,Venezuela (Bolivarian Republic of),1016,Goats,1968,1274000,E,,,,
237,704,Viet Nam,1016,Goats,1968,190000,E,,,,
249,887,Yemen,1016,Goats,1968,3091000,X,,,,
251,894,Zambia,1016,Goats,1968,180688,X,,,,
181,716,Zimbabwe,1016,Goats,1968,1043285,A,,,,
87,312,Guadeloupe,1016,Goats,1969,38000,E,,,,
182,638,Réunion,1016,Goats,1969,15000,A,,,,
228,810,USSR,1016,Goats,1969,5554000,A,,,,
51,200,Czechoslovakia,1016,Goats,1969,364469,A,,,,
62,230,Ethiopia PDR,1016,Goats,1969,17750000,E,,,,
69,254,French Guiana,1016,Goats,1969,640,E,,,,
206,736,Sudan (former),1016,Goats,1969,8600000,E,,,,
15,58,Belgium-Luxembourg,1016,Goats,1969,2835,A,,,,
135,474,Martinique,1016,Goats,1969,13000,E,,,,
2,4,Afghanistan,1016,Goats,1969,3000000,A,,,,
3,8,Albania,1016,Goats,1969,938600,A,,,,
4,12,Algeria,1016,Goats,1969,2556980,A,,,,
7,24,Angola,1016,Goats,1969,740000,E,,,,
8,28,Antigua and Barbuda,1016,Goats,1969,5800,E,,,,
9,32,Argentina,1016,Goats,1969,5340000,X,,,,
10,36,Australia,1016,Goats,1969,50500,E,,,,
11,40,Austria,1016,Goats,1969,76906,A,,,,
12,44,Bahamas,1016,Goats,1969,13800,E,,,,
13,48,Bahrain,1016,Goats,1969,13200,E,,,,
16,50,Bangladesh,1016,Goats,1969,8800000,E,,,,
14,52,Barbados,1016,Goats,1969,20000,X,,,,
23,84,Belize,1016,Goats,1969,1000,E,,,,
53,204,Benin,1016,Goats,1969,586930,A,,,,
18,64,Bhutan,1016,Goats,1969,15500,E,,,,
19,68,Bolivia (Plurinational State of),1016,Goats,1969,2200000,E,,,,
20,72,Botswana,1016,Goats,1969,846509,A,,,,
21,76,Brazil,1016,Goats,1969,5793000,E,,,,
26,96,Brunei Darussalam,1016,Goats,1969,1066,A,,,,
27,100,Bulgaria,1016,Goats,1969,376295,A,,,,
233,854,Burkina Faso,1016,Goats,1969,2400000,A,,,,
29,108,Burundi,1016,Goats,1969,462497,A,,,,
35,132,Cabo Verde,1016,Goats,1969,48000,E,,,,
32,120,Cameroon,1016,Goats,1969,1600000,E,,,,
33,124,Canada,1016,Goats,1969,15000,E,,,,
37,140,Central African Republic,1016,Goats,1969,530000,E,,,,
39,148,Chad,1016,Goats,1969,2150000,X,,,,
40,152,Chile,1016,Goats,1969,850000,X,,,,
96,344,"China, Hong Kong SAR",1016,Goats,1969,500,A,,,,
214,158,"China, Taiwan Province of",1016,Goats,1969,164695,A,,,,
41,156,"China, mainland",1016,Goats,1969,62000000,X,,,,
44,170,Colombia,1016,Goats,1969,606000,A,,,,
45,174,Comoros,1016,Goats,1969,82000,E,,,,
46,178,Congo,1016,Goats,1969,60000,E,,,,
47,184,Cook Islands,1016,Goats,1969,1600,E,,,,
48,188,Costa Rica,1016,Goats,1969,1380,E,,,,
49,192,Cuba,1016,Goats,1969,82000,E,,,,
50,196,Cyprus,1016,Goats,1969,325000,A,,,,
107,384,Côte d'Ivoire,1016,Goats,1969,803500,A,,,,
116,408,Democratic People's Republic of Korea,1016,Goats,1969,260000,E,,,,
250,180,Democratic Republic of the Congo,1016,Goats,1969,2050000,E,,,,
72,262,Djibouti,1016,Goats,1969,530000,E,,,,
55,212,Dominica,1016,Goats,1969,5050,E,,,,
56,214,Dominican Republic,1016,Goats,1969,300000,E,,,,
58,218,Ecuador,1016,Goats,1969,185000,E,,,,
59,818,Egypt,1016,Goats,1969,1141000,A,,,,
60,222,El Salvador,1016,Goats,1969,14000,X,,,,
61,226,Equatorial Guinea,1016,Goats,1969,7100,E,,,,
209,748,Eswatini,1016,Goats,1969,248110,A,,,,
66,242,Fiji,1016,Goats,1969,170000,E,,,,
67,246,Finland,1016,Goats,1969,1850,E,,,,
68,250,France,1016,Goats,1969,919400,A,,,,
70,258,French Polynesia,1016,Goats,1969,11200,E,,,,
74,266,Gabon,1016,Goats,1969,50000,X,,,,
75,270,Gambia,1016,Goats,1969,111000,E,,,,
79,276,Germany,1016,Goats,1969,279000,A,,,,
81,288,Ghana,1016,Goats,1969,1400000,A,,,,
84,300,Greece,1016,Goats,1969,4005309,A,,,,
86,308,Grenada,1016,Goats,1969,6000,E,,,,
89,320,Guatemala,1016,Goats,1969,64541,A,,,,
90,324,Guinea,1016,Goats,1969,340000,E,,,,
175,624,Guinea-Bissau,1016,Goats,1969,116000,E,,,,
91,328,Guyana,1016,Goats,1969,37900,A,,,,
93,332,Haiti,1016,Goats,1969,1118000,E,,,,
95,340,Honduras,1016,Goats,1969,26000,X,,,,
97,348,Hungary,1016,Goats,1969,80000,X,,,,
99,352,Iceland,1016,Goats,1969,180,E,,,,
100,356,India,1016,Goats,1969,66036000,X,,,,
101,360,Indonesia,1016,Goats,1969,7544000,A,,,,
102,364,Iran (Islamic Republic of),1016,Goats,1969,13500000,E,,,,
103,368,Iraq,1016,Goats,1969,2200000,E,,,,
105,376,Israel,1016,Goats,1969,140700,A,,,,
106,380,Italy,1016,Goats,1969,1045400,A,,,,
109,388,Jamaica,1016,Goats,1969,385000,E,,,,
110,392,Japan,1016,Goats,1969,228535,A,,,,
112,400,Jordan,1016,Goats,1969,527500,A,,,,
114,404,Kenya,1016,Goats,1969,4334000,A,,,,
118,414,Kuwait,1016,Goats,1969,69000,A,,,,
120,418,Lao People's Democratic Republic,1016,Goats,1969,33000,E,,,,
121,422,Lebanon,1016,Goats,1969,348038,A,,,,
122,426,Lesotho,1016,Goats,1969,823895,A,,,,
123,430,Liberia,1016,Goats,1969,140000,E,,,,
124,434,Libya,1016,Goats,1969,1289278,A,,,,
129,450,Madagascar,1016,Goats,1969,1035410,A,,,,
130,454,Malawi,1016,Goats,1969,616961,A,,,,
131,458,Malaysia,1016,Goats,1969,356385,A,,,,
133,466,Mali,1016,Goats,1969,5500000,A,,,,
134,470,Malta,1016,Goats,1969,18650,A,,,,
136,478,Mauritania,1016,Goats,1969,3000000,X,,,,
137,480,Mauritius,1016,Goats,1969,66000,E,,,,
138,484,Mexico,1016,Goats,1969,9415653,A,,,,
141,496,Mongolia,1016,Goats,1969,3795000,A,,,,
143,504,Morocco,1016,Goats,1969,8750000,A,,,,
144,508,Mozambique,1016,Goats,1969,475021,A,,,,
28,104,Myanmar,1016,Goats,1969,631000,A,,,,
147,516,Namibia,1016,Goats,1969,1450000,E,,,,
149,524,Nepal,1016,Goats,1969,4100000,E,,,,
150,528,Netherlands (Kingdom of the),1016,Goats,1969,16000,E,,,,
153,540,New Caledonia,1016,Goats,1969,15800,A,,,,
156,554,New Zealand,1016,Goats,1969,40416,A,,,,
157,558,Nicaragua,1016,Goats,1969,7100,E,,,,
158,562,Niger,1016,Goats,1969,7000000,E,,,,
159,566,Nigeria,1016,Goats,1969,2732000,A,,,,
162,578,Norway,1016,Goats,1969,91670,A,,,,
221,512,Oman,1016,Goats,1969,135000,X,,,,
165,586,Pakistan,1016,Goats,1969,12200000,E,,,,
166,591,Panama,1016,Goats,1969,5000,E,,,,
168,598,Papua New Guinea,1016,Goats,1969,1000,E,,,,
169,600,Paraguay,1016,Goats,1969,54000,E,,,,
170,604,Peru,1016,Goats,1969,1855200,A,,,,
171,608,Philippines,1016,Goats,1969,698300,A,,,,
174,620,Portugal,1016,Goats,1969,643500,X,,,,
177,630,Puerto Rico,1016,Goats,1969,20000,E,,,,
179,634,Qatar,1016,Goats,1969,38500,E,,,,
117,410,Republic of Korea,1016,Goats,1969,99351,A,,,,
183,642,Romania,1016,Goats,1969,632000,A,,,,
184,646,Rwanda,1016,Goats,1969,440000,A,,,,
188,659,Saint Kitts and Nevis,1016,Goats,1969,9480,E,,,,
189,662,Saint Lucia,1016,Goats,1969,6000,E,,,,
191,670,Saint Vincent and the Grenadines,1016,Goats,1969,3000,A,,,,
193,678,Sao Tome and Principe,1016,Goats,1969,1090,A,,,,
194,682,Saudi Arabia,1016,Goats,1969,735000,E,,,,
195,686,Senegal,1016,Goats,1969,1100000,E,,,,
196,690,Seychelles,1016,Goats,1969,2400,E,,,,
197,694,Sierra Leone,1016,Goats,1969,98000,E,,,,
200,702,Singapore,1016,Goats,1969,2000,A,,,,
201,706,Somalia,1016,Goats,1969,14600000,E,,,,
202,710,South Africa,1016,Goats,1969,5701294,A,,,,
203,724,Spain,1016,Goats,1969,2761576,A,,,,
38,144,Sri Lanka,1016,Goats,1969,542587,A,,,,
207,740,Suriname,1016,Goats,1969,5400,X,,,,
211,756,Switzerland,1016,Goats,1969,76000,E,,,,
212,760,Syrian Arab Republic,1016,Goats,1969,761103,A,,,,
216,764,Thailand,1016,Goats,1969,35000,E,,,,
176,626,Timor-Leste,1016,Goats,1969,166765,A,,,,
217,768,Togo,1016,Goats,1969,509000,A,,,,
219,776,Tonga,1016,Goats,1969,4100,E,,,,
220,780,Trinidad and Tobago,1016,Goats,1969,33000,E,,,,
222,788,Tunisia,1016,Goats,1969,390000,E,,,,
227,798,Tuvalu,1016,Goats,1969,,A,,,,
223,792,Türkiye,1016,Goats,1969,20637008,A,,,,
226,800,Uganda,1016,Goats,1969,1710000,A,,,,
225,784,United Arab Emirates,1016,Goats,1969,230000,E,,,,
229,826,United Kingdom of Great Britain and Northern Ireland,1016,Goats,1969,,M,,,,
215,834,United Republic of Tanzania,1016,Goats,1969,4391000,A,,,,
231,840,United States of America,1016,Goats,1969,3215000,A,,,,
234,858,Uruguay,1016,Goats,1969,15000,E,,,,
155,548,Vanuatu,1016,Goats,1969,9270,E,,,,
236,862,Venezuela (Bolivarian Republic of),1016,Goats,1969,1275000,E,,,,
237,704,Viet Nam,1016,Goats,1969,185000,E,,,,
249,887,Yemen,1016,Goats,1969,2666000,X,,,,
251,894,Zambia,1016,Goats,1969,450382,X,,,,
181,716,Zimbabwe,1016,Goats,1969,1361467,A,,,,
182,638,Réunion,1016,Goats,1970,15000,A,,,,
228,810,USSR,1016,Goats,1970,5148000,A,,,,
62,230,Ethiopia PDR,1016,Goats,1970,17000000,E,,,,
87,312,Guadeloupe,1016,Goats,1970,42500,E,,,,
51,200,Czechoslovakia,1016,Goats,1970,318484,A,,,,
206,736,Sudan (former),1016,Goats,1970,8804000,A,,,,
15,58,Belgium-Luxembourg,1016,Goats,1970,2767,A,,,,
135,474,Martinique,1016,Goats,1970,13300,E,,,,
69,254,French Guiana,1016,Goats,1970,680,E,,,,
2,4,Afghanistan,1016,Goats,1970,3200000,A,,,,
3,8,Albania,1016,Goats,1970,883900,A,,,,
4,12,Algeria,1016,Goats,1970,2580780,A,,,,
7,24,Angola,1016,Goats,1970,770286,A,,,,
8,28,Antigua and Barbuda,1016,Goats,1970,5800,E,,,,
9,32,Argentina,1016,Goats,1970,5380000,X,,,,
10,36,Australia,1016,Goats,1970,50000,E,,,,
11,40,Austria,1016,Goats,1970,69399,A,,,,
12,44,Bahamas,1016,Goats,1970,13800,E,,,,
13,48,Bahrain,1016,Goats,1970,13500,E,,,,
16,50,Bangladesh,1016,Goats,1970,9057000,A,,,,
14,52,Barbados,1016,Goats,1970,20000,X,,,,
23,84,Belize,1016,Goats,1970,1000,E,,,,
53,204,Benin,1016,Goats,1970,595400,A,,,,
18,64,Bhutan,1016,Goats,1970,15500,E,,,,
19,68,Bolivia (Plurinational State of),1016,Goats,1970,2351420,A,,,,
20,72,Botswana,1016,Goats,1970,1082000,A,,,,
21,76,Brazil,1016,Goats,1970,5723000,E,,,,
26,96,Brunei Darussalam,1016,Goats,1970,800,A,,,,
27,100,Bulgaria,1016,Goats,1970,350202,A,,,,
233,854,Burkina Faso,1016,Goats,1970,2472000,A,,,,
29,108,Burundi,1016,Goats,1970,472400,A,,,,
35,132,Cabo Verde,1016,Goats,1970,50000,E,,,,
32,120,Cameroon,1016,Goats,1970,1750000,X,,,,
33,124,Canada,1016,Goats,1970,16000,E,,,,
37,140,Central African Republic,1016,Goats,1970,560000,E,,,,
39,148,Chad,1016,Goats,1970,2300000,X,,,,
40,152,Chile,1016,Goats,1970,840000,X,,,,
96,344,"China, Hong Kong SAR",1016,Goats,1970,284,A,,,,
214,158,"China, Taiwan Province of",1016,Goats,1970,169382,A,,,,
41,156,"China, mainland",1016,Goats,1970,60500000,X,,,,
44,170,Colombia,1016,Goats,1970,630000,A,,,,
45,174,Comoros,1016,Goats,1970,81000,E,,,,
46,178,Congo,1016,Goats,1970,65000,E,,,,
47,184,Cook Islands,1016,Goats,1970,1400,E,,,,
48,188,Costa Rica,1016,Goats,1970,1300,E,,,,
49,192,Cuba,1016,Goats,1970,84000,E,,,,
50,196,Cyprus,1016,Goats,1970,335000,A,,,,
107,384,Côte d'Ivoire,1016,Goats,1970,832500,A,,,,
116,408,Democratic People's Republic of Korea,1016,Goats,1970,290000,E,,,,
250,180,Democratic Republic of the Congo,1016,Goats,1970,2322000,A,,,,
72,262,Djibouti,1016,Goats,1970,530000,E,,,,
55,212,Dominica,1016,Goats,1970,5089,X,,,,
56,214,Dominican Republic,1016,Goats,1970,310000,E,,,,
58,218,Ecuador,1016,Goats,1970,191000,X,,,,
59,818,Egypt,1016,Goats,1970,1155000,A,,,,
60,222,El Salvador,1016,Goats,1970,14000,X,,,,
61,226,Equatorial Guinea,1016,Goats,1970,7100,E,,,,
209,748,Eswatini,1016,Goats,1970,259047,A,,,,
66,242,Fiji,1016,Goats,1970,146000,E,,,,
67,246,Finland,1016,Goats,1970,1800,E,,,,
68,250,France,1016,Goats,1970,925200,A,,,,
70,258,French Polynesia,1016,Goats,1970,11260,E,,,,
74,266,Gabon,1016,Goats,1970,50000,X,,,,
75,270,Gambia,1016,Goats,1970,115000,E,,,,
79,276,Germany,1016,Goats,1970,218186,A,,,,
81,288,Ghana,1016,Goats,1970,1412000,A,,,,
84,300,Greece,1016,Goats,1970,4054359,A,,,,
86,308,Grenada,1016,Goats,1970,6500,E,,,,
89,320,Guatemala,1016,Goats,1970,66000,A,,,,
90,324,Guinea,1016,Goats,1970,345000,E,,,,
175,624,Guinea-Bissau,1016,Goats,1970,116000,E,,,,
91,328,Guyana,1016,Goats,1970,38900,A,,,,
93,332,Haiti,1016,Goats,1970,1134000,E,,,,
95,340,Honduras,1016,Goats,1970,26000,X,,,,
97,348,Hungary,1016,Goats,1970,80000,X,,,,
99,352,Iceland,1016,Goats,1970,209,A,,,,
100,356,India,1016,Goats,1970,66526000,X,,,,
101,360,Indonesia,1016,Goats,1970,6336000,A,,,,
102,364,Iran (Islamic Republic of),1016,Goats,1970,13700000,E,,,,
103,368,Iraq,1016,Goats,1970,2301000,A,,,,
105,376,Israel,1016,Goats,1970,135500,A,,,,
106,380,Italy,1016,Goats,1970,1030700,A,,,,
109,388,Jamaica,1016,Goats,1970,358000,E,,,,
110,392,Japan,1016,Goats,1970,192161,A,,,,
112,400,Jordan,1016,Goats,1970,349554,A,,,,
114,404,Kenya,1016,Goats,1970,4227900,X,,,,
118,414,Kuwait,1016,Goats,1970,67424,A,,,,
120,418,Lao People's Democratic Republic,1016,Goats,1970,34000,E,,,,
121,422,Lebanon,1016,Goats,1970,366182,A,,,,
122,426,Lesotho,1016,Goats,1970,897149,A,,,,
123,430,Liberia,1016,Goats,1970,145000,E,,,,
124,434,Libya,1016,Goats,1970,1234400,A,,,,
129,450,Madagascar,1016,Goats,1970,1043742,A,,,,
130,454,Malawi,1016,Goats,1970,599393,A,,,,
131,458,Malaysia,1016,Goats,1970,368776,A,,,,
133,466,Mali,1016,Goats,1970,5500000,A,,,,
134,470,Malta,1016,Goats,1970,17132,A,,,,
136,478,Mauritania,1016,Goats,1970,3000000,E,,,,
137,480,Mauritius,1016,Goats,1970,67000,E,,,,
138,484,Mexico,1016,Goats,1970,9126652,A,,,,
141,496,Mongolia,1016,Goats,1970,3902000,A,,,,
143,504,Morocco,1016,Goats,1970,8500000,E,,,,
144,508,Mozambique,1016,Goats,1970,521916,A,,,,
28,104,Myanmar,1016,Goats,1970,618721,A,,,,
147,516,Namibia,1016,Goats,1970,1440000,E,,,,
149,524,Nepal,1016,Goats,1970,4150000,E,,,,
150,528,Netherlands (Kingdom of the),1016,Goats,1970,13406,A,,,,
153,540,New Caledonia,1016,Goats,1970,12700,E,,,,
156,554,New Zealand,1016,Goats,1970,40000,E,,,,
157,558,Nicaragua,1016,Goats,1970,7000,E,,,,
158,562,Niger,1016,Goats,1970,7779522,A,,,,
159,566,Nigeria,1016,Goats,1970,3151000,A,,,,
162,578,Norway,1016,Goats,1970,84314,A,,,,
221,512,Oman,1016,Goats,1970,150000,X,,,,
165,586,Pakistan,1016,Goats,1970,13200000,E,,,,
166,591,Panama,1016,Goats,1970,5200,E,,,,
168,598,Papua New Guinea,1016,Goats,1970,1000,E,,,,
169,600,Paraguay,1016,Goats,1970,58942,A,,,,
170,604,Peru,1016,Goats,1970,1886000,A,,,,
171,608,Philippines,1016,Goats,1970,771600,A,,,,
174,620,Portugal,1016,Goats,1970,664500,X,,,,
177,630,Puerto Rico,1016,Goats,1970,20800,E,,,,
179,634,Qatar,1016,Goats,1970,39500,E,,,,
117,410,Republic of Korea,1016,Goats,1970,131600,A,,,,
183,642,Romania,1016,Goats,1970,564827,A,,,,
184,646,Rwanda,1016,Goats,1970,481488,A,,,,
188,659,Saint Kitts and Nevis,1016,Goats,1970,9490,E,,,,
189,662,Saint Lucia,1016,Goats,1970,6500,E,,,,
191,670,Saint Vincent and the Grenadines,1016,Goats,1970,3000,A,,,,
193,678,Sao Tome and Principe,1016,Goats,1970,1027,A,,,,
194,682,Saudi Arabia,1016,Goats,1970,740000,E,,,,
195,686,Senegal,1016,Goats,1970,1100000,E,,,,
196,690,Seychelles,1016,Goats,1970,2500,E,,,,
197,694,Sierra Leone,1016,Goats,1970,102000,E,,,,
200,702,Singapore,1016,Goats,1970,2000,A,,,,
201,706,Somalia,1016,Goats,1970,14800000,E,,,,
202,710,South Africa,1016,Goats,1970,5675000,A,,,,
203,724,Spain,1016,Goats,1970,2570422,A,,,,
38,144,Sri Lanka,1016,Goats,1970,556362,A,,,,
207,740,Suriname,1016,Goats,1970,5300,E,,,,
211,756,Switzerland,1016,Goats,1970,72000,E,,,,
212,760,Syrian Arab Republic,1016,Goats,1970,774013,A,,,,
216,764,Thailand,1016,Goats,1970,34000,E,,,,
176,626,Timor-Leste,1016,Goats,1970,204274,A,,,,
217,768,Togo,1016,Goats,1970,547000,A,,,,
219,776,Tonga,1016,Goats,1970,4120,E,,,,
220,780,Trinidad and Tobago,1016,Goats,1970,36000,E,,,,
222,788,Tunisia,1016,Goats,1970,630000,E,,,,
227,798,Tuvalu,1016,Goats,1970,,A,,,,
223,792,Türkiye,1016,Goats,1970,20267008,A,,,,
226,800,Uganda,1016,Goats,1970,1801400,A,,,,
225,784,United Arab Emirates,1016,Goats,1970,260000,E,,,,
229,826,United Kingdom of Great Britain and Northern Ireland,1016,Goats,1970,,M,,,,
215,834,United Republic of Tanzania,1016,Goats,1970,4439000,A,,,,
231,840,United States of America,1016,Goats,1970,2572000,A,,,,
234,858,Uruguay,1016,Goats,1970,14000,E,,,,
155,548,Vanuatu,1016,Goats,1970,9400,E,,,,
236,862,Venezuela (Bolivarian Republic of),1016,Goats,1970,1276000,E,,,,
237,704,Viet Nam,1016,Goats,1970,178000,A,,,,
249,887,Yemen,1016,Goats,1970,2647000,X,,,,
251,894,Zambia,1016,Goats,1970,256187,X,,,,
181,716,Zimbabwe,1016,Goats,1970,1580000,A,,,,
182,638,Réunion,1016,Goats,1971,15000,A,,,,
228,810,USSR,1016,Goats,1971,5362000,A,,,,
87,312,Guadeloupe,1016,Goats,1971,43500,E,,,,
62,230,Ethiopia PDR,1016,Goats,1971,17643008,A,,,,
15,58,Belgium-Luxembourg,1016,Goats,1971,2612,A,,,,
69,254,French Guiana,1016,Goats,1971,720,E,,,,
135,474,Martinique,1016,Goats,1971,15000,E,,,,
206,736,Sudan (former),1016,Goats,1971,8804000,A,,,,
51,200,Czechoslovakia,1016,Goats,1971,284864,A,,,,
2,4,Afghanistan,1016,Goats,1971,3100000,A,,,,
3,8,Albania,1016,Goats,1971,782000,A,,,,
4,12,Algeria,1016,Goats,1971,2499020,A,,,,
7,24,Angola,1016,Goats,1971,821000,A,,,,
8,28,Antigua and Barbuda,1016,Goats,1971,6100,E,,,,
9,32,Argentina,1016,Goats,1971,5420000,X,,,,
10,36,Australia,1016,Goats,1971,75000,E,,,,
11,40,Austria,1016,Goats,1971,62263,A,,,,
12,44,Bahamas,1016,Goats,1971,13700,E,,,,
13,48,Bahrain,1016,Goats,1971,13600,E,,,,
16,50,Bangladesh,1016,Goats,1971,9400000,E,,,,
14,52,Barbados,1016,Goats,1971,19000,E,,,,
23,84,Belize,1016,Goats,1971,1100,E,,,,
53,204,Benin,1016,Goats,1971,609000,A,,,,
18,64,Bhutan,1016,Goats,1971,15600,E,,,,
19,68,Bolivia (Plurinational State of),1016,Goats,1971,2445480,A,,,,
20,72,Botswana,1016,Goats,1971,1033132,A,,,,
21,76,Brazil,1016,Goats,1971,5708993,A,,,,
26,96,Brunei Darussalam,1016,Goats,1971,914,A,,,,
27,100,Bulgaria,1016,Goats,1971,335109,A,,,,
233,854,Burkina Faso,1016,Goats,1971,2546000,A,,,,
29,108,Burundi,1016,Goats,1971,489000,X,,,,
35,132,Cabo Verde,1016,Goats,1971,47482,A,,,,
32,120,Cameroon,1016,Goats,1971,1800000,E,,,,
33,124,Canada,1016,Goats,1971,17841,A,,,,
37,140,Central African Republic,1016,Goats,1971,580000,E,,,,
39,148,Chad,1016,Goats,1971,2150000,A,,,,
40,152,Chile,1016,Goats,1971,839000,X,,,,
96,344,"China, Hong Kong SAR",1016,Goats,1971,280,A,,,,
214,158,"China, Taiwan Province of",1016,Goats,1971,167727,A,,,,
41,156,"China, mainland",1016,Goats,1971,61410000,A,,,,
44,170,Colombia,1016,Goats,1971,654000,A,,,,
45,174,Comoros,1016,Goats,1971,81000,E,,,,
46,178,Congo,1016,Goats,1971,70000,E,,,,
47,184,Cook Islands,1016,Goats,1971,2000,A,,,,
48,188,Costa Rica,1016,Goats,1971,1300,E,,,,
49,192,Cuba,1016,Goats,1971,83000,E,,,,
50,196,Cyprus,1016,Goats,1971,360000,A,,,,
107,384,Côte d'Ivoire,1016,Goats,1971,862500,A,,,,
116,408,Democratic People's Republic of Korea,1016,Goats,1971,310000,E,,,,
250,180,Democratic Republic of the Congo,1016,Goats,1971,2377100,A,,,,
72,262,Djibouti,1016,Goats,1971,520000,E,,,,
55,212,Dominica,1016,Goats,1971,5150,E,,,,
56,214,Dominican Republic,1016,Goats,1971,318978,A,,,,
58,218,Ecuador,1016,Goats,1971,200000,X,,,,
59,818,Egypt,1016,Goats,1971,1203000,A,,,,
60,222,El Salvador,1016,Goats,1971,13000,X,,,,
61,226,Equatorial Guinea,1016,Goats,1971,7100,E,,,,
209,748,Eswatini,1016,Goats,1971,261534,A,,,,
66,242,Fiji,1016,Goats,1971,150000,E,,,,
67,246,Finland,1016,Goats,1971,1800,E,,,,
68,250,France,1016,Goats,1971,924200,A,,,,
70,258,French Polynesia,1016,Goats,1971,11330,E,,,,
74,266,Gabon,1016,Goats,1971,50000,X,,,,
75,270,Gambia,1016,Goats,1971,120000,E,,,,
79,276,Germany,1016,Goats,1971,185186,A,,,,
81,288,Ghana,1016,Goats,1971,1412400,A,,,,
84,300,Greece,1016,Goats,1971,4130411,A,,,,
86,308,Grenada,1016,Goats,1971,7500,A,,,,
89,320,Guatemala,1016,Goats,1971,82000,X,,,,
90,324,Guinea,1016,Goats,1971,340000,E,,,,
175,624,Guinea-Bissau,1016,Goats,1971,122000,E,,,,
91,328,Guyana,1016,Goats,1971,37000,A,,,,
93,332,Haiti,1016,Goats,1971,1150000,E,,,,
95,340,Honduras,1016,Goats,1971,21000,X,,,,
97,348,Hungary,1016,Goats,1971,80000,X,,,,
99,352,Iceland,1016,Goats,1971,209,A,,,,
100,356,India,1016,Goats,1971,67026000,X,,,,
101,360,Indonesia,1016,Goats,1971,6943000,A,,,,
102,364,Iran (Islamic Republic of),1016,Goats,1971,13950000,A,,,,
103,368,Iraq,1016,Goats,1971,2350000,E,,,,
105,376,Israel,1016,Goats,1971,133500,A,,,,
106,380,Italy,1016,Goats,1971,1018710,A,,,,
109,388,Jamaica,1016,Goats,1971,330000,E,,,,
110,392,Japan,1016,Goats,1971,189723,A,,,,
112,400,Jordan,1016,Goats,1971,361319,A,,,,
114,404,Kenya,1016,Goats,1971,4150000,E,,,,
118,414,Kuwait,1016,Goats,1971,68579,A,,,,
120,418,Lao People's Democratic Republic,1016,Goats,1971,35000,E,,,,
121,422,Lebanon,1016,Goats,1971,356900,A,,,,
122,426,Lesotho,1016,Goats,1971,920000,E,,,,
123,430,Liberia,1016,Goats,1971,150000,E,,,,
124,434,Libya,1016,Goats,1971,1141498,A,,,,
129,450,Madagascar,1016,Goats,1971,1051123,A,,,,
130,454,Malawi,1016,Goats,1971,639079,A,,,,
131,458,Malaysia,1016,Goats,1971,357479,A,,,,
133,466,Mali,1016,Goats,1971,5450000,E,,,,
134,470,Malta,1016,Goats,1971,15747,A,,,,
136,478,Mauritania,1016,Goats,1971,2550000,X,,,,
137,480,Mauritius,1016,Goats,1971,60000,E,,,,
138,484,Mexico,1016,Goats,1971,8818000,A,,,,
141,496,Mongolia,1016,Goats,1971,4204000,A,,,,
143,504,Morocco,1016,Goats,1971,8150000,A,,,,
144,508,Mozambique,1016,Goats,1971,570419,A,,,,
28,104,Myanmar,1016,Goats,1971,582051,A,,,,
147,516,Namibia,1016,Goats,1971,1430000,E,,,,
149,524,Nepal,1016,Goats,1971,4200000,E,,,,
150,528,Netherlands (Kingdom of the),1016,Goats,1971,18000,E,,,,
153,540,New Caledonia,1016,Goats,1971,14556,X,,,,
156,554,New Zealand,1016,Goats,1971,40000,E,,,,
157,558,Nicaragua,1016,Goats,1971,6800,E,,,,
158,562,Niger,1016,Goats,1971,7993459,A,,,,
159,566,Nigeria,1016,Goats,1971,3673000,A,,,,
162,578,Norway,1016,Goats,1971,82056,A,,,,
221,512,Oman,1016,Goats,1971,160000,X,,,,
165,586,Pakistan,1016,Goats,1971,14300000,E,,,,
166,591,Panama,1016,Goats,1971,5400,E,,,,
168,598,Papua New Guinea,1016,Goats,1971,1250,E,,,,
169,600,Paraguay,1016,Goats,1971,74400,A,,,,
170,604,Peru,1016,Goats,1971,1945600,A,,,,
171,608,Philippines,1016,Goats,1971,924300,A,,,,
174,620,Portugal,1016,Goats,1971,695500,X,,,,
177,630,Puerto Rico,1016,Goats,1971,21000,E,,,,
179,634,Qatar,1016,Goats,1971,40500,E,,,,
117,410,Republic of Korea,1016,Goats,1971,128000,A,,,,
183,642,Romania,1016,Goats,1971,536472,A,,,,
184,646,Rwanda,1016,Goats,1971,511537,A,,,,
188,659,Saint Kitts and Nevis,1016,Goats,1971,9490,E,,,,
189,662,Saint Lucia,1016,Goats,1971,7000,E,,,,
191,670,Saint Vincent and the Grenadines,1016,Goats,1971,3150,A,,,,
193,678,Sao Tome and Principe,1016,Goats,1971,918,A,,,,
194,682,Saudi Arabia,1016,Goats,1971,750000,E,,,,
195,686,Senegal,1016,Goats,1971,1000000,E,,,,
196,690,Seychelles,1016,Goats,1971,2600,E,,,,
197,694,Sierra Leone,1016,Goats,1971,105000,E,,,,
200,702,Singapore,1016,Goats,1971,2000,A,,,,
201,706,Somalia,1016,Goats,1971,14500000,E,,,,
202,710,South Africa,1016,Goats,1971,5364000,A,,,,
203,724,Spain,1016,Goats,1971,2636000,A,,,,
38,144,Sri Lanka,1016,Goats,1971,546277,A,,,,
207,740,Suriname,1016,Goats,1971,5300,E,,,,
211,756,Switzerland,1016,Goats,1971,70000,E,,,,
212,760,Syrian Arab Republic,1016,Goats,1971,741100,A,,,,
216,764,Thailand,1016,Goats,1971,33000,E,,,,
176,626,Timor-Leste,1016,Goats,1971,217011,A,,,,
217,768,Togo,1016,Goats,1971,447000,A,,,,
219,776,Tonga,1016,Goats,1971,4175,A,,,,
220,780,Trinidad and Tobago,1016,Goats,1971,37000,E,,,,
222,788,Tunisia,1016,Goats,1971,920000,E,,,,
227,798,Tuvalu,1016,Goats,1971,,A,,,,
223,792,Türkiye,1016,Goats,1971,19483008,A,,,,
226,800,Uganda,1016,Goats,1971,2211800,A,,,,
225,784,United Arab Emirates,1016,Goats,1971,280000,E,,,,
229,826,United Kingdom of Great Britain and Northern Ireland,1016,Goats,1971,,M,,,,
215,834,United Republic of Tanzania,1016,Goats,1971,4493000,A,,,,
231,840,United States of America,1016,Goats,1971,2133000,A,,,,
234,858,Uruguay,1016,Goats,1971,13000,E,,,,
155,548,Vanuatu,1016,Goats,1971,9540,E,,,,
236,862,Venezuela (Bolivarian Republic of),1016,Goats,1971,1276000,A,,,,
237,704,Viet Nam,1016,Goats,1971,189000,A,,,,
249,887,Yemen,1016,Goats,1971,2818000,X,,,,
251,894,Zambia,1016,Goats,1971,248894,X,,,,
181,716,Zimbabwe,1016,Goats,1971,1782000,A,,,,
62,230,Ethiopia PDR,1016,Goats,1972,17500000,E,,,,
228,810,USSR,1016,Goats,1972,5417000,A,,,,
87,312,Guadeloupe,1016,Goats,1972,45000,E,,,,
206,736,Sudan (former),1016,Goats,1972,8804000,A,,,,
69,254,French Guiana,1016,Goats,1972,750,E,,,,
135,474,Martinique,1016,Goats,1972,17000,E,,,,
51,200,Czechoslovakia,1016,Goats,1972,241154,A,,,,
182,638,Réunion,1016,Goats,1972,25000,E,,,,
15,58,Belgium-Luxembourg,1016,Goats,1972,2610,A,,,,
2,4,Afghanistan,1016,Goats,1972,2000000,A,,,,
3,8,Albania,1016,Goats,1972,726100,A,,,,
4,12,Algeria,1016,Goats,1972,2406960,A,,,,
7,24,Angola,1016,Goats,1972,900000,E,,,,
8,28,Antigua and Barbuda,1016,Goats,1972,6200,E,,,,
9,32,Argentina,1016,Goats,1972,5460000,X,,,,
10,36,Australia,1016,Goats,1972,70000,E,,,,
11,40,Austria,1016,Goats,1972,56370,A,,,,
12,44,Bahamas,1016,Goats,1972,13700,E,,,,
13,48,Bahrain,1016,Goats,1972,13700,E,,,,
16,50,Bangladesh,1016,Goats,1972,9800000,E,,,,
14,52,Barbados,1016,Goats,1972,18000,E,,,,
23,84,Belize,1016,Goats,1972,1200,E,,,,
53,204,Benin,1016,Goats,1972,636900,A,,,,
18,64,Bhutan,1016,Goats,1972,15650,E,,,,
19,68,Bolivia (Plurinational State of),1016,Goats,1972,2543290,A,,,,
20,72,Botswana,1016,Goats,1972,983229,A,,,,
21,76,Brazil,1016,Goats,1972,6000000,E,,,,
26,96,Brunei Darussalam,1016,Goats,1972,1000,A,,,,
27,100,Bulgaria,1016,Goats,1972,318441,A,,,,
233,854,Burkina Faso,1016,Goats,1972,2550000,E,,,,
29,108,Burundi,1016,Goats,1972,560420,A,,,,
35,132,Cabo Verde,1016,Goats,1972,44000,A,,,,
32,120,Cameroon,1016,Goats,1972,1900000,E,,,,
33,124,Canada,1016,Goats,1972,18000,E,,,,
37,140,Central African Republic,1016,Goats,1972,630000,A,,,,
39,148,Chad,1016,Goats,1972,2600000,X,,,,
40,152,Chile,1016,Goats,1972,900000,X,,,,
96,344,"China, Hong Kong SAR",1016,Goats,1972,296,A,,,,
214,158,"China, Taiwan Province of",1016,Goats,1972,174252,A,,,,
41,156,"China, mainland",1016,Goats,1972,62780000,A,,,,
44,170,Colombia,1016,Goats,1972,660000,A,,,,
45,174,Comoros,1016,Goats,1972,81000,E,,,,
46,178,Congo,1016,Goats,1972,75000,E,,,,
47,184,Cook Islands,1016,Goats,1972,1000,E,,,,
48,188,Costa Rica,1016,Goats,1972,1300,E,,,,
49,192,Cuba,1016,Goats,1972,83000,E,,,,
50,196,Cyprus,1016,Goats,1972,365000,A,,,,
107,384,Côte d'Ivoire,1016,Goats,1972,893500,A,,,,
116,408,Democratic People's Republic of Korea,1016,Goats,1972,340000,E,,,,
250,180,Democratic Republic of the Congo,1016,Goats,1972,2430300,A,,,,
72,262,Djibouti,1016,Goats,1972,510000,E,,,,
55,212,Dominica,1016,Goats,1972,5200,E,,,,
56,214,Dominican Republic,1016,Goats,1972,328000,E,,,,
58,218,Ecuador,1016,Goats,1972,200000,X,,,,
59,818,Egypt,1016,Goats,1972,1234000,A,,,,
60,222,El Salvador,1016,Goats,1972,14000,X,,,,
61,226,Equatorial Guinea,1016,Goats,1972,7200,E,,,,
209,748,Eswatini,1016,Goats,1972,252037,A,,,,
66,242,Fiji,1016,Goats,1972,142000,E,,,,
67,246,Finland,1016,Goats,1972,1800,E,,,,
68,250,France,1016,Goats,1972,908600,A,,,,
70,258,French Polynesia,1016,Goats,1972,11400,E,,,,
74,266,Gabon,1016,Goats,1972,50000,A,,,,
75,270,Gambia,1016,Goats,1972,125000,E,,,,
79,276,Germany,1016,Goats,1972,156437,A,,,,
81,288,Ghana,1016,Goats,1972,1694000,A,,,,
84,300,Greece,1016,Goats,1972,4184703,A,,,,
86,308,Grenada,1016,Goats,1972,7000,E,,,,
89,320,Guatemala,1016,Goats,1972,79000,X,,,,
90,324,Guinea,1016,Goats,1972,338358,A,,,,
175,624,Guinea-Bissau,1016,Goats,1972,126000,E,,,,
91,328,Guyana,1016,Goats,1972,40000,A,,,,
93,332,Haiti,1016,Goats,1972,1166000,E,,,,
95,340,Honduras,1016,Goats,1972,22000,X,,,,
97,348,Hungary,1016,Goats,1972,36193,A,,,,
99,352,Iceland,1016,Goats,1972,235,A,,,,
100,356,India,1016,Goats,1972,67518000,A,,,,
101,360,Indonesia,1016,Goats,1972,7189000,A,,,,
102,364,Iran (Islamic Republic of),1016,Goats,1972,13460000,A,,,,
103,368,Iraq,1016,Goats,1972,2400000,E,,,,
105,376,Israel,1016,Goats,1972,131000,A,,,,
106,380,Italy,1016,Goats,1972,975890,A,,,,
109,388,Jamaica,1016,Goats,1972,300000,E,,,,
110,392,Japan,1016,Goats,1972,162568,A,,,,
112,400,Jordan,1016,Goats,1972,387200,A,,,,
114,404,Kenya,1016,Goats,1972,4050000,X,,,,
118,414,Kuwait,1016,Goats,1972,73718,A,,,,
120,418,Lao People's Democratic Republic,1016,Goats,1972,36000,E,,,,
121,422,Lebanon,1016,Goats,1972,354548,A,,,,
122,426,Lesotho,1016,Goats,1972,930000,E,,,,
123,430,Liberia,1016,Goats,1972,155000,E,,,,
124,434,Libya,1016,Goats,1972,1109000,A,,,,
129,450,Madagascar,1016,Goats,1972,1101469,A,,,,
130,454,Malawi,1016,Goats,1972,629901,A,,,,
131,458,Malaysia,1016,Goats,1972,346462,A,,,,
133,466,Mali,1016,Goats,1972,4600000,E,,,,
134,470,Malta,1016,Goats,1972,14002,A,,,,
136,478,Mauritania,1016,Goats,1972,2500000,X,,,,
137,480,Mauritius,1016,Goats,1972,65000,E,,,,
138,484,Mexico,1016,Goats,1972,9232390,A,,,,
141,496,Mongolia,1016,Goats,1972,4194800,A,,,,
143,504,Morocco,1016,Goats,1972,8000000,A,,,,
144,508,Mozambique,1016,Goats,1972,580337,A,,,,
28,104,Myanmar,1016,Goats,1972,569871,A,,,,
147,516,Namibia,1016,Goats,1972,1420000,E,,,,
149,524,Nepal,1016,Goats,1972,4250000,E,,,,
150,528,Netherlands (Kingdom of the),1016,Goats,1972,20000,E,,,,
153,540,New Caledonia,1016,Goats,1972,14000,A,,,,
156,554,New Zealand,1016,Goats,1972,65000,E,,,,
157,558,Nicaragua,1016,Goats,1972,6600,E,,,,
158,562,Niger,1016,Goats,1972,8168499,A,,,,
159,566,Nigeria,1016,Goats,1972,4304000,A,,,,
162,578,Norway,1016,Goats,1972,76210,A,,,,
221,512,Oman,1016,Goats,1972,165000,E,,,,
165,586,Pakistan,1016,Goats,1972,15581000,A,,,,
166,591,Panama,1016,Goats,1972,5400,E,,,,
168,598,Papua New Guinea,1016,Goats,1972,1250,E,,,,
169,600,Paraguay,1016,Goats,1972,86600,A,,,,
170,604,Peru,1016,Goats,1972,1991500,A,,,,
171,608,Philippines,1016,Goats,1972,1082600,A,,,,
174,620,Portugal,1016,Goats,1972,755044,A,,,,
177,630,Puerto Rico,1016,Goats,1972,20600,E,,,,
179,634,Qatar,1016,Goats,1972,42315,A,,,,
117,410,Republic of Korea,1016,Goats,1972,152227,A,,,,
183,642,Romania,1016,Goats,1972,562514,A,,,,
184,646,Rwanda,1016,Goats,1972,505876,A,,,,
188,659,Saint Kitts and Nevis,1016,Goats,1972,9500,E,,,,
189,662,Saint Lucia,1016,Goats,1972,7500,E,,,,
191,670,Saint Vincent and the Grenadines,1016,Goats,1972,3200,E,,,,
193,678,Sao Tome and Principe,1016,Goats,1972,1000,E,,,,
194,682,Saudi Arabia,1016,Goats,1972,755210,A,,,,
195,686,Senegal,1016,Goats,1972,1000000,E,,,,
196,690,Seychelles,1016,Goats,1972,2700,E,,,,
197,694,Sierra Leone,1016,Goats,1972,109000,E,,,,
200,702,Singapore,1016,Goats,1972,2000,A,,,,
201,706,Somalia,1016,Goats,1972,14700000,E,,,,
202,710,South Africa,1016,Goats,1972,5348000,A,,,,
203,724,Spain,1016,Goats,1972,2514286,A,,,,
38,144,Sri Lanka,1016,Goats,1972,561782,A,,,,
207,740,Suriname,1016,Goats,1972,5500,E,,,,
211,756,Switzerland,1016,Goats,1972,70000,E,,,,
212,760,Syrian Arab Republic,1016,Goats,1972,697079,A,,,,
216,764,Thailand,1016,Goats,1972,32000,E,,,,
176,626,Timor-Leste,1016,Goats,1972,210277,A,,,,
217,768,Togo,1016,Goats,1972,617000,A,,,,
219,776,Tonga,1016,Goats,1972,4300,E,,,,
220,780,Trinidad and Tobago,1016,Goats,1972,38000,X,,,,
222,788,Tunisia,1016,Goats,1972,1040000,E,,,,
227,798,Tuvalu,1016,Goats,1972,,A,,,,
223,792,Türkiye,1016,Goats,1972,19169008,A,,,,
226,800,Uganda,1016,Goats,1972,1953000,A,,,,
225,784,United Arab Emirates,1016,Goats,1972,300000,E,,,,
229,826,United Kingdom of Great Britain and Northern Ireland,1016,Goats,1972,,M,,,,
215,834,United Republic of Tanzania,1016,Goats,1972,4554000,A,,,,
231,840,United States of America,1016,Goats,1972,1650000,A,,,,
234,858,Uruguay,1016,Goats,1972,12000,E,,,,
155,548,Vanuatu,1016,Goats,1972,9670,E,,,,
236,862,Venezuela (Bolivarian Republic of),1016,Goats,1972,1278714,A,,,,
237,704,Viet Nam,1016,Goats,1972,189000,E,,,,
249,887,Yemen,1016,Goats,1972,2554000,X,,,,
251,894,Zambia,1016,Goats,1972,244876,X,,,,
181,716,Zimbabwe,1016,Goats,1972,1905000,A,,,,
51,200,Czechoslovakia,1016,Goats,1973,212097,A,,,,
135,474,Martinique,1016,Goats,1973,18000,E,,,,
182,638,Réunion,1016,Goats,1973,39800,A,,,,
87,312,Guadeloupe,1016,Goats,1973,46500,E,,,,
228,810,USSR,1016,Goats,1973,5604000,A,,,,
62,230,Ethiopia PDR,1016,Goats,1973,17715008,A,,,,
69,254,French Guiana,1016,Goats,1973,800,E,,,,
15,58,Belgium-Luxembourg,1016,Goats,1973,3220,A,,,,
206,736,Sudan (former),1016,Goats,1973,9701000,A,,,,
2,4,Afghanistan,1016,Goats,1973,2450000,A,,,,
3,8,Albania,1016,Goats,1973,705300,E,,,,
4,12,Algeria,1016,Goats,1973,2406940,A,,,,
7,24,Angola,1016,Goats,1973,950000,E,,,,
8,28,Antigua and Barbuda,1016,Goats,1973,6500,E,,,,
9,32,Argentina,1016,Goats,1973,5500000,X,,,,
10,36,Australia,1016,Goats,1973,70000,E,,,,
11,40,Austria,1016,Goats,1973,50734,A,,,,
12,44,Bahamas,1016,Goats,1973,13600,E,,,,
13,48,Bahrain,1016,Goats,1973,17000,E,,,,
16,50,Bangladesh,1016,Goats,1973,10200000,E,,,,
14,52,Barbados,1016,Goats,1973,18000,E,,,,
23,84,Belize,1016,Goats,1973,1300,E,,,,
53,204,Benin,1016,Goats,1973,776350,A,,,,
18,64,Bhutan,1016,Goats,1973,15700,E,,,,
19,68,Bolivia (Plurinational State of),1016,Goats,1973,2645030,A,,,,
20,72,Botswana,1016,Goats,1973,682000,A,,,,
21,76,Brazil,1016,Goats,1973,6394000,A,,,,
26,96,Brunei Darussalam,1016,Goats,1973,1000,A,,,,
27,100,Bulgaria,1016,Goats,1973,301515,A,,,,
233,854,Burkina Faso,1016,Goats,1973,2400000,E,,,,
29,108,Burundi,1016,Goats,1973,589528,A,,,,
35,132,Cabo Verde,1016,Goats,1973,40000,A,,,,
32,120,Cameroon,1016,Goats,1973,1750000,A,,,,
33,124,Canada,1016,Goats,1973,18000,E,,,,
37,140,Central African Republic,1016,Goats,1973,650000,A,,,,
39,148,Chad,1016,Goats,1973,2600000,A,,,,
40,152,Chile,1016,Goats,1973,865000,X,,,,
96,344,"China, Hong Kong SAR",1016,Goats,1973,280,A,,,,
214,158,"China, Taiwan Province of",1016,Goats,1973,177606,A,,,,
41,156,"China, mainland",1016,Goats,1973,61340000,A,,,,
44,170,Colombia,1016,Goats,1973,637087,X,,,,
45,174,Comoros,1016,Goats,1973,81000,E,,,,
46,178,Congo,1016,Goats,1973,79000,E,,,,
47,184,Cook Islands,1016,Goats,1973,880,A,,,,
48,188,Costa Rica,1016,Goats,1973,1300,E,,,,
49,192,Cuba,1016,Goats,1973,86000,E,,,,
50,196,Cyprus,1016,Goats,1973,380000,A,,,,
107,384,Côte d'Ivoire,1016,Goats,1973,924000,E,,,,
116,408,Democratic People's Republic of Korea,1016,Goats,1973,360000,E,,,,
250,180,Democratic Republic of the Congo,1016,Goats,1973,2486600,A,,,,
72,262,Djibouti,1016,Goats,1973,500000,E,,,,
55,212,Dominica,1016,Goats,1973,5250,E,,,,
56,214,Dominican Republic,1016,Goats,1973,335000,E,,,,
58,218,Ecuador,1016,Goats,1973,200000,X,,,,
59,818,Egypt,1016,Goats,1973,1264000,A,,,,
60,222,El Salvador,1016,Goats,1973,13000,X,,,,
61,226,Equatorial Guinea,1016,Goats,1973,7000,E,,,,
209,748,Eswatini,1016,Goats,1973,265092,A,,,,
66,242,Fiji,1016,Goats,1973,138000,E,,,,
67,246,Finland,1016,Goats,1973,2000,X,,,,
68,250,France,1016,Goats,1973,898700,A,,,,
70,258,French Polynesia,1016,Goats,1973,11500,E,,,,
74,266,Gabon,1016,Goats,1973,50000,E,,,,
75,270,Gambia,1016,Goats,1973,130000,E,,,,
79,276,Germany,1016,Goats,1973,136329,A,,,,
81,288,Ghana,1016,Goats,1973,1386700,A,,,,
84,300,Greece,1016,Goats,1973,4261315,A,,,,
86,308,Grenada,1016,Goats,1973,6700,E,,,,
89,320,Guatemala,1016,Goats,1973,77000,X,,,,
90,324,Guinea,1016,Goats,1973,364019,A,,,,
175,624,Guinea-Bissau,1016,Goats,1973,132000,E,,,,
91,328,Guyana,1016,Goats,1973,50000,A,,,,
93,332,Haiti,1016,Goats,1973,1200000,X,,,,
95,340,Honduras,1016,Goats,1973,22000,X,,,,
97,348,Hungary,1016,Goats,1973,35000,X,,,,
99,352,Iceland,1016,Goats,1973,228,A,,,,
100,356,India,1016,Goats,1973,69000000,X,,,,
101,360,Indonesia,1016,Goats,1973,6665000,A,,,,
102,364,Iran (Islamic Republic of),1016,Goats,1973,14192000,A,,,,
103,368,Iraq,1016,Goats,1973,2500000,E,,,,
105,376,Israel,1016,Goats,1973,134500,A,,,,
106,380,Italy,1016,Goats,1973,950300,A,,,,
109,388,Jamaica,1016,Goats,1973,300000,E,,,,
110,392,Japan,1016,Goats,1973,137000,A,,,,
112,400,Jordan,1016,Goats,1973,501700,A,,,,
114,404,Kenya,1016,Goats,1973,4000000,E,,,,
118,414,Kuwait,1016,Goats,1973,76924,A,,,,
120,418,Lao People's Democratic Republic,1016,Goats,1973,37000,E,,,,
121,422,Lebanon,1016,Goats,1973,330043,A,,,,
122,426,Lesotho,1016,Goats,1973,942600,A,,,,
123,430,Liberia,1016,Goats,1973,160000,E,,,,
124,434,Libya,1016,Goats,1973,1000000,A,,,,
129,450,Madagascar,1016,Goats,1973,1019775,A,,,,
130,454,Malawi,1016,Goats,1973,565580,A,,,,
131,458,Malaysia,1016,Goats,1973,323185,A,,,,
133,466,Mali,1016,Goats,1973,3800000,E,,,,
134,470,Malta,1016,Goats,1973,12964,A,,,,
136,478,Mauritania,1016,Goats,1973,2500000,X,,,,
137,480,Mauritius,1016,Goats,1973,65000,E,,,,
138,484,Mexico,1016,Goats,1973,9177000,A,,,,
141,496,Mongolia,1016,Goats,1973,4338400,A,,,,
143,504,Morocco,1016,Goats,1973,7500000,A,,,,
144,508,Mozambique,1016,Goats,1973,568330,A,,,,
28,104,Myanmar,1016,Goats,1973,574000,A,,,,
147,516,Namibia,1016,Goats,1973,1400000,E,,,,
149,524,Nepal,1016,Goats,1973,4300000,E,,,,
150,528,Netherlands (Kingdom of the),1016,Goats,1973,25000,E,,,,
153,540,New Caledonia,1016,Goats,1973,13000,E,,,,
156,554,New Zealand,1016,Goats,1973,90000,E,,,,
157,558,Nicaragua,1016,Goats,1973,6400,E,,,,
158,562,Niger,1016,Goats,1973,5575324,A,,,,
159,566,Nigeria,1016,Goats,1973,4977000,A,,,,
162,578,Norway,1016,Goats,1973,72370,A,,,,
221,512,Oman,1016,Goats,1973,172000,E,,,,
165,586,Pakistan,1016,Goats,1973,16925008,A,,,,
166,591,Panama,1016,Goats,1973,5600,E,,,,
168,598,Papua New Guinea,1016,Goats,1973,1250,E,,,,
169,600,Paraguay,1016,Goats,1973,100000,A,,,,
170,604,Peru,1016,Goats,1973,1988800,A,,,,
171,608,Philippines,1016,Goats,1973,1700000,E,,,,
174,620,Portugal,1016,Goats,1973,758394,A,,,,
177,630,Puerto Rico,1016,Goats,1973,21800,E,,,,
179,634,Qatar,1016,Goats,1973,44000,E,,,,
117,410,Republic of Korea,1016,Goats,1973,194105,A,,,,
183,642,Romania,1016,Goats,1973,534390,A,,,,
184,646,Rwanda,1016,Goats,1973,628301,A,,,,
188,659,Saint Kitts and Nevis,1016,Goats,1973,9500,E,,,,
189,662,Saint Lucia,1016,Goats,1973,8055,A,,,,
191,670,Saint Vincent and the Grenadines,1016,Goats,1973,3250,E,,,,
193,678,Sao Tome and Principe,1016,Goats,1973,1400,E,,,,
194,682,Saudi Arabia,1016,Goats,1973,836859,A,,,,
195,686,Senegal,1016,Goats,1973,900000,A,,,,
196,690,Seychelles,1016,Goats,1973,2800,E,,,,
197,694,Sierra Leone,1016,Goats,1973,113000,E,,,,
200,702,Singapore,1016,Goats,1973,2000,A,,,,
201,706,Somalia,1016,Goats,1973,15000000,E,,,,
202,710,South Africa,1016,Goats,1973,5252000,A,,,,
203,724,Spain,1016,Goats,1973,2463682,A,,,,
38,144,Sri Lanka,1016,Goats,1973,549347,A,,,,
207,740,Suriname,1016,Goats,1973,5600,E,,,,
211,756,Switzerland,1016,Goats,1973,69206,A,,,,
212,760,Syrian Arab Republic,1016,Goats,1973,607925,A,,,,
216,764,Thailand,1016,Goats,1973,31000,E,,,,
176,626,Timor-Leste,1016,Goats,1973,197453,A,,,,
217,768,Togo,1016,Goats,1973,639000,A,,,,
219,776,Tonga,1016,Goats,1973,4500,E,,,,
220,780,Trinidad and Tobago,1016,Goats,1973,39000,X,,,,
222,788,Tunisia,1016,Goats,1973,770000,E,,,,
227,798,Tuvalu,1016,Goats,1973,,A,,,,
223,792,Türkiye,1016,Goats,1973,18463008,A,,,,
226,800,Uganda,1016,Goats,1973,2100800,A,,,,
225,784,United Arab Emirates,1016,Goats,1973,304000,X,,,,
229,826,United Kingdom of Great Britain and Northern Ireland,1016,Goats,1973,,M,,,,
215,834,United Republic of Tanzania,1016,Goats,1973,3996500,E,,,,
231,840,United States of America,1016,Goats,1973,1775000,A,,,,
234,858,Uruguay,1016,Goats,1973,12000,E,,,,
155,548,Vanuatu,1016,Goats,1973,9800,E,,,,
236,862,Venezuela (Bolivarian Republic of),1016,Goats,1973,1289000,A,,,,
237,704,Viet Nam,1016,Goats,1973,189000,E,,,,
249,887,Yemen,1016,Goats,1973,2526000,X,,,,
251,894,Zambia,1016,Goats,1973,300164,X,,,,
181,716,Zimbabwe,1016,Goats,1973,1974000,A,,,,
51,200,Czechoslovakia,1016,Goats,1974,174088,A,,,,
87,312,Guadeloupe,1016,Goats,1974,47500,E,,,,
182,638,Réunion,1016,Goats,1974,39800,A,,,,
206,736,Sudan (former),1016,Goats,1974,10496000,A,,,,
69,254,French Guiana,1016,Goats,1974,800,E,,,,
62,230,Ethiopia PDR,1016,Goats,1974,17646000,A,,,,
135,474,Martinique,1016,Goats,1974,18000,E,,,,
15,58,Belgium-Luxembourg,1016,Goats,1974,4217,A,,,,
228,810,USSR,1016,Goats,1974,5900000,A,,,,
2,4,Afghanistan,1016,Goats,1974,2750000,A,,,,
3,8,Albania,1016,Goats,1974,674000,E,,,,
4,12,Algeria,1016,Goats,1974,2544800,A,,,,
7,24,Angola,1016,Goats,1974,1000000,E,,,,
8,28,Antigua and Barbuda,1016,Goats,1974,6856,A,,,,
9,32,Argentina,1016,Goats,1974,4580263,A,,,,
10,36,Australia,1016,Goats,1974,65000,E,,,,
11,40,Austria,1016,Goats,1974,48543,A,,,,
12,44,Bahamas,1016,Goats,1974,13500,E,,,,
13,48,Bahrain,1016,Goats,1974,13523,A,,,,
16,50,Bangladesh,1016,Goats,1974,10600000,E,,,,
14,52,Barbados,1016,Goats,1974,17000,E,,,,
23,84,Belize,1016,Goats,1974,807,A,,,,
53,204,Benin,1016,Goats,1974,776350,A,,,,
18,64,Bhutan,1016,Goats,1974,15800,E,,,,
19,68,Bolivia (Plurinational State of),1016,Goats,1974,2711220,A,,,,
20,72,Botswana,1016,Goats,1974,700000,E,,,,
21,76,Brazil,1016,Goats,1974,7171000,A,,,,
26,96,Brunei Darussalam,1016,Goats,1974,1000,A,,,,
27,100,Bulgaria,1016,Goats,1974,285891,A,,,,
233,854,Burkina Faso,1016,Goats,1974,2300000,E,,,,
29,108,Burundi,1016,Goats,1974,630582,A,,,,
35,132,Cabo Verde,1016,Goats,1974,45000,A,,,,
32,120,Cameroon,1016,Goats,1974,1800000,A,,,,
33,124,Canada,1016,Goats,1974,19000,E,,,,
37,140,Central African Republic,1016,Goats,1974,694426,A,,,,
39,148,Chad,1016,Goats,1974,2450000,A,,,,
40,152,Chile,1016,Goats,1974,835000,X,,,,
96,344,"China, Hong Kong SAR",1016,Goats,1974,300,A,,,,
214,158,"China, Taiwan Province of",1016,Goats,1974,180538,A,,,,
41,156,"China, mainland",1016,Goats,1974,64100000,A,,,,
44,170,Colombia,1016,Goats,1974,675312,X,,,,
45,174,Comoros,1016,Goats,1974,82000,E,,,,
46,178,Congo,1016,Goats,1974,83762,A,,,,
47,184,Cook Islands,1016,Goats,1974,2000,A,,,,
48,188,Costa Rica,1016,Goats,1974,1300,E,,,,
49,192,Cuba,1016,Goats,1974,88000,E,,,,
50,196,Cyprus,1016,Goats,1974,340000,A,,,,
107,384,Côte d'Ivoire,1016,Goats,1974,960000,E,,,,
116,408,Democratic People's Republic of Korea,1016,Goats,1974,390000,E,,,,
250,180,Democratic Republic of the Congo,1016,Goats,1974,2544200,A,,,,
72,262,Djibouti,1016,Goats,1974,500000,E,,,,
55,212,Dominica,1016,Goats,1974,5300,E,,,,
56,214,Dominican Republic,1016,Goats,1974,340000,E,,,,
58,218,Ecuador,1016,Goats,1974,222074,A,,,,
59,818,Egypt,1016,Goats,1974,1293000,A,,,,
60,222,El Salvador,1016,Goats,1974,12000,X,,,,
61,226,Equatorial Guinea,1016,Goats,1974,7000,A,,,,
209,748,Eswatini,1016,Goats,1974,248890,A,,,,
66,242,Fiji,1016,Goats,1974,141000,E,,,,
67,246,Finland,1016,Goats,1974,2000,X,,,,
68,250,France,1016,Goats,1974,923000,A,,,,
70,258,French Polynesia,1016,Goats,1974,11600,E,,,,
74,266,Gabon,1016,Goats,1974,51000,E,,,,
75,270,Gambia,1016,Goats,1974,135000,E,,,,
79,276,Germany,1016,Goats,1974,115636,A,,,,
81,288,Ghana,1016,Goats,1974,1556600,A,,,,
84,300,Greece,1016,Goats,1974,4471707,A,,,,
86,308,Grenada,1016,Goats,1974,6192,A,,,,
89,320,Guatemala,1016,Goats,1974,76000,X,,,,
90,324,Guinea,1016,Goats,1974,364713,A,,,,
175,624,Guinea-Bissau,1016,Goats,1974,136000,E,,,,
91,328,Guyana,1016,Goats,1974,55000,A,,,,
93,332,Haiti,1016,Goats,1974,1100000,X,,,,
95,340,Honduras,1016,Goats,1974,16132,A,,,,
97,348,Hungary,1016,Goats,1974,35000,X,,,,
99,352,Iceland,1016,Goats,1974,266,A,,,,
100,356,India,1016,Goats,1974,71000000,X,,,,
101,360,Indonesia,1016,Goats,1974,6517000,A,,,,
102,364,Iran (Islamic Republic of),1016,Goats,1974,14289000,A,,,,
103,368,Iraq,1016,Goats,1974,2584000,A,,,,
105,376,Israel,1016,Goats,1974,138000,A,,,,
106,380,Italy,1016,Goats,1974,947900,A,,,,
109,388,Jamaica,1016,Goats,1974,300000,E,,,,
110,392,Japan,1016,Goats,1974,124100,A,,,,
112,400,Jordan,1016,Goats,1974,398702,A,,,,
114,404,Kenya,1016,Goats,1974,3900000,E,,,,
118,414,Kuwait,1016,Goats,1974,81342,A,,,,
120,418,Lao People's Democratic Republic,1016,Goats,1974,35000,E,,,,
121,422,Lebanon,1016,Goats,1974,362162,A,,,,
122,426,Lesotho,1016,Goats,1974,961900,A,,,,
123,430,Liberia,1016,Goats,1974,165000,E,,,,
124,434,Libya,1016,Goats,1974,1147095,A,,,,
129,450,Madagascar,1016,Goats,1974,1234976,A,,,,
130,454,Malawi,1016,Goats,1974,677089,A,,,,
131,458,Malaysia,1016,Goats,1974,342472,A,,,,
133,466,Mali,1016,Goats,1974,4300000,E,,,,
134,470,Malta,1016,Goats,1974,10818,A,,,,
136,478,Mauritania,1016,Goats,1974,2350000,X,,,,
137,480,Mauritius,1016,Goats,1974,66000,E,,,,
138,484,Mexico,1016,Goats,1974,9121900,A,,,,
141,496,Mongolia,1016,Goats,1974,4441700,A,,,,
143,504,Morocco,1016,Goats,1974,7000000,A,,,,
144,508,Mozambique,1016,Goats,1974,572000,A,,,,
28,104,Myanmar,1016,Goats,1974,512288,A,,,,
147,516,Namibia,1016,Goats,1974,1300000,X,,,,
149,524,Nepal,1016,Goats,1974,4350000,E,,,,
150,528,Netherlands (Kingdom of the),1016,Goats,1974,25000,E,,,,
153,540,New Caledonia,1016,Goats,1974,12000,E,,,,
156,554,New Zealand,1016,Goats,1974,50000,E,,,,
157,558,Nicaragua,1016,Goats,1974,6200,E,,,,
158,562,Niger,1016,Goats,1974,6376615,A,,,,
159,566,Nigeria,1016,Goats,1974,5607000,A,,,,
162,578,Norway,1016,Goats,1974,69775,A,,,,
221,512,Oman,1016,Goats,1974,225000,E,,,,
165,586,Pakistan,1016,Goats,1974,18385008,A,,,,
166,591,Panama,1016,Goats,1974,5800,E,,,,
168,598,Papua New Guinea,1016,Goats,1974,1250,E,,,,
169,600,Paraguay,1016,Goats,1974,104800,A,,,,
170,604,Peru,1016,Goats,1974,2011900,A,,,,
171,608,Philippines,1016,Goats,1974,1780000,E,,,,
174,620,Portugal,1016,Goats,1974,738000,X,,,,
177,630,Puerto Rico,1016,Goats,1974,21800,E,,,,
179,634,Qatar,1016,Goats,1974,43000,E,,,,
117,410,Republic of Korea,1016,Goats,1974,252900,A,,,,
183,642,Romania,1016,Goats,1974,499000,A,,,,
184,646,Rwanda,1016,Goats,1974,559700,A,,,,
188,659,Saint Kitts and Nevis,1016,Goats,1974,9520,E,,,,
189,662,Saint Lucia,1016,Goats,1974,8200,E,,,,
191,670,Saint Vincent and the Grenadines,1016,Goats,1974,3300,E,,,,
193,678,Sao Tome and Principe,1016,Goats,1974,2000,E,,,,
194,682,Saudi Arabia,1016,Goats,1974,1000000,E,,,,
195,686,Senegal,1016,Goats,1974,804000,A,,,,
196,690,Seychelles,1016,Goats,1974,3000,E,,,,
197,694,Sierra Leone,1016,Goats,1974,117000,E,,,,
200,702,Singapore,1016,Goats,1974,2100,A,,,,
201,706,Somalia,1016,Goats,1974,14000000,E,,,,
202,710,South Africa,1016,Goats,1974,5346000,A,,,,
203,724,Spain,1016,Goats,1974,2207306,A,,,,
38,144,Sri Lanka,1016,Goats,1974,547306,A,,,,
207,740,Suriname,1016,Goats,1974,5900,E,,,,
211,756,Switzerland,1016,Goats,1974,70000,X,,,,
212,760,Syrian Arab Republic,1016,Goats,1974,684239,A,,,,
216,764,Thailand,1016,Goats,1974,30000,E,,,,
176,626,Timor-Leste,1016,Goats,1974,191995,A,,,,
217,768,Togo,1016,Goats,1974,691000,A,,,,
219,776,Tonga,1016,Goats,1974,4700,E,,,,
220,780,Trinidad and Tobago,1016,Goats,1974,40000,X,,,,
222,788,Tunisia,1016,Goats,1974,840000,E,,,,
227,798,Tuvalu,1016,Goats,1974,,A,,,,
223,792,Türkiye,1016,Goats,1974,18700000,A,,,,
226,800,Uganda,1016,Goats,1974,1872800,A,,,,
225,784,United Arab Emirates,1016,Goats,1974,309000,X,,,,
229,826,United Kingdom of Great Britain and Northern Ireland,1016,Goats,1974,,M,,,,
215,834,United Republic of Tanzania,1016,Goats,1974,4078100,E,,,,
231,840,United States of America,1016,Goats,1974,1560000,A,,,,
234,858,Uruguay,1016,Goats,1974,12000,E,,,,
155,548,Vanuatu,1016,Goats,1974,10000,E,,,,
236,862,Venezuela (Bolivarian Republic of),1016,Goats,1974,1295000,A,,,,
237,704,Viet Nam,1016,Goats,1974,189000,E,,,,
249,887,Yemen,1016,Goats,1974,2770000,X,,,,
251,894,Zambia,1016,Goats,1974,278567,X,,,,
181,716,Zimbabwe,1016,Goats,1974,2000000,A,,,,
228,810,USSR,1016,Goats,1975,5927000,A,,,,
135,474,Martinique,1016,Goats,1975,18000,E,,,,
51,200,Czechoslovakia,1016,Goats,1975,139661,A,,,,
62,230,Ethiopia PDR,1016,Goats,1975,17232000,A,,,,
87,312,Guadeloupe,1016,Goats,1975,52500,E,,,,
206,736,Sudan (former),1016,Goats,1975,10853000,A,,,,
182,638,Réunion,1016,Goats,1975,40100,A,,,,
15,58,Belgium-Luxembourg,1016,Goats,1975,4261,A,,,,
69,254,French Guiana,1016,Goats,1975,830,E,,,,
2,4,Afghanistan,1016,Goats,1975,3000000,A,,,,
3,8,Albania,1016,Goats,1975,672000,E,,,,
4,12,Algeria,1016,Goats,1975,2269070,A,,,,
7,24,Angola,1016,Goats,1975,1050000,E,,,,
8,28,Antigua and Barbuda,1016,Goats,1975,7000,E,,,,
9,32,Argentina,1016,Goats,1975,4000000,X,,,,
10,36,Australia,1016,Goats,1975,70000,E,,,,
11,40,Austria,1016,Goats,1975,45590,A,,,,
12,44,Bahamas,1016,Goats,1975,13300,E,,,,
13,48,Bahrain,1016,Goats,1975,13200,E,,,,
16,50,Bangladesh,1016,Goats,1975,11000000,E,,,,
14,52,Barbados,1016,Goats,1975,17000,E,,,,
23,84,Belize,1016,Goats,1975,900,E,,,,
53,204,Benin,1016,Goats,1975,776300,A,,,,
18,64,Bhutan,1016,Goats,1975,15900,E,,,,
19,68,Bolivia (Plurinational State of),1016,Goats,1975,2792550,A,,,,
20,72,Botswana,1016,Goats,1975,600000,E,,,,
21,76,Brazil,1016,Goats,1975,7101000,A,,,,
26,96,Brunei Darussalam,1016,Goats,1975,1000,A,,,,
27,100,Bulgaria,1016,Goats,1975,299014,A,,,,
233,854,Burkina Faso,1016,Goats,1975,2400000,A,,,,
29,108,Burundi,1016,Goats,1975,655097,A,,,,
35,132,Cabo Verde,1016,Goats,1975,50000,A,,,,
32,120,Cameroon,1016,Goats,1975,1820000,A,,,,
33,124,Canada,1016,Goats,1975,18000,E,,,,
37,140,Central African Republic,1016,Goats,1975,712000,A,,,,
39,148,Chad,1016,Goats,1975,2325000,A,,,,
40,152,Chile,1016,Goats,1975,800000,X,,,,
96,344,"China, Hong Kong SAR",1016,Goats,1975,400,A,,,,
214,158,"China, Taiwan Province of",1016,Goats,1975,188176,A,,,,
41,156,"China, mainland",1016,Goats,1975,66170000,A,,,,
44,170,Colombia,1016,Goats,1975,626071,A,,,,
45,174,Comoros,1016,Goats,1975,82000,E,,,,
46,178,Congo,1016,Goats,1975,92138,A,,,,
47,184,Cook Islands,1016,Goats,1975,2300,A,,,,
48,188,Costa Rica,1016,Goats,1975,1300,E,,,,
49,192,Cuba,1016,Goats,1975,90000,E,,,,
50,196,Cyprus,1016,Goats,1975,200000,A,,,,
107,384,Côte d'Ivoire,1016,Goats,1975,980000,E,,,,
116,408,Democratic People's Republic of Korea,1016,Goats,1975,400000,E,,,,
250,180,Democratic Republic of the Congo,1016,Goats,1975,2583500,A,,,,
72,262,Djibouti,1016,Goats,1975,510000,E,,,,
55,212,Dominica,1016,Goats,1975,5350,E,,,,
56,214,Dominican Republic,1016,Goats,1975,345000,E,,,,
58,218,Ecuador,1016,Goats,1975,229600,A,,,,
59,818,Egypt,1016,Goats,1975,1321000,A,,,,
60,222,El Salvador,1016,Goats,1975,11000,X,,,,
61,226,Equatorial Guinea,1016,Goats,1975,8000,A,,,,
209,748,Eswatini,1016,Goats,1975,261370,A,,,,
66,242,Fiji,1016,Goats,1975,129000,E,,,,
67,246,Finland,1016,Goats,1975,2000,X,,,,
68,250,France,1016,Goats,1975,959000,A,,,,
70,258,French Polynesia,1016,Goats,1975,11670,E,,,,
74,266,Gabon,1016,Goats,1975,52000,A,,,,
75,270,Gambia,1016,Goats,1975,140000,E,,,,
79,276,Germany,1016,Goats,1975,102731,A,,,,
81,288,Ghana,1016,Goats,1975,1935000,A,,,,
84,300,Greece,1016,Goats,1975,4476063,A,,,,
86,308,Grenada,1016,Goats,1975,5000,A,,,,
89,320,Guatemala,1016,Goats,1975,76000,X,,,,
90,324,Guinea,1016,Goats,1975,373552,A,,,,
175,624,Guinea-Bissau,1016,Goats,1975,142000,E,,,,
91,328,Guyana,1016,Goats,1975,60000,A,,,,
93,332,Haiti,1016,Goats,1975,1100000,X,,,,
95,340,Honduras,1016,Goats,1975,25777,A,,,,
97,348,Hungary,1016,Goats,1975,15000,X,,,,
99,352,Iceland,1016,Goats,1975,284,A,,,,
100,356,India,1016,Goats,1975,72500000,X,,,,
101,360,Indonesia,1016,Goats,1975,6315000,A,,,,
102,364,Iran (Islamic Republic of),1016,Goats,1975,15055882,A,,,,
103,368,Iraq,1016,Goats,1975,2785000,E,,,,
105,376,Israel,1016,Goats,1975,137500,A,,,,
106,380,Italy,1016,Goats,1975,958000,A,,,,
109,388,Jamaica,1016,Goats,1975,320000,E,,,,
110,392,Japan,1016,Goats,1975,110800,A,,,,
112,400,Jordan,1016,Goats,1975,473918,A,,,,
114,404,Kenya,1016,Goats,1975,4260900,A,,,,
118,414,Kuwait,1016,Goats,1975,85991,A,,,,
120,418,Lao People's Democratic Republic,1016,Goats,1975,32000,E,,,,
121,422,Lebanon,1016,Goats,1975,260000,E,,,,
122,426,Lesotho,1016,Goats,1975,886400,A,,,,
123,430,Liberia,1016,Goats,1975,170000,E,,,,
124,434,Libya,1016,Goats,1975,1696847,A,,,,
129,450,Madagascar,1016,Goats,1975,1246000,A,,,,
130,454,Malawi,1016,Goats,1975,693374,A,,,,
131,458,Malaysia,1016,Goats,1975,358751,A,,,,
133,466,Mali,1016,Goats,1975,5000000,X,,,,
134,470,Malta,1016,Goats,1975,10523,A,,,,
136,478,Mauritania,1016,Goats,1975,2330000,X,,,,
137,480,Mauritius,1016,Goats,1975,66000,E,,,,
138,484,Mexico,1016,Goats,1975,9067185,A,,,,
141,496,Mongolia,1016,Goats,1975,4574400,A,,,,
143,504,Morocco,1016,Goats,1975,6800000,A,,,,
144,508,Mozambique,1016,Goats,1975,422293,A,,,,
28,104,Myanmar,1016,Goats,1975,542600,A,,,,
147,516,Namibia,1016,Goats,1975,1400000,A,,,,
149,524,Nepal,1016,Goats,1975,4400000,E,,,,
150,528,Netherlands (Kingdom of the),1016,Goats,1975,30000,E,,,,
153,540,New Caledonia,1016,Goats,1975,10000,A,,,,
156,554,New Zealand,1016,Goats,1975,60000,E,,,,
157,558,Nicaragua,1016,Goats,1975,6000,X,,,,
158,562,Niger,1016,Goats,1975,6995087,A,,,,
159,566,Nigeria,1016,Goats,1975,6344000,A,,,,
162,578,Norway,1016,Goats,1975,69463,A,,,,
221,512,Oman,1016,Goats,1975,300000,E,,,,
165,586,Pakistan,1016,Goats,1975,19971008,A,,,,
166,591,Panama,1016,Goats,1975,5900,E,,,,
168,598,Papua New Guinea,1016,Goats,1975,1250,E,,,,
169,600,Paraguay,1016,Goats,1975,107800,A,,,,
170,604,Peru,1016,Goats,1975,2010800,A,,,,
171,608,Philippines,1016,Goats,1975,2025000,E,,,,
174,620,Portugal,1016,Goats,1975,677700,X,,,,
177,630,Puerto Rico,1016,Goats,1975,23600,E,,,,
179,634,Qatar,1016,Goats,1975,42000,E,,,,
117,410,Republic of Korea,1016,Goats,1975,250211,A,,,,
183,642,Romania,1016,Goats,1975,442687,A,,,,
184,646,Rwanda,1016,Goats,1975,633001,A,,,,
188,659,Saint Kitts and Nevis,1016,Goats,1975,9520,E,,,,
189,662,Saint Lucia,1016,Goats,1975,8055,A,,,,
191,670,Saint Vincent and the Grenadines,1016,Goats,1975,3350,E,,,,
193,678,Sao Tome and Principe,1016,Goats,1975,2800,A,,,,
194,682,Saudi Arabia,1016,Goats,1975,1242216,A,,,,
195,686,Senegal,1016,Goats,1975,844300,A,,,,
196,690,Seychelles,1016,Goats,1975,3000,E,,,,
197,694,Sierra Leone,1016,Goats,1975,121000,E,,,,
200,702,Singapore,1016,Goats,1975,2200,A,,,,
201,706,Somalia,1016,Goats,1975,15292000,X,,,,
202,710,South Africa,1016,Goats,1975,5271000,A,,,,
203,724,Spain,1016,Goats,1975,2392291,A,,,,
38,144,Sri Lanka,1016,Goats,1975,546651,A,,,,
207,740,Suriname,1016,Goats,1975,6100,E,,,,
211,756,Switzerland,1016,Goats,1975,72000,A,,,,
212,760,Syrian Arab Republic,1016,Goats,1975,814017,A,,,,
216,764,Thailand,1016,Goats,1975,48230,A,,,,
176,626,Timor-Leste,1016,Goats,1975,190000,E,,,,
217,768,Togo,1016,Goats,1975,739000,A,,,,
219,776,Tonga,1016,Goats,1975,5836,A,,,,
220,780,Trinidad and Tobago,1016,Goats,1975,43000,E,,,,
222,788,Tunisia,1016,Goats,1975,840000,E,,,,
227,798,Tuvalu,1016,Goats,1975,,A,,,,
223,792,Türkiye,1016,Goats,1975,18746000,A,,,,
226,800,Uganda,1016,Goats,1975,2168700,A,,,,
225,784,United Arab Emirates,1016,Goats,1975,250000,E,,,,
229,826,United Kingdom of Great Britain and Northern Ireland,1016,Goats,1975,,M,,,,
215,834,United Republic of Tanzania,1016,Goats,1975,4161300,E,,,,
231,840,United States of America,1016,Goats,1975,1350000,A,,,,
234,858,Uruguay,1016,Goats,1975,12000,E,,,,
155,548,Vanuatu,1016,Goats,1975,10150,E,,,,
236,862,Venezuela (Bolivarian Republic of),1016,Goats,1975,1304000,A,,,,
237,704,Viet Nam,1016,Goats,1975,189000,E,,,,
249,887,Yemen,1016,Goats,1975,2889000,X,,,,
251,894,Zambia,1016,Goats,1975,272429,X,,,,
181,716,Zimbabwe,1016,Goats,1975,1953000,A,,,,
182,638,Réunion,1016,Goats,1976,40100,A,,,,
228,810,USSR,1016,Goats,1976,5655000,A,,,,
15,58,Belgium-Luxembourg,1016,Goats,1976,4501,A,,,,
51,200,Czechoslovakia,1016,Goats,1976,120970,A,,,,
206,736,Sudan (former),1016,Goats,1976,11254000,A,,,,
62,230,Ethiopia PDR,1016,Goats,1976,17064000,A,,,,
87,312,Guadeloupe,1016,Goats,1976,46000,E,,,,
69,254,French Guiana,1016,Goats,1976,850,E,,,,
135,474,Martinique,1016,Goats,1976,20000,E,,,,
2,4,Afghanistan,1016,Goats,1976,3000000,A,,,,
3,8,Albania,1016,Goats,1976,670000,E,,,,
4,12,Algeria,1016,Goats,1976,2142360,A,,,,
7,24,Angola,1016,Goats,1976,1100000,E,,,,
8,28,Antigua and Barbuda,1016,Goats,1976,7200,E,,,,
9,32,Argentina,1016,Goats,1976,4000000,X,,,,
10,36,Australia,1016,Goats,1976,70000,E,,,,
11,40,Austria,1016,Goats,1976,43135,A,,,,
12,44,Bahamas,1016,Goats,1976,13300,E,,,,
13,48,Bahrain,1016,Goats,1976,13300,E,,,,
16,50,Bangladesh,1016,Goats,1976,11600000,E,,,,
14,52,Barbados,1016,Goats,1976,16000,E,,,,
23,84,Belize,1016,Goats,1976,1000,E,,,,
53,204,Benin,1016,Goats,1976,823605,A,,,,
18,64,Bhutan,1016,Goats,1976,16000,E,,,,
19,68,Bolivia (Plurinational State of),1016,Goats,1976,2848400,A,,,,
20,72,Botswana,1016,Goats,1976,580000,E,,,,
21,76,Brazil,1016,Goats,1976,7485000,A,,,,
26,96,Brunei Darussalam,1016,Goats,1976,1000,A,,,,
27,100,Bulgaria,1016,Goats,1976,320602,A,,,,
233,854,Burkina Faso,1016,Goats,1976,2472000,A,,,,
29,108,Burundi,1016,Goats,1976,653000,A,,,,
35,132,Cabo Verde,1016,Goats,1976,60000,A,,,,
32,120,Cameroon,1016,Goats,1976,1840000,A,,,,
33,124,Canada,1016,Goats,1976,20000,E,,,,
37,140,Central African Republic,1016,Goats,1976,786000,A,,,,
39,148,Chad,1016,Goats,1976,2943627,A,,,,
40,152,Chile,1016,Goats,1976,584000,X,,,,
96,344,"China, Hong Kong SAR",1016,Goats,1976,380,A,,,,
214,158,"China, Taiwan Province of",1016,Goats,1976,191434,A,,,,
41,156,"China, mainland",1016,Goats,1976,68040000,A,,,,
44,170,Colombia,1016,Goats,1976,622815,A,,,,
45,174,Comoros,1016,Goats,1976,84000,E,,,,
46,178,Congo,1016,Goats,1976,97970,A,,,,
47,184,Cook Islands,1016,Goats,1976,2684,A,,,,
48,188,Costa Rica,1016,Goats,1976,1300,E,,,,
49,192,Cuba,1016,Goats,1976,92000,E,,,,
50,196,Cyprus,1016,Goats,1976,210000,A,,,,
107,384,Côte d'Ivoire,1016,Goats,1976,1000000,X,,,,
116,408,Democratic People's Republic of Korea,1016,Goats,1976,420000,E,,,,
250,180,Democratic Republic of the Congo,1016,Goats,1976,2617700,A,,,,
72,262,Djibouti,1016,Goats,1976,510000,E,,,,
55,212,Dominica,1016,Goats,1976,5400,E,,,,
56,214,Dominican Republic,1016,Goats,1976,355000,E,,,,
58,218,Ecuador,1016,Goats,1976,235000,A,,,,
59,818,Egypt,1016,Goats,1976,1349000,A,,,,
60,222,El Salvador,1016,Goats,1976,12000,X,,,,
61,226,Equatorial Guinea,1016,Goats,1976,7000,A,,,,
209,748,Eswatini,1016,Goats,1976,237384,A,,,,
66,242,Fiji,1016,Goats,1976,114000,E,,,,
67,246,Finland,1016,Goats,1976,2000,X,,,,
68,250,France,1016,Goats,1976,991000,A,,,,
70,258,French Polynesia,1016,Goats,1976,11800,E,,,,
74,266,Gabon,1016,Goats,1976,61500,A,,,,
75,270,Gambia,1016,Goats,1976,144000,E,,,,
79,276,Germany,1016,Goats,1976,90732,A,,,,
81,288,Ghana,1016,Goats,1976,1906000,A,,,,
84,300,Greece,1016,Goats,1976,4607719,A,,,,
86,308,Grenada,1016,Goats,1976,7500,E,,,,
89,320,Guatemala,1016,Goats,1976,76000,X,,,,
90,324,Guinea,1016,Goats,1976,380000,E,,,,
175,624,Guinea-Bissau,1016,Goats,1976,150000,E,,,,
91,328,Guyana,1016,Goats,1976,62000,E,,,,
93,332,Haiti,1016,Goats,1976,1100000,X,,,,
95,340,Honduras,1016,Goats,1976,25436,A,,,,
97,348,Hungary,1016,Goats,1976,15000,A,,,,
99,352,Iceland,1016,Goats,1976,222,A,,,,
100,356,India,1016,Goats,1976,74000000,X,,,,
101,360,Indonesia,1016,Goats,1976,6904000,A,,,,
102,364,Iran (Islamic Republic of),1016,Goats,1976,16000000,E,,,,
103,368,Iraq,1016,Goats,1976,2989000,A,,,,
105,376,Israel,1016,Goats,1976,140100,A,,,,
106,380,Italy,1016,Goats,1976,939800,A,,,,
109,388,Jamaica,1016,Goats,1976,330000,E,,,,
110,392,Japan,1016,Goats,1976,94350,A,,,,
112,400,Jordan,1016,Goats,1976,380900,A,,,,
114,404,Kenya,1016,Goats,1976,4340000,A,,,,
118,414,Kuwait,1016,Goats,1976,90000,E,,,,
120,418,Lao People's Democratic Republic,1016,Goats,1976,30890,A,,,,
121,422,Lebanon,1016,Goats,1976,250000,E,,,,
122,426,Lesotho,1016,Goats,1976,834600,A,,,,
123,430,Liberia,1016,Goats,1976,175000,E,,,,
124,434,Libya,1016,Goats,1976,1857143,A,,,,
129,450,Madagascar,1016,Goats,1976,1444254,A,,,,
130,454,Malawi,1016,Goats,1976,739088,A,,,,
131,458,Malaysia,1016,Goats,1976,355546,A,,,,
133,466,Mali,1016,Goats,1976,5300000,X,,,,
134,470,Malta,1016,Goats,1976,9701,A,,,,
136,478,Mauritania,1016,Goats,1976,2430000,X,,,,
137,480,Mauritius,1016,Goats,1976,67000,E,,,,
138,484,Mexico,1016,Goats,1976,9012770,A,,,,
141,496,Mongolia,1016,Goats,1976,4594700,A,,,,
143,504,Morocco,1016,Goats,1976,5750000,X,,,,
144,508,Mozambique,1016,Goats,1976,315476,A,,,,
28,104,Myanmar,1016,Goats,1976,559303,A,,,,
147,516,Namibia,1016,Goats,1976,1420000,A,,,,
149,524,Nepal,1016,Goats,1976,4450000,E,,,,
150,528,Netherlands (Kingdom of the),1016,Goats,1976,35000,E,,,,
153,540,New Caledonia,1016,Goats,1976,10000,A,,,,
156,554,New Zealand,1016,Goats,1976,70000,E,,,,
157,558,Nicaragua,1016,Goats,1976,6200,X,,,,
158,562,Niger,1016,Goats,1976,7708210,A,,,,
159,566,Nigeria,1016,Goats,1976,7337000,A,,,,
162,578,Norway,1016,Goats,1976,67758,A,,,,
221,512,Oman,1016,Goats,1976,380000,E,,,,
165,586,Pakistan,1016,Goats,1976,21693008,A,,,,
166,591,Panama,1016,Goats,1976,6000,E,,,,
168,598,Papua New Guinea,1016,Goats,1976,1650,E,,,,
169,600,Paraguay,1016,Goats,1976,108300,A,,,,
170,604,Peru,1016,Goats,1976,2021400,A,,,,
171,608,Philippines,1016,Goats,1976,2030000,E,,,,
174,620,Portugal,1016,Goats,1976,690000,E,,,,
177,630,Puerto Rico,1016,Goats,1976,26000,E,,,,
179,634,Qatar,1016,Goats,1976,41000,E,,,,
117,410,Republic of Korea,1016,Goats,1976,232432,A,,,,
183,642,Romania,1016,Goats,1976,445160,A,,,,
184,646,Rwanda,1016,Goats,1976,682085,A,,,,
188,659,Saint Kitts and Nevis,1016,Goats,1976,9550,E,,,,
189,662,Saint Lucia,1016,Goats,1976,8377,A,,,,
191,670,Saint Vincent and the Grenadines,1016,Goats,1976,3500,E,,,,
193,678,Sao Tome and Principe,1016,Goats,1976,3000,E,,,,
194,682,Saudi Arabia,1016,Goats,1976,1577426,A,,,,
195,686,Senegal,1016,Goats,1976,873000,A,,,,
196,690,Seychelles,1016,Goats,1976,3100,E,,,,
197,694,Sierra Leone,1016,Goats,1976,125000,E,,,,
200,702,Singapore,1016,Goats,1976,1200,E,,,,
201,706,Somalia,1016,Goats,1976,15000000,E,,,,
202,710,South Africa,1016,Goats,1976,5325000,A,,,,
203,724,Spain,1016,Goats,1976,2339462,A,,,,
38,144,Sri Lanka,1016,Goats,1976,562190,A,,,,
207,740,Suriname,1016,Goats,1976,6300,E,,,,
211,756,Switzerland,1016,Goats,1976,74000,A,,,,
212,760,Syrian Arab Republic,1016,Goats,1976,955800,A,,,,
216,764,Thailand,1016,Goats,1976,53519,A,,,,
176,626,Timor-Leste,1016,Goats,1976,188200,X,,,,
217,768,Togo,1016,Goats,1976,741000,A,,,,
219,776,Tonga,1016,Goats,1976,6692,A,,,,
220,780,Trinidad and Tobago,1016,Goats,1976,45000,E,,,,
222,788,Tunisia,1016,Goats,1976,1052000,A,,,,
227,798,Tuvalu,1016,Goats,1976,,A,,,,
223,792,Türkiye,1016,Goats,1976,18763008,A,,,,
226,800,Uganda,1016,Goats,1976,2299700,A,,,,
225,784,United Arab Emirates,1016,Goats,1976,198200,A,,,,
229,826,United Kingdom of Great Britain and Northern Ireland,1016,Goats,1976,,M,,,,
215,834,United Republic of Tanzania,1016,Goats,1976,5246200,E,,,,
231,840,United States of America,1016,Goats,1976,1270000,A,,,,
234,858,Uruguay,1016,Goats,1976,12000,E,,,,
155,548,Vanuatu,1016,Goats,1976,10280,E,,,,
236,862,Venezuela (Bolivarian Republic of),1016,Goats,1976,1326000,A,,,,
237,704,Viet Nam,1016,Goats,1976,189200,A,,,,
249,887,Yemen,1016,Goats,1976,2806000,X,,,,
251,894,Zambia,1016,Goats,1976,276013,A,,,,
181,716,Zimbabwe,1016,Goats,1976,1774000,A,,,,
182,638,Réunion,1016,Goats,1977,32700,A,,,,
15,58,Belgium-Luxembourg,1016,Goats,1977,6394,A,,,,
206,736,Sudan (former),1016,Goats,1977,11300000,A,,,,
51,200,Czechoslovakia,1016,Goats,1977,97681,A,,,,
62,230,Ethiopia PDR,1016,Goats,1977,17100000,E,,,,
228,810,USSR,1016,Goats,1977,5539000,A,,,,
69,254,French Guiana,1016,Goats,1977,850,E,,,,
87,312,Guadeloupe,1016,Goats,1977,53000,E,,,,
135,474,Martinique,1016,Goats,1977,22800,E,,,,
2,4,Afghanistan,1016,Goats,1977,3000000,A,,,,
3,8,Albania,1016,Goats,1977,668000,E,,,,
4,12,Algeria,1016,Goats,1977,2421530,A,,,,
7,24,Angola,1016,Goats,1977,1150000,E,,,,
8,28,Antigua and Barbuda,1016,Goats,1977,7900,A,,,,
9,32,Argentina,1016,Goats,1977,3500000,X,,,,
10,36,Australia,1016,Goats,1977,80000,E,,,,
11,40,Austria,1016,Goats,1977,40299,A,,,,
12,44,Bahamas,1016,Goats,1977,13250,E,,,,
13,48,Bahrain,1016,Goats,1977,13175,A,,,,
16,50,Bangladesh,1016,Goats,1977,12000000,E,,,,
14,52,Barbados,1016,Goats,1977,16000,E,,,,
23,84,Belize,1016,Goats,1977,1050,E,,,,
53,204,Benin,1016,Goats,1977,848292,A,,,,
18,64,Bhutan,1016,Goats,1977,16000,E,,,,
19,68,Bolivia (Plurinational State of),1016,Goats,1977,2913900,A,,,,
20,72,Botswana,1016,Goats,1977,550000,E,,,,
21,76,Brazil,1016,Goats,1977,7424000,A,,,,
26,96,Brunei Darussalam,1016,Goats,1977,1000,A,,,,
27,100,Bulgaria,1016,Goats,1977,308076,A,,,,
233,854,Burkina Faso,1016,Goats,1977,2556000,A,,,,
29,108,Burundi,1016,Goats,1977,571000,A,,,,
35,132,Cabo Verde,1016,Goats,1977,62000,E,,,,
32,120,Cameroon,1016,Goats,1977,2210000,A,,,,
33,124,Canada,1016,Goats,1977,20000,E,,,,
37,140,Central African Republic,1016,Goats,1977,800000,A,,,,
39,148,Chad,1016,Goats,1977,3126000,E,,,,
40,152,Chile,1016,Goats,1977,600000,X,,,,
96,344,"China, Hong Kong SAR",1016,Goats,1977,370,A,,,,
214,158,"China, Taiwan Province of",1016,Goats,1977,210581,A,,,,
41,156,"China, mainland",1016,Goats,1977,65465008,A,,,,
44,170,Colombia,1016,Goats,1977,626100,A,,,,
45,174,Comoros,1016,Goats,1977,84000,E,,,,
46,178,Congo,1016,Goats,1977,107346,A,,,,
47,184,Cook Islands,1016,Goats,1977,2700,A,,,,
48,188,Costa Rica,1016,Goats,1977,1300,E,,,,
49,192,Cuba,1016,Goats,1977,94000,E,,,,
50,196,Cyprus,1016,Goats,1977,230000,A,,,,
107,384,Côte d'Ivoire,1016,Goats,1977,1000000,E,,,,
116,408,Democratic People's Republic of Korea,1016,Goats,1977,440000,E,,,,
250,180,Democratic Republic of the Congo,1016,Goats,1977,2632600,A,,,,
72,262,Djibouti,1016,Goats,1977,515000,E,,,,
55,212,Dominica,1016,Goats,1977,5450,E,,,,
56,214,Dominican Republic,1016,Goats,1977,375000,E,,,,
58,218,Ecuador,1016,Goats,1977,241400,A,,,,
59,818,Egypt,1016,Goats,1977,1375000,A,,,,
60,222,El Salvador,1016,Goats,1977,13000,X,,,,
61,226,Equatorial Guinea,1016,Goats,1977,7100,E,,,,
209,748,Eswatini,1016,Goats,1977,257898,A,,,,
66,242,Fiji,1016,Goats,1977,110000,E,,,,
67,246,Finland,1016,Goats,1977,2000,X,,,,
68,250,France,1016,Goats,1977,1021000,A,,,,
70,258,French Polynesia,1016,Goats,1977,11900,E,,,,
74,266,Gabon,1016,Goats,1977,73800,A,,,,
75,270,Gambia,1016,Goats,1977,149000,E,,,,
79,276,Germany,1016,Goats,1977,80268,A,,,,
81,288,Ghana,1016,Goats,1977,1920000,A,,,,
84,300,Greece,1016,Goats,1977,4565553,A,,,,
86,308,Grenada,1016,Goats,1977,9000,E,,,,
89,320,Guatemala,1016,Goats,1977,76000,X,,,,
90,324,Guinea,1016,Goats,1977,385000,E,,,,
175,624,Guinea-Bissau,1016,Goats,1977,158000,E,,,,
91,328,Guyana,1016,Goats,1977,64000,E,,,,
93,332,Haiti,1016,Goats,1977,1138976,A,,,,
95,340,Honduras,1016,Goats,1977,25099,A,,,,
97,348,Hungary,1016,Goats,1977,14000,E,,,,
99,352,Iceland,1016,Goats,1977,275,A,,,,
100,356,India,1016,Goats,1977,75620000,A,,,,
101,360,Indonesia,1016,Goats,1977,7232000,A,,,,
102,364,Iran (Islamic Republic of),1016,Goats,1977,16670000,A,,,,
103,368,Iraq,1016,Goats,1977,2320000,E,,,,
105,376,Israel,1016,Goats,1977,142000,A,,,,
106,380,Italy,1016,Goats,1977,948200,A,,,,
109,388,Jamaica,1016,Goats,1977,340000,E,,,,
110,392,Japan,1016,Goats,1977,82180,A,,,,
112,400,Jordan,1016,Goats,1977,358000,A,,,,
114,404,Kenya,1016,Goats,1977,6000000,E,,,,
118,414,Kuwait,1016,Goats,1977,97036,A,,,,
120,418,Lao People's Democratic Republic,1016,Goats,1977,34000,A,,,,
121,422,Lebanon,1016,Goats,1977,260000,E,,,,
122,426,Lesotho,1016,Goats,1977,617500,A,,,,
123,430,Liberia,1016,Goats,1977,180000,E,,,,
124,434,Libya,1016,Goats,1977,1514089,A,,,,
129,450,Madagascar,1016,Goats,1977,1087000,A,,,,
130,454,Malawi,1016,Goats,1977,834586,A,,,,
131,458,Malaysia,1016,Goats,1977,372545,A,,,,
133,466,Mali,1016,Goats,1977,5500000,X,,,,
134,470,Malta,1016,Goats,1977,8756,A,,,,
136,478,Mauritania,1016,Goats,1977,2480000,X,,,,
137,480,Mauritius,1016,Goats,1977,68000,E,,,,
138,484,Mexico,1016,Goats,1977,8994791,A,,,,
141,496,Mongolia,1016,Goats,1977,4548000,A,,,,
143,504,Morocco,1016,Goats,1977,5600000,X,,,,
144,508,Mozambique,1016,Goats,1977,320000,E,,,,
28,104,Myanmar,1016,Goats,1977,570000,A,,,,
147,516,Namibia,1016,Goats,1977,1512314,A,,,,
149,524,Nepal,1016,Goats,1977,4500000,E,,,,
150,528,Netherlands (Kingdom of the),1016,Goats,1977,39000,E,,,,
153,540,New Caledonia,1016,Goats,1977,10000,A,,,,
156,554,New Zealand,1016,Goats,1977,14434,A,,,,
157,558,Nicaragua,1016,Goats,1977,6400,X,,,,
158,562,Niger,1016,Goats,1977,8479679,A,,,,
159,566,Nigeria,1016,Goats,1977,8277000,A,,,,
162,578,Norway,1016,Goats,1977,69885,A,,,,
221,512,Oman,1016,Goats,1977,450000,E,,,,
165,586,Pakistan,1016,Goats,1977,23564000,A,,,,
166,591,Panama,1016,Goats,1977,6100,E,,,,
168,598,Papua New Guinea,1016,Goats,1977,1650,E,,,,
169,600,Paraguay,1016,Goats,1977,113200,A,,,,
170,604,Peru,1016,Goats,1977,1892700,A,,,,
171,608,Philippines,1016,Goats,1977,2100000,E,,,,
174,620,Portugal,1016,Goats,1977,740000,A,,,,
177,630,Puerto Rico,1016,Goats,1977,26000,E,,,,
179,634,Qatar,1016,Goats,1977,39000,A,,,,
117,410,Republic of Korea,1016,Goats,1977,216331,A,,,,
183,642,Romania,1016,Goats,1977,443500,A,,,,
184,646,Rwanda,1016,Goats,1977,736062,A,,,,
188,659,Saint Kitts and Nevis,1016,Goats,1977,9550,E,,,,
189,662,Saint Lucia,1016,Goats,1977,8712,A,,,,
191,670,Saint Vincent and the Grenadines,1016,Goats,1977,3500,A,,,,
193,678,Sao Tome and Principe,1016,Goats,1977,3200,E,,,,
194,682,Saudi Arabia,1016,Goats,1977,1730617,A,,,,
195,686,Senegal,1016,Goats,1977,887000,A,,,,
196,690,Seychelles,1016,Goats,1977,3200,E,,,,
197,694,Sierra Leone,1016,Goats,1977,129000,E,,,,
200,702,Singapore,1016,Goats,1977,800,E,,,,
201,706,Somalia,1016,Goats,1977,16000000,A,,,,
202,710,South Africa,1016,Goats,1977,5250000,A,,,,
203,724,Spain,1016,Goats,1977,2231300,A,,,,
38,144,Sri Lanka,1016,Goats,1977,545118,A,,,,
207,740,Suriname,1016,Goats,1977,6500,E,,,,
211,756,Switzerland,1016,Goats,1977,76000,A,,,,
212,760,Syrian Arab Republic,1016,Goats,1977,1010000,A,,,,
216,764,Thailand,1016,Goats,1977,59136,A,,,,
176,626,Timor-Leste,1016,Goats,1977,140000,E,,,,
217,768,Togo,1016,Goats,1977,720000,A,,,,
219,776,Tonga,1016,Goats,1977,10652,A,,,,
220,780,Trinidad and Tobago,1016,Goats,1977,46000,E,,,,
222,788,Tunisia,1016,Goats,1977,1082000,A,,,,
227,798,Tuvalu,1016,Goats,1977,,A,,,,
223,792,Türkiye,1016,Goats,1977,18508000,A,,,,
226,800,Uganda,1016,Goats,1977,2384800,A,,,,
225,784,United Arab Emirates,1016,Goats,1977,250440,A,,,,
229,826,United Kingdom of Great Britain and Northern Ireland,1016,Goats,1977,,M,,,,
215,834,United Republic of Tanzania,1016,Goats,1977,5353300,E,,,,
231,840,United States of America,1016,Goats,1977,1400000,A,,,,
234,858,Uruguay,1016,Goats,1977,12000,E,,,,
155,548,Vanuatu,1016,Goats,1977,10400,E,,,,
236,862,Venezuela (Bolivarian Republic of),1016,Goats,1977,1339000,A,,,,
237,704,Viet Nam,1016,Goats,1977,197200,A,,,,
249,887,Yemen,1016,Goats,1977,2836000,X,,,,
251,894,Zambia,1016,Goats,1977,318507,A,,,,
181,716,Zimbabwe,1016,Goats,1977,1828000,A,,,,
15,58,Belgium-Luxembourg,1016,Goats,1978,5994,A,,,,
51,200,Czechoslovakia,1016,Goats,1978,82948,A,,,,
228,810,USSR,1016,Goats,1978,5586000,A,,,,
62,230,Ethiopia PDR,1016,Goats,1978,17120000,E,,,,
69,254,French Guiana,1016,Goats,1978,850,E,,,,
206,736,Sudan (former),1016,Goats,1978,11763000,A,,,,
87,312,Guadeloupe,1016,Goats,1978,57000,E,,,,
135,474,Martinique,1016,Goats,1978,22800,E,,,,
182,638,Réunion,1016,Goats,1978,32700,A,,,,
2,4,Afghanistan,1016,Goats,1978,3000000,A,,,,
3,8,Albania,1016,Goats,1978,665000,E,,,,
4,12,Algeria,1016,Goats,1978,2592090,A,,,,
7,24,Angola,1016,Goats,1978,1200000,E,,,,
8,28,Antigua and Barbuda,1016,Goats,1978,8000,A,,,,
9,32,Argentina,1016,Goats,1978,3200000,E,,,,
10,36,Australia,1016,Goats,1978,70000,E,,,,
11,40,Austria,1016,Goats,1978,37231,A,,,,
12,44,Bahamas,1016,Goats,1978,13244,A,,,,
13,48,Bahrain,1016,Goats,1978,13200,E,,,,
16,50,Bangladesh,1016,Goats,1978,12339000,A,,,,
14,52,Barbados,1016,Goats,1978,15000,E,,,,
23,84,Belize,1016,Goats,1978,1100,E,,,,
53,204,Benin,1016,Goats,1978,873759,A,,,,
18,64,Bhutan,1016,Goats,1978,16100,E,,,,
19,68,Bolivia (Plurinational State of),1016,Goats,1978,2945950,A,,,,
20,72,Botswana,1016,Goats,1978,520000,E,,,,
21,76,Brazil,1016,Goats,1978,7665000,A,,,,
26,96,Brunei Darussalam,1016,Goats,1978,1000,A,,,,
27,100,Bulgaria,1016,Goats,1978,326034,A,,,,
233,854,Burkina Faso,1016,Goats,1978,2800000,E,,,,
29,108,Burundi,1016,Goats,1978,564000,A,,,,
35,132,Cabo Verde,1016,Goats,1978,65000,E,,,,
32,120,Cameroon,1016,Goats,1978,2484000,X,,,,
33,124,Canada,1016,Goats,1978,21000,E,,,,
37,140,Central African Republic,1016,Goats,1978,832000,A,,,,
39,148,Chad,1016,Goats,1978,3319000,E,,,,
40,152,Chile,1016,Goats,1978,600000,X,,,,
96,344,"China, Hong Kong SAR",1016,Goats,1978,350,A,,,,
214,158,"China, Taiwan Province of",1016,Goats,1978,200536,A,,,,
41,156,"China, mainland",1016,Goats,1978,67824000,A,,,,
44,170,Colombia,1016,Goats,1978,632300,A,,,,
45,174,Comoros,1016,Goats,1978,85000,E,,,,
46,178,Congo,1016,Goats,1978,118795,A,,,,
47,184,Cook Islands,1016,Goats,1978,2700,A,,,,
48,188,Costa Rica,1016,Goats,1978,1300,A,,,,
49,192,Cuba,1016,Goats,1978,97000,E,,,,
50,196,Cyprus,1016,Goats,1978,240000,A,,,,
107,384,Côte d'Ivoire,1016,Goats,1978,900000,E,,,,
116,408,Democratic People's Republic of Korea,1016,Goats,1978,450000,E,,,,
250,180,Democratic Republic of the Congo,1016,Goats,1978,2636300,A,,,,
72,262,Djibouti,1016,Goats,1978,500000,A,,,,
55,212,Dominica,1016,Goats,1978,5500,E,,,,
56,214,Dominican Republic,1016,Goats,1978,395000,E,,,,
58,218,Ecuador,1016,Goats,1978,246400,A,,,,
59,818,Egypt,1016,Goats,1978,1440000,A,,,,
60,222,El Salvador,1016,Goats,1978,13500,X,,,,
61,226,Equatorial Guinea,1016,Goats,1978,7100,E,,,,
209,748,Eswatini,1016,Goats,1978,256925,A,,,,
66,242,Fiji,1016,Goats,1978,90000,E,,,,
67,246,Finland,1016,Goats,1978,2000,X,,,,
68,250,France,1016,Goats,1978,1048000,A,,,,
70,258,French Polynesia,1016,Goats,1978,11960,E,,,,
74,266,Gabon,1016,Goats,1978,88560,A,,,,
75,270,Gambia,1016,Goats,1978,154000,E,,,,
79,276,Germany,1016,Goats,1978,70075,A,,,,
81,288,Ghana,1016,Goats,1978,1940000,A,,,,
84,300,Greece,1016,Goats,1978,4508332,A,,,,
86,308,Grenada,1016,Goats,1978,10519,A,,,,
89,320,Guatemala,1016,Goats,1978,76000,X,,,,
90,324,Guinea,1016,Goats,1978,388000,E,,,,
175,624,Guinea-Bissau,1016,Goats,1978,168000,E,,,,
91,328,Guyana,1016,Goats,1978,66000,E,,,,
93,332,Haiti,1016,Goats,1978,945221,A,,,,
95,340,Honduras,1016,Goats,1978,24767,A,,,,
97,348,Hungary,1016,Goats,1978,13500,E,,,,
99,352,Iceland,1016,Goats,1978,300,A,,,,
100,356,India,1016,Goats,1978,79200000,X,,,,
101,360,Indonesia,1016,Goats,1978,8051000,A,,,,
102,364,Iran (Islamic Republic of),1016,Goats,1978,16500000,A,,,,
103,368,Iraq,1016,Goats,1978,2059000,A,,,,
105,376,Israel,1016,Goats,1978,148000,A,,,,
106,380,Italy,1016,Goats,1978,959600,A,,,,
109,388,Jamaica,1016,Goats,1978,350000,E,,,,
110,392,Japan,1016,Goats,1978,78500,A,,,,
112,400,Jordan,1016,Goats,1978,392000,A,,,,
114,404,Kenya,1016,Goats,1978,7900000,X,,,,
118,414,Kuwait,1016,Goats,1978,151234,A,,,,
120,418,Lao People's Democratic Republic,1016,Goats,1978,32000,A,,,,
121,422,Lebanon,1016,Goats,1978,330000,E,,,,
122,426,Lesotho,1016,Goats,1978,582499,A,,,,
123,430,Liberia,1016,Goats,1978,185000,E,,,,
124,434,Libya,1016,Goats,1978,1616900,A,,,,
129,450,Madagascar,1016,Goats,1978,1100300,A,,,,
130,454,Malawi,1016,Goats,1978,794438,A,,,,
131,458,Malaysia,1016,Goats,1978,355038,A,,,,
133,466,Mali,1016,Goats,1978,6050000,A,,,,
134,470,Malta,1016,Goats,1978,7210,A,,,,
136,478,Mauritania,1016,Goats,1978,2812000,X,,,,
137,480,Mauritius,1016,Goats,1978,69000,E,,,,
138,484,Mexico,1016,Goats,1978,9111712,A,,,,
141,496,Mongolia,1016,Goats,1978,4411000,A,,,,
143,504,Morocco,1016,Goats,1978,5972000,A,,,,
144,508,Mozambique,1016,Goats,1978,325000,E,,,,
28,104,Myanmar,1016,Goats,1978,590000,A,,,,
147,516,Namibia,1016,Goats,1978,1467151,A,,,,
149,524,Nepal,1016,Goats,1978,4550000,E,,,,
150,528,Netherlands (Kingdom of the),1016,Goats,1978,35000,E,,,,
153,540,New Caledonia,1016,Goats,1978,10000,A,,,,
156,554,New Zealand,1016,Goats,1978,28192,A,,,,
157,558,Nicaragua,1016,Goats,1978,6400,X,,,,
158,562,Niger,1016,Goats,1978,8687133,A,,,,
159,566,Nigeria,1016,Goats,1978,9201000,A,,,,
162,578,Norway,1016,Goats,1978,71870,A,,,,
221,512,Oman,1016,Goats,1978,525000,E,,,,
165,586,Pakistan,1016,Goats,1978,25597008,A,,,,
166,591,Panama,1016,Goats,1978,6200,E,,,,
168,598,Papua New Guinea,1016,Goats,1978,1650,E,,,,
169,600,Paraguay,1016,Goats,1978,120300,A,,,,
170,604,Peru,1016,Goats,1978,1818300,A,,,,
171,608,Philippines,1016,Goats,1978,2290000,E,,,,
174,620,Portugal,1016,Goats,1978,906000,A,,,,
177,630,Puerto Rico,1016,Goats,1978,26000,E,,,,
179,634,Qatar,1016,Goats,1978,39115,A,,,,
117,410,Republic of Korea,1016,Goats,1978,244274,A,,,,
183,642,Romania,1016,Goats,1978,404300,A,,,,
184,646,Rwanda,1016,Goats,1978,774862,A,,,,
188,659,Saint Kitts and Nevis,1016,Goats,1978,9560,E,,,,
189,662,Saint Lucia,1016,Goats,1978,9042,A,,,,
191,670,Saint Vincent and the Grenadines,1016,Goats,1978,3600,E,,,,
193,678,Sao Tome and Principe,1016,Goats,1978,3400,E,,,,
194,682,Saudi Arabia,1016,Goats,1978,2077535,A,,,,
195,686,Senegal,1016,Goats,1978,937000,A,,,,
196,690,Seychelles,1016,Goats,1978,3300,E,,,,
197,694,Sierra Leone,1016,Goats,1978,134000,A,,,,
200,702,Singapore,1016,Goats,1978,600,E,,,,
201,706,Somalia,1016,Goats,1978,17200000,A,,,,
202,710,South Africa,1016,Goats,1978,5400000,E,,,,
203,724,Spain,1016,Goats,1978,2174000,A,,,,
38,144,Sri Lanka,1016,Goats,1978,449998,A,,,,
207,740,Suriname,1016,Goats,1978,6657,A,,,,
211,756,Switzerland,1016,Goats,1978,79977,A,,,,
212,760,Syrian Arab Republic,1016,Goats,1978,1065452,A,,,,
216,764,Thailand,1016,Goats,1978,63138,A,,,,
176,626,Timor-Leste,1016,Goats,1978,100000,E,,,,
217,768,Togo,1016,Goats,1978,780000,A,,,,
219,776,Tonga,1016,Goats,1978,11850,A,,,,
220,780,Trinidad and Tobago,1016,Goats,1978,47000,E,,,,
222,788,Tunisia,1016,Goats,1978,1013000,A,,,,
227,798,Tuvalu,1016,Goats,1978,12,A,,,,
223,792,Türkiye,1016,Goats,1978,18276000,A,,,,
226,800,Uganda,1016,Goats,1978,2609100,A,,,,
225,784,United Arab Emirates,1016,Goats,1978,310566,A,,,,
229,826,United Kingdom of Great Britain and Northern Ireland,1016,Goats,1978,,M,,,,
215,834,United Republic of Tanzania,1016,Goats,1978,5462500,E,,,,
231,840,United States of America,1016,Goats,1978,1355000,A,,,,
234,858,Uruguay,1016,Goats,1978,12000,E,,,,
155,548,Vanuatu,1016,Goats,1978,10550,E,,,,
236,862,Venezuela (Bolivarian Republic of),1016,Goats,1978,1354000,A,,,,
237,704,Viet Nam,1016,Goats,1978,201300,A,,,,
249,887,Yemen,1016,Goats,1978,2871000,X,,,,
251,894,Zambia,1016,Goats,1978,308282,A,,,,
181,716,Zimbabwe,1016,Goats,1978,1944000,A,,,,
62,230,Ethiopia PDR,1016,Goats,1979,17150000,E,,,,
69,254,French Guiana,1016,Goats,1979,900,E,,,,
15,58,Belgium-Luxembourg,1016,Goats,1979,9075,A,,,,
87,312,Guadeloupe,1016,Goats,1979,61000,E,,,,
182,638,Réunion,1016,Goats,1979,32700,A,,,,
228,810,USSR,1016,Goats,1979,5504000,A,,,,
51,200,Czechoslovakia,1016,Goats,1979,71716,A,,,,
135,474,Martinique,1016,Goats,1979,22800,E,,,,
206,736,Sudan (former),1016,Goats,1979,12246000,A,,,,
2,4,Afghanistan,1016,Goats,1979,2885000,A,,,,
3,8,Albania,1016,Goats,1979,700000,E,,,,
4,12,Algeria,1016,Goats,1979,2817710,A,,,,
7,24,Angola,1016,Goats,1979,1250000,E,,,,
8,28,Antigua and Barbuda,1016,Goats,1979,10000,E,,,,
9,32,Argentina,1016,Goats,1979,3000000,E,,,,
10,36,Australia,1016,Goats,1979,65000,E,,,,
11,40,Austria,1016,Goats,1979,36392,A,,,,
12,44,Bahamas,1016,Goats,1979,13250,E,,,,
13,48,Bahrain,1016,Goats,1979,14513,A,,,,
16,50,Bangladesh,1016,Goats,1979,13079000,A,,,,
14,52,Barbados,1016,Goats,1979,15000,E,,,,
23,84,Belize,1016,Goats,1979,1100,E,,,,
53,204,Benin,1016,Goats,1979,899974,A,,,,
18,64,Bhutan,1016,Goats,1979,16300,E,,,,
19,68,Bolivia (Plurinational State of),1016,Goats,1979,2978400,A,,,,
20,72,Botswana,1016,Goats,1979,616000,A,,,,
21,76,Brazil,1016,Goats,1979,8070000,A,,,,
26,96,Brunei Darussalam,1016,Goats,1979,1000,A,,,,
27,100,Bulgaria,1016,Goats,1979,373765,A,,,,
233,854,Burkina Faso,1016,Goats,1979,3200000,E,,,,
29,108,Burundi,1016,Goats,1979,607000,A,,,,
35,132,Cabo Verde,1016,Goats,1979,67000,E,,,,
32,120,Cameroon,1016,Goats,1979,2400000,E,,,,
33,124,Canada,1016,Goats,1979,20000,E,,,,
37,140,Central African Republic,1016,Goats,1979,934000,A,,,,
39,148,Chad,1016,Goats,1979,3524000,E,,,,
40,152,Chile,1016,Goats,1979,600000,X,,,,
96,344,"China, Hong Kong SAR",1016,Goats,1979,730,A,,,,
214,158,"China, Taiwan Province of",1016,Goats,1979,198254,A,,,,
41,156,"China, mainland",1016,Goats,1979,73540000,A,,,,
44,170,Colombia,1016,Goats,1979,638637,A,,,,
45,174,Comoros,1016,Goats,1979,86000,E,,,,
46,178,Congo,1016,Goats,1979,130000,E,,,,
47,184,Cook Islands,1016,Goats,1979,2800,E,,,,
48,188,Costa Rica,1016,Goats,1979,1300,A,,,,
49,192,Cuba,1016,Goats,1979,98000,E,,,,
50,196,Cyprus,1016,Goats,1979,233000,A,,,,
107,384,Côte d'Ivoire,1016,Goats,1979,900000,E,,,,
116,408,Democratic People's Republic of Korea,1016,Goats,1979,470000,E,,,,
250,180,Democratic Republic of the Congo,1016,Goats,1979,2660000,A,,,,
72,262,Djibouti,1016,Goats,1979,500000,E,,,,
55,212,Dominica,1016,Goats,1979,5600,E,,,,
56,214,Dominican Republic,1016,Goats,1979,420000,E,,,,
58,218,Ecuador,1016,Goats,1979,251400,A,,,,
59,818,Egypt,1016,Goats,1979,1426682,A,,,,
60,222,El Salvador,1016,Goats,1979,14000,X,,,,
61,226,Equatorial Guinea,1016,Goats,1979,7100,E,,,,
209,748,Eswatini,1016,Goats,1979,284713,A,,,,
66,242,Fiji,1016,Goats,1979,97000,E,,,,
67,246,Finland,1016,Goats,1979,2000,A,,,,
68,250,France,1016,Goats,1979,1079500,A,,,,
70,258,French Polynesia,1016,Goats,1979,12000,E,,,,
74,266,Gabon,1016,Goats,1979,80000,E,,,,
75,270,Gambia,1016,Goats,1979,158000,E,,,,
79,276,Germany,1016,Goats,1979,64968,A,,,,
81,288,Ghana,1016,Goats,1979,1896000,A,,,,
84,300,Greece,1016,Goats,1979,4512371,A,,,,
86,308,Grenada,1016,Goats,1979,11783,A,,,,
89,320,Guatemala,1016,Goats,1979,76000,X,,,,
90,324,Guinea,1016,Goats,1979,395000,E,,,,
175,624,Guinea-Bissau,1016,Goats,1979,176000,E,,,,
91,328,Guyana,1016,Goats,1979,68000,E,,,,
93,332,Haiti,1016,Goats,1979,997365,A,,,,
95,340,Honduras,1016,Goats,1979,24439,A,,,,
97,348,Hungary,1016,Goats,1979,11200,A,,,,
99,352,Iceland,1016,Goats,1979,292,A,,,,
100,356,India,1016,Goats,1979,83000000,X,,,,
101,360,Indonesia,1016,Goats,1979,7659000,A,,,,
102,364,Iran (Islamic Republic of),1016,Goats,1979,16757000,A,,,,
103,368,Iraq,1016,Goats,1979,2060000,E,,,,
105,376,Israel,1016,Goats,1979,145000,A,,,,
106,380,Italy,1016,Goats,1979,979800,A,,,,
109,388,Jamaica,1016,Goats,1979,370000,E,,,,
110,392,Japan,1016,Goats,1979,70700,A,,,,
112,400,Jordan,1016,Goats,1979,573000,A,,,,
114,404,Kenya,1016,Goats,1979,8282000,A,,,,
118,414,Kuwait,1016,Goats,1979,307239,A,,,,
120,418,Lao People's Democratic Republic,1016,Goats,1979,34668,A,,,,
121,422,Lebanon,1016,Goats,1979,390000,E,,,,
122,426,Lesotho,1016,Goats,1979,618314,A,,,,
123,430,Liberia,1016,Goats,1979,190000,E,,,,
124,434,Libya,1016,Goats,1979,1463081,A,,,,
129,450,Madagascar,1016,Goats,1979,1223000,A,,,,
130,454,Malawi,1016,Goats,1979,655084,A,,,,
131,458,Malaysia,1016,Goats,1979,356197,A,,,,
133,466,Mali,1016,Goats,1979,6500000,A,,,,
134,470,Malta,1016,Goats,1979,6455,A,,,,
136,478,Mauritania,1016,Goats,1979,2537000,X,,,,
137,480,Mauritius,1016,Goats,1979,70000,E,,,,
138,484,Mexico,1016,Goats,1979,9303110,A,,,,
141,496,Mongolia,1016,Goats,1979,4705000,A,,,,
143,504,Morocco,1016,Goats,1979,5702440,A,,,,
144,508,Mozambique,1016,Goats,1979,330000,E,,,,
28,104,Myanmar,1016,Goats,1979,586000,X,,,,
147,516,Namibia,1016,Goats,1979,1618690,A,,,,
149,524,Nepal,1016,Goats,1979,4600000,E,,,,
150,528,Netherlands (Kingdom of the),1016,Goats,1979,30000,E,,,,
153,540,New Caledonia,1016,Goats,1979,10000,A,,,,
156,554,New Zealand,1016,Goats,1979,48958,A,,,,
157,558,Nicaragua,1016,Goats,1979,6500,X,,,,
158,562,Niger,1016,Goats,1979,8908850,A,,,,
159,566,Nigeria,1016,Goats,1979,10266000,A,,,,
162,578,Norway,1016,Goats,1979,80652,A,,,,
221,512,Oman,1016,Goats,1979,570000,E,,,,
165,586,Pakistan,1016,Goats,1979,27804000,A,,,,
166,591,Panama,1016,Goats,1979,6200,E,,,,
168,598,Papua New Guinea,1016,Goats,1979,1650,E,,,,
169,600,Paraguay,1016,Goats,1979,125600,A,,,,
170,604,Peru,1016,Goats,1979,1869300,A,,,,
171,608,Philippines,1016,Goats,1979,2230000,E,,,,
174,620,Portugal,1016,Goats,1979,745000,X,,,,
177,630,Puerto Rico,1016,Goats,1979,26000,E,,,,
179,634,Qatar,1016,Goats,1979,55511,A,,,,
117,410,Republic of Korea,1016,Goats,1979,225446,A,,,,
183,642,Romania,1016,Goats,1979,412400,A,,,,
184,646,Rwanda,1016,Goats,1979,824053,A,,,,
188,659,Saint Kitts and Nevis,1016,Goats,1979,9560,E,,,,
189,662,Saint Lucia,1016,Goats,1979,9403,A,,,,
191,670,Saint Vincent and the Grenadines,1016,Goats,1979,3600,E,,,,
193,678,Sao Tome and Principe,1016,Goats,1979,3500,E,,,,
194,682,Saudi Arabia,1016,Goats,1979,2270610,A,,,,
195,686,Senegal,1016,Goats,1979,940000,A,,,,
196,690,Seychelles,1016,Goats,1979,3400,E,,,,
197,694,Sierra Leone,1016,Goats,1979,135000,E,,,,
200,702,Singapore,1016,Goats,1979,1100,E,,,,
201,706,Somalia,1016,Goats,1979,16800000,A,,,,
202,710,South Africa,1016,Goats,1979,5650000,A,,,,
203,724,Spain,1016,Goats,1979,2091000,A,,,,
38,144,Sri Lanka,1016,Goats,1979,461000,A,,,,
207,740,Suriname,1016,Goats,1979,6345,A,,,,
211,756,Switzerland,1016,Goats,1979,80000,A,,,,
212,760,Syrian Arab Republic,1016,Goats,1979,999204,A,,,,
216,764,Thailand,1016,Goats,1979,66503,A,,,,
176,626,Timor-Leste,1016,Goats,1979,50000,E,,,,
217,768,Togo,1016,Goats,1979,685450,A,,,,
219,776,Tonga,1016,Goats,1979,11950,A,,,,
220,780,Trinidad and Tobago,1016,Goats,1979,49000,E,,,,
222,788,Tunisia,1016,Goats,1979,755000,A,,,,
227,798,Tuvalu,1016,Goats,1979,19,A,,,,
223,792,Türkiye,1016,Goats,1979,18447008,A,,,,
226,800,Uganda,1016,Goats,1979,2624300,A,,,,
225,784,United Arab Emirates,1016,Goats,1979,320000,E,,,,
229,826,United Kingdom of Great Britain and Northern Ireland,1016,Goats,1979,,M,,,,
215,834,United Republic of Tanzania,1016,Goats,1979,5574000,X,,,,
231,840,United States of America,1016,Goats,1979,1360000,A,,,,
234,858,Uruguay,1016,Goats,1979,12000,E,,,,
155,548,Vanuatu,1016,Goats,1979,10700,E,,,,
236,862,Venezuela (Bolivarian Republic of),1016,Goats,1979,1319400,A,,,,
237,704,Viet Nam,1016,Goats,1979,200700,A,,,,
249,887,Yemen,1016,Goats,1979,2855000,X,,,,
251,894,Zambia,1016,Goats,1979,325363,A,,,,
181,716,Zimbabwe,1016,Goats,1979,1348000,A,,,,
87,312,Guadeloupe,1016,Goats,1980,64000,E,,,,
51,200,Czechoslovakia,1016,Goats,1980,63343,A,,,,
62,230,Ethiopia PDR,1016,Goats,1980,17180000,E,,,,
69,254,French Guiana,1016,Goats,1980,900,E,,,,
182,638,Réunion,1016,Goats,1980,32700,A,,,,
206,736,Sudan (former),1016,Goats,1980,12748000,A,,,,
228,810,USSR,1016,Goats,1980,5824000,A,,,,
15,58,Belgium-Luxembourg,1016,Goats,1980,6086,A,,,,
135,474,Martinique,1016,Goats,1980,9000,E,,,,
2,4,Afghanistan,1016,Goats,1980,2850000,A,,,,
3,8,Albania,1016,Goats,1980,811000,A,,,,
4,12,Algeria,1016,Goats,1980,2723250,A,,,,
7,24,Angola,1016,Goats,1980,1270000,E,,,,
8,28,Antigua and Barbuda,1016,Goats,1980,12000,A,,,,
9,32,Argentina,1016,Goats,1980,3000000,E,,,,
10,36,Australia,1016,Goats,1980,65000,E,,,,
11,40,Austria,1016,Goats,1980,34926,A,,,,
12,44,Bahamas,1016,Goats,1980,13280,E,,,,
13,48,Bahrain,1016,Goats,1980,14510,A,,,,
16,50,Bangladesh,1016,Goats,1980,9208000,A,,,,
14,52,Barbados,1016,Goats,1980,15000,E,,,,
23,84,Belize,1016,Goats,1980,1000,X,,,,
53,204,Benin,1016,Goats,1980,930705,A,,,,
18,64,Bhutan,1016,Goats,1980,16500,E,,,,
19,68,Bolivia (Plurinational State of),1016,Goats,1980,2006700,A,,,,
20,72,Botswana,1016,Goats,1980,638000,A,,,,
21,76,Brazil,1016,Goats,1980,8326000,A,,,,
26,96,Brunei Darussalam,1016,Goats,1980,1000,E,,,,
27,100,Bulgaria,1016,Goats,1980,432791,A,,,,
233,854,Burkina Faso,1016,Goats,1980,3400000,E,,,,
29,108,Burundi,1016,Goats,1980,657000,A,,,,
35,132,Cabo Verde,1016,Goats,1980,65000,A,,,,
32,120,Cameroon,1016,Goats,1980,2340000,X,,,,
33,124,Canada,1016,Goats,1980,22000,E,,,,
37,140,Central African Republic,1016,Goats,1980,956000,A,,,,
39,148,Chad,1016,Goats,1980,3742000,E,,,,
40,152,Chile,1016,Goats,1980,600000,X,,,,
96,344,"China, Hong Kong SAR",1016,Goats,1980,640,A,,,,
214,158,"China, Taiwan Province of",1016,Goats,1980,187687,A,,,,
41,156,"China, mainland",1016,Goats,1980,80574000,A,,,,
44,170,Colombia,1016,Goats,1980,645000,A,,,,
45,174,Comoros,1016,Goats,1980,87000,E,,,,
46,178,Congo,1016,Goats,1980,159410,A,,,,
47,184,Cook Islands,1016,Goats,1980,3000,A,,,,
48,188,Costa Rica,1016,Goats,1980,1350,A,,,,
49,192,Cuba,1016,Goats,1980,99000,E,,,,
50,196,Cyprus,1016,Goats,1980,220000,A,,,,
107,384,Côte d'Ivoire,1016,Goats,1980,900000,E,,,,
116,408,Democratic People's Republic of Korea,1016,Goats,1980,490000,E,,,,
250,180,Democratic Republic of the Congo,1016,Goats,1980,2681000,A,,,,
72,262,Djibouti,1016,Goats,1980,545000,E,,,,
55,212,Dominica,1016,Goats,1980,5700,E,,,,
56,214,Dominican Republic,1016,Goats,1980,451000,A,,,,
58,218,Ecuador,1016,Goats,1980,256835,A,,,,
59,818,Egypt,1016,Goats,1980,1451211,A,,,,
60,222,El Salvador,1016,Goats,1980,14000,X,,,,
61,226,Equatorial Guinea,1016,Goats,1980,7200,E,,,,
209,748,Eswatini,1016,Goats,1980,303128,A,,,,
66,242,Fiji,1016,Goats,1980,110000,E,,,,
67,246,Finland,1016,Goats,1980,2000,A,,,,
68,250,France,1016,Goats,1980,1125206,A,,,,
70,258,French Polynesia,1016,Goats,1980,12100,E,,,,
74,266,Gabon,1016,Goats,1980,78000,E,,,,
75,270,Gambia,1016,Goats,1980,162000,E,,,,
79,276,Germany,1016,Goats,1980,61066,A,,,,
81,288,Ghana,1016,Goats,1980,1934000,A,,,,
84,300,Greece,1016,Goats,1980,4531988,A,,,,
86,308,Grenada,1016,Goats,1980,12500,E,,,,
89,320,Guatemala,1016,Goats,1980,71844,A,,,,
90,324,Guinea,1016,Goats,1980,405000,E,,,,
175,624,Guinea-Bissau,1016,Goats,1980,183000,E,,,,
91,328,Guyana,1016,Goats,1980,70000,E,,,,
93,332,Haiti,1016,Goats,1980,1000000,X,,,,
95,340,Honduras,1016,Goats,1980,24116,A,,,,
97,348,Hungary,1016,Goats,1980,15000,A,,,,
99,352,Iceland,1016,Goats,1980,232,A,,,,
100,356,India,1016,Goats,1980,86900000,X,,,,
101,360,Indonesia,1016,Goats,1980,7691000,A,,,,
102,364,Iran (Islamic Republic of),1016,Goats,1980,17358000,A,,,,
103,368,Iraq,1016,Goats,1980,2080000,E,,,,
105,376,Israel,1016,Goats,1980,145000,A,,,,
106,380,Italy,1016,Goats,1980,977800,A,,,,
109,388,Jamaica,1016,Goats,1980,380000,E,,,,
110,392,Japan,1016,Goats,1980,67000,X,,,,
112,400,Jordan,1016,Goats,1980,453000,A,,,,
114,404,Kenya,1016,Goats,1980,8000000,A,,,,
118,414,Kuwait,1016,Goats,1980,273314,A,,,,
120,418,Lao People's Democratic Republic,1016,Goats,1980,48598,A,,,,
121,422,Lebanon,1016,Goats,1980,444480,A,,,,
122,426,Lesotho,1016,Goats,1980,784346,A,,,,
123,430,Liberia,1016,Goats,1980,200000,E,,,,
124,434,Libya,1016,Goats,1980,1500000,A,,,,
129,450,Madagascar,1016,Goats,1980,1437600,A,,,,
130,454,Malawi,1016,Goats,1980,650203,A,,,,
131,458,Malaysia,1016,Goats,1980,342119,A,,,,
133,466,Mali,1016,Goats,1980,6750000,A,,,,
134,470,Malta,1016,Goats,1980,5949,A,,,,
136,478,Mauritania,1016,Goats,1980,2596500,A,,,,
137,480,Mauritius,1016,Goats,1980,70000,E,,,,
138,484,Mexico,1016,Goats,1980,9638000,A,,,,
141,496,Mongolia,1016,Goats,1980,4715000,A,,,,
143,504,Morocco,1016,Goats,1980,6153500,A,,,,
144,508,Mozambique,1016,Goats,1980,335000,E,,,,
28,104,Myanmar,1016,Goats,1980,610000,X,,,,
147,516,Namibia,1016,Goats,1980,1917348,A,,,,
149,524,Nepal,1016,Goats,1980,4650000,E,,,,
150,528,Netherlands (Kingdom of the),1016,Goats,1980,30000,E,,,,
153,540,New Caledonia,1016,Goats,1980,8000,A,,,,
156,554,New Zealand,1016,Goats,1980,52607,A,,,,
157,558,Nicaragua,1016,Goats,1980,6400,X,,,,
158,562,Niger,1016,Goats,1980,9131863,A,,,,
159,566,Nigeria,1016,Goats,1980,11297000,A,,,,
162,578,Norway,1016,Goats,1980,84800,A,,,,
221,512,Oman,1016,Goats,1980,630000,E,,,,
165,586,Pakistan,1016,Goats,1980,24953008,A,,,,
166,591,Panama,1016,Goats,1980,6300,E,,,,
168,598,Papua New Guinea,1016,Goats,1980,1650,E,,,,
169,600,Paraguay,1016,Goats,1980,115000,E,,,,
170,604,Peru,1016,Goats,1980,1699300,A,,,,
171,608,Philippines,1016,Goats,1980,2960000,E,,,,
174,620,Portugal,1016,Goats,1980,733000,A,,,,
177,630,Puerto Rico,1016,Goats,1980,25000,E,,,,
179,634,Qatar,1016,Goats,1980,55511,A,,,,
117,410,Republic of Korea,1016,Goats,1980,200502,A,,,,
183,642,Romania,1016,Goats,1980,375000,A,,,,
184,646,Rwanda,1016,Goats,1980,885390,A,,,,
188,659,Saint Kitts and Nevis,1016,Goats,1980,9570,E,,,,
189,662,Saint Lucia,1016,Goats,1980,9775,A,,,,
191,670,Saint Vincent and the Grenadines,1016,Goats,1980,3700,E,,,,
193,678,Sao Tome and Principe,1016,Goats,1980,3600,E,,,,
194,682,Saudi Arabia,1016,Goats,1980,2240468,A,,,,
195,686,Senegal,1016,Goats,1980,973000,A,,,,
196,690,Seychelles,1016,Goats,1980,3500,E,,,,
197,694,Sierra Leone,1016,Goats,1980,136000,E,,,,
200,702,Singapore,1016,Goats,1980,750,E,,,,
201,706,Somalia,1016,Goats,1980,17000000,A,,,,
202,710,South Africa,1016,Goats,1980,5794000,A,,,,
203,724,Spain,1016,Goats,1980,2100000,A,,,,
38,144,Sri Lanka,1016,Goats,1980,492600,A,,,,
207,740,Suriname,1016,Goats,1980,6441,A,,,,
211,756,Switzerland,1016,Goats,1980,80150,A,,,,
212,760,Syrian Arab Republic,1016,Goats,1980,1025541,A,,,,
216,764,Thailand,1016,Goats,1980,55539,A,,,,
176,626,Timor-Leste,1016,Goats,1980,26400,X,,,,
217,768,Togo,1016,Goats,1980,516188,A,,,,
219,776,Tonga,1016,Goats,1980,13000,A,,,,
220,780,Trinidad and Tobago,1016,Goats,1980,50000,E,,,,
222,788,Tunisia,1016,Goats,1980,922000,A,,,,
227,798,Tuvalu,1016,Goats,1980,40,A,,,,
223,792,Türkiye,1016,Goats,1980,18775008,A,,,,
226,800,Uganda,1016,Goats,1980,2543600,A,,,,
225,784,United Arab Emirates,1016,Goats,1980,341622,A,,,,
229,826,United Kingdom of Great Britain and Northern Ireland,1016,Goats,1980,,M,,,,
215,834,United Republic of Tanzania,1016,Goats,1980,5662300,X,,,,
231,840,United States of America,1016,Goats,1980,1400000,A,,,,
234,858,Uruguay,1016,Goats,1980,12000,E,,,,
155,548,Vanuatu,1016,Goats,1980,10850,E,,,,
236,862,Venezuela (Bolivarian Republic of),1016,Goats,1980,1337700,A,,,,
237,704,Viet Nam,1016,Goats,1980,173400,A,,,,
249,887,Yemen,1016,Goats,1980,2898000,X,,,,
251,894,Zambia,1016,Goats,1980,257610,A,,,,
181,716,Zimbabwe,1016,Goats,1980,982000,A,,,,
135,474,Martinique,1016,Goats,1981,12500,E,,,,
15,58,Belgium-Luxembourg,1016,Goats,1981,5970,A,,,,
62,230,Ethiopia PDR,1016,Goats,1981,17200000,E,,,,
182,638,Réunion,1016,Goats,1981,32700,A,,,,
206,736,Sudan (former),1016,Goats,1981,13270000,A,,,,
51,200,Czechoslovakia,1016,Goats,1981,57010,A,,,,
87,312,Guadeloupe,1016,Goats,1981,84000,E,,,,
69,254,French Guiana,1016,Goats,1981,950,E,,,,
228,810,USSR,1016,Goats,1981,6103000,A,,,,
2,4,Afghanistan,1016,Goats,1981,2900000,A,,,,
3,8,Albania,1016,Goats,1981,830000,E,,,,
4,12,Algeria,1016,Goats,1981,2748920,A,,,,
7,24,Angola,1016,Goats,1981,1300000,E,,,,
8,28,Antigua and Barbuda,1016,Goats,1981,12000,A,,,,
9,32,Argentina,1016,Goats,1981,3000000,E,,,,
10,36,Australia,1016,Goats,1981,70000,E,,,,
11,40,Austria,1016,Goats,1981,32428,A,,,,
12,44,Bahamas,1016,Goats,1981,13400,E,,,,
13,48,Bahrain,1016,Goats,1981,14510,A,,,,
16,50,Bangladesh,1016,Goats,1981,9420000,A,,,,
14,52,Barbados,1016,Goats,1981,14000,E,,,,
23,84,Belize,1016,Goats,1981,1000,X,,,,
53,204,Benin,1016,Goats,1981,967941,A,,,,
18,64,Bhutan,1016,Goats,1981,16966,X,,,,
19,68,Bolivia (Plurinational State of),1016,Goats,1981,2013500,A,,,,
20,72,Botswana,1016,Goats,1981,621200,A,,,,
21,76,Brazil,1016,Goats,1981,8865000,A,,,,
26,96,Brunei Darussalam,1016,Goats,1981,1000,X,,,,
27,100,Bulgaria,1016,Goats,1981,467217,A,,,,
233,854,Burkina Faso,1016,Goats,1981,3800000,E,,,,
29,108,Burundi,1016,Goats,1981,737400,A,,,,
35,132,Cabo Verde,1016,Goats,1981,70000,A,,,,
32,120,Cameroon,1016,Goats,1981,2027855,A,,,,
33,124,Canada,1016,Goats,1981,22500,E,,,,
37,140,Central African Republic,1016,Goats,1981,978000,A,,,,
39,148,Chad,1016,Goats,1981,3973000,E,,,,
40,152,Chile,1016,Goats,1981,600000,X,,,,
96,344,"China, Hong Kong SAR",1016,Goats,1981,650,A,,,,
214,158,"China, Taiwan Province of",1016,Goats,1981,183602,A,,,,
41,156,"China, mainland",1016,Goats,1981,80684000,A,,,,
44,170,Colombia,1016,Goats,1981,652095,A,,,,
45,174,Comoros,1016,Goats,1981,87000,E,,,,
46,178,Congo,1016,Goats,1981,167914,A,,,,
47,184,Cook Islands,1016,Goats,1981,3000,A,,,,
48,188,Costa Rica,1016,Goats,1981,1400,A,,,,
49,192,Cuba,1016,Goats,1981,100000,E,,,,
50,196,Cyprus,1016,Goats,1981,223000,A,,,,
107,384,Côte d'Ivoire,1016,Goats,1981,850000,E,,,,
116,408,Democratic People's Republic of Korea,1016,Goats,1981,510000,E,,,,
250,180,Democratic Republic of the Congo,1016,Goats,1981,2700000,A,,,,
72,262,Djibouti,1016,Goats,1981,490000,E,,,,
55,212,Dominica,1016,Goats,1981,6000,E,,,,
56,214,Dominican Republic,1016,Goats,1981,457000,A,,,,
58,218,Ecuador,1016,Goats,1981,262665,A,,,,
59,818,Egypt,1016,Goats,1981,1475000,A,,,,
60,222,El Salvador,1016,Goats,1981,14000,X,,,,
61,226,Equatorial Guinea,1016,Goats,1981,7300,E,,,,
209,748,Eswatini,1016,Goats,1981,308933,A,,,,
66,242,Fiji,1016,Goats,1981,156000,E,,,,
67,246,Finland,1016,Goats,1981,2000,A,,,,
68,250,France,1016,Goats,1981,1241000,A,,,,
70,258,French Polynesia,1016,Goats,1981,12160,E,,,,
74,266,Gabon,1016,Goats,1981,75000,E,,,,
75,270,Gambia,1016,Goats,1981,165000,E,,,,
79,276,Germany,1016,Goats,1981,59538,A,,,,
81,288,Ghana,1016,Goats,1981,1973000,A,,,,
84,300,Greece,1016,Goats,1981,4754945,A,,,,
86,308,Grenada,1016,Goats,1981,13190,A,,,,
89,320,Guatemala,1016,Goats,1981,73156,A,,,,
90,324,Guinea,1016,Goats,1981,415000,E,,,,
175,624,Guinea-Bissau,1016,Goats,1981,188000,E,,,,
91,328,Guyana,1016,Goats,1981,72000,E,,,,
93,332,Haiti,1016,Goats,1981,1040000,E,,,,
95,340,Honduras,1016,Goats,1981,23795,A,,,,
97,348,Hungary,1016,Goats,1981,15000,A,,,,
99,352,Iceland,1016,Goats,1981,220,A,,,,
100,356,India,1016,Goats,1981,91000000,X,,,,
101,360,Indonesia,1016,Goats,1981,7790000,A,,,,
102,364,Iran (Islamic Republic of),1016,Goats,1981,18000000,E,,,,
103,368,Iraq,1016,Goats,1981,1950000,E,,,,
105,376,Israel,1016,Goats,1981,124000,A,,,,
106,380,Italy,1016,Goats,1981,1009300,A,,,,
109,388,Jamaica,1016,Goats,1981,390000,E,,,,
110,392,Japan,1016,Goats,1981,61700,A,,,,
112,400,Jordan,1016,Goats,1981,529300,A,,,,
114,404,Kenya,1016,Goats,1981,7000000,A,,,,
118,414,Kuwait,1016,Goats,1981,100000,E,,,,
120,418,Lao People's Democratic Republic,1016,Goats,1981,54000,A,,,,
121,422,Lebanon,1016,Goats,1981,445000,A,,,,
122,426,Lesotho,1016,Goats,1981,766535,A,,,,
123,430,Liberia,1016,Goats,1981,210000,E,,,,
124,434,Libya,1016,Goats,1981,1537000,E,,,,
129,450,Madagascar,1016,Goats,1981,1709000,A,,,,
130,454,Malawi,1016,Goats,1981,718154,A,,,,
131,458,Malaysia,1016,Goats,1981,359660,A,,,,
133,466,Mali,1016,Goats,1981,6033000,X,,,,
134,470,Malta,1016,Goats,1981,5105,A,,,,
136,478,Mauritania,1016,Goats,1981,2596500,A,,,,
137,480,Mauritius,1016,Goats,1981,70000,E,,,,
138,484,Mexico,1016,Goats,1981,10003900,A,,,,
141,496,Mongolia,1016,Goats,1981,4566700,A,,,,
143,504,Morocco,1016,Goats,1981,5462260,A,,,,
144,508,Mozambique,1016,Goats,1981,340000,E,,,,
28,104,Myanmar,1016,Goats,1981,769000,X,,,,
147,516,Namibia,1016,Goats,1981,1410709,A,,,,
149,524,Nepal,1016,Goats,1981,4700000,E,,,,
150,528,Netherlands (Kingdom of the),1016,Goats,1981,,M,,,,
153,540,New Caledonia,1016,Goats,1981,8000,A,,,,
156,554,New Zealand,1016,Goats,1981,68061,A,,,,
157,558,Nicaragua,1016,Goats,1981,6200,X,,,,
158,562,Niger,1016,Goats,1981,9229107,A,,,,
159,566,Nigeria,1016,Goats,1981,12328000,A,,,,
162,578,Norway,1016,Goats,1981,90500,A,,,,
221,512,Oman,1016,Goats,1981,650000,E,,,,
165,586,Pakistan,1016,Goats,1981,25842000,A,,,,
166,591,Panama,1016,Goats,1981,6400,E,,,,
168,598,Papua New Guinea,1016,Goats,1981,1800,E,,,,
169,600,Paraguay,1016,Goats,1981,107751,A,,,,
170,604,Peru,1016,Goats,1981,1625900,A,,,,
171,608,Philippines,1016,Goats,1981,2970000,E,,,,
174,620,Portugal,1016,Goats,1981,750000,X,,,,
177,630,Puerto Rico,1016,Goats,1981,23500,E,,,,
179,634,Qatar,1016,Goats,1981,46982,A,,,,
117,410,Republic of Korea,1016,Goats,1981,196889,A,,,,
183,642,Romania,1016,Goats,1981,954300,A,,,,
184,646,Rwanda,1016,Goats,1981,943087,A,,,,
188,659,Saint Kitts and Nevis,1016,Goats,1981,9580,E,,,,
189,662,Saint Lucia,1016,Goats,1981,10166,A,,,,
191,670,Saint Vincent and the Grenadines,1016,Goats,1981,4000,E,,,,
193,678,Sao Tome and Principe,1016,Goats,1981,3700,E,,,,
194,682,Saudi Arabia,1016,Goats,1981,2300000,E,,,,
195,686,Senegal,1016,Goats,1981,1034000,A,,,,
196,690,Seychelles,1016,Goats,1981,3600,E,,,,
197,694,Sierra Leone,1016,Goats,1981,137000,E,,,,
200,702,Singapore,1016,Goats,1981,650,E,,,,
201,706,Somalia,1016,Goats,1981,18000000,A,,,,
202,710,South Africa,1016,Goats,1981,5787000,A,,,,
203,724,Spain,1016,Goats,1981,2170000,A,,,,
38,144,Sri Lanka,1016,Goats,1981,512200,A,,,,
207,740,Suriname,1016,Goats,1981,5890,E,,,,
211,756,Switzerland,1016,Goats,1981,80900,A,,,,
212,760,Syrian Arab Republic,1016,Goats,1981,1060435,A,,,,
216,764,Thailand,1016,Goats,1981,37561,A,,,,
176,626,Timor-Leste,1016,Goats,1981,35000,E,,,,
217,768,Togo,1016,Goats,1981,465395,A,,,,
219,776,Tonga,1016,Goats,1981,15000,A,,,,
220,780,Trinidad and Tobago,1016,Goats,1981,51000,E,,,,
222,788,Tunisia,1016,Goats,1981,788000,A,,,,
227,798,Tuvalu,1016,Goats,1981,29,A,,,,
223,792,Türkiye,1016,Goats,1981,19043008,A,,,,
226,800,Uganda,1016,Goats,1981,2670800,A,,,,
225,784,United Arab Emirates,1016,Goats,1981,357150,A,,,,
229,826,United Kingdom of Great Britain and Northern Ireland,1016,Goats,1981,,M,,,,
215,834,United Republic of Tanzania,1016,Goats,1981,5906021,A,,,,
231,840,United States of America,1016,Goats,1981,1380000,A,,,,
234,858,Uruguay,1016,Goats,1981,12000,E,,,,
155,548,Vanuatu,1016,Goats,1981,11000,E,,,,
236,862,Venezuela (Bolivarian Republic of),1016,Goats,1981,1381000,X,,,,
237,704,Viet Nam,1016,Goats,1981,196500,A,,,,
249,887,Yemen,1016,Goats,1981,2811276,X,,,,
251,894,Zambia,1016,Goats,1981,286765,A,,,,
181,716,Zimbabwe,1016,Goats,1981,1243000,A,,,,
206,736,Sudan (former),1016,Goats,1982,13814000,A,,,,
135,474,Martinique,1016,Goats,1982,12500,E,,,,
87,312,Guadeloupe,1016,Goats,1982,81500,E,,,,
69,254,French Guiana,1016,Goats,1982,1000,E,,,,
62,230,Ethiopia PDR,1016,Goats,1982,17220000,E,,,,
182,638,Réunion,1016,Goats,1982,45000,A,,,,
15,58,Belgium-Luxembourg,1016,Goats,1982,6227,A,,,,
51,200,Czechoslovakia,1016,Goats,1982,52424,A,,,,
228,810,USSR,1016,Goats,1982,6123000,A,,,,
2,4,Afghanistan,1016,Goats,1982,2900000,A,,,,
3,8,Albania,1016,Goats,1982,850000,E,,,,
4,12,Algeria,1016,Goats,1982,2857000,A,,,,
7,24,Angola,1016,Goats,1982,1330000,E,,,,
8,28,Antigua and Barbuda,1016,Goats,1982,12000,A,,,,
9,32,Argentina,1016,Goats,1982,3000000,E,,,,
10,36,Australia,1016,Goats,1982,75000,E,,,,
11,40,Austria,1016,Goats,1982,32534,A,,,,
12,44,Bahamas,1016,Goats,1982,13400,E,,,,
13,48,Bahrain,1016,Goats,1982,15000,A,,,,
16,50,Bangladesh,1016,Goats,1982,9636000,A,,,,
14,52,Barbados,1016,Goats,1982,14000,E,,,,
23,84,Belize,1016,Goats,1982,1100,E,,,,
53,204,Benin,1016,Goats,1982,1006660,A,,,,
18,64,Bhutan,1016,Goats,1982,18820,X,,,,
19,68,Bolivia (Plurinational State of),1016,Goats,1982,2045000,A,,,,
20,72,Botswana,1016,Goats,1982,635500,A,,,,
21,76,Brazil,1016,Goats,1982,9036746,A,,,,
26,96,Brunei Darussalam,1016,Goats,1982,1000,X,,,,
27,100,Bulgaria,1016,Goats,1982,490209,A,,,,
233,854,Burkina Faso,1016,Goats,1982,4200000,E,,,,
29,108,Burundi,1016,Goats,1982,690200,A,,,,
35,132,Cabo Verde,1016,Goats,1982,73690,A,,,,
32,120,Cameroon,1016,Goats,1982,1902700,E,,,,
33,124,Canada,1016,Goats,1982,23000,E,,,,
37,140,Central African Republic,1016,Goats,1982,1000000,A,,,,
39,148,Chad,1016,Goats,1982,4218000,E,,,,
40,152,Chile,1016,Goats,1982,600000,X,,,,
96,344,"China, Hong Kong SAR",1016,Goats,1982,400,A,,,,
214,158,"China, Taiwan Province of",1016,Goats,1982,176849,A,,,,
41,156,"China, mainland",1016,Goats,1982,78260000,A,,,,
44,170,Colombia,1016,Goats,1982,664000,X,,,,
45,174,Comoros,1016,Goats,1982,88000,E,,,,
46,178,Congo,1016,Goats,1982,177989,A,,,,
47,184,Cook Islands,1016,Goats,1982,3000,A,,,,
48,188,Costa Rica,1016,Goats,1982,1500,A,,,,
49,192,Cuba,1016,Goats,1982,101000,E,,,,
50,196,Cyprus,1016,Goats,1982,228000,A,,,,
107,384,Côte d'Ivoire,1016,Goats,1982,850000,E,,,,
116,408,Democratic People's Republic of Korea,1016,Goats,1982,540000,E,,,,
250,180,Democratic Republic of the Congo,1016,Goats,1982,2717300,A,,,,
72,262,Djibouti,1016,Goats,1982,460000,E,,,,
55,212,Dominica,1016,Goats,1982,6500,E,,,,
56,214,Dominican Republic,1016,Goats,1982,459000,A,,,,
58,218,Ecuador,1016,Goats,1982,268601,A,,,,
59,818,Egypt,1016,Goats,1982,1498000,A,,,,
60,222,El Salvador,1016,Goats,1982,14100,E,,,,
61,226,Equatorial Guinea,1016,Goats,1982,7300,E,,,,
209,748,Eswatini,1016,Goats,1982,320398,A,,,,
66,242,Fiji,1016,Goats,1982,160000,E,,,,
67,246,Finland,1016,Goats,1982,2000,A,,,,
68,250,France,1016,Goats,1982,1217000,A,,,,
70,258,French Polynesia,1016,Goats,1982,12200,E,,,,
74,266,Gabon,1016,Goats,1982,73000,E,,,,
75,270,Gambia,1016,Goats,1982,168000,E,,,,
79,276,Germany,1016,Goats,1982,58843,A,,,,
81,288,Ghana,1016,Goats,1982,1900000,E,,,,
84,300,Greece,1016,Goats,1982,4623425,A,,,,
86,308,Grenada,1016,Goats,1982,13200,A,,,,
89,320,Guatemala,1016,Goats,1982,72844,A,,,,
90,324,Guinea,1016,Goats,1982,425000,E,,,,
175,624,Guinea-Bissau,1016,Goats,1982,192000,E,,,,
91,328,Guyana,1016,Goats,1982,74000,E,,,,
93,332,Haiti,1016,Goats,1982,1080000,E,,,,
95,340,Honduras,1016,Goats,1982,24000,E,,,,
97,348,Hungary,1016,Goats,1982,15000,A,,,,
99,352,Iceland,1016,Goats,1982,242,A,,,,
100,356,India,1016,Goats,1982,95253008,A,,,,
101,360,Indonesia,1016,Goats,1982,7891000,A,,,,
102,364,Iran (Islamic Republic of),1016,Goats,1982,18663000,A,,,,
103,368,Iraq,1016,Goats,1982,1680000,E,,,,
105,376,Israel,1016,Goats,1982,126000,A,,,,
106,380,Italy,1016,Goats,1982,1028800,A,,,,
109,388,Jamaica,1016,Goats,1982,400000,E,,,,
110,392,Japan,1016,Goats,1982,59900,A,,,,
112,400,Jordan,1016,Goats,1982,590000,A,,,,
114,404,Kenya,1016,Goats,1982,7200000,E,,,,
118,414,Kuwait,1016,Goats,1982,15749,A,,,,
120,418,Lao People's Democratic Republic,1016,Goats,1982,56200,A,,,,
121,422,Lebanon,1016,Goats,1982,440000,A,,,,
122,426,Lesotho,1016,Goats,1982,930413,A,,,,
123,430,Liberia,1016,Goats,1982,220000,E,,,,
124,434,Libya,1016,Goats,1982,1543000,A,,,,
129,450,Madagascar,1016,Goats,1982,1730000,A,,,,
130,454,Malawi,1016,Goats,1982,760947,A,,,,
131,458,Malaysia,1016,Goats,1982,342035,A,,,,
133,466,Mali,1016,Goats,1982,6037000,X,,,,
134,470,Malta,1016,Goats,1982,5064,A,,,,
136,478,Mauritania,1016,Goats,1982,2646400,A,,,,
137,480,Mauritius,1016,Goats,1982,70000,E,,,,
138,484,Mexico,1016,Goats,1982,10289754,A,,,,
141,496,Mongolia,1016,Goats,1982,4595400,A,,,,
143,504,Morocco,1016,Goats,1982,4092000,A,,,,
144,508,Mozambique,1016,Goats,1982,345000,E,,,,
28,104,Myanmar,1016,Goats,1982,915000,A,,,,
147,516,Namibia,1016,Goats,1982,1162939,A,,,,
149,524,Nepal,1016,Goats,1982,4750000,E,,,,
150,528,Netherlands (Kingdom of the),1016,Goats,1982,,M,,,,
153,540,New Caledonia,1016,Goats,1982,12000,E,,,,
156,554,New Zealand,1016,Goats,1982,92747,A,,,,
157,558,Nicaragua,1016,Goats,1982,6200,E,,,,
158,562,Niger,1016,Goats,1982,9411926,A,,,,
159,566,Nigeria,1016,Goats,1982,13680000,A,,,,
162,578,Norway,1016,Goats,1982,98000,A,,,,
221,512,Oman,1016,Goats,1982,696199,A,,,,
165,586,Pakistan,1016,Goats,1982,26763008,A,,,,
166,591,Panama,1016,Goats,1982,6300,E,,,,
168,598,Papua New Guinea,1016,Goats,1982,1800,E,,,,
169,600,Paraguay,1016,Goats,1982,109205,A,,,,
170,604,Peru,1016,Goats,1982,1675800,A,,,,
171,608,Philippines,1016,Goats,1982,3120000,E,,,,
174,620,Portugal,1016,Goats,1982,745000,X,,,,
177,630,Puerto Rico,1016,Goats,1982,16500,E,,,,
179,634,Qatar,1016,Goats,1982,15303,A,,,,
117,410,Republic of Korea,1016,Goats,1982,251415,A,,,,
183,642,Romania,1016,Goats,1982,459700,A,,,,
184,646,Rwanda,1016,Goats,1982,985064,A,,,,
188,659,Saint Kitts and Nevis,1016,Goats,1982,9590,E,,,,
189,662,Saint Lucia,1016,Goats,1982,10573,A,,,,
191,670,Saint Vincent and the Grenadines,1016,Goats,1982,4200,E,,,,
193,678,Sao Tome and Principe,1016,Goats,1982,3800,E,,,,
194,682,Saudi Arabia,1016,Goats,1982,2444031,A,,,,
195,686,Senegal,1016,Goats,1982,1120000,E,,,,
196,690,Seychelles,1016,Goats,1982,3700,E,,,,
197,694,Sierra Leone,1016,Goats,1982,138000,E,,,,
200,702,Singapore,1016,Goats,1982,700,E,,,,
201,706,Somalia,1016,Goats,1982,19000000,A,,,,
202,710,South Africa,1016,Goats,1982,5865000,A,,,,
203,724,Spain,1016,Goats,1982,2526000,A,,,,
38,144,Sri Lanka,1016,Goats,1982,511600,A,,,,
207,740,Suriname,1016,Goats,1982,3911,A,,,,
211,756,Switzerland,1016,Goats,1982,82400,A,,,,
212,760,Syrian Arab Republic,1016,Goats,1982,1149700,A,,,,
216,764,Thailand,1016,Goats,1982,48883,A,,,,
176,626,Timor-Leste,1016,Goats,1982,45000,E,,,,
217,768,Togo,1016,Goats,1982,696410,A,,,,
219,776,Tonga,1016,Goats,1982,12430,A,,,,
220,780,Trinidad and Tobago,1016,Goats,1982,52000,E,,,,
222,788,Tunisia,1016,Goats,1982,916500,A,,,,
227,798,Tuvalu,1016,Goats,1982,48,A,,,,
223,792,Türkiye,1016,Goats,1982,18926000,A,,,,
226,800,Uganda,1016,Goats,1982,2804300,A,,,,
225,784,United Arab Emirates,1016,Goats,1982,382000,A,,,,
229,826,United Kingdom of Great Britain and Northern Ireland,1016,Goats,1982,,M,,,,
215,834,United Republic of Tanzania,1016,Goats,1982,6035952,A,,,,
231,840,United States of America,1016,Goats,1982,1410000,A,,,,
234,858,Uruguay,1016,Goats,1982,12000,E,,,,
155,548,Vanuatu,1016,Goats,1982,11150,E,,,,
236,862,Venezuela (Bolivarian Republic of),1016,Goats,1982,1312000,X,,,,
237,704,Viet Nam,1016,Goats,1982,224900,A,,,,
249,887,Yemen,1016,Goats,1982,2868508,X,,,,
251,894,Zambia,1016,Goats,1982,347826,X,,,,
181,716,Zimbabwe,1016,Goats,1982,920000,A,,,,
228,810,USSR,1016,Goats,1983,6340000,A,,,,
182,638,Réunion,1016,Goats,1983,41260,A,,,,
87,312,Guadeloupe,1016,Goats,1983,92000,E,,,,
206,736,Sudan (former),1016,Goats,1983,13707000,A,,,,
69,254,French Guiana,1016,Goats,1983,1050,E,,,,
135,474,Martinique,1016,Goats,1983,23000,E,,,,
15,58,Belgium-Luxembourg,1016,Goats,1983,6874,A,,,,
62,230,Ethiopia PDR,1016,Goats,1983,18769008,A,,,,
51,200,Czechoslovakia,1016,Goats,1983,51658,A,,,,
2,4,Afghanistan,1016,Goats,1983,2700000,E,,,,
3,8,Albania,1016,Goats,1983,875000,E,,,,
4,12,Algeria,1016,Goats,1983,2962000,A,,,,
7,24,Angola,1016,Goats,1983,1350000,E,,,,
8,28,Antigua and Barbuda,1016,Goats,1983,12000,A,,,,
9,32,Argentina,1016,Goats,1983,2900000,E,,,,
10,36,Australia,1016,Goats,1983,185000,E,,,,
11,40,Austria,1016,Goats,1983,31596,A,,,,
12,44,Bahamas,1016,Goats,1983,13420,E,,,,
13,48,Bahrain,1016,Goats,1983,15000,A,,,,
16,50,Bangladesh,1016,Goats,1983,9858000,A,,,,
14,52,Barbados,1016,Goats,1983,12000,E,,,,
23,84,Belize,1016,Goats,1983,1100,E,,,,
53,204,Benin,1016,Goats,1983,1167100,A,,,,
18,64,Bhutan,1016,Goats,1983,22548,X,,,,
19,68,Bolivia (Plurinational State of),1016,Goats,1983,1757400,A,,,,
20,72,Botswana,1016,Goats,1983,782800,A,,,,
21,76,Brazil,1016,Goats,1983,8935792,A,,,,
26,96,Brunei Darussalam,1016,Goats,1983,1000,X,,,,
27,100,Bulgaria,1016,Goats,1983,502338,A,,,,
233,854,Burkina Faso,1016,Goats,1983,4600000,E,,,,
29,108,Burundi,1016,Goats,1983,778900,A,,,,
35,132,Cabo Verde,1016,Goats,1983,65000,A,,,,
32,120,Cameroon,1016,Goats,1983,1925600,A,,,,
33,124,Canada,1016,Goats,1983,24000,E,,,,
37,140,Central African Republic,1016,Goats,1983,1026748,A,,,,
39,148,Chad,1016,Goats,1983,4479000,E,,,,
40,152,Chile,1016,Goats,1983,600000,X,,,,
96,344,"China, Hong Kong SAR",1016,Goats,1983,470,A,,,,
214,158,"China, Taiwan Province of",1016,Goats,1983,177120,A,,,,
41,156,"China, mainland",1016,Goats,1983,75220000,A,,,,
44,170,Colombia,1016,Goats,1983,729000,X,,,,
45,174,Comoros,1016,Goats,1983,93000,E,,,,
46,178,Congo,1016,Goats,1983,188667,A,,,,
47,184,Cook Islands,1016,Goats,1983,3000,A,,,,
48,188,Costa Rica,1016,Goats,1983,1600,A,,,,
49,192,Cuba,1016,Goats,1983,102000,E,,,,
50,196,Cyprus,1016,Goats,1983,228000,A,,,,
107,384,Côte d'Ivoire,1016,Goats,1983,850000,E,,,,
116,408,Democratic People's Republic of Korea,1016,Goats,1983,560000,E,,,,
250,180,Democratic Republic of the Congo,1016,Goats,1983,2733200,A,,,,
72,262,Djibouti,1016,Goats,1983,490000,E,,,,
55,212,Dominica,1016,Goats,1983,7000,E,,,,
56,214,Dominican Republic,1016,Goats,1983,463000,A,,,,
58,218,Ecuador,1016,Goats,1983,274510,A,,,,
59,818,Egypt,1016,Goats,1983,1520000,A,,,,
60,222,El Salvador,1016,Goats,1983,14200,E,,,,
61,226,Equatorial Guinea,1016,Goats,1983,7400,E,,,,
209,748,Eswatini,1016,Goats,1983,333898,A,,,,
66,242,Fiji,1016,Goats,1983,172000,E,,,,
67,246,Finland,1016,Goats,1983,2000,A,,,,
68,250,France,1016,Goats,1983,1208000,A,,,,
70,258,French Polynesia,1016,Goats,1983,12260,E,,,,
74,266,Gabon,1016,Goats,1983,71900,A,,,,
75,270,Gambia,1016,Goats,1983,171000,E,,,,
79,276,Germany,1016,Goats,1983,57728,A,,,,
81,288,Ghana,1016,Goats,1983,1800000,E,,,,
84,300,Greece,1016,Goats,1983,4636904,A,,,,
86,308,Grenada,1016,Goats,1983,13000,E,,,,
89,320,Guatemala,1016,Goats,1983,73468,A,,,,
90,324,Guinea,1016,Goats,1983,440000,E,,,,
175,624,Guinea-Bissau,1016,Goats,1983,195000,E,,,,
91,328,Guyana,1016,Goats,1983,75000,E,,,,
93,332,Haiti,1016,Goats,1983,1090000,E,,,,
95,340,Honduras,1016,Goats,1983,25000,E,,,,
97,348,Hungary,1016,Goats,1983,15800,A,,,,
99,352,Iceland,1016,Goats,1983,212,A,,,,
100,356,India,1016,Goats,1983,98300000,X,,,,
101,360,Indonesia,1016,Goats,1983,10970000,A,,,,
102,364,Iran (Islamic Republic of),1016,Goats,1983,20000000,E,,,,
103,368,Iraq,1016,Goats,1983,1800000,E,,,,
105,376,Israel,1016,Goats,1983,128000,A,,,,
106,380,Italy,1016,Goats,1983,1360000,A,,,,
109,388,Jamaica,1016,Goats,1983,410000,E,,,,
110,392,Japan,1016,Goats,1983,57300,A,,,,
112,400,Jordan,1016,Goats,1983,442000,A,,,,
114,404,Kenya,1016,Goats,1983,7775200,A,,,,
118,414,Kuwait,1016,Goats,1983,12415,A,,,,
120,418,Lao People's Democratic Republic,1016,Goats,1983,60000,A,,,,
121,422,Lebanon,1016,Goats,1983,440000,A,,,,
122,426,Lesotho,1016,Goats,1983,872145,A,,,,
123,430,Liberia,1016,Goats,1983,233000,E,,,,
124,434,Libya,1016,Goats,1983,1570000,A,,,,
129,450,Madagascar,1016,Goats,1983,1329000,A,,,,
130,454,Malawi,1016,Goats,1983,631071,A,,,,
131,458,Malaysia,1016,Goats,1983,335194,A,,,,
133,466,Mali,1016,Goats,1983,5600000,X,,,,
134,470,Malta,1016,Goats,1983,4869,A,,,,
136,478,Mauritania,1016,Goats,1983,3000000,X,,,,
137,480,Mauritius,1016,Goats,1983,70676,A,,,,
138,484,Mexico,1016,Goats,1983,9808558,A,,,,
141,496,Mongolia,1016,Goats,1983,4801500,A,,,,
143,504,Morocco,1016,Goats,1983,4911000,A,,,,
144,508,Mozambique,1016,Goats,1983,350000,E,,,,
28,104,Myanmar,1016,Goats,1983,1030000,A,,,,
147,516,Namibia,1016,Goats,1983,1221613,A,,,,
149,524,Nepal,1016,Goats,1983,4800000,E,,,,
150,528,Netherlands (Kingdom of the),1016,Goats,1983,33000,E,,,,
153,540,New Caledonia,1016,Goats,1983,17564,A,,,,
156,554,New Zealand,1016,Goats,1983,150497,A,,,,
157,558,Nicaragua,1016,Goats,1983,6300,E,,,,
158,562,Niger,1016,Goats,1983,9695878,A,,,,
159,566,Nigeria,1016,Goats,1983,14822000,A,,,,
162,578,Norway,1016,Goats,1983,101400,A,,,,
221,512,Oman,1016,Goats,1983,700000,A,,,,
165,586,Pakistan,1016,Goats,1983,27716000,A,,,,
166,591,Panama,1016,Goats,1983,6200,E,,,,
168,598,Papua New Guinea,1016,Goats,1983,1800,E,,,,
169,600,Paraguay,1016,Goats,1983,110575,A,,,,
170,604,Peru,1016,Goats,1983,1650500,A,,,,
171,608,Philippines,1016,Goats,1983,3340000,E,,,,
174,620,Portugal,1016,Goats,1983,745000,X,,,,
177,630,Puerto Rico,1016,Goats,1983,17500,E,,,,
179,634,Qatar,1016,Goats,1983,17292,A,,,,
117,410,Republic of Korea,1016,Goats,1983,349500,A,,,,
183,642,Romania,1016,Goats,1983,512500,A,,,,
184,646,Rwanda,1016,Goats,1983,939547,A,,,,
188,659,Saint Kitts and Nevis,1016,Goats,1983,9600,E,,,,
189,662,Saint Lucia,1016,Goats,1983,10996,A,,,,
191,670,Saint Vincent and the Grenadines,1016,Goats,1983,4400,E,,,,
193,678,Sao Tome and Principe,1016,Goats,1983,3900,E,,,,
194,682,Saudi Arabia,1016,Goats,1983,2793486,A,,,,
195,686,Senegal,1016,Goats,1983,1000000,E,,,,
196,690,Seychelles,1016,Goats,1983,3800,E,,,,
197,694,Sierra Leone,1016,Goats,1983,139000,E,,,,
200,702,Singapore,1016,Goats,1983,530,E,,,,
201,706,Somalia,1016,Goats,1983,18000000,A,,,,
202,710,South Africa,1016,Goats,1983,5861000,A,,,,
203,724,Spain,1016,Goats,1983,2595000,A,,,,
38,144,Sri Lanka,1016,Goats,1983,519300,A,,,,
207,740,Suriname,1016,Goats,1983,4096,A,,,,
211,756,Switzerland,1016,Goats,1983,79446,A,,,,
212,760,Syrian Arab Republic,1016,Goats,1983,1157000,A,,,,
216,764,Thailand,1016,Goats,1983,58520,A,,,,
176,626,Timor-Leste,1016,Goats,1983,55000,E,,,,
217,768,Togo,1016,Goats,1983,668360,A,,,,
219,776,Tonga,1016,Goats,1983,10562,A,,,,
220,780,Trinidad and Tobago,1016,Goats,1983,53000,E,,,,
222,788,Tunisia,1016,Goats,1983,1002000,A,,,,
227,798,Tuvalu,1016,Goats,1983,88,A,,,,
223,792,Türkiye,1016,Goats,1983,18213008,A,,,,
226,800,Uganda,1016,Goats,1983,2944000,A,,,,
225,784,United Arab Emirates,1016,Goats,1983,409000,A,,,,
229,826,United Kingdom of Great Britain and Northern Ireland,1016,Goats,1983,,M,,,,
215,834,United Republic of Tanzania,1016,Goats,1983,6168745,A,,,,
231,840,United States of America,1016,Goats,1983,1420000,A,,,,
234,858,Uruguay,1016,Goats,1983,12000,E,,,,
155,548,Vanuatu,1016,Goats,1983,11300,A,,,,
236,862,Venezuela (Bolivarian Republic of),1016,Goats,1983,1322000,X,,,,
237,704,Viet Nam,1016,Goats,1983,271800,A,,,,
249,887,Yemen,1016,Goats,1983,2916071,X,,,,
251,894,Zambia,1016,Goats,1983,369276,X,,,,
181,716,Zimbabwe,1016,Goats,1983,1081000,A,,,,
135,474,Martinique,1016,Goats,1984,31000,E,,,,
206,736,Sudan (former),1016,Goats,1984,14083000,A,,,,
51,200,Czechoslovakia,1016,Goats,1984,54534,A,,,,
69,254,French Guiana,1016,Goats,1984,1050,E,,,,
62,230,Ethiopia PDR,1016,Goats,1984,17250000,E,,,,
15,58,Belgium-Luxembourg,1016,Goats,1984,6110,A,,,,
182,638,Réunion,1016,Goats,1984,39620,A,,,,
87,312,Guadeloupe,1016,Goats,1984,91000,E,,,,
228,810,USSR,1016,Goats,1984,6511000,A,,,,
2,4,Afghanistan,1016,Goats,1984,2500000,E,,,,
3,8,Albania,1016,Goats,1984,895000,E,,,,
4,12,Algeria,1016,Goats,1984,2809000,A,,,,
7,24,Angola,1016,Goats,1984,1380000,E,,,,
8,28,Antigua and Barbuda,1016,Goats,1984,12000,E,,,,
9,32,Argentina,1016,Goats,1984,3098000,E,,,,
10,36,Australia,1016,Goats,1984,80000,E,,,,
11,40,Austria,1016,Goats,1984,32002,A,,,,
12,44,Bahamas,1016,Goats,1984,13450,E,,,,
13,48,Bahrain,1016,Goats,1984,15000,A,,,,
16,50,Bangladesh,1016,Goats,1984,13558000,A,,,,
14,52,Barbados,1016,Goats,1984,10000,E,,,,
23,84,Belize,1016,Goats,1984,1100,E,,,,
53,204,Benin,1016,Goats,1984,1214000,A,,,,
18,64,Bhutan,1016,Goats,1984,25307,X,,,,
19,68,Bolivia (Plurinational State of),1016,Goats,1984,1296390,A,,,,
20,72,Botswana,1016,Goats,1984,889300,A,,,,
21,76,Brazil,1016,Goats,1984,9674637,A,,,,
26,96,Brunei Darussalam,1016,Goats,1984,1000,X,,,,
27,100,Bulgaria,1016,Goats,1984,505567,A,,,,
233,854,Burkina Faso,1016,Goats,1984,5000000,E,,,,
29,108,Burundi,1016,Goats,1984,797600,A,,,,
35,132,Cabo Verde,1016,Goats,1984,65000,A,,,,
32,120,Cameroon,1016,Goats,1984,2090000,E,,,,
33,124,Canada,1016,Goats,1984,25000,E,,,,
37,140,Central African Republic,1016,Goats,1984,1048896,A,,,,
39,148,Chad,1016,Goats,1984,4756000,E,,,,
40,152,Chile,1016,Goats,1984,600000,E,,,,
96,344,"China, Hong Kong SAR",1016,Goats,1984,500,A,,,,
214,158,"China, Taiwan Province of",1016,Goats,1984,196987,A,,,,
41,156,"China, mainland",1016,Goats,1984,68035008,A,,,,
44,170,Colombia,1016,Goats,1984,959173,A,,,,
45,174,Comoros,1016,Goats,1984,95000,E,,,,
46,178,Congo,1016,Goats,1984,199987,A,,,,
47,184,Cook Islands,1016,Goats,1984,3000,A,,,,
48,188,Costa Rica,1016,Goats,1984,1600,A,,,,
49,192,Cuba,1016,Goats,1984,103000,E,,,,
50,196,Cyprus,1016,Goats,1984,230000,A,,,,
107,384,Côte d'Ivoire,1016,Goats,1984,850000,E,,,,
116,408,Democratic People's Republic of Korea,1016,Goats,1984,580000,E,,,,
250,180,Democratic Republic of the Congo,1016,Goats,1984,2748000,A,,,,
72,262,Djibouti,1016,Goats,1984,500000,E,,,,
55,212,Dominica,1016,Goats,1984,8000,A,,,,
56,214,Dominican Republic,1016,Goats,1984,465000,E,,,,
58,218,Ecuador,1016,Goats,1984,280419,A,,,,
59,818,Egypt,1016,Goats,1984,1542000,A,,,,
60,222,El Salvador,1016,Goats,1984,14300,E,,,,
61,226,Equatorial Guinea,1016,Goats,1984,7400,E,,,,
209,748,Eswatini,1016,Goats,1984,298029,A,,,,
66,242,Fiji,1016,Goats,1984,185000,E,,,,
67,246,Finland,1016,Goats,1984,2000,E,,,,
68,250,France,1016,Goats,1984,1164000,A,,,,
70,258,French Polynesia,1016,Goats,1984,12300,E,,,,
74,266,Gabon,1016,Goats,1984,73600,A,,,,
75,270,Gambia,1016,Goats,1984,187000,A,,,,
79,276,Germany,1016,Goats,1984,67905,A,,,,
81,288,Ghana,1016,Goats,1984,1600000,A,,,,
84,300,Greece,1016,Goats,1984,4743548,A,,,,
86,308,Grenada,1016,Goats,1984,13000,E,,,,
89,320,Guatemala,1016,Goats,1984,74000,E,,,,
90,324,Guinea,1016,Goats,1984,450000,E,,,,
175,624,Guinea-Bissau,1016,Goats,1984,198000,E,,,,
91,328,Guyana,1016,Goats,1984,75000,E,,,,
93,332,Haiti,1016,Goats,1984,1095000,E,,,,
95,340,Honduras,1016,Goats,1984,26000,X,,,,
97,348,Hungary,1016,Goats,1984,15800,A,,,,
99,352,Iceland,1016,Goats,1984,260,A,,,,
100,356,India,1016,Goats,1984,99430000,X,,,,
101,360,Indonesia,1016,Goats,1984,9025000,A,,,,
102,364,Iran (Islamic Republic of),1016,Goats,1984,21000000,E,,,,
103,368,Iraq,1016,Goats,1984,1610000,X,,,,
105,376,Israel,1016,Goats,1984,139000,A,,,,
106,380,Italy,1016,Goats,1984,1087800,A,,,,
109,388,Jamaica,1016,Goats,1984,420000,E,,,,
110,392,Japan,1016,Goats,1984,54400,A,,,,
112,400,Jordan,1016,Goats,1984,419000,A,,,,
114,404,Kenya,1016,Goats,1984,6854390,A,,,,
118,414,Kuwait,1016,Goats,1984,18117,A,,,,
120,418,Lao People's Democratic Republic,1016,Goats,1984,62995,A,,,,
121,422,Lebanon,1016,Goats,1984,440000,A,,,,
122,426,Lesotho,1016,Goats,1984,856900,A,,,,
123,430,Liberia,1016,Goats,1984,234000,E,,,,
124,434,Libya,1016,Goats,1984,1300000,E,,,,
129,450,Madagascar,1016,Goats,1984,1340250,A,,,,
130,454,Malawi,1016,Goats,1984,738547,A,,,,
131,458,Malaysia,1016,Goats,1984,346209,A,,,,
133,466,Mali,1016,Goats,1984,5182000,X,,,,
134,470,Malta,1016,Goats,1984,5000,X,,,,
136,478,Mauritania,1016,Goats,1984,2700000,X,,,,
137,480,Mauritius,1016,Goats,1984,76000,E,,,,
138,484,Mexico,1016,Goats,1984,9553327,A,,,,
141,496,Mongolia,1016,Goats,1984,4548500,A,,,,
143,504,Morocco,1016,Goats,1984,4222000,A,,,,
144,508,Mozambique,1016,Goats,1984,355000,E,,,,
28,104,Myanmar,1016,Goats,1984,1119000,A,,,,
147,516,Namibia,1016,Goats,1984,1351429,A,,,,
149,524,Nepal,1016,Goats,1984,4850000,E,,,,
150,528,Netherlands (Kingdom of the),1016,Goats,1984,33000,E,,,,
153,540,New Caledonia,1016,Goats,1984,17584,A,,,,
156,554,New Zealand,1016,Goats,1984,230365,A,,,,
157,558,Nicaragua,1016,Goats,1984,6400,E,,,,
158,562,Niger,1016,Goats,1984,6495901,A,,,,
159,566,Nigeria,1016,Goats,1984,15962000,A,,,,
162,578,Norway,1016,Goats,1984,100700,A,,,,
221,512,Oman,1016,Goats,1984,700000,A,,,,
165,586,Pakistan,1016,Goats,1984,28704000,A,,,,
166,591,Panama,1016,Goats,1984,6300,E,,,,
168,598,Papua New Guinea,1016,Goats,1984,1800,E,,,,
169,600,Paraguay,1016,Goats,1984,112909,A,,,,
170,604,Peru,1016,Goats,1984,1646400,A,,,,
171,608,Philippines,1016,Goats,1984,3270000,E,,,,
174,620,Portugal,1016,Goats,1984,745000,X,,,,
177,630,Puerto Rico,1016,Goats,1984,17000,E,,,,
179,634,Qatar,1016,Goats,1984,19816,A,,,,
117,410,Republic of Korea,1016,Goats,1984,384976,A,,,,
183,642,Romania,1016,Goats,1984,684100,A,,,,
184,646,Rwanda,1016,Goats,1984,933417,A,,,,
188,659,Saint Kitts and Nevis,1016,Goats,1984,9610,E,,,,
189,662,Saint Lucia,1016,Goats,1984,11436,A,,,,
191,670,Saint Vincent and the Grenadines,1016,Goats,1984,4685,A,,,,
193,678,Sao Tome and Principe,1016,Goats,1984,3900,E,,,,
194,682,Saudi Arabia,1016,Goats,1984,3098633,A,,,,
195,686,Senegal,1016,Goats,1984,1000000,A,,,,
196,690,Seychelles,1016,Goats,1984,3900,E,,,,
197,694,Sierra Leone,1016,Goats,1984,140000,E,,,,
200,702,Singapore,1016,Goats,1984,450,E,,,,
201,706,Somalia,1016,Goats,1984,18300000,A,,,,
202,710,South Africa,1016,Goats,1984,5750000,A,,,,
203,724,Spain,1016,Goats,1984,2573000,A,,,,
38,144,Sri Lanka,1016,Goats,1984,535000,A,,,,
207,740,Suriname,1016,Goats,1984,5364,A,,,,
211,756,Switzerland,1016,Goats,1984,78900,A,,,,
212,760,Syrian Arab Republic,1016,Goats,1984,1060000,A,,,,
216,764,Thailand,1016,Goats,1984,73644,A,,,,
176,626,Timor-Leste,1016,Goats,1984,65000,E,,,,
217,768,Togo,1016,Goats,1984,734937,A,,,,
219,776,Tonga,1016,Goats,1984,10900,A,,,,
220,780,Trinidad and Tobago,1016,Goats,1984,55000,E,,,,
222,788,Tunisia,1016,Goats,1984,1069000,A,,,,
227,798,Tuvalu,1016,Goats,1984,153,A,,,,
223,792,Türkiye,1016,Goats,1984,16732000,A,,,,
226,800,Uganda,1016,Goats,1984,3091000,A,,,,
225,784,United Arab Emirates,1016,Goats,1984,437525,A,,,,
229,826,United Kingdom of Great Britain and Northern Ireland,1016,Goats,1984,,M,,,,
215,834,United Republic of Tanzania,1016,Goats,1984,6446666,A,,,,
231,840,United States of America,1016,Goats,1984,1420000,A,,,,
234,858,Uruguay,1016,Goats,1984,12000,E,,,,
155,548,Vanuatu,1016,Goats,1984,11300,A,,,,
236,862,Venezuela (Bolivarian Republic of),1016,Goats,1984,1335000,X,,,,
237,704,Viet Nam,1016,Goats,1984,354700,A,,,,
249,887,Yemen,1016,Goats,1984,2976402,X,,,,
251,894,Zambia,1016,Goats,1984,366700,X,,,,
181,716,Zimbabwe,1016,Goats,1984,1507000,A,,,,
69,254,French Guiana,1016,Goats,1985,1100,E,,,,
135,474,Martinique,1016,Goats,1985,39000,E,,,,
15,58,Belgium-Luxembourg,1016,Goats,1985,7094,A,,,,
87,312,Guadeloupe,1016,Goats,1985,90000,E,,,,
206,736,Sudan (former),1016,Goats,1985,14266000,A,,,,
62,230,Ethiopia PDR,1016,Goats,1985,17100000,E,,,,
228,810,USSR,1016,Goats,1985,6325000,A,,,,
51,200,Czechoslovakia,1016,Goats,1985,53557,A,,,,
182,638,Réunion,1016,Goats,1985,37980,A,,,,
2,4,Afghanistan,1016,Goats,1985,2250000,E,,,,
3,8,Albania,1016,Goats,1985,864000,A,,,,
4,12,Algeria,1016,Goats,1985,2688000,A,,,,
7,24,Angola,1016,Goats,1985,1400000,E,,,,
8,28,Antigua and Barbuda,1016,Goats,1985,12000,E,,,,
9,32,Argentina,1016,Goats,1985,3100000,E,,,,
10,36,Australia,1016,Goats,1985,100000,E,,,,
11,40,Austria,1016,Goats,1985,29945,A,,,,
12,44,Bahamas,1016,Goats,1985,13470,E,,,,
13,48,Bahrain,1016,Goats,1985,15000,E,,,,
16,50,Bangladesh,1016,Goats,1985,14800000,A,,,,
14,52,Barbados,1016,Goats,1985,8000,E,,,,
23,84,Belize,1016,Goats,1985,1200,E,,,,
53,204,Benin,1016,Goats,1985,1262000,A,,,,
18,64,Bhutan,1016,Goats,1985,29283,X,,,,
19,68,Bolivia (Plurinational State of),1016,Goats,1985,1297955,A,,,,
20,72,Botswana,1016,Goats,1985,1138000,A,,,,
21,76,Brazil,1016,Goats,1985,10020101,A,,,,
26,96,Brunei Darussalam,1016,Goats,1985,1000,X,,,,
27,100,Bulgaria,1016,Goats,1985,473626,A,,,,
233,854,Burkina Faso,1016,Goats,1985,5445000,A,,,,
29,108,Burundi,1016,Goats,1985,746041,A,,,,
35,132,Cabo Verde,1016,Goats,1985,66850,A,,,,
32,120,Cameroon,1016,Goats,1985,2319324,A,,,,
33,124,Canada,1016,Goats,1985,25000,E,,,,
37,140,Central African Republic,1016,Goats,1985,1056917,A,,,,
39,148,Chad,1016,Goats,1985,5050000,E,,,,
40,152,Chile,1016,Goats,1985,600000,E,,,,
96,344,"China, Hong Kong SAR",1016,Goats,1985,490,A,,,,
214,158,"China, Taiwan Province of",1016,Goats,1985,217214,A,,,,
41,156,"China, mainland",1016,Goats,1985,63207008,A,,,,
44,170,Colombia,1016,Goats,1985,878500,A,,,,
45,174,Comoros,1016,Goats,1985,98000,E,,,,
46,178,Congo,1016,Goats,1985,211986,A,,,,
47,184,Cook Islands,1016,Goats,1985,3000,A,,,,
48,188,Costa Rica,1016,Goats,1985,1600,A,,,,
49,192,Cuba,1016,Goats,1985,105000,E,,,,
50,196,Cyprus,1016,Goats,1985,235000,A,,,,
107,384,Côte d'Ivoire,1016,Goats,1985,850000,E,,,,
116,408,Democratic People's Republic of Korea,1016,Goats,1985,600000,E,,,,
250,180,Democratic Republic of the Congo,1016,Goats,1985,2717490,A,,,,
72,262,Djibouti,1016,Goats,1985,500000,E,,,,
55,212,Dominica,1016,Goats,1985,9640,A,,,,
56,214,Dominican Republic,1016,Goats,1985,462500,A,,,,
58,218,Ecuador,1016,Goats,1985,286710,A,,,,
59,818,Egypt,1016,Goats,1985,1563000,A,,,,
60,222,El Salvador,1016,Goats,1985,14400,E,,,,
61,226,Equatorial Guinea,1016,Goats,1985,7500,E,,,,
209,748,Eswatini,1016,Goats,1985,268422,A,,,,
66,242,Fiji,1016,Goats,1985,191000,E,,,,
67,246,Finland,1016,Goats,1985,2800,A,,,,
68,250,France,1016,Goats,1985,1106000,A,,,,
70,258,French Polynesia,1016,Goats,1985,12330,E,,,,
74,266,Gabon,1016,Goats,1985,75300,A,,,,
75,270,Gambia,1016,Goats,1985,194000,A,,,,
79,276,Germany,1016,Goats,1985,67503,A,,,,
81,288,Ghana,1016,Goats,1985,1600000,A,,,,
84,300,Greece,1016,Goats,1985,4816018,A,,,,
86,308,Grenada,1016,Goats,1985,12000,E,,,,
89,320,Guatemala,1016,Goats,1985,74500,E,,,,
90,324,Guinea,1016,Goats,1985,380000,E,,,,
175,624,Guinea-Bissau,1016,Goats,1985,200000,E,,,,
91,328,Guyana,1016,Goats,1985,76000,E,,,,
93,332,Haiti,1016,Goats,1985,1098000,E,,,,
95,340,Honduras,1016,Goats,1985,26936,X,,,,
97,348,Hungary,1016,Goats,1985,15800,A,,,,
99,352,Iceland,1016,Goats,1985,280,A,,,,
100,356,India,1016,Goats,1985,99490000,X,,,,
101,360,Indonesia,1016,Goats,1985,9629000,A,,,,
102,364,Iran (Islamic Republic of),1016,Goats,1985,22000000,E,,,,
103,368,Iraq,1016,Goats,1985,1550000,E,,,,
105,376,Israel,1016,Goats,1985,132000,A,,,,
106,380,Italy,1016,Goats,1985,1089400,A,,,,
109,388,Jamaica,1016,Goats,1985,430000,E,,,,
110,392,Japan,1016,Goats,1985,50500,A,,,,
112,400,Jordan,1016,Goats,1985,515000,A,,,,
114,404,Kenya,1016,Goats,1985,7500000,E,,,,
118,414,Kuwait,1016,Goats,1985,18259,A,,,,
120,418,Lao People's Democratic Republic,1016,Goats,1985,81540,A,,,,
121,422,Lebanon,1016,Goats,1985,420000,E,,,,
122,426,Lesotho,1016,Goats,1985,1028625,A,,,,
123,430,Liberia,1016,Goats,1985,235000,E,,,,
124,434,Libya,1016,Goats,1985,900000,A,,,,
129,450,Madagascar,1016,Goats,1985,1380000,E,,,,
130,454,Malawi,1016,Goats,1985,799094,A,,,,
131,458,Malaysia,1016,Goats,1985,335800,A,,,,
133,466,Mali,1016,Goats,1985,4847000,X,,,,
134,470,Malta,1016,Goats,1985,5000,X,,,,
136,478,Mauritania,1016,Goats,1985,3100000,X,,,,
137,480,Mauritius,1016,Goats,1985,83000,E,,,,
138,484,Mexico,1016,Goats,1985,10981438,A,,,,
141,496,Mongolia,1016,Goats,1985,4298000,A,,,,
143,504,Morocco,1016,Goats,1985,4662000,A,,,,
144,508,Mozambique,1016,Goats,1985,550000,E,,,,
28,104,Myanmar,1016,Goats,1985,1195000,A,,,,
147,516,Namibia,1016,Goats,1985,1426006,A,,,,
149,524,Nepal,1016,Goats,1985,4882335,A,,,,
150,528,Netherlands (Kingdom of the),1016,Goats,1985,34000,E,,,,
153,540,New Caledonia,1016,Goats,1985,17649,A,,,,
156,554,New Zealand,1016,Goats,1985,426887,A,,,,
157,558,Nicaragua,1016,Goats,1985,6400,E,,,,
158,562,Niger,1016,Goats,1985,4871278,A,,,,
159,566,Nigeria,1016,Goats,1985,16890000,A,,,,
162,578,Norway,1016,Goats,1985,97400,A,,,,
221,512,Oman,1016,Goats,1985,700000,E,,,,
165,586,Pakistan,1016,Goats,1985,29726000,A,,,,
166,591,Panama,1016,Goats,1985,6400,E,,,,
168,598,Papua New Guinea,1016,Goats,1985,1800,E,,,,
169,600,Paraguay,1016,Goats,1985,117647,A,,,,
170,604,Peru,1016,Goats,1985,1685000,A,,,,
171,608,Philippines,1016,Goats,1985,3860000,E,,,,
174,620,Portugal,1016,Goats,1985,745000,X,,,,
177,630,Puerto Rico,1016,Goats,1985,15900,A,,,,
179,634,Qatar,1016,Goats,1985,72540,A,,,,
117,410,Republic of Korea,1016,Goats,1985,318100,A,,,,
183,642,Romania,1016,Goats,1985,754200,A,,,,
184,646,Rwanda,1016,Goats,1985,1017710,A,,,,
188,659,Saint Kitts and Nevis,1016,Goats,1985,9620,E,,,,
189,662,Saint Lucia,1016,Goats,1985,11450,E,,,,
191,670,Saint Vincent and the Grenadines,1016,Goats,1985,4845,A,,,,
193,678,Sao Tome and Principe,1016,Goats,1985,4000,E,,,,
194,682,Saudi Arabia,1016,Goats,1985,3005454,A,,,,
195,686,Senegal,1016,Goats,1985,1318000,E,,,,
196,690,Seychelles,1016,Goats,1985,4000,E,,,,
197,694,Sierra Leone,1016,Goats,1985,141000,E,,,,
200,702,Singapore,1016,Goats,1985,400,E,,,,
201,706,Somalia,1016,Goats,1985,19000000,A,,,,
202,710,South Africa,1016,Goats,1985,5780000,E,,,,
203,724,Spain,1016,Goats,1985,2635000,A,,,,
38,144,Sri Lanka,1016,Goats,1985,539600,A,,,,
207,740,Suriname,1016,Goats,1985,4987,A,,,,
211,756,Switzerland,1016,Goats,1985,80400,A,,,,
212,760,Syrian Arab Republic,1016,Goats,1985,1059812,A,,,,
216,764,Thailand,1016,Goats,1985,80807,A,,,,
176,626,Timor-Leste,1016,Goats,1985,73921,A,,,,
217,768,Togo,1016,Goats,1985,851394,A,,,,
219,776,Tonga,1016,Goats,1985,13939,A,,,,
220,780,Trinidad and Tobago,1016,Goats,1985,55000,E,,,,
222,788,Tunisia,1016,Goats,1985,1154000,A,,,,
227,798,Tuvalu,1016,Goats,1985,64,A,,,,
223,792,Türkiye,1016,Goats,1985,13100000,A,,,,
226,800,Uganda,1016,Goats,1985,3710000,A,,,,
225,784,United Arab Emirates,1016,Goats,1985,468152,A,,,,
229,826,United Kingdom of Great Britain and Northern Ireland,1016,Goats,1985,,M,,,,
215,834,United Republic of Tanzania,1016,Goats,1985,7254843,A,,,,
231,840,United States of America,1016,Goats,1985,1550000,A,,,,
234,858,Uruguay,1016,Goats,1985,12000,E,,,,
155,548,Vanuatu,1016,Goats,1985,11800,E,,,,
236,862,Venezuela (Bolivarian Republic of),1016,Goats,1985,1340000,X,,,,
237,704,Viet Nam,1016,Goats,1985,402600,A,,,,
249,887,Yemen,1016,Goats,1985,3008317,X,,,,
251,894,Zambia,1016,Goats,1985,415500,X,,,,
181,716,Zimbabwe,1016,Goats,1985,1624000,A,,,,
69,254,French Guiana,1016,Goats,1986,1150,E,,,,
206,736,Sudan (former),1016,Goats,1986,13799000,A,,,,
15,58,Belgium-Luxembourg,1016,Goats,1986,7021,A,,,,
62,230,Ethiopia PDR,1016,Goats,1986,17000000,X,,,,
87,312,Guadeloupe,1016,Goats,1986,90000,E,,,,
182,638,Réunion,1016,Goats,1986,36340,A,,,,
228,810,USSR,1016,Goats,1986,6480000,A,,,,
51,200,Czechoslovakia,1016,Goats,1986,52553,A,,,,
135,474,Martinique,1016,Goats,1986,39000,E,,,,
2,4,Afghanistan,1016,Goats,1986,1944000,A,,,,
3,8,Albania,1016,Goats,1986,918000,A,,,,
4,12,Algeria,1016,Goats,1986,2514000,A,,,,
7,24,Angola,1016,Goats,1986,1420000,E,,,,
8,28,Antigua and Barbuda,1016,Goats,1986,12600,E,,,,
9,32,Argentina,1016,Goats,1986,3100000,E,,,,
10,36,Australia,1016,Goats,1986,894000,E,,,,
11,40,Austria,1016,Goats,1986,32595,A,,,,
12,44,Bahamas,1016,Goats,1986,13500,E,,,,
13,48,Bahrain,1016,Goats,1986,15200,E,,,,
16,50,Bangladesh,1016,Goats,1986,15878000,A,,,,
14,52,Barbados,1016,Goats,1986,7000,E,,,,
23,84,Belize,1016,Goats,1986,1200,E,,,,
53,204,Benin,1016,Goats,1986,904900,A,,,,
18,64,Bhutan,1016,Goats,1986,28000,X,,,,
19,68,Bolivia (Plurinational State of),1016,Goats,1986,1382589,A,,,,
20,72,Botswana,1016,Goats,1986,1332000,A,,,,
21,76,Brazil,1016,Goats,1986,10595292,A,,,,
26,96,Brunei Darussalam,1016,Goats,1986,2857,A,,,,
27,100,Bulgaria,1016,Goats,1986,460012,A,,,,
233,854,Burkina Faso,1016,Goats,1986,5663000,A,,,,
29,108,Burundi,1016,Goats,1986,723125,A,,,,
35,132,Cabo Verde,1016,Goats,1986,78000,A,,,,
32,120,Cameroon,1016,Goats,1986,2551256,A,,,,
33,124,Canada,1016,Goats,1986,25700,E,,,,
37,140,Central African Republic,1016,Goats,1986,1103400,A,,,,
39,148,Chad,1016,Goats,1986,5362000,E,,,,
40,152,Chile,1016,Goats,1986,600000,E,,,,
96,344,"China, Hong Kong SAR",1016,Goats,1986,370,A,,,,
214,158,"China, Taiwan Province of",1016,Goats,1986,231139,A,,,,
41,156,"China, mainland",1016,Goats,1986,61674000,A,,,,
44,170,Colombia,1016,Goats,1986,922425,A,,,,
45,174,Comoros,1016,Goats,1986,105000,E,,,,
46,178,Congo,1016,Goats,1986,224705,A,,,,
47,184,Cook Islands,1016,Goats,1986,3818,A,,,,
48,188,Costa Rica,1016,Goats,1986,1600,A,,,,
49,192,Cuba,1016,Goats,1986,108000,E,,,,
50,196,Cyprus,1016,Goats,1986,225000,A,,,,
107,384,Côte d'Ivoire,1016,Goats,1986,815000,A,,,,
116,408,Democratic People's Republic of Korea,1016,Goats,1986,610000,E,,,,
250,180,Democratic Republic of the Congo,1016,Goats,1986,2913580,A,,,,
72,262,Djibouti,1016,Goats,1986,500000,E,,,,
55,212,Dominica,1016,Goats,1986,9600,E,,,,
56,214,Dominican Republic,1016,Goats,1986,440000,E,,,,
58,218,Ecuador,1016,Goats,1986,228100,A,,,,
59,818,Egypt,1016,Goats,1986,1583000,A,,,,
60,222,El Salvador,1016,Goats,1986,14500,E,,,,
61,226,Equatorial Guinea,1016,Goats,1986,7500,E,,,,
209,748,Eswatini,1016,Goats,1986,306454,A,,,,
66,242,Fiji,1016,Goats,1986,192000,E,,,,
67,246,Finland,1016,Goats,1986,3000,A,,,,
68,250,France,1016,Goats,1986,1085593,A,,,,
70,258,French Polynesia,1016,Goats,1986,12369,A,,,,
74,266,Gabon,1016,Goats,1986,77050,A,,,,
75,270,Gambia,1016,Goats,1986,197000,A,,,,
79,276,Germany,1016,Goats,1986,66574,A,,,,
81,288,Ghana,1016,Goats,1986,1632576,A,,,,
84,300,Greece,1016,Goats,1986,4934760,A,,,,
86,308,Grenada,1016,Goats,1986,11500,E,,,,
89,320,Guatemala,1016,Goats,1986,75000,E,,,,
90,324,Guinea,1016,Goats,1986,278944,A,,,,
175,624,Guinea-Bissau,1016,Goats,1986,205300,A,,,,
91,328,Guyana,1016,Goats,1986,76000,E,,,,
93,332,Haiti,1016,Goats,1986,1100000,E,,,,
95,340,Honduras,1016,Goats,1986,27960,X,,,,
97,348,Hungary,1016,Goats,1986,15500,E,,,,
99,352,Iceland,1016,Goats,1986,262,A,,,,
100,356,India,1016,Goats,1986,102870000,X,,,,
101,360,Indonesia,1016,Goats,1986,10783000,A,,,,
102,364,Iran (Islamic Republic of),1016,Goats,1986,23269072,A,,,,
103,368,Iraq,1016,Goats,1986,1475473,A,,,,
105,376,Israel,1016,Goats,1986,126500,A,,,,
106,380,Italy,1016,Goats,1986,1189400,A,,,,
109,388,Jamaica,1016,Goats,1986,430000,E,,,,
110,392,Japan,1016,Goats,1986,47500,A,,,,
112,400,Jordan,1016,Goats,1986,439200,A,,,,
114,404,Kenya,1016,Goats,1986,8131750,A,,,,
118,414,Kuwait,1016,Goats,1986,21828,A,,,,
120,418,Lao People's Democratic Republic,1016,Goats,1986,74437,A,,,,
121,422,Lebanon,1016,Goats,1986,400000,E,,,,
122,426,Lesotho,1016,Goats,1986,978013,A,,,,
123,430,Liberia,1016,Goats,1986,237000,E,,,,
124,434,Libya,1016,Goats,1986,850000,E,,,,
129,450,Madagascar,1016,Goats,1986,1419000,A,,,,
130,454,Malawi,1016,Goats,1986,789300,A,,,,
131,458,Malaysia,1016,Goats,1986,301600,A,,,,
133,466,Mali,1016,Goats,1986,5000000,X,,,,
134,470,Malta,1016,Goats,1986,5000,E,,,,
136,478,Mauritania,1016,Goats,1986,3100000,A,,,,
137,480,Mauritius,1016,Goats,1986,90000,A,,,,
138,484,Mexico,1016,Goats,1986,10079391,A,,,,
141,496,Mongolia,1016,Goats,1986,4298600,A,,,,
143,504,Morocco,1016,Goats,1986,5276260,A,,,,
144,508,Mozambique,1016,Goats,1986,850000,E,,,,
28,104,Myanmar,1016,Goats,1986,1165000,A,,,,
147,516,Namibia,1016,Goats,1986,1540537,A,,,,
149,524,Nepal,1016,Goats,1986,5016298,A,,,,
150,528,Netherlands (Kingdom of the),1016,Goats,1986,34000,E,,,,
153,540,New Caledonia,1016,Goats,1986,17600,E,,,,
156,554,New Zealand,1016,Goats,1986,722564,A,,,,
157,558,Nicaragua,1016,Goats,1986,6500,E,,,,
158,562,Niger,1016,Goats,1986,5334159,A,,,,
159,566,Nigeria,1016,Goats,1986,19130000,A,,,,
162,578,Norway,1016,Goats,1986,94100,A,,,,
221,512,Oman,1016,Goats,1986,705000,E,,,,
165,586,Pakistan,1016,Goats,1986,29945008,A,,,,
166,591,Panama,1016,Goats,1986,6500,E,,,,
168,598,Papua New Guinea,1016,Goats,1986,2250,E,,,,
169,600,Paraguay,1016,Goats,1986,123395,A,,,,
170,604,Peru,1016,Goats,1986,1732800,A,,,,
171,608,Philippines,1016,Goats,1986,4020000,E,,,,
174,620,Portugal,1016,Goats,1986,745000,X,,,,
177,630,Puerto Rico,1016,Goats,1986,15400,A,,,,
179,634,Qatar,1016,Goats,1986,68000,A,,,,
117,410,Republic of Korea,1016,Goats,1986,217100,A,,,,
183,642,Romania,1016,Goats,1986,827800,A,,,,
184,646,Rwanda,1016,Goats,1986,992993,A,,,,
188,659,Saint Kitts and Nevis,1016,Goats,1986,9630,E,,,,
189,662,Saint Lucia,1016,Goats,1986,11500,E,,,,
191,670,Saint Vincent and the Grenadines,1016,Goats,1986,5500,E,,,,
193,678,Sao Tome and Principe,1016,Goats,1986,4100,E,,,,
194,682,Saudi Arabia,1016,Goats,1986,3091495,A,,,,
195,686,Senegal,1016,Goats,1986,2105000,A,,,,
196,690,Seychelles,1016,Goats,1986,4100,E,,,,
197,694,Sierra Leone,1016,Goats,1986,142000,E,,,,
200,702,Singapore,1016,Goats,1986,500,E,,,,
201,706,Somalia,1016,Goats,1986,19201008,A,,,,
202,710,South Africa,1016,Goats,1986,5800000,E,,,,
203,724,Spain,1016,Goats,1986,2925000,A,,,,
38,144,Sri Lanka,1016,Goats,1986,583600,A,,,,
207,740,Suriname,1016,Goats,1986,6312,A,,,,
211,756,Switzerland,1016,Goats,1986,79800,A,,,,
212,760,Syrian Arab Republic,1016,Goats,1986,1006000,A,,,,
216,764,Thailand,1016,Goats,1986,80333,A,,,,
176,626,Timor-Leste,1016,Goats,1986,75655,A,,,,
217,768,Togo,1016,Goats,1986,1000000,A,,,,
219,776,Tonga,1016,Goats,1986,14000,E,,,,
220,780,Trinidad and Tobago,1016,Goats,1986,57000,E,,,,
222,788,Tunisia,1016,Goats,1986,1047000,A,,,,
227,798,Tuvalu,1016,Goats,1986,3,A,,,,
223,792,Türkiye,1016,Goats,1986,13336000,A,,,,
226,800,Uganda,1016,Goats,1986,3640000,A,,,,
225,784,United Arab Emirates,1016,Goats,1986,500922,A,,,,
229,826,United Kingdom of Great Britain and Northern Ireland,1016,Goats,1986,,M,,,,
215,834,United Republic of Tanzania,1016,Goats,1986,7498683,A,,,,
231,840,United States of America,1016,Goats,1986,1770000,A,,,,
234,858,Uruguay,1016,Goats,1986,12500,E,,,,
155,548,Vanuatu,1016,Goats,1986,12400,E,,,,
236,862,Venezuela (Bolivarian Republic of),1016,Goats,1986,1453900,A,,,,
237,704,Viet Nam,1016,Goats,1986,432400,A,,,,
249,887,Yemen,1016,Goats,1986,3040701,X,,,,
251,894,Zambia,1016,Goats,1986,445100,X,,,,
181,716,Zimbabwe,1016,Goats,1986,1986000,A,,,,
62,230,Ethiopia PDR,1016,Goats,1987,18000000,X,,,,
51,200,Czechoslovakia,1016,Goats,1987,52352,A,,,,
69,254,French Guiana,1016,Goats,1987,1150,E,,,,
87,312,Guadeloupe,1016,Goats,1987,82000,E,,,,
182,638,Réunion,1016,Goats,1987,34700,A,,,,
135,474,Martinique,1016,Goats,1987,27500,E,,,,
206,736,Sudan (former),1016,Goats,1987,13942248,A,,,,
15,58,Belgium-Luxembourg,1016,Goats,1987,7659,A,,,,
228,810,USSR,1016,Goats,1987,6491000,A,,,,
2,4,Afghanistan,1016,Goats,1987,2300000,E,,,,
3,8,Albania,1016,Goats,1987,979000,A,,,,
4,12,Algeria,1016,Goats,1987,2568000,A,,,,
7,24,Angola,1016,Goats,1987,1450000,E,,,,
8,28,Antigua and Barbuda,1016,Goats,1987,12600,E,,,,
9,32,Argentina,1016,Goats,1987,3100000,E,,,,
10,36,Australia,1016,Goats,1987,925000,E,,,,
11,40,Austria,1016,Goats,1987,30694,A,,,,
12,44,Bahamas,1016,Goats,1987,13500,E,,,,
13,48,Bahrain,1016,Goats,1987,15500,E,,,,
16,50,Bangladesh,1016,Goats,1987,17034000,A,,,,
14,52,Barbados,1016,Goats,1987,6000,E,,,,
23,84,Belize,1016,Goats,1987,1200,E,,,,
53,204,Benin,1016,Goats,1987,927604,A,,,,
18,64,Bhutan,1016,Goats,1987,48055,A,,,,
19,68,Bolivia (Plurinational State of),1016,Goats,1987,1507408,A,,,,
20,72,Botswana,1016,Goats,1987,1469900,A,,,,
21,76,Brazil,1016,Goats,1987,10791865,A,,,,
26,96,Brunei Darussalam,1016,Goats,1987,3071,A,,,,
27,100,Bulgaria,1016,Goats,1987,441213,A,,,,
233,854,Burkina Faso,1016,Goats,1987,5889000,A,,,,
29,108,Burundi,1016,Goats,1987,761949,A,,,,
35,132,Cabo Verde,1016,Goats,1987,80000,A,,,,
32,120,Cameroon,1016,Goats,1987,2678816,A,,,,
33,124,Canada,1016,Goats,1987,26000,E,,,,
37,140,Central African Republic,1016,Goats,1987,1135100,A,,,,
39,148,Chad,1016,Goats,1987,5693000,E,,,,
40,152,Chile,1016,Goats,1987,600000,E,,,,
96,344,"China, Hong Kong SAR",1016,Goats,1987,460,A,,,,
214,158,"China, Taiwan Province of",1016,Goats,1987,237252,A,,,,
41,156,"China, mainland",1016,Goats,1987,67220000,A,,,,
44,170,Colombia,1016,Goats,1987,946800,A,,,,
45,174,Comoros,1016,Goats,1987,113150,A,,,,
46,178,Congo,1016,Goats,1987,238187,A,,,,
47,184,Cook Islands,1016,Goats,1987,4500,E,,,,
48,188,Costa Rica,1016,Goats,1987,1600,A,,,,
49,192,Cuba,1016,Goats,1987,110000,E,,,,
50,196,Cyprus,1016,Goats,1987,230000,A,,,,
107,384,Côte d'Ivoire,1016,Goats,1987,825000,A,,,,
116,408,Democratic People's Republic of Korea,1016,Goats,1987,620000,E,,,,
250,180,Democratic Republic of the Congo,1016,Goats,1987,3123810,A,,,,
72,262,Djibouti,1016,Goats,1987,500000,E,,,,
55,212,Dominica,1016,Goats,1987,9600,E,,,,
56,214,Dominican Republic,1016,Goats,1987,420000,E,,,,
58,218,Ecuador,1016,Goats,1987,261900,A,,,,
59,818,Egypt,1016,Goats,1987,1650000,E,,,,
60,222,El Salvador,1016,Goats,1987,14600,E,,,,
61,226,Equatorial Guinea,1016,Goats,1987,7600,E,,,,
209,748,Eswatini,1016,Goats,1987,311738,A,,,,
66,242,Fiji,1016,Goats,1987,189000,E,,,,
67,246,Finland,1016,Goats,1987,2700,A,,,,
68,250,France,1016,Goats,1987,1089514,A,,,,
70,258,French Polynesia,1016,Goats,1987,12369,A,,,,
74,266,Gabon,1016,Goats,1987,77821,A,,,,
75,270,Gambia,1016,Goats,1987,204000,A,,,,
79,276,Germany,1016,Goats,1987,66003,A,,,,
81,288,Ghana,1016,Goats,1987,1900876,A,,,,
84,300,Greece,1016,Goats,1987,4816018,A,,,,
86,308,Grenada,1016,Goats,1987,11000,E,,,,
89,320,Guatemala,1016,Goats,1987,75500,E,,,,
90,324,Guinea,1016,Goats,1987,381079,A,,,,
175,624,Guinea-Bissau,1016,Goats,1987,206000,E,,,,
91,328,Guyana,1016,Goats,1987,77000,E,,,,
93,332,Haiti,1016,Goats,1987,1103000,E,,,,
95,340,Honduras,1016,Goats,1987,29022,X,,,,
97,348,Hungary,1016,Goats,1987,15603,A,,,,
99,352,Iceland,1016,Goats,1987,264,A,,,,
100,356,India,1016,Goats,1987,110207000,A,,,,
101,360,Indonesia,1016,Goats,1987,10392874,A,,,,
102,364,Iran (Islamic Republic of),1016,Goats,1987,22500000,E,,,,
103,368,Iraq,1016,Goats,1987,1500000,E,,,,
105,376,Israel,1016,Goats,1987,126500,A,,,,
106,380,Italy,1016,Goats,1987,1201000,A,,,,
109,388,Jamaica,1016,Goats,1987,440000,E,,,,
110,392,Japan,1016,Goats,1987,47600,A,,,,
112,400,Jordan,1016,Goats,1987,460100,A,,,,
114,404,Kenya,1016,Goats,1987,7010100,A,,,,
118,414,Kuwait,1016,Goats,1987,35489,A,,,,
120,418,Lao People's Democratic Republic,1016,Goats,1987,82378,A,,,,
121,422,Lebanon,1016,Goats,1987,398530,A,,,,
122,426,Lesotho,1016,Goats,1987,1125074,A,,,,
123,430,Liberia,1016,Goats,1987,238000,E,,,,
124,434,Libya,1016,Goats,1987,900000,A,,,,
129,450,Madagascar,1016,Goats,1987,1351000,A,,,,
130,454,Malawi,1016,Goats,1987,857410,X,,,,
131,458,Malaysia,1016,Goats,1987,317200,A,,,,
133,466,Mali,1016,Goats,1987,5200000,X,,,,
134,470,Malta,1016,Goats,1987,5000,E,,,,
136,478,Mauritania,1016,Goats,1987,3150000,E,,,,
137,480,Mauritius,1016,Goats,1987,95000,E,,,,
138,484,Mexico,1016,Goats,1987,10441600,A,,,,
141,496,Mongolia,1016,Goats,1987,4401300,A,,,,
143,504,Morocco,1016,Goats,1987,5806900,A,,,,
144,508,Mozambique,1016,Goats,1987,1100000,E,,,,
28,104,Myanmar,1016,Goats,1987,1154000,A,,,,
147,516,Namibia,1016,Goats,1987,1579985,A,,,,
149,524,Nepal,1016,Goats,1987,5089933,A,,,,
150,528,Netherlands (Kingdom of the),1016,Goats,1987,34077,A,,,,
153,540,New Caledonia,1016,Goats,1987,17584,A,,,,
156,554,New Zealand,1016,Goats,1987,1053955,A,,,,
157,558,Nicaragua,1016,Goats,1987,6500,E,,,,
158,562,Niger,1016,Goats,1987,5547526,A,,,,
159,566,Nigeria,1016,Goats,1987,20335008,A,,,,
162,578,Norway,1016,Goats,1987,91900,A,,,,
221,512,Oman,1016,Goats,1987,710000,E,,,,
165,586,Pakistan,1016,Goats,1987,31235008,A,,,,
166,591,Panama,1016,Goats,1987,6100,E,,,,
168,598,Papua New Guinea,1016,Goats,1987,2250,E,,,,
169,600,Paraguay,1016,Goats,1987,129400,A,,,,
170,604,Peru,1016,Goats,1987,1768900,A,,,,
171,608,Philippines,1016,Goats,1987,4500000,E,,,,
174,620,Portugal,1016,Goats,1987,800000,E,,,,
177,630,Puerto Rico,1016,Goats,1987,14400,A,,,,
179,634,Qatar,1016,Goats,1987,86531,A,,,,
117,410,Republic of Korea,1016,Goats,1987,165980,A,,,,
183,642,Romania,1016,Goats,1987,904000,A,,,,
184,646,Rwanda,1016,Goats,1987,1021400,A,,,,
188,659,Saint Kitts and Nevis,1016,Goats,1987,9650,E,,,,
189,662,Saint Lucia,1016,Goats,1987,11600,E,,,,
191,670,Saint Vincent and the Grenadines,1016,Goats,1987,6500,E,,,,
193,678,Sao Tome and Principe,1016,Goats,1987,4150,E,,,,
194,682,Saudi Arabia,1016,Goats,1987,3356849,A,,,,
195,686,Senegal,1016,Goats,1987,2217000,A,,,,
196,690,Seychelles,1016,Goats,1987,4200,E,,,,
197,694,Sierra Leone,1016,Goats,1987,143000,E,,,,
200,702,Singapore,1016,Goats,1987,500,E,,,,
201,706,Somalia,1016,Goats,1987,19705008,A,,,,
202,710,South Africa,1016,Goats,1987,5850000,E,,,,
203,724,Spain,1016,Goats,1987,2850000,A,,,,
38,144,Sri Lanka,1016,Goats,1987,502500,A,,,,
207,740,Suriname,1016,Goats,1987,7075,A,,,,
211,756,Switzerland,1016,Goats,1987,80800,A,,,,
212,760,Syrian Arab Republic,1016,Goats,1987,1002200,A,,,,
216,764,Thailand,1016,Goats,1987,79592,A,,,,
176,626,Timor-Leste,1016,Goats,1987,79053,A,,,,
217,768,Togo,1016,Goats,1987,1154000,A,,,,
219,776,Tonga,1016,Goats,1987,15000,E,,,,
220,780,Trinidad and Tobago,1016,Goats,1987,58000,E,,,,
222,788,Tunisia,1016,Goats,1987,1155000,A,,,,
227,798,Tuvalu,1016,Goats,1987,3,A,,,,
223,792,Türkiye,1016,Goats,1987,13406000,A,,,,
226,800,Uganda,1016,Goats,1987,3900000,A,,,,
225,784,United Arab Emirates,1016,Goats,1987,535987,A,,,,
229,826,United Kingdom of Great Britain and Northern Ireland,1016,Goats,1987,,M,,,,
215,834,United Republic of Tanzania,1016,Goats,1987,7747667,A,,,,
231,840,United States of America,1016,Goats,1987,1780000,A,,,,
234,858,Uruguay,1016,Goats,1987,13000,E,,,,
155,548,Vanuatu,1016,Goats,1987,13000,A,,,,
236,862,Venezuela (Bolivarian Republic of),1016,Goats,1987,1483100,A,,,,
237,704,Viet Nam,1016,Goats,1987,413800,A,,,,
249,887,Yemen,1016,Goats,1987,3085000,A,,,,
251,894,Zambia,1016,Goats,1987,478200,X,,,,
181,716,Zimbabwe,1016,Goats,1987,2162000,A,,,,
182,638,Réunion,1016,Goats,1988,33060,A,,,,
135,474,Martinique,1016,Goats,1988,27500,E,,,,
51,200,Czechoslovakia,1016,Goats,1988,50029,A,,,,
69,254,French Guiana,1016,Goats,1988,1200,E,,,,
62,230,Ethiopia PDR,1016,Goats,1988,18000000,X,,,,
87,312,Guadeloupe,1016,Goats,1988,82000,E,,,,
15,58,Belgium-Luxembourg,1016,Goats,1988,7789,A,,,,
228,810,USSR,1016,Goats,1988,6500000,A,,,,
206,736,Sudan (former),1016,Goats,1988,14195996,A,,,,
2,4,Afghanistan,1016,Goats,1988,2650000,E,,,,
3,8,Albania,1016,Goats,1988,1076000,A,,,,
4,12,Algeria,1016,Goats,1988,2231720,A,,,,
7,24,Angola,1016,Goats,1988,1500000,A,,,,
8,28,Antigua and Barbuda,1016,Goats,1988,12600,E,,,,
9,32,Argentina,1016,Goats,1988,3200000,E,,,,
10,36,Australia,1016,Goats,1988,1350000,E,,,,
11,40,Austria,1016,Goats,1988,33534,A,,,,
12,44,Bahamas,1016,Goats,1988,13520,E,,,,
13,48,Bahrain,1016,Goats,1988,16000,X,,,,
16,50,Bangladesh,1016,Goats,1988,18274000,A,,,,
14,52,Barbados,1016,Goats,1988,5000,E,,,,
23,84,Belize,1016,Goats,1988,1200,E,,,,
53,204,Benin,1016,Goats,1988,969600,A,,,,
18,64,Bhutan,1016,Goats,1988,36847,A,,,,
19,68,Bolivia (Plurinational State of),1016,Goats,1988,1480000,E,,,,
20,72,Botswana,1016,Goats,1988,1690800,A,,,,
21,76,Brazil,1016,Goats,1988,11312713,A,,,,
26,96,Brunei Darussalam,1016,Goats,1988,3313,A,,,,
27,100,Bulgaria,1016,Goats,1988,428340,A,,,,
233,854,Burkina Faso,1016,Goats,1988,6125000,A,,,,
29,108,Burundi,1016,Goats,1988,778374,A,,,,
35,132,Cabo Verde,1016,Goats,1988,95338,A,,,,
32,120,Cameroon,1016,Goats,1988,2906000,A,,,,
33,124,Canada,1016,Goats,1988,26200,E,,,,
37,140,Central African Republic,1016,Goats,1988,1180000,A,,,,
39,148,Chad,1016,Goats,1988,6045000,E,,,,
40,152,Chile,1016,Goats,1988,600000,A,,,,
96,344,"China, Hong Kong SAR",1016,Goats,1988,380,A,,,,
214,158,"China, Taiwan Province of",1016,Goats,1988,207327,A,,,,
41,156,"China, mainland",1016,Goats,1988,76910000,X,,,,
44,170,Colombia,1016,Goats,1988,956459,A,,,,
45,174,Comoros,1016,Goats,1988,116550,A,,,,
46,178,Congo,1016,Goats,1988,252478,A,,,,
47,184,Cook Islands,1016,Goats,1988,5472,A,,,,
48,188,Costa Rica,1016,Goats,1988,1600,A,,,,
49,192,Cuba,1016,Goats,1988,110000,E,,,,
50,196,Cyprus,1016,Goats,1988,220000,A,,,,
107,384,Côte d'Ivoire,1016,Goats,1988,856000,A,,,,
116,408,Democratic People's Republic of Korea,1016,Goats,1988,630000,E,,,,
250,180,Democratic Republic of the Congo,1016,Goats,1988,3349210,A,,,,
72,262,Djibouti,1016,Goats,1988,500400,E,,,,
55,212,Dominica,1016,Goats,1988,9600,E,,,,
56,214,Dominican Republic,1016,Goats,1988,400000,E,,,,
58,218,Ecuador,1016,Goats,1988,273300,A,,,,
59,818,Egypt,1016,Goats,1988,1818000,E,,,,
60,222,El Salvador,1016,Goats,1988,14600,E,,,,
61,226,Equatorial Guinea,1016,Goats,1988,7600,E,,,,
209,748,Eswatini,1016,Goats,1988,279516,A,,,,
66,242,Fiji,1016,Goats,1988,180000,E,,,,
67,246,Finland,1016,Goats,1988,3100,A,,,,
68,250,France,1016,Goats,1988,1091440,A,,,,
70,258,French Polynesia,1016,Goats,1988,13000,E,,,,
74,266,Gabon,1016,Goats,1988,78599,A,,,,
75,270,Gambia,1016,Goats,1988,190090,A,,,,
79,276,Germany,1016,Goats,1988,67300,A,,,,
81,288,Ghana,1016,Goats,1988,1991217,A,,,,
84,300,Greece,1016,Goats,1988,5282363,A,,,,
86,308,Grenada,1016,Goats,1988,10500,E,,,,
89,320,Guatemala,1016,Goats,1988,85000,E,,,,
90,324,Guinea,1016,Goats,1988,450931,A,,,,
175,624,Guinea-Bissau,1016,Goats,1988,206000,E,,,,
91,328,Guyana,1016,Goats,1988,77000,E,,,,
93,332,Haiti,1016,Goats,1988,1105000,E,,,,
95,340,Honduras,1016,Goats,1988,25000,X,,,,
97,348,Hungary,1016,Goats,1988,15600,A,,,,
99,352,Iceland,1016,Goats,1988,288,A,,,,
100,356,India,1016,Goats,1988,111200000,X,,,,
101,360,Indonesia,1016,Goats,1988,10606000,A,,,,
102,364,Iran (Islamic Republic of),1016,Goats,1988,22244000,A,,,,
103,368,Iraq,1016,Goats,1988,1550000,E,,,,
105,376,Israel,1016,Goats,1988,116000,A,,,,
106,380,Italy,1016,Goats,1988,1206000,A,,,,
109,388,Jamaica,1016,Goats,1988,440000,E,,,,
110,392,Japan,1016,Goats,1988,41000,A,,,,
112,400,Jordan,1016,Goats,1988,510000,A,,,,
114,404,Kenya,1016,Goats,1988,9656620,A,,,,
118,414,Kuwait,1016,Goats,1988,37680,A,,,,
120,418,Lao People's Democratic Republic,1016,Goats,1988,89197,A,,,,
121,422,Lebanon,1016,Goats,1988,401605,A,,,,
122,426,Lesotho,1016,Goats,1988,1123710,A,,,,
123,430,Liberia,1016,Goats,1988,240000,E,,,,
124,434,Libya,1016,Goats,1988,950000,A,,,,
129,450,Madagascar,1016,Goats,1988,1397000,A,,,,
130,454,Malawi,1016,Goats,1988,850000,X,,,,
131,458,Malaysia,1016,Goats,1988,326000,A,,,,
133,466,Mali,1016,Goats,1988,5527000,A,,,,
134,470,Malta,1016,Goats,1988,5100,E,,,,
136,478,Mauritania,1016,Goats,1988,3200000,E,,,,
137,480,Mauritius,1016,Goats,1988,95000,E,,,,
138,484,Mexico,1016,Goats,1988,10085597,A,,,,
141,496,Mongolia,1016,Goats,1988,4387700,A,,,,
143,504,Morocco,1016,Goats,1988,5030495,A,,,,
144,508,Mozambique,1016,Goats,1988,1400000,E,,,,
28,104,Myanmar,1016,Goats,1988,1186000,A,,,,
147,516,Namibia,1016,Goats,1988,1565301,A,,,,
149,524,Nepal,1016,Goats,1988,5211043,A,,,,
150,528,Netherlands (Kingdom of the),1016,Goats,1988,34540,E,,,,
153,540,New Caledonia,1016,Goats,1988,17200,E,,,,
156,554,New Zealand,1016,Goats,1988,1300680,A,,,,
157,558,Nicaragua,1016,Goats,1988,6300,E,,,,
158,562,Niger,1016,Goats,1988,5769427,A,,,,
159,566,Nigeria,1016,Goats,1988,21539008,A,,,,
162,578,Norway,1016,Goats,1988,91500,A,,,,
221,512,Oman,1016,Goats,1988,712000,E,,,,
165,586,Pakistan,1016,Goats,1988,32580000,A,,,,
166,591,Panama,1016,Goats,1988,5800,E,,,,
168,598,Papua New Guinea,1016,Goats,1988,2250,E,,,,
169,600,Paraguay,1016,Goats,1988,137561,A,,,,
170,604,Peru,1016,Goats,1988,1785200,A,,,,
171,608,Philippines,1016,Goats,1988,4770000,E,,,,
174,620,Portugal,1016,Goats,1988,808000,A,,,,
177,630,Puerto Rico,1016,Goats,1988,14200,A,,,,
179,634,Qatar,1016,Goats,1988,87396,A,,,,
117,410,Republic of Korea,1016,Goats,1988,138631,A,,,,
183,642,Romania,1016,Goats,1988,990000,A,,,,
184,646,Rwanda,1016,Goats,1988,1046250,A,,,,
188,659,Saint Kitts and Nevis,1016,Goats,1988,9700,E,,,,
189,662,Saint Lucia,1016,Goats,1988,11700,E,,,,
191,670,Saint Vincent and the Grenadines,1016,Goats,1988,7150,A,,,,
193,678,Sao Tome and Principe,1016,Goats,1988,4200,E,,,,
194,682,Saudi Arabia,1016,Goats,1988,3387790,A,,,,
195,686,Senegal,1016,Goats,1988,2080000,A,,,,
196,690,Seychelles,1016,Goats,1988,4300,E,,,,
197,694,Sierra Leone,1016,Goats,1988,145000,A,,,,
200,702,Singapore,1016,Goats,1988,500,E,,,,
201,706,Somalia,1016,Goats,1988,20550000,A,,,,
202,710,South Africa,1016,Goats,1988,5900000,E,,,,
203,724,Spain,1016,Goats,1988,2888000,A,,,,
38,144,Sri Lanka,1016,Goats,1988,510200,A,,,,
207,740,Suriname,1016,Goats,1988,9885,A,,,,
211,756,Switzerland,1016,Goats,1988,72219,A,,,,
212,760,Syrian Arab Republic,1016,Goats,1988,1046000,A,,,,
216,764,Thailand,1016,Goats,1988,78525,A,,,,
176,626,Timor-Leste,1016,Goats,1988,82617,A,,,,
217,768,Togo,1016,Goats,1988,1650000,A,,,,
219,776,Tonga,1016,Goats,1988,16000,A,,,,
220,780,Trinidad and Tobago,1016,Goats,1988,58000,E,,,,
222,788,Tunisia,1016,Goats,1988,1097500,A,,,,
227,798,Tuvalu,1016,Goats,1988,,E,,,,
223,792,Türkiye,1016,Goats,1988,13057000,A,,,,
226,800,Uganda,1016,Goats,1988,4170000,A,,,,
225,784,United Arab Emirates,1016,Goats,1988,573507,A,,,,
229,826,United Kingdom of Great Britain and Northern Ireland,1016,Goats,1988,,M,,,,
215,834,United Republic of Tanzania,1016,Goats,1988,8001845,A,,,,
231,840,United States of America,1016,Goats,1988,1800000,A,,,,
234,858,Uruguay,1016,Goats,1988,13500,E,,,,
155,548,Vanuatu,1016,Goats,1988,10100,A,,,,
236,862,Venezuela (Bolivarian Republic of),1016,Goats,1988,1511100,A,,,,
237,704,Viet Nam,1016,Goats,1988,410100,A,,,,
249,887,Yemen,1016,Goats,1988,3170000,A,,,,
251,894,Zambia,1016,Goats,1988,512200,X,,,,
181,716,Zimbabwe,1016,Goats,1988,2317000,A,,,,
51,200,Czechoslovakia,1016,Goats,1989,50324,A,,,,
15,58,Belgium-Luxembourg,1016,Goats,1989,8316,A,,,,
62,230,Ethiopia PDR,1016,Goats,1989,18000000,X,,,,
69,254,French Guiana,1016,Goats,1989,1317,A,,,,
182,638,Réunion,1016,Goats,1989,31400,A,,,,
135,474,Martinique,1016,Goats,1989,25000,E,,,,
87,312,Guadeloupe,1016,Goats,1989,70000,E,,,,
228,810,USSR,1016,Goats,1989,6800000,A,,,,
206,736,Sudan (former),1016,Goats,1989,14843400,A,,,,
2,4,Afghanistan,1016,Goats,1989,3000000,E,,,,
3,8,Albania,1016,Goats,1989,1153000,A,,,,
4,12,Algeria,1016,Goats,1989,2403780,A,,,,
7,24,Angola,1016,Goats,1989,1550000,A,,,,
8,28,Antigua and Barbuda,1016,Goats,1989,12600,E,,,,
9,32,Argentina,1016,Goats,1989,3200000,E,,,,
10,36,Australia,1016,Goats,1989,1310000,E,,,,
11,40,Austria,1016,Goats,1989,32338,A,,,,
12,44,Bahamas,1016,Goats,1989,13540,E,,,,
13,48,Bahrain,1016,Goats,1989,16100,X,,,,
16,50,Bangladesh,1016,Goats,1989,19604000,A,,,,
14,52,Barbados,1016,Goats,1989,4381,A,,,,
23,84,Belize,1016,Goats,1989,1300,E,,,,
53,204,Benin,1016,Goats,1989,977767,A,,,,
18,64,Bhutan,1016,Goats,1989,32594,A,,,,
19,68,Bolivia (Plurinational State of),1016,Goats,1989,1459250,A,,,,
20,72,Botswana,1016,Goats,1989,1897200,A,,,,
21,76,Brazil,1016,Goats,1989,11669018,A,,,,
26,96,Brunei Darussalam,1016,Goats,1989,3217,A,,,,
27,100,Bulgaria,1016,Goats,1989,435627,A,,,,
233,854,Burkina Faso,1016,Goats,1989,6370000,A,,,,
29,108,Burundi,1016,Goats,1989,803473,A,,,,
35,132,Cabo Verde,1016,Goats,1989,108000,A,,,,
32,120,Cameroon,1016,Goats,1989,3213000,A,,,,
33,124,Canada,1016,Goats,1989,26500,E,,,,
37,140,Central African Republic,1016,Goats,1989,1227000,A,,,,
39,148,Chad,1016,Goats,1989,6419000,E,,,,
40,152,Chile,1016,Goats,1989,600000,E,,,,
96,344,"China, Hong Kong SAR",1016,Goats,1989,390,A,,,,
214,158,"China, Taiwan Province of",1016,Goats,1989,195869,A,,,,
41,156,"China, mainland",1016,Goats,1989,90046440,X,,,,
44,170,Colombia,1016,Goats,1989,958000,A,,,,
45,174,Comoros,1016,Goats,1989,119940,A,,,,
46,178,Congo,1016,Goats,1989,267627,A,,,,
47,184,Cook Islands,1016,Goats,1989,5472,A,,,,
48,188,Costa Rica,1016,Goats,1989,1600,E,,,,
49,192,Cuba,1016,Goats,1989,110000,E,,,,
50,196,Cyprus,1016,Goats,1989,205000,A,,,,
107,384,Côte d'Ivoire,1016,Goats,1989,875000,A,,,,
116,408,Democratic People's Republic of Korea,1016,Goats,1989,640000,E,,,,
250,180,Democratic Republic of the Congo,1016,Goats,1989,3590880,A,,,,
72,262,Djibouti,1016,Goats,1989,500600,E,,,,
55,212,Dominica,1016,Goats,1989,9500,E,,,,
56,214,Dominican Republic,1016,Goats,1989,380000,E,,,,
58,218,Ecuador,1016,Goats,1989,298300,A,,,,
59,818,Egypt,1016,Goats,1989,2000472,A,,,,
60,222,El Salvador,1016,Goats,1989,14700,E,,,,
61,226,Equatorial Guinea,1016,Goats,1989,7700,E,,,,
209,748,Eswatini,1016,Goats,1989,294428,A,,,,
66,242,Fiji,1016,Goats,1989,180000,E,,,,
67,246,Finland,1016,Goats,1989,3100,A,,,,
68,250,France,1016,Goats,1989,1215470,A,,,,
70,258,French Polynesia,1016,Goats,1989,13500,E,,,,
74,266,Gabon,1016,Goats,1989,79385,A,,,,
75,270,Gambia,1016,Goats,1989,210000,A,,,,
79,276,Germany,1016,Goats,1989,71200,A,,,,
81,288,Ghana,1016,Goats,1989,2363424,A,,,,
84,300,Greece,1016,Goats,1989,5338630,A,,,,
86,308,Grenada,1016,Goats,1989,10000,E,,,,
89,320,Guatemala,1016,Goats,1989,95000,E,,,,
90,324,Guinea,1016,Goats,1989,491909,A,,,,
175,624,Guinea-Bissau,1016,Goats,1989,207000,E,,,,
91,328,Guyana,1016,Goats,1989,78000,E,,,,
93,332,Haiti,1016,Goats,1989,1108000,E,,,,
95,340,Honduras,1016,Goats,1989,27000,E,,,,
97,348,Hungary,1016,Goats,1989,15600,A,,,,
99,352,Iceland,1016,Goats,1989,323,A,,,,
100,356,India,1016,Goats,1989,112200000,X,,,,
101,360,Indonesia,1016,Goats,1989,10995600,A,,,,
102,364,Iran (Islamic Republic of),1016,Goats,1989,24409312,A,,,,
103,368,Iraq,1016,Goats,1989,1476000,X,,,,
105,376,Israel,1016,Goats,1989,125000,A,,,,
106,380,Italy,1016,Goats,1989,1214300,A,,,,
109,388,Jamaica,1016,Goats,1989,440000,E,,,,
110,392,Japan,1016,Goats,1989,36500,A,,,,
112,400,Jordan,1016,Goats,1989,474950,A,,,,
114,404,Kenya,1016,Goats,1989,9800000,E,,,,
118,414,Kuwait,1016,Goats,1989,44715,A,,,,
120,418,Lao People's Democratic Republic,1016,Goats,1989,105157,A,,,,
121,422,Lebanon,1016,Goats,1989,406130,A,,,,
122,426,Lesotho,1016,Goats,1989,1067540,A,,,,
123,430,Liberia,1016,Goats,1989,240000,E,,,,
124,434,Libya,1016,Goats,1989,1000000,A,,,,
129,450,Madagascar,1016,Goats,1989,1229000,X,,,,
130,454,Malawi,1016,Goats,1989,850000,E,,,,
131,458,Malaysia,1016,Goats,1989,330000,A,,,,
133,466,Mali,1016,Goats,1989,5771000,A,,,,
134,470,Malta,1016,Goats,1989,5260,A,,,,
136,478,Mauritania,1016,Goats,1989,3300000,E,,,,
137,480,Mauritius,1016,Goats,1989,95000,E,,,,
138,484,Mexico,1016,Goats,1989,10240687,A,,,,
141,496,Mongolia,1016,Goats,1989,4474300,A,,,,
143,504,Morocco,1016,Goats,1989,5281310,A,,,,
144,508,Mozambique,1016,Goats,1989,1700000,E,,,,
28,104,Myanmar,1016,Goats,1989,1033000,A,,,,
147,516,Namibia,1016,Goats,1989,1775082,A,,,,
149,524,Nepal,1016,Goats,1989,5302344,A,,,,
150,528,Netherlands (Kingdom of the),1016,Goats,1989,42429,E,,,,
153,540,New Caledonia,1016,Goats,1989,17000,E,,,,
156,554,New Zealand,1016,Goats,1989,1222388,A,,,,
157,558,Nicaragua,1016,Goats,1989,6300,E,,,,
158,562,Niger,1016,Goats,1989,6000204,A,,,,
159,566,Nigeria,1016,Goats,1989,23462000,A,,,,
162,578,Norway,1016,Goats,1989,95021,A,,,,
221,512,Oman,1016,Goats,1989,715000,E,,,,
165,586,Pakistan,1016,Goats,1989,33983008,A,,,,
166,591,Panama,1016,Goats,1989,5500,E,,,,
168,598,Papua New Guinea,1016,Goats,1989,2250,E,,,,
169,600,Paraguay,1016,Goats,1989,145752,A,,,,
170,604,Peru,1016,Goats,1989,1771000,A,,,,
171,608,Philippines,1016,Goats,1989,5100000,E,,,,
174,620,Portugal,1016,Goats,1989,840000,A,,,,
177,630,Puerto Rico,1016,Goats,1989,18900,E,,,,
179,634,Qatar,1016,Goats,1989,90018,A,,,,
117,410,Republic of Korea,1016,Goats,1989,157523,A,,,,
183,642,Romania,1016,Goats,1989,1078000,A,,,,
184,646,Rwanda,1016,Goats,1989,1077759,A,,,,
188,659,Saint Kitts and Nevis,1016,Goats,1989,9750,E,,,,
189,662,Saint Lucia,1016,Goats,1989,11800,E,,,,
191,670,Saint Vincent and the Grenadines,1016,Goats,1989,6600,A,,,,
193,678,Sao Tome and Principe,1016,Goats,1989,4250,E,,,,
194,682,Saudi Arabia,1016,Goats,1989,3113847,A,,,,
195,686,Senegal,1016,Goats,1989,2200000,E,,,,
196,690,Seychelles,1016,Goats,1989,4400,E,,,,
197,694,Sierra Leone,1016,Goats,1989,146900,A,,,,
200,702,Singapore,1016,Goats,1989,270,E,,,,
201,706,Somalia,1016,Goats,1989,20300000,E,,,,
202,710,South Africa,1016,Goats,1989,6000000,E,,,,
203,724,Spain,1016,Goats,1989,3649000,A,,,,
38,144,Sri Lanka,1016,Goats,1989,518300,A,,,,
207,740,Suriname,1016,Goats,1989,9595,A,,,,
211,756,Switzerland,1016,Goats,1989,69400,A,,,,
212,760,Syrian Arab Republic,1016,Goats,1989,1011000,A,,,,
216,764,Thailand,1016,Goats,1989,108218,A,,,,
176,626,Timor-Leste,1016,Goats,1989,91100,A,,,,
217,768,Togo,1016,Goats,1989,1528000,A,,,,
219,776,Tonga,1016,Goats,1989,15620,A,,,,
220,780,Trinidad and Tobago,1016,Goats,1989,57000,E,,,,
222,788,Tunisia,1016,Goats,1989,1184200,A,,,,
227,798,Tuvalu,1016,Goats,1989,,A,,,,
223,792,Türkiye,1016,Goats,1989,12914000,A,,,,
226,800,Uganda,1016,Goats,1989,4480000,A,,,,
225,784,United Arab Emirates,1016,Goats,1989,613653,A,,,,
229,826,United Kingdom of Great Britain and Northern Ireland,1016,Goats,1989,,M,,,,
215,834,United Republic of Tanzania,1016,Goats,1989,8261249,A,,,,
231,840,United States of America,1016,Goats,1989,1850000,A,,,,
234,858,Uruguay,1016,Goats,1989,13500,E,,,,
155,548,Vanuatu,1016,Goats,1989,10400,A,,,,
236,862,Venezuela (Bolivarian Republic of),1016,Goats,1989,1529600,A,,,,
237,704,Viet Nam,1016,Goats,1989,387500,A,,,,
249,887,Yemen,1016,Goats,1989,3260090,A,,,,
251,894,Zambia,1016,Goats,1989,507181,A,,,,
181,716,Zimbabwe,1016,Goats,1989,2368000,A,,,,
51,200,Czechoslovakia,1016,Goats,1990,50353,A,,,,
182,638,Réunion,1016,Goats,1990,31400,A,,,,
15,58,Belgium-Luxembourg,1016,Goats,1990,9271,A,,,,
228,810,USSR,1016,Goats,1990,6562000,A,,,,
206,736,Sudan (former),1016,Goats,1990,15276800,A,,,,
62,230,Ethiopia PDR,1016,Goats,1990,17200000,X,,,,
135,474,Martinique,1016,Goats,1990,27500,E,,,,
87,312,Guadeloupe,1016,Goats,1990,69400,E,,,,
69,254,French Guiana,1016,Goats,1990,1350,X,,,,
2,4,Afghanistan,1016,Goats,1990,3350000,E,,,,
3,8,Albania,1016,Goats,1990,1144000,A,,,,
4,12,Algeria,1016,Goats,1990,2471990,A,,,,
7,24,Angola,1016,Goats,1990,1500000,A,,,,
8,28,Antigua and Barbuda,1016,Goats,1990,12200,E,,,,
9,32,Argentina,1016,Goats,1990,3300000,E,,,,
10,36,Australia,1016,Goats,1990,1630000,E,,,,
11,40,Austria,1016,Goats,1990,36440,A,,,,
12,44,Bahamas,1016,Goats,1990,13550,E,,,,
13,48,Bahrain,1016,Goats,1990,16200,X,,,,
16,50,Bangladesh,1016,Goats,1990,21031008,A,,,,
14,52,Barbados,1016,Goats,1990,4400,E,,,,
23,84,Belize,1016,Goats,1990,130,E,,,,
53,204,Benin,1016,Goats,1990,872000,A,,,,
18,64,Bhutan,1016,Goats,1990,36909,A,,,,
19,68,Bolivia (Plurinational State of),1016,Goats,1990,1445123,A,,,,
20,72,Botswana,1016,Goats,1990,2092400,A,,,,
21,76,Brazil,1016,Goats,1990,11894587,A,,,,
26,96,Brunei Darussalam,1016,Goats,1990,2661,A,,,,
27,100,Bulgaria,1016,Goats,1990,432923,A,,,,
233,854,Burkina Faso,1016,Goats,1990,6370000,A,,,,
29,108,Burundi,1016,Goats,1990,927472,A,,,,
35,132,Cabo Verde,1016,Goats,1990,109392,A,,,,
32,120,Cameroon,1016,Goats,1990,3520000,A,,,,
33,124,Canada,1016,Goats,1990,27300,E,,,,
37,140,Central African Republic,1016,Goats,1990,1242087,A,,,,
39,148,Chad,1016,Goats,1990,6815000,E,,,,
40,152,Chile,1016,Goats,1990,600000,E,,,,
96,344,"China, Hong Kong SAR",1016,Goats,1990,430,A,,,,
214,158,"China, Taiwan Province of",1016,Goats,1990,179003,A,,,,
41,156,"China, mainland",1016,Goats,1990,96171000,X,,,,
44,170,Colombia,1016,Goats,1990,959000,A,,,,
45,174,Comoros,1016,Goats,1990,113000,E,,,,
46,178,Congo,1016,Goats,1990,277726,X,,,,
47,184,Cook Islands,1016,Goats,1990,5480,A,,,,
48,188,Costa Rica,1016,Goats,1990,1600,E,,,,
49,192,Cuba,1016,Goats,1990,90000,E,,,,
50,196,Cyprus,1016,Goats,1990,208000,A,,,,
107,384,Côte d'Ivoire,1016,Goats,1990,888000,A,,,,
116,408,Democratic People's Republic of Korea,1016,Goats,1990,650000,E,,,,
250,180,Democratic Republic of the Congo,1016,Goats,1990,3849980,A,,,,
72,262,Djibouti,1016,Goats,1990,501800,E,,,,
55,212,Dominica,1016,Goats,1990,9600,E,,,,
56,214,Dominican Republic,1016,Goats,1990,360000,E,,,,
58,218,Ecuador,1016,Goats,1990,310590,A,,,,
59,818,Egypt,1016,Goats,1990,2400000,E,,,,
60,222,El Salvador,1016,Goats,1990,14800,E,,,,
61,226,Equatorial Guinea,1016,Goats,1990,7800,E,,,,
209,748,Eswatini,1016,Goats,1990,298166,A,,,,
66,242,Fiji,1016,Goats,1990,170000,E,,,,
67,246,Finland,1016,Goats,1990,3700,A,,,,
68,250,France,1016,Goats,1990,1226000,A,,,,
70,258,French Polynesia,1016,Goats,1990,14000,A,,,,
74,266,Gabon,1016,Goats,1990,80123,A,,,,
75,270,Gambia,1016,Goats,1990,179653,A,,,,
79,276,Germany,1016,Goats,1990,90000,A,,,,
81,288,Ghana,1016,Goats,1990,2018527,A,,,,
84,300,Greece,1016,Goats,1990,5347827,A,,,,
86,308,Grenada,1016,Goats,1990,9500,E,,,,
89,320,Guatemala,1016,Goats,1990,105300,A,,,,
90,324,Guinea,1016,Goats,1990,524562,A,,,,
175,624,Guinea-Bissau,1016,Goats,1990,207922,A,,,,
91,328,Guyana,1016,Goats,1990,78000,E,,,,
93,332,Haiti,1016,Goats,1990,1110000,E,,,,
95,340,Honduras,1016,Goats,1990,26000,E,,,,
97,348,Hungary,1016,Goats,1990,15600,A,,,,
99,352,Iceland,1016,Goats,1990,345,A,,,,
100,356,India,1016,Goats,1990,113200000,X,,,,
101,360,Indonesia,1016,Goats,1990,11297809,A,,,,
102,364,Iran (Islamic Republic of),1016,Goats,1990,24747728,A,,,,
103,368,Iraq,1016,Goats,1990,1550000,E,,,,
105,376,Israel,1016,Goats,1990,115000,A,,,,
106,380,Italy,1016,Goats,1990,1246000,A,,,,
109,388,Jamaica,1016,Goats,1990,440000,E,,,,
110,392,Japan,1016,Goats,1990,34500,A,,,,
112,400,Jordan,1016,Goats,1990,600000,E,,,,
114,404,Kenya,1016,Goats,1990,10186090,A,,,,
118,414,Kuwait,1016,Goats,1990,39923,A,,,,
120,418,Lao People's Democratic Republic,1016,Goats,1990,139410,A,,,,
121,422,Lebanon,1016,Goats,1990,435000,E,,,,
122,426,Lesotho,1016,Goats,1990,844111,A,,,,
123,430,Liberia,1016,Goats,1990,230000,E,,,,
124,434,Libya,1016,Goats,1990,1100000,A,,,,
129,450,Madagascar,1016,Goats,1990,1256000,X,,,,
130,454,Malawi,1016,Goats,1990,853324,A,,,,
131,458,Malaysia,1016,Goats,1990,331278,A,,,,
133,466,Mali,1016,Goats,1990,6086000,A,,,,
134,470,Malta,1016,Goats,1990,6200,E,,,,
136,478,Mauritania,1016,Goats,1990,3400000,X,,,,
137,480,Mauritius,1016,Goats,1990,95000,E,,,,
138,484,Mexico,1016,Goats,1990,10439000,A,,,,
141,496,Mongolia,1016,Goats,1990,4959100,A,,,,
143,504,Morocco,1016,Goats,1990,5335093,A,,,,
144,508,Mozambique,1016,Goats,1990,2000000,E,,,,
28,104,Myanmar,1016,Goats,1990,1036000,A,,,,
147,516,Namibia,1016,Goats,1990,1859748,A,,,,
149,524,Nepal,1016,Goats,1990,5323645,A,,,,
150,528,Netherlands (Kingdom of the),1016,Goats,1990,72000,A,,,,
153,540,New Caledonia,1016,Goats,1990,16700,E,,,,
156,554,New Zealand,1016,Goats,1990,1062900,A,,,,
157,558,Nicaragua,1016,Goats,1990,6200,E,,,,
158,562,Niger,1016,Goats,1990,6240212,A,,,,
159,566,Nigeria,1016,Goats,1990,23321008,A,,,,
162,578,Norway,1016,Goats,1990,88800,A,,,,
221,512,Oman,1016,Goats,1990,720000,A,,,,
165,586,Pakistan,1016,Goats,1990,35446000,A,,,,
166,591,Panama,1016,Goats,1990,5300,E,,,,
168,598,Papua New Guinea,1016,Goats,1990,2250,E,,,,
169,600,Paraguay,1016,Goats,1990,148200,A,,,,
170,604,Peru,1016,Goats,1990,1721700,A,,,,
171,608,Philippines,1016,Goats,1990,4790000,E,,,,
174,620,Portugal,1016,Goats,1990,857000,A,,,,
177,630,Puerto Rico,1016,Goats,1990,21000,E,,,,
179,634,Qatar,1016,Goats,1990,97636,A,,,,
117,410,Republic of Korea,1016,Goats,1990,211292,A,,,,
183,642,Romania,1016,Goats,1990,1017200,A,,,,
184,646,Rwanda,1016,Goats,1990,1075413,A,,,,
188,659,Saint Kitts and Nevis,1016,Goats,1990,9650,E,,,,
189,662,Saint Lucia,1016,Goats,1990,11900,E,,,,
191,670,Saint Vincent and the Grenadines,1016,Goats,1990,6050,A,,,,
193,678,Sao Tome and Principe,1016,Goats,1990,4300,E,,,,
194,682,Saudi Arabia,1016,Goats,1990,3405869,A,,,,
195,686,Senegal,1016,Goats,1990,2552000,X,,,,
196,690,Seychelles,1016,Goats,1990,4500,E,,,,
197,694,Sierra Leone,1016,Goats,1990,148800,A,,,,
200,702,Singapore,1016,Goats,1990,200,E,,,,
201,706,Somalia,1016,Goats,1990,18500000,E,,,,
202,710,South Africa,1016,Goats,1990,6100000,E,,,,
203,724,Spain,1016,Goats,1990,3780000,A,,,,
38,144,Sri Lanka,1016,Goats,1990,521700,A,,,,
207,740,Suriname,1016,Goats,1990,9980,A,,,,
211,756,Switzerland,1016,Goats,1990,68300,A,,,,
212,760,Syrian Arab Republic,1016,Goats,1990,999677,A,,,,
216,764,Thailand,1016,Goats,1990,120519,A,,,,
176,626,Timor-Leste,1016,Goats,1990,97477,A,,,,
217,768,Togo,1016,Goats,1990,2043000,A,,,,
219,776,Tonga,1016,Goats,1990,15600,E,,,,
220,780,Trinidad and Tobago,1016,Goats,1990,57250,E,,,,
222,788,Tunisia,1016,Goats,1990,1279200,A,,,,
227,798,Tuvalu,1016,Goats,1990,,A,,,,
223,792,Türkiye,1016,Goats,1990,11942000,A,,,,
226,800,Uganda,1016,Goats,1990,4710000,A,,,,
225,784,United Arab Emirates,1016,Goats,1990,656609,A,,,,
229,826,United Kingdom of Great Britain and Northern Ireland,1016,Goats,1990,114000,A,,,,
215,834,United Republic of Tanzania,1016,Goats,1990,8525908,A,,,,
231,840,United States of America,1016,Goats,1990,1900000,A,,,,
234,858,Uruguay,1016,Goats,1990,13800,E,,,,
155,548,Vanuatu,1016,Goats,1990,10700,A,,,,
236,862,Venezuela (Bolivarian Republic of),1016,Goats,1990,1650000,E,,,,
237,704,Viet Nam,1016,Goats,1990,372300,A,,,,
249,887,Yemen,1016,Goats,1990,5333000,E,,,,
251,894,Zambia,1016,Goats,1990,534000,X,,,,
181,716,Zimbabwe,1016,Goats,1990,2540000,A,,,,
104,372,Ireland,1016,Goats,1991,17400,A,,,,
135,474,Martinique,1016,Goats,1991,27500,E,,,,
15,58,Belgium-Luxembourg,1016,Goats,1991,9000,A,,,,
206,736,Sudan (former),1016,Goats,1991,18650000,X,,,,
182,638,Réunion,1016,Goats,1991,31200,A,,,,
62,230,Ethiopia PDR,1016,Goats,1991,18000000,E,,,,
69,254,French Guiana,1016,Goats,1991,1200,X,,,,
299,275,Palestine,1016,Goats,1991,,M,,,,
87,312,Guadeloupe,1016,Goats,1991,62000,E,,,,
228,810,USSR,1016,Goats,1991,6692000,A,,,,
51,200,Czechoslovakia,1016,Goats,1991,51789,A,,,,
145,583,Micronesia (Federated States of),1016,Goats,1991,4000,E,,,,
173,616,Poland,1016,Goats,1991,,M,,,,
2,4,Afghanistan,1016,Goats,1991,3700000,E,,,,
3,8,Albania,1016,Goats,1991,1193900,A,,,,
4,12,Algeria,1016,Goats,1991,2484540,A,,,,
7,24,Angola,1016,Goats,1991,1500000,A,,,,
8,28,Antigua and Barbuda,1016,Goats,1991,19790,I,,,,
9,32,Argentina,1016,Goats,1991,3400000,E,,,,
10,36,Australia,1016,Goats,1991,1770000,E,,,,
11,40,Austria,1016,Goats,1991,37343,A,,,,
12,44,Bahamas,1016,Goats,1991,13550,E,,,,
13,48,Bahrain,1016,Goats,1991,16300,E,,,,
16,50,Bangladesh,1016,Goats,1991,22352000,A,,,,
14,52,Barbados,1016,Goats,1991,4400,E,,,,
23,84,Belize,1016,Goats,1991,130,E,,,,
53,204,Benin,1016,Goats,1991,915400,A,,,,
18,64,Bhutan,1016,Goats,1991,25100,A,,,,
19,68,Bolivia (Plurinational State of),1016,Goats,1991,1467617,A,,,,
20,72,Botswana,1016,Goats,1991,2301000,A,,,,
21,76,Brazil,1016,Goats,1991,12172146,A,,,,
26,96,Brunei Darussalam,1016,Goats,1991,3245,A,,,,
27,100,Bulgaria,1016,Goats,1991,498087,A,,,,
233,854,Burkina Faso,1016,Goats,1991,6692600,A,,,,
29,108,Burundi,1016,Goats,1991,944498,A,,,,
35,132,Cabo Verde,1016,Goats,1991,123745,A,,,,
32,120,Cameroon,1016,Goats,1991,3550000,E,,,,
33,124,Canada,1016,Goats,1991,27500,E,,,,
37,140,Central African Republic,1016,Goats,1991,1585000,A,,,,
39,148,Chad,1016,Goats,1991,7237000,E,,,,
40,152,Chile,1016,Goats,1991,600000,E,,,,
96,344,"China, Hong Kong SAR",1016,Goats,1991,350,A,,,,
214,158,"China, Taiwan Province of",1016,Goats,1991,172593,A,,,,
41,156,"China, mainland",1016,Goats,1991,97205000,A,,,,
44,170,Colombia,1016,Goats,1991,964000,A,,,,
45,174,Comoros,1016,Goats,1991,113200,A,,,,
46,178,Congo,1016,Goats,1991,297507,X,,,,
47,184,Cook Islands,1016,Goats,1991,5480,A,,,,
48,188,Costa Rica,1016,Goats,1991,50000,E,,,,
49,192,Cuba,1016,Goats,1991,95000,E,,,,
50,196,Cyprus,1016,Goats,1991,205000,A,,,,
107,384,Côte d'Ivoire,1016,Goats,1991,908000,A,,,,
116,408,Democratic People's Republic of Korea,1016,Goats,1991,660000,A,,,,
250,180,Democratic Republic of the Congo,1016,Goats,1991,3836800,A,,,,
72,262,Djibouti,1016,Goats,1991,504300,E,,,,
55,212,Dominica,1016,Goats,1991,9700,E,,,,
56,214,Dominican Republic,1016,Goats,1991,340000,E,,,,
58,218,Ecuador,1016,Goats,1991,309000,A,,,,
59,818,Egypt,1016,Goats,1991,2820204,A,,,,
60,222,El Salvador,1016,Goats,1991,14900,E,,,,
61,226,Equatorial Guinea,1016,Goats,1991,7900,E,,,,
209,748,Eswatini,1016,Goats,1991,334178,A,,,,
66,242,Fiji,1016,Goats,1991,175000,E,,,,
67,246,Finland,1016,Goats,1991,4000,A,,,,
68,250,France,1016,Goats,1991,1225683,A,,,,
70,258,French Polynesia,1016,Goats,1991,14500,E,,,,
74,266,Gabon,1016,Goats,1991,81565,A,,,,
75,270,Gambia,1016,Goats,1991,190879,A,,,,
79,276,Germany,1016,Goats,1991,90000,A,,,,
81,288,Ghana,1016,Goats,1991,2194372,A,,,,
84,300,Greece,1016,Goats,1991,5334105,A,,,,
86,308,Grenada,1016,Goats,1991,9000,E,,,,
89,320,Guatemala,1016,Goats,1991,105000,A,,,,
90,324,Guinea,1016,Goats,1991,539250,A,,,,
175,624,Guinea-Bissau,1016,Goats,1991,220000,A,,,,
91,328,Guyana,1016,Goats,1991,78000,E,,,,
93,332,Haiti,1016,Goats,1991,1110000,E,,,,
95,340,Honduras,1016,Goats,1991,27000,E,,,,
97,348,Hungary,1016,Goats,1991,23500,A,,,,
99,352,Iceland,1016,Goats,1991,350,A,,,,
100,356,India,1016,Goats,1991,114200000,X,,,,
101,360,Indonesia,1016,Goats,1991,11483684,A,,,,
102,364,Iran (Islamic Republic of),1016,Goats,1991,24747728,A,,,,
103,368,Iraq,1016,Goats,1991,1070000,E,,,,
105,376,Israel,1016,Goats,1991,115000,A,,,,
106,380,Italy,1016,Goats,1991,1297500,A,,,,
109,388,Jamaica,1016,Goats,1991,440000,E,,,,
110,392,Japan,1016,Goats,1991,36500,A,,,,
112,400,Jordan,1016,Goats,1991,750000,E,,,,
114,404,Kenya,1016,Goats,1991,9905082,A,,,,
118,414,Kuwait,1016,Goats,1991,3000,E,,,,
120,418,Lao People's Democratic Republic,1016,Goats,1991,116800,A,,,,
121,422,Lebanon,1016,Goats,1991,471972,A,,,,
122,426,Lesotho,1016,Goats,1991,729255,A,,,,
123,430,Liberia,1016,Goats,1991,220000,E,,,,
124,434,Libya,1016,Goats,1991,1200000,E,,,,
129,450,Madagascar,1016,Goats,1991,1283170,X,,,,
130,454,Malawi,1016,Goats,1991,848716,A,,,,
131,458,Malaysia,1016,Goats,1991,298704,A,,,,
133,466,Mali,1016,Goats,1991,6429685,A,,,,
134,470,Malta,1016,Goats,1991,6800,E,,,,
136,478,Mauritania,1016,Goats,1991,3500000,E,,,,
137,480,Mauritius,1016,Goats,1991,108000,E,,,,
138,484,Mexico,1016,Goats,1991,10051386,A,,,,
141,496,Mongolia,1016,Goats,1991,5125700,A,,,,
143,504,Morocco,1016,Goats,1991,4560995,A,,,,
144,508,Mozambique,1016,Goats,1991,2500000,E,,,,
28,104,Myanmar,1016,Goats,1991,1011000,A,,,,
147,516,Namibia,1016,Goats,1991,1991581,A,,,,
149,524,Nepal,1016,Goats,1991,5366946,A,,,,
150,528,Netherlands (Kingdom of the),1016,Goats,1991,77000,A,,,,
153,540,New Caledonia,1016,Goats,1991,16498,A,,,,
156,554,New Zealand,1016,Goats,1991,792577,A,,,,
157,558,Nicaragua,1016,Goats,1991,6200,E,,,,
158,562,Niger,1016,Goats,1991,6489820,A,,,,
159,566,Nigeria,1016,Goats,1991,23500000,A,,,,
162,578,Norway,1016,Goats,1991,89698,A,,,,
221,512,Oman,1016,Goats,1991,750000,E,,,,
165,586,Pakistan,1016,Goats,1991,36972000,A,,,,
166,591,Panama,1016,Goats,1991,5184,A,,,,
168,598,Papua New Guinea,1016,Goats,1991,2250,E,,,,
169,600,Paraguay,1016,Goats,1991,135000,E,,,,
170,604,Peru,1016,Goats,1991,1747000,A,,,,
171,608,Philippines,1016,Goats,1991,5060000,E,,,,
174,620,Portugal,1016,Goats,1991,797000,A,,,,
177,630,Puerto Rico,1016,Goats,1991,21500,E,,,,
179,634,Qatar,1016,Goats,1991,102059,A,,,,
117,410,Republic of Korea,1016,Goats,1991,346358,A,,,,
183,642,Romania,1016,Goats,1991,1004806,A,,,,
184,646,Rwanda,1016,Goats,1991,1141000,X,,,,
188,659,Saint Kitts and Nevis,1016,Goats,1991,10000,E,,,,
189,662,Saint Lucia,1016,Goats,1991,11600,E,,,,
191,670,Saint Vincent and the Grenadines,1016,Goats,1991,5500,A,,,,
193,678,Sao Tome and Principe,1016,Goats,1991,4350,E,,,,
194,682,Saudi Arabia,1016,Goats,1991,3763261,A,,,,
195,686,Senegal,1016,Goats,1991,2853000,A,,,,
196,690,Seychelles,1016,Goats,1991,4600,E,,,,
197,694,Sierra Leone,1016,Goats,1991,150700,A,,,,
200,702,Singapore,1016,Goats,1991,300,E,,,,
201,706,Somalia,1016,Goats,1991,14000000,E,,,,
202,710,South Africa,1016,Goats,1991,6200000,E,,,,
203,724,Spain,1016,Goats,1991,3663000,A,,,,
38,144,Sri Lanka,1016,Goats,1991,460000,A,,,,
207,740,Suriname,1016,Goats,1991,9375,A,,,,
211,756,Switzerland,1016,Goats,1991,69700,A,,,,
212,760,Syrian Arab Republic,1016,Goats,1991,962943,A,,,,
216,764,Thailand,1016,Goats,1991,136035,A,,,,
176,626,Timor-Leste,1016,Goats,1991,100250,A,,,,
217,768,Togo,1016,Goats,1991,1590000,A,,,,
219,776,Tonga,1016,Goats,1991,15600,E,,,,
220,780,Trinidad and Tobago,1016,Goats,1991,58000,E,,,,
222,788,Tunisia,1016,Goats,1991,1313100,A,,,,
227,798,Tuvalu,1016,Goats,1991,,A,,,,
223,792,Türkiye,1016,Goats,1991,10764198,A,,,,
226,800,Uganda,1016,Goats,1991,4950000,A,,,,
225,784,United Arab Emirates,1016,Goats,1991,702572,A,,,,
229,826,United Kingdom of Great Britain and Northern Ireland,1016,Goats,1991,113000,A,,,,
215,834,United Republic of Tanzania,1016,Goats,1991,8814004,A,,,,
231,840,United States of America,1016,Goats,1991,1830000,A,,,,
234,858,Uruguay,1016,Goats,1991,14000,E,,,,
155,548,Vanuatu,1016,Goats,1991,11000,A,,,,
236,862,Venezuela (Bolivarian Republic of),1016,Goats,1991,1800000,E,,,,
237,704,Viet Nam,1016,Goats,1991,312500,A,,,,
249,887,Yemen,1016,Goats,1991,5066000,E,,,,
251,894,Zambia,1016,Goats,1991,556000,X,,,,
181,716,Zimbabwe,1016,Goats,1991,2545000,A,,,,
51,200,Czechoslovakia,1016,Goats,1992,59344,A,,,,
198,705,Slovenia,1016,Goats,1992,9000,E,,,,
1,51,Armenia,1016,Goats,1992,22950,X,,,,
80,70,Bosnia and Herzegovina,1016,Goats,1992,80800,E,,,,
126,440,Lithuania,1016,Goats,1992,6300,A,,,,
299,275,Palestine,1016,Goats,1992,,M,,,,
119,428,Latvia,1016,Goats,1992,6100,A,,,,
145,583,Micronesia (Federated States of),1016,Goats,1992,4000,E,,,,
146,498,Republic of Moldova,1016,Goats,1992,49474,A,,,,
186,891,Serbia and Montenegro,1016,Goats,1992,240000,E,,,,
235,860,Uzbekistan,1016,Goats,1992,917500,A,,,,
135,474,Martinique,1016,Goats,1992,27500,E,,,,
185,643,Russian Federation,1016,Goats,1992,3060200,A,,,,
173,616,Poland,1016,Goats,1992,190000,E,,,,
87,312,Guadeloupe,1016,Goats,1992,60000,E,,,,
206,736,Sudan (former),1016,Goats,1992,22693000,X,,,,
73,268,Georgia,1016,Goats,1992,59000,A,,,,
108,398,Kazakhstan,1016,Goats,1992,692000,A,,,,
230,804,Ukraine,1016,Goats,1992,570000,A,,,,
69,254,French Guiana,1016,Goats,1992,1300,X,,,,
182,638,Réunion,1016,Goats,1992,31400,A,,,,
63,233,Estonia,1016,Goats,1992,,M,,,,
113,417,Kyrgyzstan,1016,Goats,1992,300000,A,,,,
98,191,Croatia,1016,Goats,1992,113809,A,,,,
57,112,Belarus,1016,Goats,1992,44000,A,,,,
104,372,Ireland,1016,Goats,1992,17800,A,,,,
154,807,North Macedonia,1016,Goats,1992,,M,,,,
15,58,Belgium-Luxembourg,1016,Goats,1992,10000,A,,,,
62,230,Ethiopia PDR,1016,Goats,1992,18100000,E,,,,
208,762,Tajikistan,1016,Goats,1992,870800,A,,,,
52,31,Azerbaijan,1016,Goats,1992,193800,A,,,,
213,795,Turkmenistan,1016,Goats,1992,220000,A,,,,
2,4,Afghanistan,1016,Goats,1992,4050000,E,,,,
3,8,Albania,1016,Goats,1992,1234200,A,,,,
4,12,Algeria,1016,Goats,1992,2775130,A,,,,
7,24,Angola,1016,Goats,1992,1550000,A,,,,
8,28,Antigua and Barbuda,1016,Goats,1992,20688,I,,,,
9,32,Argentina,1016,Goats,1992,3500000,E,,,,
10,36,Australia,1016,Goats,1992,2150000,E,,,,
11,40,Austria,1016,Goats,1992,40923,A,,,,
12,44,Bahamas,1016,Goats,1992,13560,E,,,,
13,48,Bahrain,1016,Goats,1992,16500,E,,,,
16,50,Bangladesh,1016,Goats,1992,23979008,A,,,,
14,52,Barbados,1016,Goats,1992,4500,E,,,,
23,84,Belize,1016,Goats,1992,130,E,,,,
53,204,Benin,1016,Goats,1992,876293,A,,,,
18,64,Bhutan,1016,Goats,1992,14500,A,,,,
19,68,Bolivia (Plurinational State of),1016,Goats,1992,1485946,A,,,,
20,72,Botswana,1016,Goats,1992,2100000,E,,,,
21,76,Brazil,1016,Goats,1992,12159564,A,,,,
26,96,Brunei Darussalam,1016,Goats,1992,3916,A,,,,
27,100,Bulgaria,1016,Goats,1992,552736,A,,,,
233,854,Burkina Faso,1016,Goats,1992,6861900,A,,,,
29,108,Burundi,1016,Goats,1992,931896,A,,,,
35,132,Cabo Verde,1016,Goats,1992,133771,A,,,,
32,120,Cameroon,1016,Goats,1992,3560000,E,,,,
33,124,Canada,1016,Goats,1992,27500,E,,,,
37,140,Central African Republic,1016,Goats,1992,1676000,A,,,,
39,148,Chad,1016,Goats,1992,7684000,E,,,,
40,152,Chile,1016,Goats,1992,600000,E,,,,
96,344,"China, Hong Kong SAR",1016,Goats,1992,370,A,,,,
214,158,"China, Taiwan Province of",1016,Goats,1992,175346,A,,,,
41,156,"China, mainland",1016,Goats,1992,95355000,A,,,,
44,170,Colombia,1016,Goats,1992,968000,A,,,,
45,174,Comoros,1016,Goats,1992,113200,A,,,,
46,178,Congo,1016,Goats,1992,295000,E,,,,
47,184,Cook Islands,1016,Goats,1992,6500,A,,,,
48,188,Costa Rica,1016,Goats,1992,44596,I,,,,
49,192,Cuba,1016,Goats,1992,100000,E,,,,
50,196,Cyprus,1016,Goats,1992,200000,A,,,,
107,384,Côte d'Ivoire,1016,Goats,1992,931000,A,,,,
116,408,Democratic People's Republic of Korea,1016,Goats,1992,750000,E,,,,
250,180,Democratic Republic of the Congo,1016,Goats,1992,4029100,A,,,,
72,262,Djibouti,1016,Goats,1992,506000,E,,,,
55,212,Dominica,1016,Goats,1992,9700,E,,,,
56,214,Dominican Republic,1016,Goats,1992,320000,E,,,,
58,218,Ecuador,1016,Goats,1992,330000,A,,,,
59,818,Egypt,1016,Goats,1992,2754825,A,,,,
60,222,El Salvador,1016,Goats,1992,15000,E,,,,
61,226,Equatorial Guinea,1016,Goats,1992,8000,E,,,,
209,748,Eswatini,1016,Goats,1992,409819,A,,,,
66,242,Fiji,1016,Goats,1992,187235,A,,,,
67,246,Finland,1016,Goats,1992,5200,A,,,,
68,250,France,1016,Goats,1992,1190270,A,,,,
70,258,French Polynesia,1016,Goats,1992,14800,E,,,,
74,266,Gabon,1016,Goats,1992,82727,A,,,,
75,270,Gambia,1016,Goats,1992,185153,A,,,,
79,276,Germany,1016,Goats,1992,86000,A,,,,
81,288,Ghana,1016,Goats,1992,2157278,A,,,,
84,300,Greece,1016,Goats,1992,5336400,A,,,,
86,308,Grenada,1016,Goats,1992,8500,E,,,,
89,320,Guatemala,1016,Goats,1992,104400,A,,,,
90,324,Guinea,1016,Goats,1992,554349,A,,,,
175,624,Guinea-Bissau,1016,Goats,1992,250000,A,,,,
91,328,Guyana,1016,Goats,1992,79000,E,,,,
93,332,Haiti,1016,Goats,1992,1112000,E,,,,
95,340,Honduras,1016,Goats,1992,27500,E,,,,
97,348,Hungary,1016,Goats,1992,24215,A,,,,
99,352,Iceland,1016,Goats,1992,318,A,,,,
100,356,India,1016,Goats,1992,115279000,A,,,,
101,360,Indonesia,1016,Goats,1992,12062000,A,,,,
102,364,Iran (Islamic Republic of),1016,Goats,1992,25630000,A,,,,
103,368,Iraq,1016,Goats,1992,1250000,E,,,,
105,376,Israel,1016,Goats,1992,111000,A,,,,
106,380,Italy,1016,Goats,1992,1314200,A,,,,
109,388,Jamaica,1016,Goats,1992,440000,E,,,,
110,392,Japan,1016,Goats,1992,35100,A,,,,
112,400,Jordan,1016,Goats,1992,750000,E,,,,
114,404,Kenya,1016,Goats,1992,10300000,E,,,,
118,414,Kuwait,1016,Goats,1992,13992,A,,,,
120,418,Lao People's Democratic Republic,1016,Goats,1992,104100,A,,,,
121,422,Lebanon,1016,Goats,1992,465000,E,,,,
122,426,Lesotho,1016,Goats,1992,649065,A,,,,
123,430,Liberia,1016,Goats,1992,225000,E,,,,
124,434,Libya,1016,Goats,1992,1300000,E,,,,
129,450,Madagascar,1016,Goats,1992,1311000,X,,,,
130,454,Malawi,1016,Goats,1992,942296,A,,,,
131,458,Malaysia,1016,Goats,1992,293059,A,,,,
133,466,Mali,1016,Goats,1992,6400703,A,,,,
134,470,Malta,1016,Goats,1992,7200,E,,,,
136,478,Mauritania,1016,Goats,1992,3400000,X,,,,
137,480,Mauritius,1016,Goats,1992,95000,E,,,,
138,484,Mexico,1016,Goats,1992,9736191,A,,,,
141,496,Mongolia,1016,Goats,1992,5249600,A,,,,
143,504,Morocco,1016,Goats,1992,4673676,A,,,,
144,508,Mozambique,1016,Goats,1992,2800000,E,,,,
28,104,Myanmar,1016,Goats,1992,1075806,A,,,,
147,516,Namibia,1016,Goats,1992,1750238,A,,,,
149,524,Nepal,1016,Goats,1992,5405793,A,,,,
150,528,Netherlands (Kingdom of the),1016,Goats,1992,77000,A,,,,
153,540,New Caledonia,1016,Goats,1992,16500,E,,,,
156,554,New Zealand,1016,Goats,1992,532767,A,,,,
157,558,Nicaragua,1016,Goats,1992,6100,E,,,,
158,562,Niger,1016,Goats,1992,6749413,A,,,,
159,566,Nigeria,1016,Goats,1992,24000000,A,,,,
162,578,Norway,1016,Goats,1992,89422,A,,,,
221,512,Oman,1016,Goats,1992,800000,E,,,,
165,586,Pakistan,1016,Goats,1992,38564000,A,,,,
166,591,Panama,1016,Goats,1992,5200,E,,,,
168,598,Papua New Guinea,1016,Goats,1992,2250,E,,,,
169,600,Paraguay,1016,Goats,1992,120000,E,,,,
170,604,Peru,1016,Goats,1992,1776300,A,,,,
171,608,Philippines,1016,Goats,1992,5215000,E,,,,
174,620,Portugal,1016,Goats,1992,772000,A,,,,
177,630,Puerto Rico,1016,Goats,1992,23000,E,,,,
179,634,Qatar,1016,Goats,1992,122608,A,,,,
117,410,Republic of Korea,1016,Goats,1992,501200,A,,,,
183,642,Romania,1016,Goats,1992,954000,A,,,,
184,646,Rwanda,1016,Goats,1992,1171000,X,,,,
188,659,Saint Kitts and Nevis,1016,Goats,1992,10500,E,,,,
189,662,Saint Lucia,1016,Goats,1992,11300,E,,,,
191,670,Saint Vincent and the Grenadines,1016,Goats,1992,5600,E,,,,
193,678,Sao Tome and Principe,1016,Goats,1992,4400,E,,,,
194,682,Saudi Arabia,1016,Goats,1992,3898556,A,,,,
195,686,Senegal,1016,Goats,1992,2944000,A,,,,
196,690,Seychelles,1016,Goats,1992,4700,E,,,,
197,694,Sierra Leone,1016,Goats,1992,158200,A,,,,
200,702,Singapore,1016,Goats,1992,400,E,,,,
201,706,Somalia,1016,Goats,1992,10000000,E,,,,
202,710,South Africa,1016,Goats,1992,6418230,A,,,,
203,724,Spain,1016,Goats,1992,2972000,A,,,,
38,144,Sri Lanka,1016,Goats,1992,502455,A,,,,
207,740,Suriname,1016,Goats,1992,7485,A,,,,
211,756,Switzerland,1016,Goats,1992,62700,A,,,,
212,760,Syrian Arab Republic,1016,Goats,1992,951200,A,,,,
216,764,Thailand,1016,Goats,1992,159642,A,,,,
176,626,Timor-Leste,1016,Goats,1992,116507,A,,,,
217,768,Togo,1016,Goats,1992,1192500,A,,,,
219,776,Tonga,1016,Goats,1992,15600,E,,,,
220,780,Trinidad and Tobago,1016,Goats,1992,58100,E,,,,
222,788,Tunisia,1016,Goats,1992,1350000,E,,,,
227,798,Tuvalu,1016,Goats,1992,,A,,,,
223,792,Türkiye,1016,Goats,1992,10453940,A,,,,
226,800,Uganda,1016,Goats,1992,5070000,A,,,,
225,784,United Arab Emirates,1016,Goats,1992,751753,A,,,,
229,826,United Kingdom of Great Britain and Northern Ireland,1016,Goats,1992,105000,A,,,,
215,834,United Republic of Tanzania,1016,Goats,1992,9109000,A,,,,
231,840,United States of America,1016,Goats,1992,2000000,A,,,,
234,858,Uruguay,1016,Goats,1992,14500,E,,,,
155,548,Vanuatu,1016,Goats,1992,12000,A,,,,
236,862,Venezuela (Bolivarian Republic of),1016,Goats,1992,1850000,E,,,,
237,704,Viet Nam,1016,Goats,1992,312300,A,,,,
249,887,Yemen,1016,Goats,1992,5170000,E,,,,
251,894,Zambia,1016,Goats,1992,560000,X,,,,
181,716,Zimbabwe,1016,Goats,1992,2540000,A,,,,
113,417,Kyrgyzstan,1016,Goats,1993,262000,X,,,,
185,643,Russian Federation,1016,Goats,1993,3185900,A,,,,
198,705,Slovenia,1016,Goats,1993,9941,A,,,,
1,51,Armenia,1016,Goats,1993,18629,A,,,,
80,70,Bosnia and Herzegovina,1016,Goats,1993,92300,E,,,,
135,474,Martinique,1016,Goats,1993,25000,E,,,,
299,275,Palestine,1016,Goats,1993,,M,,,,
146,498,Republic of Moldova,1016,Goats,1993,62914,A,,,,
15,58,Belgium-Luxembourg,1016,Goats,1993,10000,A,,,,
145,583,Micronesia (Federated States of),1016,Goats,1993,4000,E,,,,
57,112,Belarus,1016,Goats,1993,45000,A,,,,
119,428,Latvia,1016,Goats,1993,6400,A,,,,
238,231,Ethiopia,1016,Goats,1993,8350000,E,,,,
52,31,Azerbaijan,1016,Goats,1993,189800,A,,,,
98,191,Croatia,1016,Goats,1993,105000,A,,,,
167,203,Czechia,1016,Goats,1993,44544,A,,,,
213,795,Turkmenistan,1016,Goats,1993,265000,X,,,,
104,372,Ireland,1016,Goats,1993,17600,A,,,,
154,807,North Macedonia,1016,Goats,1993,,M,,,,
230,804,Ukraine,1016,Goats,1993,640100,A,,,,
235,860,Uzbekistan,1016,Goats,1993,960700,A,,,,
182,638,Réunion,1016,Goats,1993,31520,A,,,,
69,254,French Guiana,1016,Goats,1993,1125,A,,,,
206,736,Sudan (former),1016,Goats,1993,27567700,X,,,,
108,398,Kazakhstan,1016,Goats,1993,688000,A,,,,
63,233,Estonia,1016,Goats,1993,,M,,,,
87,312,Guadeloupe,1016,Goats,1993,63000,E,,,,
173,616,Poland,1016,Goats,1993,190000,E,,,,
186,891,Serbia and Montenegro,1016,Goats,1993,262000,A,,,,
199,703,Slovakia,1016,Goats,1993,20278,A,,,,
73,268,Georgia,1016,Goats,1993,65000,A,,,,
126,440,Lithuania,1016,Goats,1993,8346,I,,,,
178,232,Eritrea,1016,Goats,1993,1400000,E,,,,
208,762,Tajikistan,1016,Goats,1993,845700,A,,,,
2,4,Afghanistan,1016,Goats,1993,4400000,E,,,,
3,8,Albania,1016,Goats,1993,1293600,A,,,,
4,12,Algeria,1016,Goats,1993,2683310,A,,,,
7,24,Angola,1016,Goats,1993,1500000,E,,,,
8,28,Antigua and Barbuda,1016,Goats,1993,21578,I,,,,
9,32,Argentina,1016,Goats,1993,3710060,A,,,,
10,36,Australia,1016,Goats,1993,1930000,E,,,,
11,40,Austria,1016,Goats,1993,39354,A,,,,
12,44,Bahamas,1016,Goats,1993,13570,E,,,,
13,48,Bahrain,1016,Goats,1993,16300,E,,,,
16,50,Bangladesh,1016,Goats,1993,25967008,A,,,,
14,52,Barbados,1016,Goats,1993,4500,E,,,,
23,84,Belize,1016,Goats,1993,130,E,,,,
53,204,Benin,1016,Goats,1993,935500,A,,,,
18,64,Bhutan,1016,Goats,1993,20000,A,,,,
19,68,Bolivia (Plurinational State of),1016,Goats,1993,1511243,A,,,,
20,72,Botswana,1016,Goats,1993,1837700,A,,,,
21,76,Brazil,1016,Goats,1993,10618531,A,,,,
26,96,Brunei Darussalam,1016,Goats,1993,4749,A,,,,
27,100,Bulgaria,1016,Goats,1993,611225,A,,,,
233,854,Burkina Faso,1016,Goats,1993,7031300,A,,,,
29,108,Burundi,1016,Goats,1993,898849,A,,,,
35,132,Cabo Verde,1016,Goats,1993,144610,A,,,,
32,120,Cameroon,1016,Goats,1993,3580000,E,,,,
33,124,Canada,1016,Goats,1993,27650,E,,,,
37,140,Central African Republic,1016,Goats,1993,1771000,A,,,,
39,148,Chad,1016,Goats,1993,8159000,E,,,,
40,152,Chile,1016,Goats,1993,600000,E,,,,
96,344,"China, Hong Kong SAR",1016,Goats,1993,260,A,,,,
214,158,"China, Taiwan Province of",1016,Goats,1993,201833,A,,,,
41,156,"China, mainland",1016,Goats,1993,97610000,A,,,,
44,170,Colombia,1016,Goats,1993,960000,A,,,,
45,174,Comoros,1016,Goats,1993,114400,A,,,,
46,178,Congo,1016,Goats,1993,296000,E,,,,
47,184,Cook Islands,1016,Goats,1993,7000,A,,,,
48,188,Costa Rica,1016,Goats,1993,48433,I,,,,
49,192,Cuba,1016,Goats,1993,100218,A,,,,
50,196,Cyprus,1016,Goats,1993,198000,A,,,,
107,384,Côte d'Ivoire,1016,Goats,1993,954000,A,,,,
116,408,Democratic People's Republic of Korea,1016,Goats,1993,900000,E,,,,
250,180,Democratic Republic of the Congo,1016,Goats,1993,4120270,A,,,,
72,262,Djibouti,1016,Goats,1993,507000,E,,,,
55,212,Dominica,1016,Goats,1993,9700,E,,,,
56,214,Dominican Republic,1016,Goats,1993,300000,E,,,,
58,218,Ecuador,1016,Goats,1993,348000,A,,,,
59,818,Egypt,1016,Goats,1993,3027000,A,,,,
60,222,El Salvador,1016,Goats,1993,15100,E,,,,
61,226,Equatorial Guinea,1016,Goats,1993,8100,E,,,,
209,748,Eswatini,1016,Goats,1993,421782,A,,,,
66,242,Fiji,1016,Goats,1993,199000,A,,,,
67,246,Finland,1016,Goats,1993,5000,A,,,,
68,250,France,1016,Goats,1993,1167193,A,,,,
70,258,French Polynesia,1016,Goats,1993,15000,E,,,,
74,266,Gabon,1016,Goats,1993,84300,A,,,,
75,270,Gambia,1016,Goats,1993,179598,A,,,,
79,276,Germany,1016,Goats,1993,90000,A,,,,
81,288,Ghana,1016,Goats,1993,2124529,A,,,,
84,300,Greece,1016,Goats,1993,5364900,A,,,,
86,308,Grenada,1016,Goats,1993,8000,E,,,,
89,320,Guatemala,1016,Goats,1993,104600,A,,,,
90,324,Guinea,1016,Goats,1993,569871,A,,,,
175,624,Guinea-Bissau,1016,Goats,1993,270000,E,,,,
91,328,Guyana,1016,Goats,1993,79000,E,,,,
93,332,Haiti,1016,Goats,1993,1115000,E,,,,
95,340,Honduras,1016,Goats,1993,27077,A,,,,
97,348,Hungary,1016,Goats,1993,28500,X,,,,
99,352,Iceland,1016,Goats,1993,330,A,,,,
100,356,India,1016,Goats,1993,116700000,X,,,,
101,360,Indonesia,1016,Goats,1993,11501800,A,,,,
102,364,Iran (Islamic Republic of),1016,Goats,1993,25757000,A,,,,
103,368,Iraq,1016,Goats,1993,1550000,E,,,,
105,376,Israel,1016,Goats,1993,100000,A,,,,
106,380,Italy,1016,Goats,1993,1344000,A,,,,
109,388,Jamaica,1016,Goats,1993,440000,E,,,,
110,392,Japan,1016,Goats,1993,33800,A,,,,
112,400,Jordan,1016,Goats,1993,750000,E,,,,
114,404,Kenya,1016,Goats,1993,10500000,E,,,,
118,414,Kuwait,1016,Goats,1993,34072,A,,,,
120,418,Lao People's Democratic Republic,1016,Goats,1993,125700,A,,,,
121,422,Lebanon,1016,Goats,1993,445000,E,,,,
122,426,Lesotho,1016,Goats,1993,811325,A,,,,
123,430,Liberia,1016,Goats,1993,220000,E,,,,
124,434,Libya,1016,Goats,1993,1270000,E,,,,
129,450,Madagascar,1016,Goats,1993,1339800,X,,,,
130,454,Malawi,1016,Goats,1993,977126,A,,,,
131,458,Malaysia,1016,Goats,1993,291203,A,,,,
133,466,Mali,1016,Goats,1993,6394881,A,,,,
134,470,Malta,1016,Goats,1993,7700,E,,,,
136,478,Mauritania,1016,Goats,1993,3520000,X,,,,
137,480,Mauritius,1016,Goats,1993,95000,E,,,,
138,484,Mexico,1016,Goats,1993,10377844,A,,,,
141,496,Mongolia,1016,Goats,1993,5602500,A,,,,
143,504,Morocco,1016,Goats,1993,3867420,A,,,,
144,508,Mozambique,1016,Goats,1993,3000000,E,,,,
28,104,Myanmar,1016,Goats,1993,1091868,A,,,,
147,516,Namibia,1016,Goats,1993,1579856,A,,,,
149,524,Nepal,1016,Goats,1993,5451710,A,,,,
150,528,Netherlands (Kingdom of the),1016,Goats,1993,73000,A,,,,
153,540,New Caledonia,1016,Goats,1993,14500,E,,,,
156,554,New Zealand,1016,Goats,1993,353000,A,,,,
157,558,Nicaragua,1016,Goats,1993,5500,E,,,,
158,562,Niger,1016,Goats,1993,7019390,A,,,,
159,566,Nigeria,1016,Goats,1993,25000000,E,,,,
162,578,Norway,1016,Goats,1993,88239,A,,,,
221,512,Oman,1016,Goats,1993,835000,E,,,,
165,586,Pakistan,1016,Goats,1993,40225008,A,,,,
166,591,Panama,1016,Goats,1993,5200,E,,,,
168,598,Papua New Guinea,1016,Goats,1993,2300,E,,,,
169,600,Paraguay,1016,Goats,1993,122000,E,,,,
170,604,Peru,1016,Goats,1993,1783100,A,,,,
171,608,Philippines,1016,Goats,1993,5730000,E,,,,
174,620,Portugal,1016,Goats,1993,762000,A,,,,
177,630,Puerto Rico,1016,Goats,1993,21100,E,,,,
179,634,Qatar,1016,Goats,1993,142270,A,,,,
117,410,Republic of Korea,1016,Goats,1993,557617,A,,,,
183,642,Romania,1016,Goats,1993,805000,A,,,,
184,646,Rwanda,1016,Goats,1993,1201000,X,,,,
188,659,Saint Kitts and Nevis,1016,Goats,1993,11000,A,,,,
189,662,Saint Lucia,1016,Goats,1993,10900,E,,,,
191,670,Saint Vincent and the Grenadines,1016,Goats,1993,5800,E,,,,
193,678,Sao Tome and Principe,1016,Goats,1993,4450,E,,,,
194,682,Saudi Arabia,1016,Goats,1993,4103531,A,,,,
195,686,Senegal,1016,Goats,1993,3076000,A,,,,
196,690,Seychelles,1016,Goats,1993,4800,E,,,,
197,694,Sierra Leone,1016,Goats,1993,165800,A,,,,
200,702,Singapore,1016,Goats,1993,350,E,,,,
201,706,Somalia,1016,Goats,1993,11000000,E,,,,
202,710,South Africa,1016,Goats,1993,6086850,A,,,,
203,724,Spain,1016,Goats,1993,2837000,A,,,,
38,144,Sri Lanka,1016,Goats,1993,582600,A,,,,
207,740,Suriname,1016,Goats,1993,7995,A,,,,
211,756,Switzerland,1016,Goats,1993,61187,A,,,,
212,760,Syrian Arab Republic,1016,Goats,1993,986000,A,,,,
216,764,Thailand,1016,Goats,1993,151860,A,,,,
176,626,Timor-Leste,1016,Goats,1993,126410,A,,,,
217,768,Togo,1016,Goats,1993,1080000,A,,,,
219,776,Tonga,1016,Goats,1993,15500,E,,,,
220,780,Trinidad and Tobago,1016,Goats,1993,58100,E,,,,
222,788,Tunisia,1016,Goats,1993,1416780,A,,,,
227,798,Tuvalu,1016,Goats,1993,,M,,,,
223,792,Türkiye,1016,Goats,1993,10133000,A,,,,
226,800,Uganda,1016,Goats,1993,5227000,A,,,,
225,784,United Arab Emirates,1016,Goats,1993,804376,A,,,,
229,826,United Kingdom of Great Britain and Northern Ireland,1016,Goats,1993,104000,A,,,,
215,834,United Republic of Tanzania,1016,Goats,1993,9411180,A,,,,
231,840,United States of America,1016,Goats,1993,1960000,A,,,,
234,858,Uruguay,1016,Goats,1993,14800,E,,,,
155,548,Vanuatu,1016,Goats,1993,12000,A,,,,
236,862,Venezuela (Bolivarian Republic of),1016,Goats,1993,1987000,A,,,,
237,704,Viet Nam,1016,Goats,1993,353000,A,,,,
249,887,Yemen,1016,Goats,1993,5280000,E,,,,
251,894,Zambia,1016,Goats,1993,600000,X,,,,
181,716,Zimbabwe,1016,Goats,1993,2500000,E,,,,
52,31,Azerbaijan,1016,Goats,1994,168100,A,,,,
57,112,Belarus,1016,Goats,1994,52000,A,,,,
119,428,Latvia,1016,Goats,1994,6300,A,,,,
145,583,Micronesia (Federated States of),1016,Goats,1994,4000,E,,,,
1,51,Armenia,1016,Goats,1994,15957,X,,,,
186,891,Serbia and Montenegro,1016,Goats,1994,279000,A,,,,
206,736,Sudan (former),1016,Goats,1994,33319000,A,,,,
80,70,Bosnia and Herzegovina,1016,Goats,1994,107800,E,,,,
182,638,Réunion,1016,Goats,1994,31520,A,,,,
230,804,Ukraine,1016,Goats,1994,744700,A,,,,
15,58,Belgium-Luxembourg,1016,Goats,1994,9000,A,,,,
73,268,Georgia,1016,Goats,1994,38000,A,,,,
198,705,Slovenia,1016,Goats,1994,10599,A,,,,
69,254,French Guiana,1016,Goats,1994,936,A,,,,
98,191,Croatia,1016,Goats,1994,107685,A,,,,
238,231,Ethiopia,1016,Goats,1994,8350000,E,,,,
199,703,Slovakia,1016,Goats,1994,24974,A,,,,
235,860,Uzbekistan,1016,Goats,1994,967400,A,,,,
167,203,Czechia,1016,Goats,1994,44954,A,,,,
173,616,Poland,1016,Goats,1994,190000,E,,,,
146,498,Republic of Moldova,1016,Goats,1994,73891,A,,,,
208,762,Tajikistan,1016,Goats,1994,825200,A,,,,
135,474,Martinique,1016,Goats,1994,23000,E,,,,
178,232,Eritrea,1016,Goats,1994,1450000,E,,,,
213,795,Turkmenistan,1016,Goats,1994,314000,X,,,,
87,312,Guadeloupe,1016,Goats,1994,40000,A,,,,
299,275,Palestine,1016,Goats,1994,259202,A,,,,
154,807,North Macedonia,1016,Goats,1994,,M,,,,
185,643,Russian Federation,1016,Goats,1994,3096500,A,,,,
108,398,Kazakhstan,1016,Goats,1994,896800,A,,,,
113,417,Kyrgyzstan,1016,Goats,1994,219000,A,,,,
63,233,Estonia,1016,Goats,1994,,M,,,,
104,372,Ireland,1016,Goats,1994,16100,A,,,,
126,440,Lithuania,1016,Goats,1994,10400,A,,,,
2,4,Afghanistan,1016,Goats,1994,4750000,E,,,,
3,8,Albania,1016,Goats,1994,1717000,A,,,,
4,12,Algeria,1016,Goats,1994,2543790,A,,,,
7,24,Angola,1016,Goats,1994,1450000,E,,,,
8,28,Antigua and Barbuda,1016,Goats,1994,22454,I,,,,
9,32,Argentina,1016,Goats,1994,3977950,A,,,,
10,36,Australia,1016,Goats,1994,1900000,E,,,,
11,40,Austria,1016,Goats,1994,47276,A,,,,
12,44,Bahamas,1016,Goats,1994,13580,A,,,,
13,48,Bahrain,1016,Goats,1994,16000,E,,,,
16,50,Bangladesh,1016,Goats,1994,28050000,X,,,,
14,52,Barbados,1016,Goats,1994,4500,E,,,,
23,84,Belize,1016,Goats,1994,130,E,,,,
53,204,Benin,1016,Goats,1994,1033337,A,,,,
18,64,Bhutan,1016,Goats,1994,26731,A,,,,
19,68,Bolivia (Plurinational State of),1016,Goats,1994,1532984,A,,,,
20,72,Botswana,1016,Goats,1994,1850000,A,,,,
21,76,Brazil,1016,Goats,1994,10879286,A,,,,
26,96,Brunei Darussalam,1016,Goats,1994,4110,A,,,,
27,100,Bulgaria,1016,Goats,1994,676432,A,,,,
233,854,Burkina Faso,1016,Goats,1994,7215100,A,,,,
29,108,Burundi,1016,Goats,1994,845975,A,,,,
35,132,Cabo Verde,1016,Goats,1994,135000,E,,,,
32,120,Cameroon,1016,Goats,1994,3600000,E,,,,
33,124,Canada,1016,Goats,1994,27800,E,,,,
37,140,Central African Republic,1016,Goats,1994,1873000,A,,,,
39,148,Chad,1016,Goats,1994,8663000,E,,,,
40,152,Chile,1016,Goats,1994,600000,E,,,,
96,344,"China, Hong Kong SAR",1016,Goats,1994,460,A,,,,
214,158,"China, Taiwan Province of",1016,Goats,1994,293629,A,,,,
41,156,"China, mainland",1016,Goats,1994,105696000,A,,,,
44,170,Colombia,1016,Goats,1994,960000,E,,,,
45,174,Comoros,1016,Goats,1994,115600,A,,,,
46,178,Congo,1016,Goats,1994,297000,E,,,,
47,184,Cook Islands,1016,Goats,1994,8000,A,,,,
48,188,Costa Rica,1016,Goats,1994,50067,I,,,,
49,192,Cuba,1016,Goats,1994,100211,A,,,,
50,196,Cyprus,1016,Goats,1994,210000,A,,,,
107,384,Côte d'Ivoire,1016,Goats,1994,978000,A,,,,
116,408,Democratic People's Republic of Korea,1016,Goats,1994,1112000,A,,,,
250,180,Democratic Republic of the Congo,1016,Goats,1994,4340542,A,,,,
72,262,Djibouti,1016,Goats,1994,508000,X,,,,
55,212,Dominica,1016,Goats,1994,9700,E,,,,
56,214,Dominican Republic,1016,Goats,1994,280000,E,,,,
58,218,Ecuador,1016,Goats,1994,369000,A,,,,
59,818,Egypt,1016,Goats,1994,3198000,A,,,,
60,222,El Salvador,1016,Goats,1994,15200,E,,,,
61,226,Equatorial Guinea,1016,Goats,1994,8200,E,,,,
209,748,Eswatini,1016,Goats,1994,428000,E,,,,
66,242,Fiji,1016,Goats,1994,205000,A,,,,
67,246,Finland,1016,Goats,1994,5700,A,,,,
68,250,France,1016,Goats,1994,1155203,A,,,,
70,258,French Polynesia,1016,Goats,1994,15700,A,,,,
74,266,Gabon,1016,Goats,1994,85000,E,,,,
75,270,Gambia,1016,Goats,1994,174210,A,,,,
79,276,Germany,1016,Goats,1994,92000,A,,,,
81,288,Ghana,1016,Goats,1994,2194000,A,,,,
84,300,Greece,1016,Goats,1994,5377814,A,,,,
86,308,Grenada,1016,Goats,1994,7500,E,,,,
89,320,Guatemala,1016,Goats,1994,103900,A,,,,
90,324,Guinea,1016,Goats,1994,682322,A,,,,
175,624,Guinea-Bissau,1016,Goats,1994,280000,E,,,,
91,328,Guyana,1016,Goats,1994,79000,E,,,,
93,332,Haiti,1016,Goats,1994,1115000,E,,,,
95,340,Honduras,1016,Goats,1994,28000,E,,,,
97,348,Hungary,1016,Goats,1994,35716,A,,,,
99,352,Iceland,1016,Goats,1994,337,A,,,,
100,356,India,1016,Goats,1994,118200000,X,,,,
101,360,Indonesia,1016,Goats,1994,12769600,A,,,,
102,364,Iran (Islamic Republic of),1016,Goats,1994,25757000,A,,,,
103,368,Iraq,1016,Goats,1994,1425000,E,,,,
105,376,Israel,1016,Goats,1994,96000,A,,,,
106,380,Italy,1016,Goats,1994,1378000,A,,,,
109,388,Jamaica,1016,Goats,1994,440000,E,,,,
110,392,Japan,1016,Goats,1994,31000,A,,,,
112,400,Jordan,1016,Goats,1994,767824,A,,,,
114,404,Kenya,1016,Goats,1994,10534530,A,,,,
118,414,Kuwait,1016,Goats,1994,41911,A,,,,
120,418,Lao People's Democratic Republic,1016,Goats,1994,141800,A,,,,
121,422,Lebanon,1016,Goats,1994,418979,A,,,,
122,426,Lesotho,1016,Goats,1994,875695,A,,,,
123,430,Liberia,1016,Goats,1994,220000,E,,,,
124,434,Libya,1016,Goats,1994,1260000,X,,,,
129,450,Madagascar,1016,Goats,1994,1369000,X,,,,
130,454,Malawi,1016,Goats,1994,856314,A,,,,
131,458,Malaysia,1016,Goats,1994,304492,A,,,,
133,466,Mali,1016,Goats,1994,6412702,A,,,,
134,470,Malta,1016,Goats,1994,8700,E,,,,
136,478,Mauritania,1016,Goats,1994,3520000,X,,,,
137,480,Mauritius,1016,Goats,1994,90000,E,,,,
138,484,Mexico,1016,Goats,1994,10259292,A,,,,
141,496,Mongolia,1016,Goats,1994,6107000,A,,,,
143,504,Morocco,1016,Goats,1994,3973000,A,,,,
144,508,Mozambique,1016,Goats,1994,3300000,E,,,,
28,104,Myanmar,1016,Goats,1994,1113024,A,,,,
147,516,Namibia,1016,Goats,1994,1639210,A,,,,
149,524,Nepal,1016,Goats,1994,5524657,A,,,,
150,528,Netherlands (Kingdom of the),1016,Goats,1994,66000,A,,,,
153,540,New Caledonia,1016,Goats,1994,13800,E,,,,
156,554,New Zealand,1016,Goats,1994,284000,A,,,,
157,558,Nicaragua,1016,Goats,1994,6300,E,,,,
158,562,Niger,1016,Goats,1994,7300165,A,,,,
159,566,Nigeria,1016,Goats,1994,27500000,E,,,,
162,578,Norway,1016,Goats,1994,87602,A,,,,
221,512,Oman,1016,Goats,1994,870000,X,,,,
165,586,Pakistan,1016,Goats,1994,41957000,A,,,,
166,591,Panama,1016,Goats,1994,5200,X,,,,
168,598,Papua New Guinea,1016,Goats,1994,2350,E,,,,
169,600,Paraguay,1016,Goats,1994,122180,A,,,,
170,604,Peru,1016,Goats,1994,1789670,A,,,,
171,608,Philippines,1016,Goats,1994,5995000,E,,,,
174,620,Portugal,1016,Goats,1994,725000,A,,,,
177,630,Puerto Rico,1016,Goats,1994,20600,E,,,,
179,634,Qatar,1016,Goats,1994,157575,A,,,,
117,410,Republic of Korea,1016,Goats,1994,603201,A,,,,
183,642,Romania,1016,Goats,1994,776000,A,,,,
184,646,Rwanda,1016,Goats,1994,1231000,X,,,,
188,659,Saint Kitts and Nevis,1016,Goats,1994,12500,E,,,,
189,662,Saint Lucia,1016,Goats,1994,10500,E,,,,
191,670,Saint Vincent and the Grenadines,1016,Goats,1994,5900,E,,,,
193,678,Sao Tome and Principe,1016,Goats,1994,4500,E,,,,
194,682,Saudi Arabia,1016,Goats,1994,4308509,A,,,,
195,686,Senegal,1016,Goats,1994,3213000,A,,,,
196,690,Seychelles,1016,Goats,1994,4900,E,,,,
197,694,Sierra Leone,1016,Goats,1994,173000,E,,,,
200,702,Singapore,1016,Goats,1994,550,E,,,,
201,706,Somalia,1016,Goats,1994,12000000,A,,,,
202,710,South Africa,1016,Goats,1994,6402100,A,,,,
203,724,Spain,1016,Goats,1994,2947000,A,,,,
38,144,Sri Lanka,1016,Goats,1994,587800,A,,,,
207,740,Suriname,1016,Goats,1994,5985,A,,,,
211,756,Switzerland,1016,Goats,1994,61187,A,,,,
212,760,Syrian Arab Republic,1016,Goats,1994,1034946,A,,,,
216,764,Thailand,1016,Goats,1994,141076,A,,,,
176,626,Timor-Leste,1016,Goats,1994,158660,A,,,,
217,768,Togo,1016,Goats,1994,993600,A,,,,
219,776,Tonga,1016,Goats,1994,14000,E,,,,
220,780,Trinidad and Tobago,1016,Goats,1994,58200,E,,,,
222,788,Tunisia,1016,Goats,1994,1351300,A,,,,
227,798,Tuvalu,1016,Goats,1994,,M,,,,
223,792,Türkiye,1016,Goats,1994,9564000,A,,,,
226,800,Uganda,1016,Goats,1994,5383000,A,,,,
225,784,United Arab Emirates,1016,Goats,1994,860683,A,,,,
229,826,United Kingdom of Great Britain and Northern Ireland,1016,Goats,1994,96990,A,,,,
215,834,United Republic of Tanzania,1016,Goats,1994,9720590,A,,,,
231,840,United States of America,1016,Goats,1994,1960000,A,,,,
234,858,Uruguay,1016,Goats,1994,14800,E,,,,
155,548,Vanuatu,1016,Goats,1994,12000,A,,,,
236,862,Venezuela (Bolivarian Republic of),1016,Goats,1994,1990000,E,,,,
237,704,Viet Nam,1016,Goats,1994,427900,A,,,,
249,887,Yemen,1016,Goats,1994,5220000,E,,,,
251,894,Zambia,1016,Goats,1994,630000,E,,,,
181,716,Zimbabwe,1016,Goats,1994,2580000,E,,,,
178,232,Eritrea,1016,Goats,1995,1500000,E,,,,
126,440,Lithuania,1016,Goats,1995,12400,A,,,,
173,616,Poland,1016,Goats,1995,190000,E,,,,
146,498,Republic of Moldova,1016,Goats,1995,90415,A,,,,
199,703,Slovakia,1016,Goats,1995,27747,A,,,,
52,31,Azerbaijan,1016,Goats,1995,184500,A,,,,
57,112,Belarus,1016,Goats,1995,54000,A,,,,
69,254,French Guiana,1016,Goats,1995,984,A,,,,
213,795,Turkmenistan,1016,Goats,1995,403000,X,,,,
15,58,Belgium-Luxembourg,1016,Goats,1995,9000,A,,,,
238,231,Ethiopia,1016,Goats,1995,8300000,E,,,,
135,474,Martinique,1016,Goats,1995,21800,E,,,,
185,643,Russian Federation,1016,Goats,1995,2773100,A,,,,
206,736,Sudan (former),1016,Goats,1995,35215000,A,,,,
208,762,Tajikistan,1016,Goats,1995,741900,A,,,,
87,312,Guadeloupe,1016,Goats,1995,40000,A,,,,
113,417,Kyrgyzstan,1016,Goats,1995,152000,A,,,,
299,275,Palestine,1016,Goats,1995,252235,A,,,,
1,51,Armenia,1016,Goats,1995,13000,A,,,,
167,203,Czechia,1016,Goats,1995,44993,A,,,,
154,807,North Macedonia,1016,Goats,1995,,M,,,,
230,804,Ukraine,1016,Goats,1995,782200,A,,,,
63,233,Estonia,1016,Goats,1995,,M,,,,
73,268,Georgia,1016,Goats,1995,39400,A,,,,
80,70,Bosnia and Herzegovina,1016,Goats,1995,124400,E,,,,
104,372,Ireland,1016,Goats,1995,15600,A,,,,
119,428,Latvia,1016,Goats,1995,7400,A,,,,
182,638,Réunion,1016,Goats,1995,30570,A,,,,
98,191,Croatia,1016,Goats,1995,106000,A,,,,
108,398,Kazakhstan,1016,Goats,1995,859400,A,,,,
145,583,Micronesia (Federated States of),1016,Goats,1995,4000,E,,,,
186,891,Serbia and Montenegro,1016,Goats,1995,333000,A,,,,
198,705,Slovenia,1016,Goats,1995,10738,A,,,,
235,860,Uzbekistan,1016,Goats,1995,971300,A,,,,
2,4,Afghanistan,1016,Goats,1995,5389094,A,,,,
3,8,Albania,1016,Goats,1995,1650000,A,,,,
4,12,Algeria,1016,Goats,1995,2779790,A,,,,
7,24,Angola,1016,Goats,1995,1460000,X,,,,
8,28,Antigua and Barbuda,1016,Goats,1995,23312,I,,,,
9,32,Argentina,1016,Goats,1995,3547142,A,,,,
10,36,Australia,1016,Goats,1995,1660000,E,,,,
11,40,Austria,1016,Goats,1995,49749,A,,,,
12,44,Bahamas,1016,Goats,1995,14000,A,,,,
13,48,Bahrain,1016,Goats,1995,15911,A,,,,
16,50,Bangladesh,1016,Goats,1995,30330000,X,,,,
14,52,Barbados,1016,Goats,1995,4500,E,,,,
23,84,Belize,1016,Goats,1995,130,E,,,,
53,204,Benin,1016,Goats,1995,1012962,A,,,,
18,64,Bhutan,1016,Goats,1995,35109,A,,,,
19,68,Bolivia (Plurinational State of),1016,Goats,1995,1559007,A,,,,
20,72,Botswana,1016,Goats,1995,2624000,A,,,,
21,76,Brazil,1016,Goats,1995,11271653,A,,,,
26,96,Brunei Darussalam,1016,Goats,1995,3769,A,,,,
27,100,Bulgaria,1016,Goats,1995,795436,A,,,,
233,854,Burkina Faso,1016,Goats,1995,7459400,A,,,,
29,108,Burundi,1016,Goats,1995,901754,A,,,,
35,132,Cabo Verde,1016,Goats,1995,112331,A,,,,
32,120,Cameroon,1016,Goats,1995,3620000,E,,,,
33,124,Canada,1016,Goats,1995,28000,E,,,,
37,140,Central African Republic,1016,Goats,1995,1980000,A,,,,
39,148,Chad,1016,Goats,1995,9198000,E,,,,
40,152,Chile,1016,Goats,1995,600000,E,,,,
96,344,"China, Hong Kong SAR",1016,Goats,1995,280,A,,,,
214,158,"China, Taiwan Province of",1016,Goats,1995,310281,A,,,,
41,156,"China, mainland",1016,Goats,1995,123083100,A,,,,
44,170,Colombia,1016,Goats,1995,965000,X,,,,
45,174,Comoros,1016,Goats,1995,116700,A,,,,
46,178,Congo,1016,Goats,1995,296000,E,,,,
47,184,Cook Islands,1016,Goats,1995,6500,A,,,,
48,188,Costa Rica,1016,Goats,1995,51056,I,,,,
49,192,Cuba,1016,Goats,1995,105363,A,,,,
50,196,Cyprus,1016,Goats,1995,220000,A,,,,
107,384,Côte d'Ivoire,1016,Goats,1995,1002000,A,,,,
116,408,Democratic People's Republic of Korea,1016,Goats,1995,712000,A,,,,
250,180,Democratic Republic of the Congo,1016,Goats,1995,4310410,A,,,,
72,262,Djibouti,1016,Goats,1995,508270,X,,,,
55,212,Dominica,1016,Goats,1995,9700,E,,,,
56,214,Dominican Republic,1016,Goats,1995,260000,E,,,,
58,218,Ecuador,1016,Goats,1995,295000,A,,,,
59,818,Egypt,1016,Goats,1995,3379000,A,,,,
60,222,El Salvador,1016,Goats,1995,15300,E,,,,
61,226,Equatorial Guinea,1016,Goats,1995,8300,E,,,,
209,748,Eswatini,1016,Goats,1995,435080,A,,,,
66,242,Fiji,1016,Goats,1995,211000,A,,,,
67,246,Finland,1016,Goats,1995,6000,A,,,,
68,250,France,1016,Goats,1995,1193771,A,,,,
70,258,French Polynesia,1016,Goats,1995,16000,E,,,,
74,266,Gabon,1016,Goats,1995,86000,E,,,,
75,270,Gambia,1016,Goats,1995,168984,A,,,,
79,276,Germany,1016,Goats,1995,95000,A,,,,
81,288,Ghana,1016,Goats,1995,2204150,A,,,,
84,300,Greece,1016,Goats,1995,5430162,A,,,,
86,308,Grenada,1016,Goats,1995,7004,A,,,,
89,320,Guatemala,1016,Goats,1995,102900,A,,,,
90,324,Guinea,1016,Goats,1995,728681,A,,,,
175,624,Guinea-Bissau,1016,Goats,1995,285000,E,,,,
91,328,Guyana,1016,Goats,1995,79000,E,,,,
93,332,Haiti,1016,Goats,1995,1117800,X,,,,
95,340,Honduras,1016,Goats,1995,28000,E,,,,
97,348,Hungary,1016,Goats,1995,52281,A,,,,
99,352,Iceland,1016,Goats,1995,350,A,,,,
100,356,India,1016,Goats,1995,119700000,X,,,,
101,360,Indonesia,1016,Goats,1995,13167000,A,,,,
102,364,Iran (Islamic Republic of),1016,Goats,1995,25757000,A,,,,
103,368,Iraq,1016,Goats,1995,1450000,E,,,,
105,376,Israel,1016,Goats,1995,94000,A,,,,
106,380,Italy,1016,Goats,1995,1447600,A,,,,
109,388,Jamaica,1016,Goats,1995,440000,E,,,,
110,392,Japan,1016,Goats,1995,30000,A,,,,
112,400,Jordan,1016,Goats,1995,806979,A,,,,
114,404,Kenya,1016,Goats,1995,10396000,A,,,,
118,414,Kuwait,1016,Goats,1995,68987,A,,,,
120,418,Lao People's Democratic Republic,1016,Goats,1995,152930,A,,,,
121,422,Lebanon,1016,Goats,1995,437630,X,,,,
122,426,Lesotho,1016,Goats,1995,749135,A,,,,
123,430,Liberia,1016,Goats,1995,220000,E,,,,
124,434,Libya,1016,Goats,1995,1250000,E,,,,
129,450,Madagascar,1016,Goats,1995,1399000,X,,,,
130,454,Malawi,1016,Goats,1995,843362,A,,,,
131,458,Malaysia,1016,Goats,1995,282109,A,,,,
133,466,Mali,1016,Goats,1995,6454959,A,,,,
134,470,Malta,1016,Goats,1995,9183,A,,,,
136,478,Mauritania,1016,Goats,1995,3525600,X,,,,
137,480,Mauritius,1016,Goats,1995,91000,E,,,,
138,484,Mexico,1016,Goats,1995,10133013,A,,,,
141,496,Mongolia,1016,Goats,1995,7241300,A,,,,
143,504,Morocco,1016,Goats,1995,4014400,A,,,,
144,508,Mozambique,1016,Goats,1995,3500000,E,,,,
28,104,Myanmar,1016,Goats,1995,1164073,A,,,,
147,516,Namibia,1016,Goats,1995,1616090,A,,,,
149,524,Nepal,1016,Goats,1995,5649056,A,,,,
150,528,Netherlands (Kingdom of the),1016,Goats,1995,73000,A,,,,
153,540,New Caledonia,1016,Goats,1995,13800,E,,,,
156,554,New Zealand,1016,Goats,1995,256000,A,,,,
157,558,Nicaragua,1016,Goats,1995,6300,E,,,,
158,562,Niger,1016,Goats,1995,7592172,A,,,,
159,566,Nigeria,1016,Goats,1995,30000000,E,,,,
162,578,Norway,1016,Goats,1995,86360,A,,,,
221,512,Oman,1016,Goats,1995,886000,X,,,,
165,586,Pakistan,1016,Goats,1995,43764000,A,,,,
166,591,Panama,1016,Goats,1995,5200,E,,,,
168,598,Papua New Guinea,1016,Goats,1995,2350,E,,,,
169,600,Paraguay,1016,Goats,1995,122553,A,,,,
170,604,Peru,1016,Goats,1995,2043880,A,,,,
171,608,Philippines,1016,Goats,1995,6183000,E,,,,
174,620,Portugal,1016,Goats,1995,721000,A,,,,
177,630,Puerto Rico,1016,Goats,1995,17875,A,,,,
179,634,Qatar,1016,Goats,1995,167925,A,,,,
117,410,Republic of Korea,1016,Goats,1995,680762,A,,,,
183,642,Romania,1016,Goats,1995,745100,A,,,,
184,646,Rwanda,1016,Goats,1995,493750,A,,,,
188,659,Saint Kitts and Nevis,1016,Goats,1995,13500,A,,,,
189,662,Saint Lucia,1016,Goats,1995,10000,E,,,,
191,670,Saint Vincent and the Grenadines,1016,Goats,1995,6000,E,,,,
193,678,Sao Tome and Principe,1016,Goats,1995,4550,E,,,,
194,682,Saudi Arabia,1016,Goats,1995,4373137,A,,,,
195,686,Senegal,1016,Goats,1995,3293000,A,,,,
196,690,Seychelles,1016,Goats,1995,4900,E,,,,
197,694,Sierra Leone,1016,Goats,1995,180000,E,,,,
200,702,Singapore,1016,Goats,1995,550,E,,,,
201,706,Somalia,1016,Goats,1995,12500000,E,,,,
202,710,South Africa,1016,Goats,1995,6456789,A,,,,
203,724,Spain,1016,Goats,1995,3157000,A,,,,
38,144,Sri Lanka,1016,Goats,1995,591100,A,,,,
207,740,Suriname,1016,Goats,1995,7775,A,,,,
211,756,Switzerland,1016,Goats,1995,57704,A,,,,
212,760,Syrian Arab Republic,1016,Goats,1995,1063000,A,,,,
216,764,Thailand,1016,Goats,1995,132400,A,,,,
176,626,Timor-Leste,1016,Goats,1995,172225,A,,,,
217,768,Togo,1016,Goats,1995,813500,A,,,,
219,776,Tonga,1016,Goats,1995,13939,A,,,,
220,780,Trinidad and Tobago,1016,Goats,1995,58200,E,,,,
222,788,Tunisia,1016,Goats,1995,1204900,A,,,,
227,798,Tuvalu,1016,Goats,1995,,M,,,,
223,792,Türkiye,1016,Goats,1995,9111000,A,,,,
226,800,Uganda,1016,Goats,1995,5545000,A,,,,
225,784,United Arab Emirates,1016,Goats,1995,920931,A,,,,
229,826,United Kingdom of Great Britain and Northern Ireland,1016,Goats,1995,89600,A,,,,
215,834,United Republic of Tanzania,1016,Goats,1995,10682400,A,,,,
231,840,United States of America,1016,Goats,1995,1850000,A,,,,
234,858,Uruguay,1016,Goats,1995,14800,E,,,,
155,548,Vanuatu,1016,Goats,1995,12000,A,,,,
236,862,Venezuela (Bolivarian Republic of),1016,Goats,1995,1173330,A,,,,
237,704,Viet Nam,1016,Goats,1995,550500,A,,,,
249,887,Yemen,1016,Goats,1995,5320000,E,,,,
251,894,Zambia,1016,Goats,1995,650000,E,,,,
181,716,Zimbabwe,1016,Goats,1995,2615000,A,,,,
52,31,Azerbaijan,1016,Goats,1996,210100,A,,,,
108,398,Kazakhstan,1016,Goats,1996,798800,A,,,,
119,428,Latvia,1016,Goats,1996,8900,A,,,,
235,860,Uzbekistan,1016,Goats,1996,906500,A,,,,
238,231,Ethiopia,1016,Goats,1996,8400000,E,,,,
186,891,Serbia and Montenegro,1016,Goats,1996,310000,A,,,,
199,703,Slovakia,1016,Goats,1996,25046,A,,,,
1,51,Armenia,1016,Goats,1996,13696,A,,,,
145,583,Micronesia (Federated States of),1016,Goats,1996,4000,E,,,,
198,705,Slovenia,1016,Goats,1996,11950,A,,,,
178,232,Eritrea,1016,Goats,1996,1550000,E,,,,
104,372,Ireland,1016,Goats,1996,14900,A,,,,
299,275,Palestine,1016,Goats,1996,272636,A,,,,
87,312,Guadeloupe,1016,Goats,1996,40000,A,,,,
135,474,Martinique,1016,Goats,1996,21800,E,,,,
213,795,Turkmenistan,1016,Goats,1996,424000,X,,,,
73,268,Georgia,1016,Goats,1996,50900,A,,,,
154,807,North Macedonia,1016,Goats,1996,,M,,,,
113,417,Kyrgyzstan,1016,Goats,1996,200000,A,,,,
182,638,Réunion,1016,Goats,1996,30570,A,,,,
69,254,French Guiana,1016,Goats,1996,984,E,,,,
206,736,Sudan (former),1016,Goats,1996,35216000,A,,,,
15,58,Belgium-Luxembourg,1016,Goats,1996,9000,A,,,,
63,233,Estonia,1016,Goats,1996,,M,,,,
173,616,Poland,1016,Goats,1996,190000,E,,,,
80,70,Bosnia and Herzegovina,1016,Goats,1996,136800,E,,,,
185,643,Russian Federation,1016,Goats,1996,2682000,A,,,,
57,112,Belarus,1016,Goats,1996,58000,A,,,,
98,191,Croatia,1016,Goats,1996,105271,A,,,,
126,440,Lithuania,1016,Goats,1996,14600,A,,,,
146,498,Republic of Moldova,1016,Goats,1996,93000,A,,,,
167,203,Czechia,1016,Goats,1996,42385,A,,,,
208,762,Tajikistan,1016,Goats,1996,677800,A,,,,
230,804,Ukraine,1016,Goats,1996,889300,A,,,,
2,4,Afghanistan,1016,Goats,1996,4608500,X,,,,
3,8,Albania,1016,Goats,1996,1250000,A,,,,
4,12,Algeria,1016,Goats,1996,2894770,A,,,,
7,24,Angola,1016,Goats,1996,1590000,E,,,,
8,28,Antigua and Barbuda,1016,Goats,1996,24149,I,,,,
9,32,Argentina,1016,Goats,1996,3374600,A,,,,
10,36,Australia,1016,Goats,1996,1810000,E,,,,
11,40,Austria,1016,Goats,1996,54228,A,,,,
12,44,Bahamas,1016,Goats,1996,15725,A,,,,
13,48,Bahrain,1016,Goats,1996,16000,A,,,,
16,50,Bangladesh,1016,Goats,1996,33312000,A,,,,
14,52,Barbados,1016,Goats,1996,4500,E,,,,
23,84,Belize,1016,Goats,1996,130,E,,,,
53,204,Benin,1016,Goats,1996,1077600,A,,,,
18,64,Bhutan,1016,Goats,1996,36320,X,,,,
19,68,Bolivia (Plurinational State of),1016,Goats,1996,1585726,A,,,,
20,72,Botswana,1016,Goats,1996,2205000,A,,,,
21,76,Brazil,1016,Goats,1996,7436454,A,,,,
26,96,Brunei Darussalam,1016,Goats,1996,3137,A,,,,
27,100,Bulgaria,1016,Goats,1996,833325,A,,,,
233,854,Burkina Faso,1016,Goats,1996,7628800,A,,,,
29,108,Burundi,1016,Goats,1996,891734,A,,,,
35,132,Cabo Verde,1016,Goats,1996,109236,A,,,,
32,120,Cameroon,1016,Goats,1996,3650000,E,,,,
33,124,Canada,1016,Goats,1996,28500,E,,,,
37,140,Central African Republic,1016,Goats,1996,2093000,A,,,,
39,148,Chad,1016,Goats,1996,9767000,E,,,,
40,152,Chile,1016,Goats,1996,650000,E,,,,
96,344,"China, Hong Kong SAR",1016,Goats,1996,200,A,,,,
214,158,"China, Taiwan Province of",1016,Goats,1996,318404,A,,,,
41,156,"China, mainland",1016,Goats,1996,149592800,A,,,,
44,170,Colombia,1016,Goats,1996,963000,X,,,,
45,174,Comoros,1016,Goats,1996,117900,A,,,,
46,178,Congo,1016,Goats,1996,295000,E,,,,
47,184,Cook Islands,1016,Goats,1996,2500,A,,,,
48,188,Costa Rica,1016,Goats,1996,50813,I,,,,
49,192,Cuba,1016,Goats,1996,118541,A,,,,
50,196,Cyprus,1016,Goats,1996,240000,A,,,,
107,384,Côte d'Ivoire,1016,Goats,1996,1027000,A,,,,
116,408,Democratic People's Republic of Korea,1016,Goats,1996,712000,A,,,,
250,180,Democratic Republic of the Congo,1016,Goats,1996,4316964,A,,,,
72,262,Djibouti,1016,Goats,1996,509260,X,,,,
55,212,Dominica,1016,Goats,1996,9700,E,,,,
56,214,Dominican Republic,1016,Goats,1996,240000,E,,,,
58,218,Ecuador,1016,Goats,1996,309300,A,,,,
59,818,Egypt,1016,Goats,1996,3239000,A,,,,
60,222,El Salvador,1016,Goats,1996,15300,E,,,,
61,226,Equatorial Guinea,1016,Goats,1996,8400,E,,,,
209,748,Eswatini,1016,Goats,1996,438000,A,,,,
66,242,Fiji,1016,Goats,1996,206879,A,,,,
67,246,Finland,1016,Goats,1996,6500,A,,,,
68,250,France,1016,Goats,1996,1205868,A,,,,
70,258,French Polynesia,1016,Goats,1996,16000,E,,,,
74,266,Gabon,1016,Goats,1996,87000,E,,,,
75,270,Gambia,1016,Goats,1996,163914,A,,,,
79,276,Germany,1016,Goats,1996,100000,A,,,,
81,288,Ghana,1016,Goats,1996,2340021,A,,,,
84,300,Greece,1016,Goats,1996,5525252,A,,,,
86,308,Grenada,1016,Goats,1996,7000,E,,,,
89,320,Guatemala,1016,Goats,1996,109200,A,,,,
90,324,Guinea,1016,Goats,1996,775595,A,,,,
175,624,Guinea-Bissau,1016,Goats,1996,295000,E,,,,
91,328,Guyana,1016,Goats,1996,79000,E,,,,
93,332,Haiti,1016,Goats,1996,1242000,X,,,,
95,340,Honduras,1016,Goats,1996,28000,E,,,,
97,348,Hungary,1016,Goats,1996,87848,A,,,,
99,352,Iceland,1016,Goats,1996,350,A,,,,
100,356,India,1016,Goats,1996,121200000,X,,,,
101,360,Indonesia,1016,Goats,1996,13840070,A,,,,
102,364,Iran (Islamic Republic of),1016,Goats,1996,25757000,A,,,,
103,368,Iraq,1016,Goats,1996,1105000,E,,,,
105,376,Israel,1016,Goats,1996,80000,A,,,,
106,380,Italy,1016,Goats,1996,1448000,A,,,,
109,388,Jamaica,1016,Goats,1996,440000,E,,,,
110,392,Japan,1016,Goats,1996,29000,A,,,,
112,400,Jordan,1016,Goats,1996,781976,A,,,,
114,404,Kenya,1016,Goats,1996,10229985,A,,,,
118,414,Kuwait,1016,Goats,1996,96097,A,,,,
120,418,Lao People's Democratic Republic,1016,Goats,1996,159000,A,,,,
121,422,Lebanon,1016,Goats,1996,482220,A,,,,
122,426,Lesotho,1016,Goats,1996,732000,A,,,,
123,430,Liberia,1016,Goats,1996,220000,E,,,,
124,434,Libya,1016,Goats,1996,1250000,E,,,,
129,450,Madagascar,1016,Goats,1996,1328600,A,,,,
130,454,Malawi,1016,Goats,1996,1257340,A,,,,
131,458,Malaysia,1016,Goats,1996,254592,A,,,,
133,466,Mali,1016,Goats,1996,6522796,A,,,,
134,470,Malta,1016,Goats,1996,9050,A,,,,
136,478,Mauritania,1016,Goats,1996,4132800,A,,,,
137,480,Mauritius,1016,Goats,1996,90000,E,,,,
138,484,Mexico,1016,Goats,1996,9566691,A,,,,
141,496,Mongolia,1016,Goats,1996,8520700,A,,,,
143,504,Morocco,1016,Goats,1996,4594700,A,,,,
144,508,Mozambique,1016,Goats,1996,3900000,E,,,,
28,104,Myanmar,1016,Goats,1996,1217471,A,,,,
147,516,Namibia,1016,Goats,1996,1786150,A,,,,
149,524,Nepal,1016,Goats,1996,5783140,A,,,,
150,528,Netherlands (Kingdom of the),1016,Goats,1996,73000,A,,,,
153,540,New Caledonia,1016,Goats,1996,12000,E,,,,
156,554,New Zealand,1016,Goats,1996,228000,A,,,,
157,558,Nicaragua,1016,Goats,1996,6400,E,,,,
158,562,Niger,1016,Goats,1996,7895859,A,,,,
159,566,Nigeria,1016,Goats,1996,32500000,E,,,,
162,578,Norway,1016,Goats,1996,84878,A,,,,
221,512,Oman,1016,Goats,1996,902300,X,,,,
165,586,Pakistan,1016,Goats,1996,41169000,A,,,,
166,591,Panama,1016,Goats,1996,5200,E,,,,
168,598,Papua New Guinea,1016,Goats,1996,2300,E,,,,
169,600,Paraguay,1016,Goats,1996,124127,A,,,,
170,604,Peru,1016,Goats,1996,2022930,A,,,,
171,608,Philippines,1016,Goats,1996,6230000,E,,,,
174,620,Portugal,1016,Goats,1996,704000,A,,,,
177,630,Puerto Rico,1016,Goats,1996,8401,A,,,,
179,634,Qatar,1016,Goats,1996,172071,A,,,,
117,410,Republic of Korea,1016,Goats,1996,674814,A,,,,
183,642,Romania,1016,Goats,1996,705300,A,,,,
184,646,Rwanda,1016,Goats,1996,621000,A,,,,
188,659,Saint Kitts and Nevis,1016,Goats,1996,14600,A,,,,
189,662,Saint Lucia,1016,Goats,1996,9714,A,,,,
191,670,Saint Vincent and the Grenadines,1016,Goats,1996,6000,E,,,,
193,678,Sao Tome and Principe,1016,Goats,1996,4600,E,,,,
194,682,Saudi Arabia,1016,Goats,1996,4390104,A,,,,
195,686,Senegal,1016,Goats,1996,3440000,A,,,,
196,690,Seychelles,1016,Goats,1996,4950,E,,,,
197,694,Sierra Leone,1016,Goats,1996,185000,E,,,,
200,702,Singapore,1016,Goats,1996,550,E,,,,
201,706,Somalia,1016,Goats,1996,12800000,E,,,,
202,710,South Africa,1016,Goats,1996,6674103,A,,,,
203,724,Spain,1016,Goats,1996,2605000,A,,,,
38,144,Sri Lanka,1016,Goats,1996,535200,A,,,,
207,740,Suriname,1016,Goats,1996,8050,A,,,,
211,756,Switzerland,1016,Goats,1996,61346,A,,,,
212,760,Syrian Arab Republic,1016,Goats,1996,1081875,A,,,,
216,764,Thailand,1016,Goats,1996,97804,A,,,,
176,626,Timor-Leste,1016,Goats,1996,186950,A,,,,
217,768,Togo,1016,Goats,1996,1090577,A,,,,
219,776,Tonga,1016,Goats,1996,13000,E,,,,
220,780,Trinidad and Tobago,1016,Goats,1996,58200,E,,,,
222,788,Tunisia,1016,Goats,1996,1468000,A,,,,
227,798,Tuvalu,1016,Goats,1996,,M,,,,
223,792,Türkiye,1016,Goats,1996,8951000,A,,,,
226,800,Uganda,1016,Goats,1996,5684000,A,,,,
225,784,United Arab Emirates,1016,Goats,1996,985398,A,,,,
229,826,United Kingdom of Great Britain and Northern Ireland,1016,Goats,1996,89600,A,,,,
215,834,United Republic of Tanzania,1016,Goats,1996,10361900,A,,,,
231,840,United States of America,1016,Goats,1996,1900000,A,,,,
234,858,Uruguay,1016,Goats,1996,14800,E,,,,
155,548,Vanuatu,1016,Goats,1996,12000,E,,,,
236,862,Venezuela (Bolivarian Republic of),1016,Goats,1996,1152654,A,,,,
237,704,Viet Nam,1016,Goats,1996,512800,A,,,,
249,887,Yemen,1016,Goats,1996,5730000,E,,,,
251,894,Zambia,1016,Goats,1996,670000,E,,,,
181,716,Zimbabwe,1016,Goats,1996,2705462,A,,,,
52,31,Azerbaijan,1016,Goats,1997,273800,A,,,,
198,705,Slovenia,1016,Goats,1997,12640,A,,,,
80,70,Bosnia and Herzegovina,1016,Goats,1997,170000,E,,,,
87,312,Guadeloupe,1016,Goats,1997,30000,A,,,,
108,398,Kazakhstan,1016,Goats,1997,679000,A,,,,
113,417,Kyrgyzstan,1016,Goats,1997,171000,A,,,,
167,203,Czechia,1016,Goats,1997,38241,A,,,,
235,860,Uzbekistan,1016,Goats,1997,857700,A,,,,
126,440,Lithuania,1016,Goats,1997,16900,A,,,,
98,191,Croatia,1016,Goats,1997,100000,A,,,,
186,891,Serbia and Montenegro,1016,Goats,1997,293000,A,,,,
146,498,Republic of Moldova,1016,Goats,1997,96000,A,,,,
119,428,Latvia,1016,Goats,1997,8400,A,,,,
145,583,Micronesia (Federated States of),1016,Goats,1997,4000,E,,,,
185,643,Russian Federation,1016,Goats,1997,2445400,A,,,,
178,232,Eritrea,1016,Goats,1997,1600000,E,,,,
154,807,North Macedonia,1016,Goats,1997,,M,,,,
199,703,Slovakia,1016,Goats,1997,26147,A,,,,
230,804,Ukraine,1016,Goats,1997,853900,A,,,,
73,268,Georgia,1016,Goats,1997,54200,A,,,,
104,372,Ireland,1016,Goats,1997,15200,A,,,,
135,474,Martinique,1016,Goats,1997,17000,E,,,,
182,638,Réunion,1016,Goats,1997,38000,X,,,,
208,762,Tajikistan,1016,Goats,1997,687600,A,,,,
238,231,Ethiopia,1016,Goats,1997,8400000,E,,,,
173,616,Poland,1016,Goats,1997,190000,E,,,,
206,736,Sudan (former),1016,Goats,1997,36037000,A,,,,
15,58,Belgium-Luxembourg,1016,Goats,1997,12000,A,,,,
63,233,Estonia,1016,Goats,1997,,M,,,,
69,254,French Guiana,1016,Goats,1997,800,E,,,,
213,795,Turkmenistan,1016,Goats,1997,375000,X,,,,
299,275,Palestine,1016,Goats,1997,267101,A,,,,
1,51,Armenia,1016,Goats,1997,18779,A,,,,
57,112,Belarus,1016,Goats,1997,59000,A,,,,
2,4,Afghanistan,1016,Goats,1997,5530500,X,,,,
3,8,Albania,1016,Goats,1997,1148000,A,,,,
4,12,Algeria,1016,Goats,1997,3121500,A,,,,
7,24,Angola,1016,Goats,1997,1720000,X,,,,
8,28,Antigua and Barbuda,1016,Goats,1997,24958,I,,,,
9,32,Argentina,1016,Goats,1997,3428000,A,,,,
10,36,Australia,1016,Goats,1997,1835000,E,,,,
11,40,Austria,1016,Goats,1997,54471,A,,,,
12,44,Bahamas,1016,Goats,1997,15750,E,,,,
13,48,Bahrain,1016,Goats,1997,16500,A,,,,
16,50,Bangladesh,1016,Goats,1997,34478000,A,,,,
14,52,Barbados,1016,Goats,1997,4500,E,,,,
23,84,Belize,1016,Goats,1997,130,E,,,,
53,204,Benin,1016,Goats,1997,1087000,A,,,,
18,64,Bhutan,1016,Goats,1997,35593,A,,,,
19,68,Bolivia (Plurinational State of),1016,Goats,1997,1613273,A,,,,
20,72,Botswana,1016,Goats,1997,2615000,A,,,,
21,76,Brazil,1016,Goats,1997,7968169,A,,,,
26,96,Brunei Darussalam,1016,Goats,1997,3302,A,,,,
27,100,Bulgaria,1016,Goats,1997,848742,A,,,,
233,854,Burkina Faso,1016,Goats,1997,7913500,A,,,,
29,108,Burundi,1016,Goats,1997,901534,A,,,,
35,132,Cabo Verde,1016,Goats,1997,110000,E,,,,
32,120,Cameroon,1016,Goats,1997,3700000,E,,,,
33,124,Canada,1016,Goats,1997,28500,E,,,,
37,140,Central African Republic,1016,Goats,1997,2213000,A,,,,
39,148,Chad,1016,Goats,1997,10370000,E,,,,
40,152,Chile,1016,Goats,1997,738183,A,,,,
96,344,"China, Hong Kong SAR",1016,Goats,1997,200,E,,,,
214,158,"China, Taiwan Province of",1016,Goats,1997,309129,A,,,,
41,156,"China, mainland",1016,Goats,1997,123158000,A,,,,
44,170,Colombia,1016,Goats,1997,1006400,A,,,,
45,174,Comoros,1016,Goats,1997,119100,A,,,,
46,178,Congo,1016,Goats,1997,286000,A,,,,
47,184,Cook Islands,1016,Goats,1997,2082,I,,,,
48,188,Costa Rica,1016,Goats,1997,49915,I,,,,
49,192,Cuba,1016,Goats,1997,138538,A,,,,
50,196,Cyprus,1016,Goats,1997,275000,A,,,,
107,384,Côte d'Ivoire,1016,Goats,1997,1052675,A,,,,
116,408,Democratic People's Republic of Korea,1016,Goats,1997,1077000,A,,,,
250,180,Democratic Republic of the Congo,1016,Goats,1997,4612732,A,,,,
72,262,Djibouti,1016,Goats,1997,510000,E,,,,
55,212,Dominica,1016,Goats,1997,9700,E,,,,
56,214,Dominican Republic,1016,Goats,1997,210000,E,,,,
58,218,Ecuador,1016,Goats,1997,309300,A,,,,
59,818,Egypt,1016,Goats,1997,3187214,A,,,,
60,222,El Salvador,1016,Goats,1997,15300,E,,,,
61,226,Equatorial Guinea,1016,Goats,1997,8500,E,,,,
209,748,Eswatini,1016,Goats,1997,368381,A,,,,
66,242,Fiji,1016,Goats,1997,230275,A,,,,
67,246,Finland,1016,Goats,1997,8000,A,,,,
68,250,France,1016,Goats,1997,1201309,A,,,,
70,258,French Polynesia,1016,Goats,1997,16000,E,,,,
74,266,Gabon,1016,Goats,1997,88000,E,,,,
75,270,Gambia,1016,Goats,1997,158997,A,,,,
79,276,Germany,1016,Goats,1997,105000,A,,,,
81,288,Ghana,1016,Goats,1997,2634020,A,,,,
84,300,Greece,1016,Goats,1997,5569820,A,,,,
86,308,Grenada,1016,Goats,1997,7000,E,,,,
89,320,Guatemala,1016,Goats,1997,109700,A,,,,
90,324,Guinea,1016,Goats,1997,825529,A,,,,
175,624,Guinea-Bissau,1016,Goats,1997,305000,E,,,,
91,328,Guyana,1016,Goats,1997,79000,E,,,,
93,332,Haiti,1016,Goats,1997,1444500,X,,,,
95,340,Honduras,1016,Goats,1997,29000,E,,,,
97,348,Hungary,1016,Goats,1997,108290,A,,,,
99,352,Iceland,1016,Goats,1997,417,A,,,,
100,356,India,1016,Goats,1997,122721000,A,,,,
101,360,Indonesia,1016,Goats,1997,14162547,A,,,,
102,364,Iran (Islamic Republic of),1016,Goats,1997,25757000,A,,,,
103,368,Iraq,1016,Goats,1997,1465773,X,,,,
105,376,Israel,1016,Goats,1997,75000,A,,,,
106,380,Italy,1016,Goats,1997,1390000,A,,,,
109,388,Jamaica,1016,Goats,1997,440000,E,,,,
110,392,Japan,1016,Goats,1997,28500,A,,,,
112,400,Jordan,1016,Goats,1997,649587,A,,,,
114,404,Kenya,1016,Goats,1997,10856261,A,,,,
118,414,Kuwait,1016,Goats,1997,123191,A,,,,
120,418,Lao People's Democratic Republic,1016,Goats,1997,165000,A,,,,
121,422,Lebanon,1016,Goats,1997,496714,A,,,,
122,426,Lesotho,1016,Goats,1997,811250,A,,,,
123,430,Liberia,1016,Goats,1997,220000,E,,,,
124,434,Libya,1016,Goats,1997,1250000,E,,,,
129,450,Madagascar,1016,Goats,1997,1300000,E,,,,
130,454,Malawi,1016,Goats,1997,1566514,A,,,,
131,458,Malaysia,1016,Goats,1997,241262,A,,,,
133,466,Mali,1016,Goats,1997,6617734,A,,,,
134,470,Malta,1016,Goats,1997,8500,E,,,,
136,478,Mauritania,1016,Goats,1997,4200000,E,,,,
137,480,Mauritius,1016,Goats,1997,91000,E,,,,
138,484,Mexico,1016,Goats,1997,8923300,A,,,,
141,496,Mongolia,1016,Goats,1997,9134800,A,,,,
143,504,Morocco,1016,Goats,1997,4789900,A,,,,
144,508,Mozambique,1016,Goats,1997,4100000,E,,,,
28,104,Myanmar,1016,Goats,1997,1274950,A,,,,
147,516,Namibia,1016,Goats,1997,1821009,A,,,,
149,524,Nepal,1016,Goats,1997,5921960,A,,,,
150,528,Netherlands (Kingdom of the),1016,Goats,1997,110000,A,,,,
153,540,New Caledonia,1016,Goats,1997,11000,E,,,,
156,554,New Zealand,1016,Goats,1997,215000,A,,,,
157,558,Nicaragua,1016,Goats,1997,6400,E,,,,
158,562,Niger,1016,Goats,1997,8211693,A,,,,
159,566,Nigeria,1016,Goats,1997,35000000,E,,,,
162,578,Norway,1016,Goats,1997,82254,A,,,,
221,512,Oman,1016,Goats,1997,925000,E,,,,
165,586,Pakistan,1016,Goats,1997,42650000,A,,,,
166,591,Panama,1016,Goats,1997,5200,E,,,,
168,598,Papua New Guinea,1016,Goats,1997,2000,X,,,,
169,600,Paraguay,1016,Goats,1997,122600,A,,,,
170,604,Peru,1016,Goats,1997,2047720,A,,,,
171,608,Philippines,1016,Goats,1997,6300000,E,,,,
174,620,Portugal,1016,Goats,1997,677000,A,,,,
177,630,Puerto Rico,1016,Goats,1997,13000,E,,,,
179,634,Qatar,1016,Goats,1997,173670,A,,,,
117,410,Republic of Korea,1016,Goats,1997,603905,A,,,,
183,642,Romania,1016,Goats,1997,654400,A,,,,
184,646,Rwanda,1016,Goats,1997,526253,A,,,,
188,659,Saint Kitts and Nevis,1016,Goats,1997,14400,E,,,,
189,662,Saint Lucia,1016,Goats,1997,9800,E,,,,
191,670,Saint Vincent and the Grenadines,1016,Goats,1997,6000,E,,,,
193,678,Sao Tome and Principe,1016,Goats,1997,4650,E,,,,
194,682,Saudi Arabia,1016,Goats,1997,4433661,A,,,,
195,686,Senegal,1016,Goats,1997,3578000,A,,,,
196,690,Seychelles,1016,Goats,1997,5000,E,,,,
197,694,Sierra Leone,1016,Goats,1997,190000,E,,,,
200,702,Singapore,1016,Goats,1997,550,E,,,,
201,706,Somalia,1016,Goats,1997,13000000,E,,,,
202,710,South Africa,1016,Goats,1997,6643927,A,,,,
203,724,Spain,1016,Goats,1997,2935000,A,,,,
38,144,Sri Lanka,1016,Goats,1997,520700,A,,,,
207,740,Suriname,1016,Goats,1997,7590,A,,,,
211,756,Switzerland,1016,Goats,1997,62466,A,,,,
212,760,Syrian Arab Republic,1016,Goats,1997,1100405,A,,,,
216,764,Thailand,1016,Goats,1997,125262,A,,,,
176,626,Timor-Leste,1016,Goats,1997,196968,A,,,,
217,768,Togo,1016,Goats,1997,1229435,A,,,,
219,776,Tonga,1016,Goats,1997,12000,E,,,,
220,780,Trinidad and Tobago,1016,Goats,1997,58250,E,,,,
222,788,Tunisia,1016,Goats,1997,1260670,A,,,,
227,798,Tuvalu,1016,Goats,1997,,M,,,,
223,792,Türkiye,1016,Goats,1997,8376000,A,,,,
226,800,Uganda,1016,Goats,1997,5825000,A,,,,
225,784,United Arab Emirates,1016,Goats,1997,1054376,A,,,,
229,826,United Kingdom of Great Britain and Northern Ireland,1016,Goats,1997,80550,A,,,,
215,834,United Republic of Tanzania,1016,Goats,1997,10694200,A,,,,
231,840,United States of America,1016,Goats,1997,1650000,A,,,,
234,858,Uruguay,1016,Goats,1997,14800,E,,,,
155,548,Vanuatu,1016,Goats,1997,12000,E,,,,
236,862,Venezuela (Bolivarian Republic of),1016,Goats,1997,1132656,A,,,,
237,704,Viet Nam,1016,Goats,1997,515000,A,,,,
249,887,Yemen,1016,Goats,1997,6314000,A,,,,
251,894,Zambia,1016,Goats,1997,700000,X,,,,
181,716,Zimbabwe,1016,Goats,1997,2700000,E,,,,
154,807,North Macedonia,1016,Goats,1998,,M,,,,
238,231,Ethiopia,1016,Goats,1998,10460390,A,,,,
69,254,French Guiana,1016,Goats,1998,800,E,,,,
208,762,Tajikistan,1016,Goats,1998,667600,A,,,,
235,860,Uzbekistan,1016,Goats,1998,973700,A,,,,
230,804,Ukraine,1016,Goats,1998,822200,A,,,,
178,232,Eritrea,1016,Goats,1998,1650000,E,,,,
135,474,Martinique,1016,Goats,1998,17000,E,,,,
15,58,Belgium-Luxembourg,1016,Goats,1998,11000,A,,,,
73,268,Georgia,1016,Goats,1998,59000,A,,,,
52,31,Azerbaijan,1016,Goats,1998,370900,A,,,,
63,233,Estonia,1016,Goats,1998,1700,A,,,,
126,440,Lithuania,1016,Goats,1998,18500,A,,,,
182,638,Réunion,1016,Goats,1998,38000,E,,,,
199,703,Slovakia,1016,Goats,1998,26778,A,,,,
299,275,Palestine,1016,Goats,1998,252258,A,,,,
198,705,Slovenia,1016,Goats,1998,13882,A,,,,
1,51,Armenia,1016,Goats,1998,21108,A,,,,
167,203,Czechia,1016,Goats,1998,34861,A,,,,
87,312,Guadeloupe,1016,Goats,1998,28500,A,,,,
108,398,Kazakhstan,1016,Goats,1998,690900,A,,,,
119,428,Latvia,1016,Goats,1998,8900,A,,,,
145,583,Micronesia (Federated States of),1016,Goats,1998,4000,E,,,,
185,643,Russian Federation,1016,Goats,1998,2291300,A,,,,
98,191,Croatia,1016,Goats,1998,84403,A,,,,
213,795,Turkmenistan,1016,Goats,1998,400000,E,,,,
57,112,Belarus,1016,Goats,1998,59000,A,,,,
113,417,Kyrgyzstan,1016,Goats,1998,380000,X,,,,
80,70,Bosnia and Herzegovina,1016,Goats,1998,111000,E,,,,
173,616,Poland,1016,Goats,1998,190000,E,,,,
186,891,Serbia and Montenegro,1016,Goats,1998,312000,A,,,,
206,736,Sudan (former),1016,Goats,1998,36498000,A,,,,
104,372,Ireland,1016,Goats,1998,15100,A,,,,
146,498,Republic of Moldova,1016,Goats,1998,94000,A,,,,
2,4,Afghanistan,1016,Goats,1998,6599458,A,,,,
3,8,Albania,1016,Goats,1998,1051000,A,,,,
4,12,Algeria,1016,Goats,1998,3256580,A,,,,
7,24,Angola,1016,Goats,1998,1861000,X,,,,
8,28,Antigua and Barbuda,1016,Goats,1998,25737,I,,,,
9,32,Argentina,1016,Goats,1998,3400000,E,,,,
10,36,Australia,1016,Goats,1998,1725000,E,,,,
11,40,Austria,1016,Goats,1998,58340,A,,,,
12,44,Bahamas,1016,Goats,1998,15750,E,,,,
13,48,Bahrain,1016,Goats,1998,15511,A,,,,
16,50,Bangladesh,1016,Goats,1998,33500000,A,,,,
14,52,Barbados,1016,Goats,1998,4600,E,,,,
23,84,Belize,1016,Goats,1998,130,E,,,,
53,204,Benin,1016,Goats,1998,1113628,A,,,,
18,64,Bhutan,1016,Goats,1998,36000,E,,,,
19,68,Bolivia (Plurinational State of),1016,Goats,1998,1637114,A,,,,
20,72,Botswana,1016,Goats,1998,2199000,A,,,,
21,76,Brazil,1016,Goats,1998,8164153,A,,,,
26,96,Brunei Darussalam,1016,Goats,1998,3650,A,,,,
27,100,Bulgaria,1016,Goats,1998,966114,A,,,,
233,854,Burkina Faso,1016,Goats,1998,8151127,A,,,,
29,108,Burundi,1016,Goats,1998,713564,A,,,,
35,132,Cabo Verde,1016,Goats,1998,115000,E,,,,
32,120,Cameroon,1016,Goats,1998,3750000,E,,,,
33,124,Canada,1016,Goats,1998,29000,E,,,,
37,140,Central African Republic,1016,Goats,1998,2339000,A,,,,
39,148,Chad,1016,Goats,1998,11011000,E,,,,
40,152,Chile,1016,Goats,1998,740000,E,,,,
96,344,"China, Hong Kong SAR",1016,Goats,1998,200,E,,,,
214,158,"China, Taiwan Province of",1016,Goats,1998,315216,A,,,,
41,156,"China, mainland",1016,Goats,1998,134801000,A,,,,
44,170,Colombia,1016,Goats,1998,1050400,A,,,,
45,174,Comoros,1016,Goats,1998,140600,X,,,,
46,178,Congo,1016,Goats,1998,280000,E,,,,
47,184,Cook Islands,1016,Goats,1998,1911,I,,,,
48,188,Costa Rica,1016,Goats,1998,49905,I,,,,
49,192,Cuba,1016,Goats,1998,384100,A,,,,
50,196,Cyprus,1016,Goats,1998,322000,A,,,,
107,384,Côte d'Ivoire,1016,Goats,1998,1072455,A,,,,
116,408,Democratic People's Republic of Korea,1016,Goats,1998,1508000,A,,,,
250,180,Democratic Republic of the Congo,1016,Goats,1998,4675350,A,,,,
72,262,Djibouti,1016,Goats,1998,510000,A,,,,
55,212,Dominica,1016,Goats,1998,9700,E,,,,
56,214,Dominican Republic,1016,Goats,1998,180000,E,,,,
58,218,Ecuador,1016,Goats,1998,279565,A,,,,
59,818,Egypt,1016,Goats,1998,3260990,A,,,,
60,222,El Salvador,1016,Goats,1998,15300,E,,,,
61,226,Equatorial Guinea,1016,Goats,1998,8600,E,,,,
209,748,Eswatini,1016,Goats,1998,354135,A,,,,
66,242,Fiji,1016,Goats,1998,235000,E,,,,
67,246,Finland,1016,Goats,1998,8100,A,,,,
68,250,France,1016,Goats,1998,1203108,A,,,,
70,258,French Polynesia,1016,Goats,1998,16000,E,,,,
74,266,Gabon,1016,Goats,1998,89000,E,,,,
75,270,Gambia,1016,Goats,1998,154227,A,,,,
79,276,Germany,1016,Goats,1998,115000,A,,,,
81,288,Ghana,1016,Goats,1998,2739380,A,,,,
84,300,Greece,1016,Goats,1998,5600492,A,,,,
86,308,Grenada,1016,Goats,1998,7000,E,,,,
89,320,Guatemala,1016,Goats,1998,110300,A,,,,
90,324,Guinea,1016,Goats,1998,878678,A,,,,
175,624,Guinea-Bissau,1016,Goats,1998,315000,E,,,,
91,328,Guyana,1016,Goats,1998,79000,E,,,,
93,332,Haiti,1016,Goats,1998,1618200,X,,,,
95,340,Honduras,1016,Goats,1998,29000,E,,,,
97,348,Hungary,1016,Goats,1998,128800,A,,,,
99,352,Iceland,1016,Goats,1998,431,A,,,,
100,356,India,1016,Goats,1998,122991000,E,,,,
101,360,Indonesia,1016,Goats,1998,13560449,A,,,,
102,364,Iran (Islamic Republic of),1016,Goats,1998,25757000,A,,,,
103,368,Iraq,1016,Goats,1998,1450000,E,,,,
105,376,Israel,1016,Goats,1998,74000,A,,,,
106,380,Italy,1016,Goats,1998,1347000,A,,,,
109,388,Jamaica,1016,Goats,1998,440000,E,,,,
110,392,Japan,1016,Goats,1998,29000,E,,,,
112,400,Jordan,1016,Goats,1998,631408,A,,,,
114,404,Kenya,1016,Goats,1998,9674381,A,,,,
118,414,Kuwait,1016,Goats,1998,129754,A,,,,
120,418,Lao People's Democratic Republic,1016,Goats,1998,122100,A,,,,
121,422,Lebanon,1016,Goats,1998,466339,A,,,,
122,426,Lesotho,1016,Goats,1998,546351,A,,,,
123,430,Liberia,1016,Goats,1998,220000,E,,,,
124,434,Libya,1016,Goats,1998,1250000,A,,,,
129,450,Madagascar,1016,Goats,1998,1250000,E,,,,
130,454,Malawi,1016,Goats,1998,1597536,A,,,,
131,458,Malaysia,1016,Goats,1998,236248,A,,,,
133,466,Mali,1016,Goats,1998,7500000,E,,,,
134,470,Malta,1016,Goats,1998,7500,E,,,,
136,478,Mauritania,1016,Goats,1998,4555000,X,,,,
137,480,Mauritius,1016,Goats,1998,92000,E,,,,
138,484,Mexico,1016,Goats,1998,9039907,A,,,,
141,496,Mongolia,1016,Goats,1998,10265300,A,,,,
143,504,Morocco,1016,Goats,1998,4959200,A,,,,
144,508,Mozambique,1016,Goats,1998,4500000,E,,,,
28,104,Myanmar,1016,Goats,1998,1318695,A,,,,
147,516,Namibia,1016,Goats,1998,1710190,A,,,,
149,524,Nepal,1016,Goats,1998,6080060,A,,,,
150,528,Netherlands (Kingdom of the),1016,Goats,1998,130000,A,,,,
153,540,New Caledonia,1016,Goats,1998,10000,E,,,,
156,554,New Zealand,1016,Goats,1998,228000,A,,,,
157,558,Nicaragua,1016,Goats,1998,6400,E,,,,
158,562,Niger,1016,Goats,1998,8540161,A,,,,
159,566,Nigeria,1016,Goats,1998,37500000,E,,,,
162,578,Norway,1016,Goats,1998,79762,A,,,,
221,512,Oman,1016,Goats,1998,940000,A,,,,
165,586,Pakistan,1016,Goats,1998,44183000,A,,,,
166,591,Panama,1016,Goats,1998,5200,E,,,,
168,598,Papua New Guinea,1016,Goats,1998,2200,X,,,,
169,600,Paraguay,1016,Goats,1998,123250,A,,,,
170,604,Peru,1016,Goats,1998,2019440,A,,,,
171,608,Philippines,1016,Goats,1998,6000000,E,,,,
174,620,Portugal,1016,Goats,1998,673000,A,,,,
177,630,Puerto Rico,1016,Goats,1998,9157,A,,,,
179,634,Qatar,1016,Goats,1998,175046,A,,,,
117,410,Republic of Korea,1016,Goats,1998,538539,A,,,,
183,642,Romania,1016,Goats,1998,610000,A,,,,
184,646,Rwanda,1016,Goats,1998,629009,A,,,,
188,659,Saint Kitts and Nevis,1016,Goats,1998,14400,E,,,,
189,662,Saint Lucia,1016,Goats,1998,9800,E,,,,
191,670,Saint Vincent and the Grenadines,1016,Goats,1998,6000,E,,,,
193,678,Sao Tome and Principe,1016,Goats,1998,4700,E,,,,
194,682,Saudi Arabia,1016,Goats,1998,4350000,A,,,,
195,686,Senegal,1016,Goats,1998,3703000,A,,,,
196,690,Seychelles,1016,Goats,1998,5100,E,,,,
197,694,Sierra Leone,1016,Goats,1998,195000,E,,,,
200,702,Singapore,1016,Goats,1998,550,E,,,,
201,706,Somalia,1016,Goats,1998,12500000,E,,,,
202,710,South Africa,1016,Goats,1998,6558435,A,,,,
203,724,Spain,1016,Goats,1998,3007000,A,,,,
38,144,Sri Lanka,1016,Goats,1998,519300,A,,,,
207,740,Suriname,1016,Goats,1998,7490,A,,,,
211,756,Switzerland,1016,Goats,1998,64606,A,,,,
212,760,Syrian Arab Republic,1016,Goats,1998,1100983,A,,,,
216,764,Thailand,1016,Goats,1998,130904,A,,,,
176,626,Timor-Leste,1016,Goats,1998,218375,A,,,,
217,768,Togo,1016,Goats,1998,1292233,A,,,,
219,776,Tonga,1016,Goats,1998,12000,E,,,,
220,780,Trinidad and Tobago,1016,Goats,1998,58150,E,,,,
222,788,Tunisia,1016,Goats,1998,1232000,A,,,,
227,798,Tuvalu,1016,Goats,1998,,M,,,,
223,792,Türkiye,1016,Goats,1998,8057000,A,,,,
226,800,Uganda,1016,Goats,1998,5999000,A,,,,
225,784,United Arab Emirates,1016,Goats,1998,1128180,A,,,,
229,826,United Kingdom of Great Britain and Northern Ireland,1016,Goats,1998,76500,A,,,,
215,834,United Republic of Tanzania,1016,Goats,1998,11034500,A,,,,
231,840,United States of America,1016,Goats,1998,1400000,A,,,,
234,858,Uruguay,1016,Goats,1998,14800,E,,,,
155,548,Vanuatu,1016,Goats,1998,12000,E,,,,
236,862,Venezuela (Bolivarian Republic of),1016,Goats,1998,1161236,A,,,,
237,704,Viet Nam,1016,Goats,1998,514300,A,,,,
249,887,Yemen,1016,Goats,1998,6653000,A,,,,
251,894,Zambia,1016,Goats,1998,890000,X,,,,
181,716,Zimbabwe,1016,Goats,1998,2750000,A,,,,
73,268,Georgia,1016,Goats,1999,65000,A,,,,
135,474,Martinique,1016,Goats,1999,17000,E,,,,
173,616,Poland,1016,Goats,1999,190000,E,,,,
235,860,Uzbekistan,1016,Goats,1999,1030400,A,,,,
1,51,Armenia,1016,Goats,1999,38300,X,,,,
87,312,Guadeloupe,1016,Goats,1999,28182,A,,,,
98,191,Croatia,1016,Goats,1999,78000,A,,,,
80,70,Bosnia and Herzegovina,1016,Goats,1999,102000,E,,,,
154,807,North Macedonia,1016,Goats,1999,,M,,,,
104,372,Ireland,1016,Goats,1999,13500,A,,,,
206,736,Sudan (former),1016,Goats,1999,37346000,A,,,,
108,398,Kazakhstan,1016,Goats,1999,835200,A,,,,
199,703,Slovakia,1016,Goats,1999,50905,A,,,,
146,498,Republic of Moldova,1016,Goats,1999,94000,A,,,,
52,31,Azerbaijan,1016,Goats,1999,409100,A,,,,
299,275,Palestine,1016,Goats,1999,295033,A,,,,
126,440,Lithuania,1016,Goats,1999,23700,A,,,,
198,705,Slovenia,1016,Goats,1999,16805,A,,,,
186,891,Serbia and Montenegro,1016,Goats,1999,326000,A,,,,
63,233,Estonia,1016,Goats,1999,2100,A,,,,
185,643,Russian Federation,1016,Goats,1999,2143900,A,,,,
208,762,Tajikistan,1016,Goats,1999,701300,A,,,,
213,795,Turkmenistan,1016,Goats,1999,450000,E,,,,
57,112,Belarus,1016,Goats,1999,56300,A,,,,
119,428,Latvia,1016,Goats,1999,10500,A,,,,
178,232,Eritrea,1016,Goats,1999,1700000,E,,,,
182,638,Réunion,1016,Goats,1999,37476,A,,,,
15,58,Belgium-Luxembourg,1016,Goats,1999,13000,A,,,,
69,254,French Guiana,1016,Goats,1999,800,E,,,,
145,583,Micronesia (Federated States of),1016,Goats,1999,4000,E,,,,
167,203,Czechia,1016,Goats,1999,33900,A,,,,
230,804,Ukraine,1016,Goats,1999,827600,A,,,,
113,417,Kyrgyzstan,1016,Goats,1999,502080,A,,,,
238,231,Ethiopia,1016,Goats,1999,9544320,A,,,,
2,4,Afghanistan,1016,Goats,1999,7372893,A,,,,
3,8,Albania,1016,Goats,1999,1120000,A,,,,
4,12,Algeria,1016,Goats,1999,3061660,A,,,,
7,24,Angola,1016,Goats,1999,2000000,X,,,,
8,28,Antigua and Barbuda,1016,Goats,1999,26483,I,,,,
9,32,Argentina,1016,Goats,1999,3402700,A,,,,
10,36,Australia,1016,Goats,1999,1575000,E,,,,
11,40,Austria,1016,Goats,1999,54244,A,,,,
12,44,Bahamas,1016,Goats,1999,14459,A,,,,
13,48,Bahrain,1016,Goats,1999,17000,E,,,,
16,50,Bangladesh,1016,Goats,1999,31730820,I,,,,
14,52,Barbados,1016,Goats,1999,4300,E,,,,
23,84,Belize,1016,Goats,1999,130,E,,,,
53,204,Benin,1016,Goats,1999,1175891,A,,,,
18,64,Bhutan,1016,Goats,1999,36007,A,,,,
19,68,Bolivia (Plurinational State of),1016,Goats,1999,1672516,A,,,,
20,72,Botswana,1016,Goats,1999,1916000,A,,,,
21,76,Brazil,1016,Goats,1999,8622935,A,,,,
26,96,Brunei Darussalam,1016,Goats,1999,3614,A,,,,
27,100,Bulgaria,1016,Goats,1999,1047611,A,,,,
233,854,Burkina Faso,1016,Goats,1999,8395427,A,,,,
29,108,Burundi,1016,Goats,1999,775801,A,,,,
35,132,Cabo Verde,1016,Goats,1999,112000,A,,,,
32,120,Cameroon,1016,Goats,1999,3800000,A,,,,
33,124,Canada,1016,Goats,1999,30000,E,,,,
37,140,Central African Republic,1016,Goats,1999,2472000,A,,,,
39,148,Chad,1016,Goats,1999,11692000,E,,,,
40,152,Chile,1016,Goats,1999,700000,E,,,,
96,344,"China, Hong Kong SAR",1016,Goats,1999,200,E,,,,
214,158,"China, Taiwan Province of",1016,Goats,1999,363135,A,,,,
41,156,"China, mainland",1016,Goats,1999,141683000,A,,,,
44,170,Colombia,1016,Goats,1999,1114900,A,,,,
45,174,Comoros,1016,Goats,1999,170000,A,,,,
46,178,Congo,1016,Goats,1999,280000,E,,,,
47,184,Cook Islands,1016,Goats,1999,1757,I,,,,
48,188,Costa Rica,1016,Goats,1999,50000,E,,,,
49,192,Cuba,1016,Goats,1999,492600,A,,,,
50,196,Cyprus,1016,Goats,1999,346000,A,,,,
107,384,Côte d'Ivoire,1016,Goats,1999,1093904,A,,,,
116,408,Democratic People's Republic of Korea,1016,Goats,1999,1900000,A,,,,
250,180,Democratic Republic of the Congo,1016,Goats,1999,4196552,A,,,,
72,262,Djibouti,1016,Goats,1999,511000,A,,,,
55,212,Dominica,1016,Goats,1999,9700,E,,,,
56,214,Dominican Republic,1016,Goats,1999,163489,A,,,,
58,218,Ecuador,1016,Goats,1999,276565,A,,,,
59,818,Egypt,1016,Goats,1999,3308150,A,,,,
60,222,El Salvador,1016,Goats,1999,14000,E,,,,
61,226,Equatorial Guinea,1016,Goats,1999,8800,E,,,,
209,748,Eswatini,1016,Goats,1999,332939,A,,,,
66,242,Fiji,1016,Goats,1999,237170,A,,,,
67,246,Finland,1016,Goats,1999,7900,A,,,,
68,250,France,1016,Goats,1999,1199728,A,,,,
70,258,French Polynesia,1016,Goats,1999,16500,E,,,,
74,266,Gabon,1016,Goats,1999,90000,E,,,,
75,270,Gambia,1016,Goats,1999,149600,A,,,,
79,276,Germany,1016,Goats,1999,125000,A,,,,
81,288,Ghana,1016,Goats,1999,2931000,A,,,,
84,300,Greece,1016,Goats,1999,5614523,A,,,,
86,308,Grenada,1016,Goats,1999,7000,E,,,,
89,320,Guatemala,1016,Goats,1999,110800,A,,,,
90,324,Guinea,1016,Goats,1999,935248,A,,,,
175,624,Guinea-Bissau,1016,Goats,1999,325000,E,,,,
91,328,Guyana,1016,Goats,1999,79000,E,,,,
93,332,Haiti,1016,Goats,1999,1619000,E,,,,
95,340,Honduras,1016,Goats,1999,30000,E,,,,
97,348,Hungary,1016,Goats,1999,148800,A,,,,
99,352,Iceland,1016,Goats,1999,502,A,,,,
100,356,India,1016,Goats,1999,123262000,E,,,,
101,360,Indonesia,1016,Goats,1999,12701373,A,,,,
102,364,Iran (Islamic Republic of),1016,Goats,1999,25757000,A,,,,
103,368,Iraq,1016,Goats,1999,1400000,E,,,,
105,376,Israel,1016,Goats,1999,74500,A,,,,
106,380,Italy,1016,Goats,1999,1331000,A,,,,
109,388,Jamaica,1016,Goats,1999,440000,E,,,,
110,392,Japan,1016,Goats,1999,33000,E,,,,
112,400,Jordan,1016,Goats,1999,461393,A,,,,
114,404,Kenya,1016,Goats,1999,10967320,A,,,,
118,414,Kuwait,1016,Goats,1999,159036,A,,,,
120,418,Lao People's Democratic Republic,1016,Goats,1999,112400,A,,,,
121,422,Lebanon,1016,Goats,1999,435965,A,,,,
122,426,Lesotho,1016,Goats,1999,937600,A,,,,
123,430,Liberia,1016,Goats,1999,220000,E,,,,
124,434,Libya,1016,Goats,1999,1250000,A,,,,
129,450,Madagascar,1016,Goats,1999,1200000,E,,,,
130,454,Malawi,1016,Goats,1999,1427134,A,,,,
131,458,Malaysia,1016,Goats,1999,237680,A,,,,
133,466,Mali,1016,Goats,1999,8500000,E,,,,
134,470,Malta,1016,Goats,1999,6500,E,,,,
136,478,Mauritania,1016,Goats,1999,4867776,A,,,,
137,480,Mauritius,1016,Goats,1999,93000,E,,,,
138,484,Mexico,1016,Goats,1999,9068435,A,,,,
141,496,Mongolia,1016,Goats,1999,11061900,A,,,,
143,504,Morocco,1016,Goats,1999,4704400,A,,,,
144,508,Mozambique,1016,Goats,1999,4700000,E,,,,
28,104,Myanmar,1016,Goats,1999,1353344,A,,,,
147,516,Namibia,1016,Goats,1999,1689770,A,,,,
149,524,Nepal,1016,Goats,1999,6204616,A,,,,
150,528,Netherlands (Kingdom of the),1016,Goats,1999,145000,A,,,,
153,540,New Caledonia,1016,Goats,1999,10000,E,,,,
156,554,New Zealand,1016,Goats,1999,186390,A,,,,
157,558,Nicaragua,1016,Goats,1999,6400,E,,,,
158,562,Niger,1016,Goats,1999,8881767,A,,,,
159,566,Nigeria,1016,Goats,1999,40000000,E,,,,
162,578,Norway,1016,Goats,1999,78590,A,,,,
221,512,Oman,1016,Goats,1999,959000,A,,,,
165,586,Pakistan,1016,Goats,1999,45775000,A,,,,
166,591,Panama,1016,Goats,1999,5300,E,,,,
168,598,Papua New Guinea,1016,Goats,1999,2200,X,,,,
169,600,Paraguay,1016,Goats,1999,121774,A,,,,
170,604,Peru,1016,Goats,1999,2068260,A,,,,
171,608,Philippines,1016,Goats,1999,6125000,E,,,,
174,620,Portugal,1016,Goats,1999,676000,A,,,,
177,630,Puerto Rico,1016,Goats,1999,9000,E,,,,
179,634,Qatar,1016,Goats,1999,177348,A,,,,
117,410,Republic of Korea,1016,Goats,1999,461864,A,,,,
183,642,Romania,1016,Goats,1999,585000,A,,,,
184,646,Rwanda,1016,Goats,1999,704073,A,,,,
188,659,Saint Kitts and Nevis,1016,Goats,1999,14400,E,,,,
189,662,Saint Lucia,1016,Goats,1999,9800,E,,,,
191,670,Saint Vincent and the Grenadines,1016,Goats,1999,6000,E,,,,
193,678,Sao Tome and Principe,1016,Goats,1999,4750,E,,,,
194,682,Saudi Arabia,1016,Goats,1999,4305000,A,,,,
195,686,Senegal,1016,Goats,1999,3833000,A,,,,
196,690,Seychelles,1016,Goats,1999,5150,E,,,,
197,694,Sierra Leone,1016,Goats,1999,200000,E,,,,
200,702,Singapore,1016,Goats,1999,500,E,,,,
201,706,Somalia,1016,Goats,1999,12000000,E,,,,
202,710,South Africa,1016,Goats,1999,6457064,A,,,,
203,724,Spain,1016,Goats,1999,2779000,A,,,,
38,144,Sri Lanka,1016,Goats,1999,514400,A,,,,
207,740,Suriname,1016,Goats,1999,7710,A,,,,
211,756,Switzerland,1016,Goats,1999,66007,A,,,,
212,760,Syrian Arab Republic,1016,Goats,1999,1045576,A,,,,
216,764,Thailand,1016,Goats,1999,132845,A,,,,
176,626,Timor-Leste,1016,Goats,1999,189013,X,,,,
217,768,Togo,1016,Goats,1999,1356800,A,,,,
219,776,Tonga,1016,Goats,1999,12470,X,,,,
220,780,Trinidad and Tobago,1016,Goats,1999,58150,E,,,,
222,788,Tunisia,1016,Goats,1999,1314800,A,,,,
227,798,Tuvalu,1016,Goats,1999,,M,,,,
223,792,Türkiye,1016,Goats,1999,7774000,A,,,,
226,800,Uganda,1016,Goats,1999,6180000,A,,,,
225,784,United Arab Emirates,1016,Goats,1999,1207160,A,,,,
229,826,United Kingdom of Great Britain and Northern Ireland,1016,Goats,1999,80329,A,,,,
215,834,United Republic of Tanzania,1016,Goats,1999,11643000,A,,,,
231,840,United States of America,1016,Goats,1999,2250000,E,,,,
234,858,Uruguay,1016,Goats,1999,14800,E,,,,
155,548,Vanuatu,1016,Goats,1999,12000,E,,,,
236,862,Venezuela (Bolivarian Republic of),1016,Goats,1999,1180521,A,,,,
237,704,Viet Nam,1016,Goats,1999,470800,A,,,,
249,887,Yemen,1016,Goats,1999,6840000,A,,,,
251,894,Zambia,1016,Goats,1999,1069000,X,,,,
181,716,Zimbabwe,1016,Goats,1999,2909870,A,,,,
63,233,Estonia,1016,Goats,2000,2700,A,,,,
154,807,North Macedonia,1016,Goats,2000,64500,E,,,,
182,638,Réunion,1016,Goats,2000,37594,A,,,,
199,703,Slovakia,1016,Goats,2000,51075,A,,,,
256,442,Luxembourg,1016,Goats,2000,297,A,,,,
198,705,Slovenia,1016,Goats,2000,14643,A,,,,
1,51,Armenia,1016,Goats,2000,40977,A,,,,
73,268,Georgia,1016,Goats,2000,80100,A,,,,
135,474,Martinique,1016,Goats,2000,11391,A,,,,
238,231,Ethiopia,1016,Goats,2000,8597770,A,,,,
255,56,Belgium,1016,Goats,2000,16248,A,,,,
126,440,Lithuania,1016,Goats,2000,24700,A,,,,
299,275,Palestine,1016,Goats,2000,308845,A,,,,
186,891,Serbia and Montenegro,1016,Goats,2000,241000,A,,,,
57,112,Belarus,1016,Goats,2000,58300,A,,,,
52,31,Azerbaijan,1016,Goats,2000,494151,A,,,,
178,232,Eritrea,1016,Goats,2000,1700000,E,,,,
87,312,Guadeloupe,1016,Goats,2000,33880,A,,,,
145,583,Micronesia (Federated States of),1016,Goats,2000,4000,E,,,,
235,860,Uzbekistan,1016,Goats,2000,1103100,A,,,,
69,254,French Guiana,1016,Goats,2000,800,E,,,,
173,616,Poland,1016,Goats,2000,190000,E,,,,
80,70,Bosnia and Herzegovina,1016,Goats,2000,97700,E,,,,
104,372,Ireland,1016,Goats,2000,8100,A,,,,
185,643,Russian Federation,1016,Goats,2000,2154053,A,,,,
98,191,Croatia,1016,Goats,2000,79393,A,,,,
108,398,Kazakhstan,1016,Goats,2000,931300,A,,,,
146,498,Republic of Moldova,1016,Goats,2000,99815,A,,,,
167,203,Czechia,1016,Goats,2000,31988,A,,,,
213,795,Turkmenistan,1016,Goats,2000,500000,E,,,,
230,804,Ukraine,1016,Goats,2000,825200,A,,,,
113,417,Kyrgyzstan,1016,Goats,2000,542713,A,,,,
119,428,Latvia,1016,Goats,2000,8100,A,,,,
206,736,Sudan (former),1016,Goats,2000,38548000,A,,,,
208,762,Tajikistan,1016,Goats,2000,705800,A,,,,
2,4,Afghanistan,1016,Goats,2000,7300000,E,,,,
3,8,Albania,1016,Goats,2000,1104000,A,,,,
4,12,Algeria,1016,Goats,2000,3026731,A,,,,
7,24,Angola,1016,Goats,2000,2150000,X,,,,
8,28,Antigua and Barbuda,1016,Goats,2000,34026,A,,,,
9,32,Argentina,1016,Goats,2000,3490200,A,,,,
10,36,Australia,1016,Goats,2000,1905000,E,,,,
11,40,Austria,1016,Goats,2000,57993,A,,,,
12,44,Bahamas,1016,Goats,2000,13580,A,,,,
13,48,Bahrain,1016,Goats,2000,19000,E,,,,
16,50,Bangladesh,1016,Goats,2000,29600283,I,,,,
14,52,Barbados,1016,Goats,2000,4600,E,,,,
23,84,Belize,1016,Goats,2000,140,E,,,,
53,204,Benin,1016,Goats,2000,1240225,A,,,,
18,64,Bhutan,1016,Goats,2000,31328,A,,,,
19,68,Bolivia (Plurinational State of),1016,Goats,2000,1700611,A,,,,
20,72,Botswana,1016,Goats,2000,1900000,E,,,,
21,76,Brazil,1016,Goats,2000,9346813,A,,,,
26,96,Brunei Darussalam,1016,Goats,2000,2844,A,,,,
27,100,Bulgaria,1016,Goats,2000,1046286,A,,,,
233,854,Burkina Faso,1016,Goats,2000,8647280,A,,,,
29,108,Burundi,1016,Goats,2000,868039,A,,,,
35,132,Cabo Verde,1016,Goats,2000,110000,A,,,,
32,120,Cameroon,1016,Goats,2000,4410000,A,,,,
33,124,Canada,1016,Goats,2000,30000,E,,,,
37,140,Central African Republic,1016,Goats,2000,2614000,A,,,,
39,148,Chad,1016,Goats,2000,12414000,E,,,,
40,152,Chile,1016,Goats,2000,740000,E,,,,
96,344,"China, Hong Kong SAR",1016,Goats,2000,200,E,,,,
214,158,"China, Taiwan Province of",1016,Goats,2000,315045,A,,,,
41,156,"China, mainland",1016,Goats,2000,148163000,A,,,,
44,170,Colombia,1016,Goats,2000,1185000,A,,,,
45,174,Comoros,1016,Goats,2000,113150,A,,,,
46,178,Congo,1016,Goats,2000,280000,E,,,,
47,184,Cook Islands,1016,Goats,2000,1415,I,,,,
48,188,Costa Rica,1016,Goats,2000,50000,E,,,,
49,192,Cuba,1016,Goats,2000,715100,A,,,,
50,196,Cyprus,1016,Goats,2000,378600,A,,,,
107,384,Côte d'Ivoire,1016,Goats,2000,1093904,A,,,,
116,408,Democratic People's Republic of Korea,1016,Goats,2000,2276000,A,,,,
250,180,Democratic Republic of the Congo,1016,Goats,2000,4131231,A,,,,
72,262,Djibouti,1016,Goats,2000,511320,A,,,,
55,212,Dominica,1016,Goats,2000,9700,E,,,,
56,214,Dominican Republic,1016,Goats,2000,178425,A,,,,
58,218,Ecuador,1016,Goats,2000,178367,A,,,,
59,818,Egypt,1016,Goats,2000,3424756,A,,,,
60,222,El Salvador,1016,Goats,2000,13000,E,,,,
61,226,Equatorial Guinea,1016,Goats,2000,8900,E,,,,
209,748,Eswatini,1016,Goats,2000,421800,A,,,,
66,242,Fiji,1016,Goats,2000,240931,A,,,,
67,246,Finland,1016,Goats,2000,8564,A,,,,
68,250,France,1016,Goats,2000,1210517,A,,,,
70,258,French Polynesia,1016,Goats,2000,16500,E,,,,
74,266,Gabon,1016,Goats,2000,91000,E,,,,
75,270,Gambia,1016,Goats,2000,145112,A,,,,
79,276,Germany,1016,Goats,2000,135000,A,,,,
81,288,Ghana,1016,Goats,2000,3077000,A,,,,
84,300,Greece,1016,Goats,2000,5614453,A,,,,
86,308,Grenada,1016,Goats,2000,7000,E,,,,
89,320,Guatemala,1016,Goats,2000,111400,A,,,,
90,324,Guinea,1016,Goats,2000,1008456,A,,,,
175,624,Guinea-Bissau,1016,Goats,2000,325000,E,,,,
91,328,Guyana,1016,Goats,2000,79000,E,,,,
93,332,Haiti,1016,Goats,2000,1941840,A,,,,
95,340,Honduras,1016,Goats,2000,31000,E,,,,
97,348,Hungary,1016,Goats,2000,189000,A,,,,
99,352,Iceland,1016,Goats,2000,416,A,,,,
100,356,India,1016,Goats,2000,123533000,E,,,,
101,360,Indonesia,1016,Goats,2000,12565569,A,,,,
102,364,Iran (Islamic Republic of),1016,Goats,2000,25757000,A,,,,
103,368,Iraq,1016,Goats,2000,1300000,A,,,,
105,376,Israel,1016,Goats,2000,62000,A,,,,
106,380,Italy,1016,Goats,2000,1397000,A,,,,
109,388,Jamaica,1016,Goats,2000,440000,E,,,,
110,392,Japan,1016,Goats,2000,35000,E,,,,
112,400,Jordan,1016,Goats,2000,472459,A,,,,
114,404,Kenya,1016,Goats,2000,10004400,A,,,,
118,414,Kuwait,1016,Goats,2000,191928,A,,,,
120,418,Lao People's Democratic Republic,1016,Goats,2000,121700,A,,,,
121,422,Lebanon,1016,Goats,2000,417000,A,,,,
122,426,Lesotho,1016,Goats,2000,830258,A,,,,
123,430,Liberia,1016,Goats,2000,220000,E,,,,
124,434,Libya,1016,Goats,2000,1263000,X,,,,
129,450,Madagascar,1016,Goats,2000,1033270,A,,,,
130,454,Malawi,1016,Goats,2000,1689485,A,,,,
131,458,Malaysia,1016,Goats,2000,237113,A,,,,
133,466,Mali,1016,Goats,2000,9500000,E,,,,
134,470,Malta,1016,Goats,2000,5000,A,,,,
136,478,Mauritania,1016,Goats,2000,5086826,A,,,,
137,480,Mauritius,1016,Goats,2000,73000,E,,,,
138,484,Mexico,1016,Goats,2000,8704231,A,,,,
141,496,Mongolia,1016,Goats,2000,11033900,A,,,,
143,504,Morocco,1016,Goats,2000,4930700,A,,,,
144,508,Mozambique,1016,Goats,2000,5046637,A,,,,
28,104,Myanmar,1016,Goats,2000,1392482,A,,,,
147,516,Namibia,1016,Goats,2000,1849569,A,,,,
149,524,Nepal,1016,Goats,2000,6325144,A,,,,
150,528,Netherlands (Kingdom of the),1016,Goats,2000,165000,A,,,,
153,540,New Caledonia,1016,Goats,2000,10000,E,,,,
156,554,New Zealand,1016,Goats,2000,182840,A,,,,
157,558,Nicaragua,1016,Goats,2000,6500,E,,,,
158,562,Niger,1016,Goats,2000,9237038,A,,,,
159,566,Nigeria,1016,Goats,2000,42500000,E,,,,
162,578,Norway,1016,Goats,2000,76373,A,,,,
221,512,Oman,1016,Goats,2000,979000,A,,,,
165,586,Pakistan,1016,Goats,2000,47426000,A,,,,
166,591,Panama,1016,Goats,2000,5200,A,,,,
168,598,Papua New Guinea,1016,Goats,2000,2300,X,,,,
169,600,Paraguay,1016,Goats,2000,122992,A,,,,
170,604,Peru,1016,Goats,2000,2034914,A,,,,
171,608,Philippines,1016,Goats,2000,6245000,E,,,,
174,620,Portugal,1016,Goats,2000,630000,A,,,,
177,630,Puerto Rico,1016,Goats,2000,9000,E,,,,
179,634,Qatar,1016,Goats,2000,178490,A,,,,
117,410,Republic of Korea,1016,Goats,2000,444833,A,,,,
183,642,Romania,1016,Goats,2000,558000,A,,,,
184,646,Rwanda,1016,Goats,2000,756502,A,,,,
188,659,Saint Kitts and Nevis,1016,Goats,2000,14425,A,,,,
189,662,Saint Lucia,1016,Goats,2000,9800,E,,,,
191,670,Saint Vincent and the Grenadines,1016,Goats,2000,6000,E,,,,
193,678,Sao Tome and Principe,1016,Goats,2000,4800,E,,,,
194,682,Saudi Arabia,1016,Goats,2000,4529000,A,,,,
195,686,Senegal,1016,Goats,2000,3879000,A,,,,
196,690,Seychelles,1016,Goats,2000,5200,E,,,,
197,694,Sierra Leone,1016,Goats,2000,200000,E,,,,
200,702,Singapore,1016,Goats,2000,500,E,,,,
201,706,Somalia,1016,Goats,2000,12300000,E,,,,
202,710,South Africa,1016,Goats,2000,6706104,A,,,,
203,724,Spain,1016,Goats,2000,2627000,A,,,,
38,144,Sri Lanka,1016,Goats,2000,495200,A,,,,
207,740,Suriname,1016,Goats,2000,6930,A,,,,
211,756,Switzerland,1016,Goats,2000,66972,A,,,,
212,760,Syrian Arab Republic,1016,Goats,2000,1049539,A,,,,
216,764,Thailand,1016,Goats,2000,144227,A,,,,
176,626,Timor-Leste,1016,Goats,2000,75000,E,,,,
217,768,Togo,1016,Goats,2000,1424700,A,,,,
219,776,Tonga,1016,Goats,2000,12500,E,,,,
220,780,Trinidad and Tobago,1016,Goats,2000,58160,E,,,,
222,788,Tunisia,1016,Goats,2000,1447590,A,,,,
227,798,Tuvalu,1016,Goats,2000,,M,,,,
223,792,Türkiye,1016,Goats,2000,7201000,A,,,,
226,800,Uganda,1016,Goats,2000,6396000,A,,,,
225,784,United Arab Emirates,1016,Goats,2000,1278547,A,,,,
229,826,United Kingdom of Great Britain and Northern Ireland,1016,Goats,2000,77164,A,,,,
215,834,United Republic of Tanzania,1016,Goats,2000,11888955,A,,,,
231,840,United States of America,1016,Goats,2000,2300000,E,,,,
234,858,Uruguay,1016,Goats,2000,15000,E,,,,
155,548,Vanuatu,1016,Goats,2000,12000,E,,,,
236,862,Venezuela (Bolivarian Republic of),1016,Goats,2000,1205123,A,,,,
237,704,Viet Nam,1016,Goats,2000,543867,A,,,,
249,887,Yemen,1016,Goats,2000,6918000,A,,,,
251,894,Zambia,1016,Goats,2000,1249000,X,,,,
181,716,Zimbabwe,1016,Goats,2000,3200000,E,,,,
63,233,Estonia,1016,Goats,2001,3200,A,,,,
154,807,North Macedonia,1016,Goats,2001,62500,E,,,,
173,616,Poland,1016,Goats,2001,190000,E,,,,
198,705,Slovenia,1016,Goats,2001,22041,A,,,,
213,795,Turkmenistan,1016,Goats,2001,570000,X,,,,
135,474,Martinique,1016,Goats,2001,14391,A,,,,
185,643,Russian Federation,1016,Goats,2001,2231398,A,,,,
186,891,Serbia and Montenegro,1016,Goats,2001,236658,A,,,,
299,275,Palestine,1016,Goats,2001,313583,A,,,,
80,70,Bosnia and Herzegovina,1016,Goats,2001,101000,E,,,,
98,191,Croatia,1016,Goats,2001,92943,A,,,,
146,498,Republic of Moldova,1016,Goats,2001,108565,A,,,,
199,703,Slovakia,1016,Goats,2001,51419,A,,,,
255,56,Belgium,1016,Goats,2001,20760,A,,,,
1,51,Armenia,1016,Goats,2001,42837,A,,,,
145,583,Micronesia (Federated States of),1016,Goats,2001,4000,E,,,,
52,31,Azerbaijan,1016,Goats,2001,532616,A,,,,
119,428,Latvia,1016,Goats,2001,10400,A,,,,
108,398,Kazakhstan,1016,Goats,2001,1041700,A,,,,
238,231,Ethiopia,1016,Goats,2001,9620890,A,,,,
178,232,Eritrea,1016,Goats,2001,1700000,E,,,,
57,112,Belarus,1016,Goats,2001,65000,A,,,,
87,312,Guadeloupe,1016,Goats,2001,47450,A,,,,
113,417,Kyrgyzstan,1016,Goats,2001,601429,A,,,,
182,638,Réunion,1016,Goats,2001,37160,A,,,,
230,804,Ukraine,1016,Goats,2001,911900,A,,,,
73,268,Georgia,1016,Goats,2001,80700,A,,,,
126,440,Lithuania,1016,Goats,2001,23000,A,,,,
104,372,Ireland,1016,Goats,2001,7800,A,,,,
235,860,Uzbekistan,1016,Goats,2001,1145400,A,,,,
167,203,Czechia,1016,Goats,2001,28477,A,,,,
206,736,Sudan (former),1016,Goats,2001,39952000,A,,,,
208,762,Tajikistan,1016,Goats,2001,743800,A,,,,
256,442,Luxembourg,1016,Goats,2001,311,A,,,,
69,254,French Guiana,1016,Goats,2001,800,E,,,,
2,4,Afghanistan,1016,Goats,2001,5003000,A,,,,
3,8,Albania,1016,Goats,2001,1026900,A,,,,
4,12,Algeria,1016,Goats,2001,3129400,A,,,,
7,24,Angola,1016,Goats,2001,2500000,E,,,,
8,28,Antigua and Barbuda,1016,Goats,2001,27009,I,,,,
9,32,Argentina,1016,Goats,2001,3386600,A,,,,
10,36,Australia,1016,Goats,2001,2140000,E,,,,
11,40,Austria,1016,Goats,2001,56105,A,,,,
12,44,Bahamas,1016,Goats,2001,13852,A,,,,
13,48,Bahrain,1016,Goats,2001,18000,E,,,,
16,50,Bangladesh,1016,Goats,2001,27237611,I,,,,
14,52,Barbados,1016,Goats,2001,4800,E,,,,
23,84,Belize,1016,Goats,2001,150,E,,,,
53,204,Benin,1016,Goats,2001,1266244,A,,,,
18,64,Bhutan,1016,Goats,2001,22950,A,,,,
19,68,Bolivia (Plurinational State of),1016,Goats,2001,1726858,A,,,,
20,72,Botswana,1016,Goats,2001,1887000,A,,,,
21,76,Brazil,1016,Goats,2001,9537439,A,,,,
26,96,Brunei Darussalam,1016,Goats,2001,2449,A,,,,
27,100,Bulgaria,1016,Goats,2001,970274,A,,,,
233,854,Burkina Faso,1016,Goats,2001,8906707,A,,,,
29,108,Burundi,1016,Goats,2001,984166,A,,,,
35,132,Cabo Verde,1016,Goats,2001,110000,E,,,,
32,120,Cameroon,1016,Goats,2001,4400000,E,,,,
33,124,Canada,1016,Goats,2001,30000,E,,,,
37,140,Central African Republic,1016,Goats,2001,2763000,A,,,,
39,148,Chad,1016,Goats,2001,13182000,E,,,,
40,152,Chile,1016,Goats,2001,705000,E,,,,
96,344,"China, Hong Kong SAR",1016,Goats,2001,200,E,,,,
214,158,"China, Taiwan Province of",1016,Goats,2001,284105,A,,,,
41,156,"China, mainland",1016,Goats,2001,149456000,A,,,,
44,170,Colombia,1016,Goats,2001,1135507,A,,,,
45,174,Comoros,1016,Goats,2001,113150,A,,,,
46,178,Congo,1016,Goats,2001,280000,E,,,,
47,184,Cook Islands,1016,Goats,2001,1086,I,,,,
48,188,Costa Rica,1016,Goats,2001,55000,E,,,,
49,192,Cuba,1016,Goats,2001,758900,A,,,,
50,196,Cyprus,1016,Goats,2001,427100,A,,,,
107,384,Côte d'Ivoire,1016,Goats,2001,1115782,A,,,,
116,408,Democratic People's Republic of Korea,1016,Goats,2001,2566000,A,,,,
250,180,Democratic Republic of the Congo,1016,Goats,2001,4067104,A,,,,
72,262,Djibouti,1016,Goats,2001,512090,A,,,,
55,212,Dominica,1016,Goats,2001,9700,E,,,,
56,214,Dominican Republic,1016,Goats,2001,187425,A,,,,
58,218,Ecuador,1016,Goats,2001,272560,A,,,,
59,818,Egypt,1016,Goats,2001,3497000,A,,,,
60,222,El Salvador,1016,Goats,2001,12000,E,,,,
61,226,Equatorial Guinea,1016,Goats,2001,9000,E,,,,
209,748,Eswatini,1016,Goats,2001,422000,E,,,,
66,242,Fiji,1016,Goats,2001,245749,A,,,,
67,246,Finland,1016,Goats,2001,7445,A,,,,
68,250,France,1016,Goats,2001,1230001,A,,,,
70,258,French Polynesia,1016,Goats,2001,16500,E,,,,
74,266,Gabon,1016,Goats,2001,90000,E,,,,
75,270,Gambia,1016,Goats,2001,228404,A,,,,
79,276,Germany,1016,Goats,2001,140000,A,,,,
81,288,Ghana,1016,Goats,2001,3199000,A,,,,
84,300,Greece,1016,Goats,2001,5638620,A,,,,
86,308,Grenada,1016,Goats,2001,7100,E,,,,
89,320,Guatemala,1016,Goats,2001,111500,E,,,,
90,324,Guinea,1016,Goats,2001,1076170,A,,,,
175,624,Guinea-Bissau,1016,Goats,2001,325000,E,,,,
91,328,Guyana,1016,Goats,2001,79000,E,,,,
93,332,Haiti,1016,Goats,2001,1942000,E,,,,
95,340,Honduras,1016,Goats,2001,32000,E,,,,
97,348,Hungary,1016,Goats,2001,103000,A,,,,
99,352,Iceland,1016,Goats,2001,416,A,,,,
100,356,India,1016,Goats,2001,123805000,E,,,,
101,360,Indonesia,1016,Goats,2001,12463889,A,,,,
102,364,Iran (Islamic Republic of),1016,Goats,2001,25757000,A,,,,
103,368,Iraq,1016,Goats,2001,743000,A,,,,
105,376,Israel,1016,Goats,2001,68000,A,,,,
106,380,Italy,1016,Goats,2001,923000,A,,,,
109,388,Jamaica,1016,Goats,2001,440000,E,,,,
110,392,Japan,1016,Goats,2001,31500,E,,,,
112,400,Jordan,1016,Goats,2001,425920,A,,,,
114,404,Kenya,1016,Goats,2001,10804245,A,,,,
118,414,Kuwait,1016,Goats,2001,168173,A,,,,
120,418,Lao People's Democratic Republic,1016,Goats,2001,124200,A,,,,
121,422,Lebanon,1016,Goats,2001,399183,A,,,,
122,426,Lesotho,1016,Goats,2001,826598,A,,,,
123,430,Liberia,1016,Goats,2001,220000,E,,,,
124,434,Libya,1016,Goats,2001,1263330,X,,,,
129,450,Madagascar,1016,Goats,2001,1179750,A,,,,
130,454,Malawi,1016,Goats,2001,1669669,A,,,,
131,458,Malaysia,1016,Goats,2001,234468,A,,,,
133,466,Mali,1016,Goats,2001,10340312,A,,,,
134,470,Malta,1016,Goats,2001,4800,E,,,,
136,478,Mauritania,1016,Goats,2001,5315738,A,,,,
137,480,Mauritius,1016,Goats,2001,70000,E,,,,
138,484,Mexico,1016,Goats,2001,8701861,A,,,,
141,496,Mongolia,1016,Goats,2001,10269800,A,,,,
143,504,Morocco,1016,Goats,2001,5133300,A,,,,
144,508,Mozambique,1016,Goats,2001,5046637,A,,,,
28,104,Myanmar,1016,Goats,2001,1439321,A,,,,
147,516,Namibia,1016,Goats,2001,1769060,A,,,,
149,524,Nepal,1016,Goats,2001,6478384,A,,,,
150,528,Netherlands (Kingdom of the),1016,Goats,2001,190000,A,,,,
153,540,New Caledonia,1016,Goats,2001,9000,E,,,,
156,554,New Zealand,1016,Goats,2001,163400,A,,,,
157,558,Nicaragua,1016,Goats,2001,6600,E,,,,
158,562,Niger,1016,Goats,2001,9606519,A,,,,
159,566,Nigeria,1016,Goats,2001,45260400,A,,,,
162,578,Norway,1016,Goats,2001,74993,A,,,,
221,512,Oman,1016,Goats,2001,998400,A,,,,
165,586,Pakistan,1016,Goats,2001,49140000,A,,,,
166,591,Panama,1016,Goats,2001,6165,A,,,,
168,598,Papua New Guinea,1016,Goats,2001,2400,X,,,,
169,600,Paraguay,1016,Goats,2001,124222,A,,,,
170,604,Peru,1016,Goats,2001,2017808,A,,,,
171,608,Philippines,1016,Goats,2001,6197000,E,,,,
174,620,Portugal,1016,Goats,2001,489000,A,,,,
177,630,Puerto Rico,1016,Goats,2001,9000,E,,,,
179,634,Qatar,1016,Goats,2001,139513,A,,,,
117,410,Republic of Korea,1016,Goats,2001,440416,A,,,,
183,642,Romania,1016,Goats,2001,538000,A,,,,
184,646,Rwanda,1016,Goats,2001,756581,A,,,,
188,659,Saint Kitts and Nevis,1016,Goats,2001,14400,E,,,,
189,662,Saint Lucia,1016,Goats,2001,9800,E,,,,
191,670,Saint Vincent and the Grenadines,1016,Goats,2001,6000,E,,,,
193,678,Sao Tome and Principe,1016,Goats,2001,4850,E,,,,
194,682,Saudi Arabia,1016,Goats,2001,5653000,A,,,,
195,686,Senegal,1016,Goats,2001,3995000,A,,,,
196,690,Seychelles,1016,Goats,2001,5250,E,,,,
197,694,Sierra Leone,1016,Goats,2001,153540,A,,,,
200,702,Singapore,1016,Goats,2001,700,E,,,,
201,706,Somalia,1016,Goats,2001,12700000,E,,,,
202,710,South Africa,1016,Goats,2001,6550000,E,,,,
203,724,Spain,1016,Goats,2001,2875659,A,,,,
38,144,Sri Lanka,1016,Goats,2001,492600,A,,,,
207,740,Suriname,1016,Goats,2001,7035,A,,,,
211,756,Switzerland,1016,Goats,2001,67693,A,,,,
212,760,Syrian Arab Republic,1016,Goats,2001,979325,A,,,,
216,764,Thailand,1016,Goats,2001,188497,A,,,,
176,626,Timor-Leste,1016,Goats,2001,79379,A,,,,
217,768,Togo,1016,Goats,2001,1450000,E,,,,
219,776,Tonga,1016,Goats,2001,12500,E,,,,
220,780,Trinidad and Tobago,1016,Goats,2001,58150,E,,,,
222,788,Tunisia,1016,Goats,2001,1450000,A,,,,
227,798,Tuvalu,1016,Goats,2001,,M,,,,
223,792,Türkiye,1016,Goats,2001,7022000,A,,,,
226,800,Uganda,1016,Goats,2001,6620000,A,,,,
225,784,United Arab Emirates,1016,Goats,2001,1354994,A,,,,
229,826,United Kingdom of Great Britain and Northern Ireland,1016,Goats,2001,76218,A,,,,
215,834,United Republic of Tanzania,1016,Goats,2001,12101990,A,,,,
231,840,United States of America,1016,Goats,2001,2400000,E,,,,
234,858,Uruguay,1016,Goats,2001,15000,E,,,,
155,548,Vanuatu,1016,Goats,2001,12000,E,,,,
236,862,Venezuela (Bolivarian Republic of),1016,Goats,2001,1224741,A,,,,
237,704,Viet Nam,1016,Goats,2001,572448,A,,,,
249,887,Yemen,1016,Goats,2001,7246000,A,,,,
251,894,Zambia,1016,Goats,2001,1400000,E,,,,
181,716,Zimbabwe,1016,Goats,2001,3657000,A,,,,
63,233,Estonia,1016,Goats,2002,3600,A,,,,
69,254,French Guiana,1016,Goats,2002,800,E,,,,
108,398,Kazakhstan,1016,Goats,2002,1271100,A,,,,
113,417,Kyrgyzstan,1016,Goats,2002,639759,A,,,,
299,275,Palestine,1016,Goats,2002,355387,A,,,,
98,191,Croatia,1016,Goats,2002,96534,A,,,,
135,474,Martinique,1016,Goats,2002,13176,A,,,,
52,31,Azerbaijan,1016,Goats,2002,555955,A,,,,
186,891,Serbia and Montenegro,1016,Goats,2002,225964,A,,,,
238,231,Ethiopia,1016,Goats,2002,11000000,E,,,,
87,312,Guadeloupe,1016,Goats,2002,48160,A,,,,
206,736,Sudan (former),1016,Goats,2002,41485000,A,,,,
255,56,Belgium,1016,Goats,2002,25015,A,,,,
230,804,Ukraine,1016,Goats,2002,997900,A,,,,
57,112,Belarus,1016,Goats,2002,66000,A,,,,
126,440,Lithuania,1016,Goats,2002,23700,A,,,,
256,442,Luxembourg,1016,Goats,2002,1103,A,,,,
154,807,North Macedonia,1016,Goats,2002,62000,E,,,,
145,583,Micronesia (Federated States of),1016,Goats,2002,4000,E,,,,
198,705,Slovenia,1016,Goats,2002,19900,A,,,,
185,643,Russian Federation,1016,Goats,2002,2319364,A,,,,
178,232,Eritrea,1016,Goats,2002,1700000,E,,,,
119,428,Latvia,1016,Goats,2002,11500,A,,,,
199,703,Slovakia,1016,Goats,2002,40386,A,,,,
235,860,Uzbekistan,1016,Goats,2002,1191100,A,,,,
1,51,Armenia,1016,Goats,2002,45950,A,,,,
104,372,Ireland,1016,Goats,2002,7700,A,,,,
173,616,Poland,1016,Goats,2002,190000,E,,,,
182,638,Réunion,1016,Goats,2002,37160,A,,,,
208,762,Tajikistan,1016,Goats,2002,779400,A,,,,
146,498,Republic of Moldova,1016,Goats,2002,111592,A,,,,
167,203,Czechia,1016,Goats,2002,13574,A,,,,
213,795,Turkmenistan,1016,Goats,2002,650000,E,,,,
73,268,Georgia,1016,Goats,2002,91700,A,,,,
80,70,Bosnia and Herzegovina,1016,Goats,2002,86000,E,,,,
2,4,Afghanistan,1016,Goats,2002,7281000,A,,,,
3,8,Albania,1016,Goats,2002,929000,A,,,,
4,12,Algeria,1016,Goats,2002,3280540,A,,,,
7,24,Angola,1016,Goats,2002,2750000,E,,,,
8,28,Antigua and Barbuda,1016,Goats,2002,26744,I,,,,
9,32,Argentina,1016,Goats,2002,4000000,A,,,,
10,36,Australia,1016,Goats,2002,2750000,E,,,,
11,40,Austria,1016,Goats,2002,59452,A,,,,
12,44,Bahamas,1016,Goats,2002,13700,E,,,,
13,48,Bahrain,1016,Goats,2002,22500,E,,,,
16,50,Bangladesh,1016,Goats,2002,24855840,I,,,,
14,52,Barbados,1016,Goats,2002,4900,E,,,,
23,84,Belize,1016,Goats,2002,160,E,,,,
53,204,Benin,1016,Goats,2002,1319651,A,,,,
18,64,Bhutan,1016,Goats,2002,24071,A,,,,
19,68,Bolivia (Plurinational State of),1016,Goats,2002,1769433,A,,,,
20,72,Botswana,1016,Goats,2002,1683000,A,,,,
21,76,Brazil,1016,Goats,2002,9429122,A,,,,
26,96,Brunei Darussalam,1016,Goats,2002,2799,A,,,,
27,100,Bulgaria,1016,Goats,2002,675292,A,,,,
233,854,Burkina Faso,1016,Goats,2002,9173072,A,,,,
29,108,Burundi,1016,Goats,2002,974543,A,,,,
35,132,Cabo Verde,1016,Goats,2002,112000,E,,,,
32,120,Cameroon,1016,Goats,2002,4400000,E,,,,
33,124,Canada,1016,Goats,2002,30000,E,,,,
37,140,Central African Republic,1016,Goats,2002,2921000,A,,,,
39,148,Chad,1016,Goats,2002,13996000,E,,,,
40,152,Chile,1016,Goats,2002,735000,E,,,,
96,344,"China, Hong Kong SAR",1016,Goats,2002,200,E,,,,
214,158,"China, Taiwan Province of",1016,Goats,2002,249729,A,,,,
41,156,"China, mainland",1016,Goats,2002,145623000,A,,,,
44,170,Colombia,1016,Goats,2002,1104980,A,,,,
45,174,Comoros,1016,Goats,2002,115000,E,,,,
46,178,Congo,1016,Goats,2002,294150,E,,,,
47,184,Cook Islands,1016,Goats,2002,1142,I,,,,
48,188,Costa Rica,1016,Goats,2002,60000,E,,,,
49,192,Cuba,1016,Goats,2002,866399,A,,,,
50,196,Cyprus,1016,Goats,2002,459500,A,,,,
107,384,Côte d'Ivoire,1016,Goats,2002,1138098,A,,,,
116,408,Democratic People's Republic of Korea,1016,Goats,2002,2693000,A,,,,
250,180,Democratic Republic of the Congo,1016,Goats,2002,4003880,A,,,,
72,262,Djibouti,1016,Goats,2002,512090,A,,,,
55,212,Dominica,1016,Goats,2002,9700,E,,,,
56,214,Dominican Republic,1016,Goats,2002,188012,A,,,,
58,218,Ecuador,1016,Goats,2002,154697,A,,,,
59,818,Egypt,1016,Goats,2002,3582000,A,,,,
60,222,El Salvador,1016,Goats,2002,10745,A,,,,
61,226,Equatorial Guinea,1016,Goats,2002,9000,E,,,,
209,748,Eswatini,1016,Goats,2002,350000,E,,,,
66,242,Fiji,1016,Goats,2002,250000,E,,,,
67,246,Finland,1016,Goats,2002,6600,A,,,,
68,250,France,1016,Goats,2002,1231557,A,,,,
70,258,French Polynesia,1016,Goats,2002,16500,E,,,,
74,266,Gabon,1016,Goats,2002,90000,E,,,,
75,270,Gambia,1016,Goats,2002,261965,A,,,,
79,276,Germany,1016,Goats,2002,160000,A,,,,
81,288,Ghana,1016,Goats,2002,3230000,A,,,,
84,300,Greece,1016,Goats,2002,5666550,A,,,,
86,308,Grenada,1016,Goats,2002,7100,E,,,,
89,320,Guatemala,1016,Goats,2002,110300,A,,,,
90,324,Guinea,1016,Goats,2002,1148431,A,,,,
175,624,Guinea-Bissau,1016,Goats,2002,325000,E,,,,
91,328,Guyana,1016,Goats,2002,79000,E,,,,
93,332,Haiti,1016,Goats,2002,1943000,E,,,,
95,340,Honduras,1016,Goats,2002,24924,A,,,,
97,348,Hungary,1016,Goats,2002,90200,A,,,,
99,352,Iceland,1016,Goats,2002,438,A,,,,
100,356,India,1016,Goats,2002,124077000,E,,,,
101,360,Indonesia,1016,Goats,2002,12549100,A,,,,
102,364,Iran (Islamic Republic of),1016,Goats,2002,25551000,A,,,,
103,368,Iraq,1016,Goats,2002,740000,E,,,,
105,376,Israel,1016,Goats,2002,70000,A,,,,
106,380,Italy,1016,Goats,2002,1025000,A,,,,
109,388,Jamaica,1016,Goats,2002,440000,E,,,,
110,392,Japan,1016,Goats,2002,28000,E,,,,
112,400,Jordan,1016,Goats,2002,557260,A,,,,
114,404,Kenya,1016,Goats,2002,11319430,A,,,,
118,414,Kuwait,1016,Goats,2002,146747,A,,,,
120,418,Lao People's Democratic Republic,1016,Goats,2002,127500,A,,,,
121,422,Lebanon,1016,Goats,2002,408933,A,,,,
122,426,Lesotho,1016,Goats,2002,789623,A,,,,
123,430,Liberia,1016,Goats,2002,220000,E,,,,
124,434,Libya,1016,Goats,2002,1400000,E,,,,
129,450,Madagascar,1016,Goats,2002,1220470,A,,,,
130,454,Malawi,1016,Goats,2002,1659966,A,,,,
131,458,Malaysia,1016,Goats,2002,234795,A,,,,
133,466,Mali,1016,Goats,2002,10340312,A,,,,
134,470,Malta,1016,Goats,2002,4938,A,,,,
136,478,Mauritania,1016,Goats,2002,5554940,A,,,,
137,480,Mauritius,1016,Goats,2002,55000,E,,,,
138,484,Mexico,1016,Goats,2002,9130350,A,,,,
141,496,Mongolia,1016,Goats,2002,9591300,A,,,,
143,504,Morocco,1016,Goats,2002,5090400,A,,,,
144,508,Mozambique,1016,Goats,2002,5039000,A,,,,
28,104,Myanmar,1016,Goats,2002,1541660,A,,,,
147,516,Namibia,1016,Goats,2002,2110092,A,,,,
149,524,Nepal,1016,Goats,2002,6606858,A,,,,
150,528,Netherlands (Kingdom of the),1016,Goats,2002,232000,A,,,,
153,540,New Caledonia,1016,Goats,2002,8130,A,,,,
156,554,New Zealand,1016,Goats,2002,153000,A,,,,
157,558,Nicaragua,1016,Goats,2002,6700,E,,,,
158,562,Niger,1016,Goats,2002,9990780,A,,,,
159,566,Nigeria,1016,Goats,2002,46400000,A,,,,
162,578,Norway,1016,Goats,2002,74311,A,,,,
221,512,Oman,1016,Goats,2002,1018200,A,,,,
165,586,Pakistan,1016,Goats,2002,50917000,A,,,,
166,591,Panama,1016,Goats,2002,6165,A,,,,
168,598,Papua New Guinea,1016,Goats,2002,2400,X,,,,
169,600,Paraguay,1016,Goats,2002,125464,A,,,,
170,604,Peru,1016,Goats,2002,1983128,A,,,,
171,608,Philippines,1016,Goats,2002,6250000,E,,,,
174,620,Portugal,1016,Goats,2002,470000,A,,,,
177,630,Puerto Rico,1016,Goats,2002,9000,E,,,,
179,634,Qatar,1016,Goats,2002,140797,A,,,,
117,410,Republic of Korea,1016,Goats,2002,444150,A,,,,
183,642,Romania,1016,Goats,2002,525100,A,,,,
184,646,Rwanda,1016,Goats,2002,919785,A,,,,
188,659,Saint Kitts and Nevis,1016,Goats,2002,14400,E,,,,
189,662,Saint Lucia,1016,Goats,2002,9800,A,,,,
191,670,Saint Vincent and the Grenadines,1016,Goats,2002,6000,E,,,,
193,678,Sao Tome and Principe,1016,Goats,2002,4900,E,,,,
194,682,Saudi Arabia,1016,Goats,2002,5593878,A,,,,
195,686,Senegal,1016,Goats,2002,3899972,A,,,,
196,690,Seychelles,1016,Goats,2002,5150,E,,,,
197,694,Sierra Leone,1016,Goats,2002,184248,A,,,,
200,702,Singapore,1016,Goats,2002,500,E,,,,
201,706,Somalia,1016,Goats,2002,12750000,E,,,,
202,710,South Africa,1016,Goats,2002,6452000,A,,,,
203,724,Spain,1016,Goats,2002,3046716,A,,,,
38,144,Sri Lanka,1016,Goats,2002,351382,X,,,,
207,740,Suriname,1016,Goats,2002,7341,A,,,,
211,756,Switzerland,1016,Goats,2002,70810,A,,,,
212,760,Syrian Arab Republic,1016,Goats,2002,931886,A,,,,
216,764,Thailand,1016,Goats,2002,177944,A,,,,
176,626,Timor-Leste,1016,Goats,2002,95000,E,,,,
217,768,Togo,1016,Goats,2002,1460000,E,,,,
219,776,Tonga,1016,Goats,2002,12500,E,,,,
220,780,Trinidad and Tobago,1016,Goats,2002,58500,E,,,,
222,788,Tunisia,1016,Goats,2002,1449000,A,,,,
227,798,Tuvalu,1016,Goats,2002,,M,,,,
223,792,Türkiye,1016,Goats,2002,6780094,A,,,,
226,800,Uganda,1016,Goats,2002,6851800,A,,,,
225,784,United Arab Emirates,1016,Goats,2002,1430176,A,,,,
229,826,United Kingdom of Great Britain and Northern Ireland,1016,Goats,2002,74784,A,,,,
215,834,United Republic of Tanzania,1016,Goats,2002,12324220,A,,,,
231,840,United States of America,1016,Goats,2002,2530466,A,,,,
234,858,Uruguay,1016,Goats,2002,15000,E,,,,
155,548,Vanuatu,1016,Goats,2002,13000,E,,,,
236,862,Venezuela (Bolivarian Republic of),1016,Goats,2002,1250852,A,,,,
237,704,Viet Nam,1016,Goats,2002,621913,A,,,,
249,887,Yemen,1016,Goats,2002,7318000,A,,,,
251,894,Zambia,1016,Goats,2002,1500000,E,,,,
181,716,Zimbabwe,1016,Goats,2002,3378000,A,,,,
63,233,Estonia,1016,Goats,2003,3900,A,,,,
98,191,Croatia,1016,Goats,2003,86087,A,,,,
69,254,French Guiana,1016,Goats,2003,800,E,,,,
238,231,Ethiopia,1016,Goats,2003,12000000,E,,,,
213,795,Turkmenistan,1016,Goats,2003,900000,X,,,,
135,474,Martinique,1016,Goats,2003,12678,A,,,,
146,498,Republic of Moldova,1016,Goats,2003,126336,A,,,,
182,638,Réunion,1016,Goats,2003,36651,A,,,,
1,51,Armenia,1016,Goats,2003,50022,A,,,,
73,268,Georgia,1016,Goats,2003,88300,A,,,,
178,232,Eritrea,1016,Goats,2003,1800000,E,,,,
57,112,Belarus,1016,Goats,2003,64400,A,,,,
199,703,Slovakia,1016,Goats,2003,40194,A,,,,
235,860,Uzbekistan,1016,Goats,2003,1287400,A,,,,
299,275,Palestine,1016,Goats,2003,392122,A,,,,
167,203,Czechia,1016,Goats,2003,12799,A,,,,
154,807,North Macedonia,1016,Goats,2003,62000,E,,,,
80,70,Bosnia and Herzegovina,1016,Goats,2003,81000,E,,,,
104,372,Ireland,1016,Goats,2003,7600,A,,,,
173,616,Poland,1016,Goats,2003,192470,A,,,,
185,643,Russian Federation,1016,Goats,2003,2357997,A,,,,
186,891,Serbia and Montenegro,1016,Goats,2003,224000,A,,,,
255,56,Belgium,1016,Goats,2003,26237,A,,,,
87,312,Guadeloupe,1016,Goats,2003,47860,X,,,,
145,583,Micronesia (Federated States of),1016,Goats,2003,4000,E,,,,
108,398,Kazakhstan,1016,Goats,2003,1485500,A,,,,
113,417,Kyrgyzstan,1016,Goats,2003,661304,A,,,,
119,428,Latvia,1016,Goats,2003,13200,A,,,,
256,442,Luxembourg,1016,Goats,2003,1878,A,,,,
198,705,Slovenia,1016,Goats,2003,21977,A,,,,
126,440,Lithuania,1016,Goats,2003,21966,A,,,,
206,736,Sudan (former),1016,Goats,2003,42030000,A,,,,
52,31,Azerbaijan,1016,Goats,2003,593979,A,,,,
208,762,Tajikistan,1016,Goats,2003,841900,A,,,,
230,804,Ukraine,1016,Goats,2003,1034300,A,,,,
2,4,Afghanistan,1016,Goats,2003,7425000,A,,,,
3,8,Albania,1016,Goats,2003,1015000,A,,,,
4,12,Algeria,1016,Goats,2003,3324740,A,,,,
7,24,Angola,1016,Goats,2003,3000000,E,,,,
8,28,Antigua and Barbuda,1016,Goats,2003,26453,I,,,,
9,32,Argentina,1016,Goats,2003,4200000,E,,,,
10,36,Australia,1016,Goats,2003,2530000,E,,,,
11,40,Austria,1016,Goats,2003,57842,A,,,,
12,44,Bahamas,1016,Goats,2003,14000,E,,,,
13,48,Bahrain,1016,Goats,2003,24000,E,,,,
16,50,Bangladesh,1016,Goats,2003,22491188,I,,,,
14,52,Barbados,1016,Goats,2003,5000,E,,,,
23,84,Belize,1016,Goats,2003,141,A,,,,
53,204,Benin,1016,Goats,2003,1306000,A,,,,
18,64,Bhutan,1016,Goats,2003,22950,A,,,,
19,68,Bolivia (Plurinational State of),1016,Goats,2003,1823106,A,,,,
20,72,Botswana,1016,Goats,2003,1355000,A,,,,
21,76,Brazil,1016,Goats,2003,9581653,A,,,,
26,96,Brunei Darussalam,1016,Goats,2003,3088,A,,,,
27,100,Bulgaria,1016,Goats,2003,754473,A,,,,
233,854,Burkina Faso,1016,Goats,2003,10035687,A,,,,
29,108,Burundi,1016,Goats,2003,960288,A,,,,
35,132,Cabo Verde,1016,Goats,2003,112337,A,,,,
32,120,Cameroon,1016,Goats,2003,4400000,E,,,,
33,124,Canada,1016,Goats,2003,30000,E,,,,
37,140,Central African Republic,1016,Goats,2003,3087000,A,,,,
39,148,Chad,1016,Goats,2003,14861000,E,,,,
40,152,Chile,1016,Goats,2003,715000,E,,,,
96,344,"China, Hong Kong SAR",1016,Goats,2003,400,E,,,,
214,158,"China, Taiwan Province of",1016,Goats,2003,241027,A,,,,
41,156,"China, mainland",1016,Goats,2003,148412000,A,,,,
44,170,Colombia,1016,Goats,2003,1105000,E,,,,
45,174,Comoros,1016,Goats,2003,115000,E,,,,
46,178,Congo,1016,Goats,2003,294200,E,,,,
47,184,Cook Islands,1016,Goats,2003,1200,A,,,,
48,188,Costa Rica,1016,Goats,2003,60000,E,,,,
49,192,Cuba,1016,Goats,2003,950504,A,,,,
50,196,Cyprus,1016,Goats,2003,407917,A,,,,
107,384,Côte d'Ivoire,1016,Goats,2003,1160860,A,,,,
116,408,Democratic People's Republic of Korea,1016,Goats,2003,2717000,A,,,,
250,180,Democratic Republic of the Congo,1016,Goats,2003,4009886,A,,,,
72,262,Djibouti,1016,Goats,2003,512000,E,,,,
55,212,Dominica,1016,Goats,2003,9700,E,,,,
56,214,Dominican Republic,1016,Goats,2003,188500,E,,,,
58,218,Ecuador,1016,Goats,2003,140940,A,,,,
59,818,Egypt,1016,Goats,2003,3811000,A,,,,
60,222,El Salvador,1016,Goats,2003,10750,E,,,,
61,226,Equatorial Guinea,1016,Goats,2003,9000,E,,,,
209,748,Eswatini,1016,Goats,2003,273576,X,,,,
66,242,Fiji,1016,Goats,2003,210000,E,,,,
67,246,Finland,1016,Goats,2003,6800,A,,,,
68,250,France,1016,Goats,2003,1224779,A,,,,
70,258,French Polynesia,1016,Goats,2003,16500,E,,,,
74,266,Gabon,1016,Goats,2003,90000,E,,,,
75,270,Gambia,1016,Goats,2003,297000,A,,,,
79,276,Germany,1016,Goats,2003,160000,A,,,,
81,288,Ghana,1016,Goats,2003,3560000,A,,,,
84,300,Greece,1016,Goats,2003,5669198,A,,,,
86,308,Grenada,1016,Goats,2003,7200,E,,,,
89,320,Guatemala,1016,Goats,2003,109800,A,,,,
90,324,Guinea,1016,Goats,2003,1225543,A,,,,
175,624,Guinea-Bissau,1016,Goats,2003,330000,E,,,,
91,328,Guyana,1016,Goats,2003,79000,E,,,,
93,332,Haiti,1016,Goats,2003,1943500,E,,,,
95,340,Honduras,1016,Goats,2003,24685,A,,,,
97,348,Hungary,1016,Goats,2003,86600,A,,,,
99,352,Iceland,1016,Goats,2003,361,A,,,,
100,356,India,1016,Goats,2003,124358000,A,,,,
101,360,Indonesia,1016,Goats,2003,12722100,A,,,,
102,364,Iran (Islamic Republic of),1016,Goats,2003,25679000,A,,,,
103,368,Iraq,1016,Goats,2003,715000,A,,,,
105,376,Israel,1016,Goats,2003,75000,A,,,,
106,380,Italy,1016,Goats,2003,988000,A,,,,
109,388,Jamaica,1016,Goats,2003,440000,E,,,,
110,392,Japan,1016,Goats,2003,22000,E,,,,
112,400,Jordan,1016,Goats,2003,547490,A,,,,
114,404,Kenya,1016,Goats,2003,11945492,A,,,,
118,414,Kuwait,1016,Goats,2003,193559,A,,,,
120,418,Lao People's Democratic Republic,1016,Goats,2003,136500,A,,,,
121,422,Lebanon,1016,Goats,2003,428035,A,,,,
122,426,Lesotho,1016,Goats,2003,775632,A,,,,
123,430,Liberia,1016,Goats,2003,220000,E,,,,
124,434,Libya,1016,Goats,2003,1800000,E,,,,
129,450,Madagascar,1016,Goats,2003,1251880,A,,,,
130,454,Malawi,1016,Goats,2003,1716822,A,,,,
131,458,Malaysia,1016,Goats,2003,246977,A,,,,
133,466,Mali,1016,Goats,2003,10857327,A,,,,
134,470,Malta,1016,Goats,2003,5163,A,,,,
136,478,Mauritania,1016,Goats,2003,5600000,E,,,,
137,480,Mauritius,1016,Goats,2003,56750,E,,,,
138,484,Mexico,1016,Goats,2003,8991752,A,,,,
141,496,Mongolia,1016,Goats,2003,8858000,A,,,,
143,504,Morocco,1016,Goats,2003,5208300,A,,,,
144,508,Mozambique,1016,Goats,2003,4747000,A,,,,
28,104,Myanmar,1016,Goats,2003,1621876,A,,,,
147,516,Namibia,1016,Goats,2003,2086812,A,,,,
149,524,Nepal,1016,Goats,2003,6791861,A,,,,
150,528,Netherlands (Kingdom of the),1016,Goats,2003,268000,A,,,,
153,540,New Caledonia,1016,Goats,2003,8100,E,,,,
156,554,New Zealand,1016,Goats,2003,179435,A,,,,
157,558,Nicaragua,1016,Goats,2003,6800,E,,,,
158,562,Niger,1016,Goats,2003,10390411,A,,,,
159,566,Nigeria,1016,Goats,2003,47551700,A,,,,
162,578,Norway,1016,Goats,2003,72393,A,,,,
221,512,Oman,1016,Goats,2003,1038600,A,,,,
165,586,Pakistan,1016,Goats,2003,52763000,A,,,,
166,591,Panama,1016,Goats,2003,6405,E,,,,
168,598,Papua New Guinea,1016,Goats,2003,3000,X,,,,
169,600,Paraguay,1016,Goats,2003,135501,A,,,,
170,604,Peru,1016,Goats,2003,1983302,A,,,,
171,608,Philippines,1016,Goats,2003,6200000,E,,,,
174,620,Portugal,1016,Goats,2003,444000,A,,,,
177,630,Puerto Rico,1016,Goats,2003,4918,A,,,,
179,634,Qatar,1016,Goats,2003,143613,A,,,,
117,410,Republic of Korea,1016,Goats,2003,483034,A,,,,
183,642,Romania,1016,Goats,2003,633000,A,,,,
184,646,Rwanda,1016,Goats,2003,941128,A,,,,
188,659,Saint Kitts and Nevis,1016,Goats,2003,14400,E,,,,
189,662,Saint Lucia,1016,Goats,2003,9800,E,,,,
191,670,Saint Vincent and the Grenadines,1016,Goats,2003,7000,A,,,,
193,678,Sao Tome and Principe,1016,Goats,2003,4900,E,,,,
194,682,Saudi Arabia,1016,Goats,2003,5478000,A,,,,
195,686,Senegal,1016,Goats,2003,3968736,A,,,,
196,690,Seychelles,1016,Goats,2003,5200,E,,,,
197,694,Sierra Leone,1016,Goats,2003,221098,A,,,,
200,702,Singapore,1016,Goats,2003,600,E,,,,
201,706,Somalia,1016,Goats,2003,13000000,E,,,,
202,710,South Africa,1016,Goats,2003,6358000,A,,,,
203,724,Spain,1016,Goats,2003,3163804,A,,,,
38,144,Sri Lanka,1016,Goats,2003,414900,A,,,,
207,740,Suriname,1016,Goats,2003,6450,A,,,,
211,756,Switzerland,1016,Goats,2003,72531,A,,,,
212,760,Syrian Arab Republic,1016,Goats,2003,1017300,A,,,,
216,764,Thailand,1016,Goats,2003,213917,A,,,,
176,626,Timor-Leste,1016,Goats,2003,111000,E,,,,
217,768,Togo,1016,Goats,2003,1470000,E,,,,
219,776,Tonga,1016,Goats,2003,12500,E,,,,
220,780,Trinidad and Tobago,1016,Goats,2003,58550,E,,,,
222,788,Tunisia,1016,Goats,2003,1379000,A,,,,
227,798,Tuvalu,1016,Goats,2003,,M,,,,
223,792,Türkiye,1016,Goats,2003,6771675,A,,,,
226,800,Uganda,1016,Goats,2003,7092000,A,,,,
225,784,United Arab Emirates,1016,Goats,2003,1495280,A,,,,
229,826,United Kingdom of Great Britain and Northern Ireland,1016,Goats,2003,93380,A,,,,
215,834,United Republic of Tanzania,1016,Goats,2003,12556240,A,,,,
231,840,United States of America,1016,Goats,2003,2530000,E,,,,
234,858,Uruguay,1016,Goats,2003,16000,E,,,,
155,548,Vanuatu,1016,Goats,2003,14500,E,,,,
236,862,Venezuela (Bolivarian Republic of),1016,Goats,2003,1279635,A,,,,
237,704,Viet Nam,1016,Goats,2003,780354,A,,,,
249,887,Yemen,1016,Goats,2003,7707000,A,,,,
251,894,Zambia,1016,Goats,2003,1700000,E,,,,
181,716,Zimbabwe,1016,Goats,2003,3260000,A,,,,
98,191,Croatia,1016,Goats,2004,126060,A,,,,
167,203,Czechia,1016,Goats,2004,11912,A,,,,
63,233,Estonia,1016,Goats,2004,3500,A,,,,
87,312,Guadeloupe,1016,Goats,2004,47860,X,,,,
108,398,Kazakhstan,1016,Goats,2004,1827000,A,,,,
119,428,Latvia,1016,Goats,2004,15000,A,,,,
145,583,Micronesia (Federated States of),1016,Goats,2004,4000,E,,,,
113,417,Kyrgyzstan,1016,Goats,2004,769548,A,,,,
135,474,Martinique,1016,Goats,2004,13500,E,,,,
199,703,Slovakia,1016,Goats,2004,39225,A,,,,
208,762,Tajikistan,1016,Goats,2004,919800,A,,,,
256,442,Luxembourg,1016,Goats,2004,2010,A,,,,
57,112,Belarus,1016,Goats,2004,63100,A,,,,
213,795,Turkmenistan,1016,Goats,2004,1500000,X,,,,
80,70,Bosnia and Herzegovina,1016,Goats,2004,72452,A,,,,
69,254,French Guiana,1016,Goats,2004,1308,A,,,,
182,638,Réunion,1016,Goats,2004,36153,A,,,,
1,51,Armenia,1016,Goats,2004,48297,A,,,,
73,268,Georgia,1016,Goats,2004,93400,A,,,,
173,616,Poland,1016,Goats,2004,175759,A,,,,
146,498,Republic of Moldova,1016,Goats,2004,120918,A,,,,
186,891,Serbia and Montenegro,1016,Goats,2004,195000,A,,,,
238,231,Ethiopia,1016,Goats,2004,14850646,A,,,,
185,643,Russian Federation,1016,Goats,2004,2385516,A,,,,
52,31,Azerbaijan,1016,Goats,2004,604112,A,,,,
104,372,Ireland,1016,Goats,2004,7500,A,,,,
206,736,Sudan (former),1016,Goats,2004,42179000,A,,,,
255,56,Belgium,1016,Goats,2004,25478,A,,,,
126,440,Lithuania,1016,Goats,2004,27205,A,,,,
198,705,Slovenia,1016,Goats,2004,23291,A,,,,
235,860,Uzbekistan,1016,Goats,2004,1421200,A,,,,
154,807,North Macedonia,1016,Goats,2004,62000,E,,,,
178,232,Eritrea,1016,Goats,2004,1850000,E,,,,
230,804,Ukraine,1016,Goats,2004,965400,A,,,,
299,275,Palestine,1016,Goats,2004,398821,A,,,,
2,4,Afghanistan,1016,Goats,2004,7648000,A,,,,
3,8,Albania,1016,Goats,2004,944000,A,,,,
4,12,Algeria,1016,Goats,2004,3450580,A,,,,
7,24,Angola,1016,Goats,2004,3100000,E,,,,
8,28,Antigua and Barbuda,1016,Goats,2004,26144,I,,,,
9,32,Argentina,1016,Goats,2004,4200000,E,,,,
10,36,Australia,1016,Goats,2004,2840000,E,,,,
11,40,Austria,1016,Goats,2004,54607,A,,,,
12,44,Bahamas,1016,Goats,2004,14500,E,,,,
13,48,Bahrain,1016,Goats,2004,25000,A,,,,
16,50,Bangladesh,1016,Goats,2004,20956474,I,,,,
14,52,Barbados,1016,Goats,2004,5100,E,,,,
23,84,Belize,1016,Goats,2004,165,E,,,,
53,204,Benin,1016,Goats,2004,1346000,A,,,,
18,64,Bhutan,1016,Goats,2004,23850,A,,,,
19,68,Bolivia (Plurinational State of),1016,Goats,2004,1871738,A,,,,
20,72,Botswana,1016,Goats,2004,1600000,E,,,,
21,76,Brazil,1016,Goats,2004,10046888,A,,,,
26,96,Brunei Darussalam,1016,Goats,2004,2353,A,,,,
27,100,Bulgaria,1016,Goats,2004,725308,A,,,,
233,854,Burkina Faso,1016,Goats,2004,10336735,A,,,,
29,108,Burundi,1016,Goats,2004,1108952,A,,,,
35,132,Cabo Verde,1016,Goats,2004,148094,A,,,,
32,120,Cameroon,1016,Goats,2004,4400000,E,,,,
33,124,Canada,1016,Goats,2004,30000,E,,,,
37,140,Central African Republic,1016,Goats,2004,3200000,E,,,,
39,148,Chad,1016,Goats,2004,15780000,E,,,,
40,152,Chile,1016,Goats,2004,725000,E,,,,
96,344,"China, Hong Kong SAR",1016,Goats,2004,500,E,,,,
214,158,"China, Taiwan Province of",1016,Goats,2004,249362,A,,,,
41,156,"China, mainland",1016,Goats,2004,149679000,A,,,,
44,170,Colombia,1016,Goats,2004,1107000,E,,,,
45,174,Comoros,1016,Goats,2004,115000,E,,,,
46,178,Congo,1016,Goats,2004,294200,E,,,,
47,184,Cook Islands,1016,Goats,2004,1450,I,,,,
48,188,Costa Rica,1016,Goats,2004,65000,E,,,,
49,192,Cuba,1016,Goats,2004,1046625,A,,,,
50,196,Cyprus,1016,Goats,2004,377977,A,,,,
107,384,Côte d'Ivoire,1016,Goats,2004,1184077,A,,,,
116,408,Democratic People's Republic of Korea,1016,Goats,2004,2736000,A,,,,
250,180,Democratic Republic of the Congo,1016,Goats,2004,4015901,A,,,,
72,262,Djibouti,1016,Goats,2004,512000,E,,,,
55,212,Dominica,1016,Goats,2004,9700,E,,,,
56,214,Dominican Republic,1016,Goats,2004,220500,E,,,,
58,218,Ecuador,1016,Goats,2004,135360,A,,,,
59,818,Egypt,1016,Goats,2004,3879000,A,,,,
60,222,El Salvador,1016,Goats,2004,15100,E,,,,
61,226,Equatorial Guinea,1016,Goats,2004,9000,E,,,,
209,748,Eswatini,1016,Goats,2004,348500,E,,,,
66,242,Fiji,1016,Goats,2004,310000,E,,,,
67,246,Finland,1016,Goats,2004,7300,A,,,,
68,250,France,1016,Goats,2004,1212570,A,,,,
70,258,French Polynesia,1016,Goats,2004,16500,E,,,,
74,266,Gabon,1016,Goats,2004,90000,E,,,,
75,270,Gambia,1016,Goats,2004,287000,A,,,,
79,276,Germany,1016,Goats,2004,165000,A,,,,
81,288,Ghana,1016,Goats,2004,3925000,A,,,,
84,300,Greece,1016,Goats,2004,5620778,A,,,,
86,308,Grenada,1016,Goats,2004,7200,E,,,,
89,320,Guatemala,1016,Goats,2004,109700,A,,,,
90,324,Guinea,1016,Goats,2004,1307834,A,,,,
175,624,Guinea-Bissau,1016,Goats,2004,330000,E,,,,
91,328,Guyana,1016,Goats,2004,79000,E,,,,
93,332,Haiti,1016,Goats,2004,1900000,E,,,,
95,340,Honduras,1016,Goats,2004,24446,A,,,,
97,348,Hungary,1016,Goats,2004,85200,A,,,,
99,352,Iceland,1016,Goats,2004,395,A,,,,
100,356,India,1016,Goats,2004,128213000,A,,,,
101,360,Indonesia,1016,Goats,2004,12780961,A,,,,
102,364,Iran (Islamic Republic of),1016,Goats,2004,25756000,A,,,,
103,368,Iraq,1016,Goats,2004,549000,A,,,,
105,376,Israel,1016,Goats,2004,75000,A,,,,
106,380,Italy,1016,Goats,2004,960994,A,,,,
109,388,Jamaica,1016,Goats,2004,440000,E,,,,
110,392,Japan,1016,Goats,2004,20000,E,,,,
112,400,Jordan,1016,Goats,2004,501120,A,,,,
114,404,Kenya,1016,Goats,2004,13390504,A,,,,
118,414,Kuwait,1016,Goats,2004,141662,A,,,,
120,418,Lao People's Democratic Republic,1016,Goats,2004,170600,A,,,,
121,422,Lebanon,1016,Goats,2004,432158,A,,,,
122,426,Lesotho,1016,Goats,2004,613235,A,,,,
123,430,Liberia,1016,Goats,2004,220000,E,,,,
124,434,Libya,1016,Goats,2004,2100000,E,,,,
129,450,Madagascar,1016,Goats,2004,1397450,A,,,,
130,454,Malawi,1016,Goats,2004,1922264,A,,,,
131,458,Malaysia,1016,Goats,2004,264394,A,,,,
133,466,Mali,1016,Goats,2004,11970209,A,,,,
134,470,Malta,1016,Goats,2004,5374,A,,,,
136,478,Mauritania,1016,Goats,2004,5600000,E,,,,
137,480,Mauritius,1016,Goats,2004,40000,E,,,,
138,484,Mexico,1016,Goats,2004,8852564,A,,,,
141,496,Mongolia,1016,Goats,2004,10652900,A,,,,
143,504,Morocco,1016,Goats,2004,5358600,A,,,,
144,508,Mozambique,1016,Goats,2004,4838451,A,,,,
28,104,Myanmar,1016,Goats,2004,1710631,A,,,,
147,516,Namibia,1016,Goats,2004,1997172,A,,,,
149,524,Nepal,1016,Goats,2004,6979875,A,,,,
150,528,Netherlands (Kingdom of the),1016,Goats,2004,290000,A,,,,
153,540,New Caledonia,1016,Goats,2004,8100,E,,,,
156,554,New Zealand,1016,Goats,2004,141206,A,,,,
157,558,Nicaragua,1016,Goats,2004,7000,E,,,,
158,562,Niger,1016,Goats,2004,10806028,A,,,,
159,566,Nigeria,1016,Goats,2004,48700000,A,,,,
162,578,Norway,1016,Goats,2004,71843,A,,,,
221,512,Oman,1016,Goats,2004,1059000,A,,,,
165,586,Pakistan,1016,Goats,2004,54679000,A,,,,
166,591,Panama,1016,Goats,2004,6645,E,,,,
168,598,Papua New Guinea,1016,Goats,2004,3000,E,,,,
169,600,Paraguay,1016,Goats,2004,159469,A,,,,
170,604,Peru,1016,Goats,2004,1971863,A,,,,
171,608,Philippines,1016,Goats,2004,6365000,E,,,,
174,620,Portugal,1016,Goats,2004,470000,A,,,,
177,630,Puerto Rico,1016,Goats,2004,2931,A,,,,
179,634,Qatar,1016,Goats,2004,146485,A,,,,
117,410,Republic of Korea,1016,Goats,2004,526512,A,,,,
183,642,Romania,1016,Goats,2004,678000,A,,,,
184,646,Rwanda,1016,Goats,2004,1263960,A,,,,
188,659,Saint Kitts and Nevis,1016,Goats,2004,14400,E,,,,
189,662,Saint Lucia,1016,Goats,2004,9800,E,,,,
191,670,Saint Vincent and the Grenadines,1016,Goats,2004,7000,E,,,,
193,678,Sao Tome and Principe,1016,Goats,2004,5000,E,,,,
194,682,Saudi Arabia,1016,Goats,2004,5654000,A,,,,
195,686,Senegal,1016,Goats,2004,4024922,A,,,,
196,690,Seychelles,1016,Goats,2004,5200,E,,,,
197,694,Sierra Leone,1016,Goats,2004,265317,A,,,,
200,702,Singapore,1016,Goats,2004,600,E,,,,
201,706,Somalia,1016,Goats,2004,13800000,E,,,,
202,710,South Africa,1016,Goats,2004,6372000,A,,,,
203,724,Spain,1016,Goats,2004,2833221,A,,,,
38,144,Sri Lanka,1016,Goats,2004,405390,A,,,,
207,740,Suriname,1016,Goats,2004,6428,A,,,,
211,756,Switzerland,1016,Goats,2004,75892,A,,,,
212,760,Syrian Arab Republic,1016,Goats,2004,1130000,A,,,,
216,764,Thailand,1016,Goats,2004,250076,A,,,,
176,626,Timor-Leste,1016,Goats,2004,126977,A,,,,
217,768,Togo,1016,Goats,2004,1391250,A,,,,
219,776,Tonga,1016,Goats,2004,12500,E,,,,
220,780,Trinidad and Tobago,1016,Goats,2004,59000,E,,,,
222,788,Tunisia,1016,Goats,2004,1411550,A,,,,
227,798,Tuvalu,1016,Goats,2004,,M,,,,
223,792,Türkiye,1016,Goats,2004,6609937,A,,,,
226,800,Uganda,1016,Goats,2004,7566000,A,,,,
225,784,United Arab Emirates,1016,Goats,2004,1500000,E,,,,
229,826,United Kingdom of Great Britain and Northern Ireland,1016,Goats,2004,89000,A,,,,
215,834,United Republic of Tanzania,1016,Goats,2004,12600000,E,,,,
231,840,United States of America,1016,Goats,2004,2525000,E,,,,
234,858,Uruguay,1016,Goats,2004,16000,E,,,,
155,548,Vanuatu,1016,Goats,2004,16000,E,,,,
236,862,Venezuela (Bolivarian Republic of),1016,Goats,2004,1310794,A,,,,
237,704,Viet Nam,1016,Goats,2004,1020196,A,,,,
249,887,Yemen,1016,Goats,2004,7785212,A,,,,
251,894,Zambia,1016,Goats,2004,1850000,E,,,,
181,716,Zimbabwe,1016,Goats,2004,3105000,A,,,,
238,231,Ethiopia,1016,Goats,2005,16364048,A,,,,
80,70,Bosnia and Herzegovina,1016,Goats,2005,73474,A,,,,
167,203,Czechia,1016,Goats,2005,12623,A,,,,
119,428,Latvia,1016,Goats,2005,14700,A,,,,
299,275,Palestine,1016,Goats,2005,371198,A,,,,
146,498,Republic of Moldova,1016,Goats,2005,119384,A,,,,
208,762,Tajikistan,1016,Goats,2005,975000,A,,,,
63,233,Estonia,1016,Goats,2005,2900,A,,,,
178,232,Eritrea,1016,Goats,2005,1850000,E,,,,
87,312,Guadeloupe,1016,Goats,2005,31000,A,,,,
145,583,Micronesia (Federated States of),1016,Goats,2005,4000,E,,,,
186,891,Serbia and Montenegro,1016,Goats,2005,138604,A,,,,
104,372,Ireland,1016,Goats,2005,7300,A,,,,
185,643,Russian Federation,1016,Goats,2005,2302999,A,,,,
182,638,Réunion,1016,Goats,2005,36141,A,,,,
206,736,Sudan (former),1016,Goats,2005,42526000,A,,,,
57,112,Belarus,1016,Goats,2005,65800,A,,,,
73,268,Georgia,1016,Goats,2005,115700,A,,,,
173,616,Poland,1016,Goats,2005,141475,A,,,,
255,56,Belgium,1016,Goats,2005,26209,A,,,,
98,191,Croatia,1016,Goats,2005,134483,A,,,,
52,31,Azerbaijan,1016,Goats,2005,601387,A,,,,
69,254,French Guiana,1016,Goats,2005,1200,A,,,,
213,795,Turkmenistan,1016,Goats,2005,2000000,X,,,,
113,417,Kyrgyzstan,1016,Goats,2005,808397,A,,,,
1,51,Armenia,1016,Goats,2005,46655,A,,,,
198,705,Slovenia,1016,Goats,2005,23031,A,,,,
199,703,Slovakia,1016,Goats,2005,39012,A,,,,
230,804,Ukraine,1016,Goats,2005,879300,A,,,,
256,442,Luxembourg,1016,Goats,2005,2203,A,,,,
108,398,Kazakhstan,1016,Goats,2005,2122400,A,,,,
135,474,Martinique,1016,Goats,2005,9248,A,,,,
126,440,Lithuania,1016,Goats,2005,26904,A,,,,
154,807,North Macedonia,1016,Goats,2005,62190,A,,,,
235,860,Uzbekistan,1016,Goats,2005,1689500,A,,,,
2,4,Afghanistan,1016,Goats,2005,6977000,A,,,,
3,8,Albania,1016,Goats,2005,941000,A,,,,
4,12,Algeria,1016,Goats,2005,3589880,A,,,,
7,24,Angola,1016,Goats,2005,3353022,A,,,,
8,28,Antigua and Barbuda,1016,Goats,2005,25822,I,,,,
9,32,Argentina,1016,Goats,2005,4200000,E,,,,
10,36,Australia,1016,Goats,2005,3400000,E,,,,
11,40,Austria,1016,Goats,2005,55523,A,,,,
12,44,Bahamas,1016,Goats,2005,14500,E,,,,
13,48,Bahrain,1016,Goats,2005,25000,X,,,,
16,50,Bangladesh,1016,Goats,2005,20042017,I,,,,
14,52,Barbados,1016,Goats,2005,5100,E,,,,
23,84,Belize,1016,Goats,2005,165,E,,,,
53,204,Benin,1016,Goats,2005,1386000,A,,,,
18,64,Bhutan,1016,Goats,2005,20507,A,,,,
19,68,Bolivia (Plurinational State of),1016,Goats,2005,1924891,A,,,,
20,72,Botswana,1016,Goats,2005,1950000,E,,,,
21,76,Brazil,1016,Goats,2005,10306722,A,,,,
26,96,Brunei Darussalam,1016,Goats,2005,2578,A,,,,
27,100,Bulgaria,1016,Goats,2005,718120,A,,,,
233,854,Burkina Faso,1016,Goats,2005,10646811,A,,,,
29,108,Burundi,1016,Goats,2005,1245680,A,,,,
35,132,Cabo Verde,1016,Goats,2005,130000,E,,,,
32,120,Cameroon,1016,Goats,2005,4400000,E,,,,
33,124,Canada,1016,Goats,2005,30000,E,,,,
37,140,Central African Republic,1016,Goats,2005,3400000,E,,,,
39,148,Chad,1016,Goats,2005,16755000,E,,,,
40,152,Chile,1016,Goats,2005,735000,E,,,,
96,344,"China, Hong Kong SAR",1016,Goats,2005,600,E,,,,
214,158,"China, Taiwan Province of",1016,Goats,2005,263542,A,,,,
41,156,"China, mainland",1016,Goats,2005,151955000,A,,,,
44,170,Colombia,1016,Goats,2005,1108000,E,,,,
45,174,Comoros,1016,Goats,2005,115000,E,,,,
46,178,Congo,1016,Goats,2005,295000,E,,,,
47,184,Cook Islands,1016,Goats,2005,1733,I,,,,
48,188,Costa Rica,1016,Goats,2005,70000,E,,,,
49,192,Cuba,1016,Goats,2005,1039500,A,,,,
50,196,Cyprus,1016,Goats,2005,329297,A,,,,
107,384,Côte d'Ivoire,1016,Goats,2005,1207759,A,,,,
116,408,Democratic People's Republic of Korea,1016,Goats,2005,2900000,E,,,,
250,180,Democratic Republic of the Congo,1016,Goats,2005,4021920,A,,,,
72,262,Djibouti,1016,Goats,2005,513000,E,,,,
55,212,Dominica,1016,Goats,2005,9700,E,,,,
56,214,Dominican Republic,1016,Goats,2005,241600,E,,,,
58,218,Ecuador,1016,Goats,2005,144163,A,,,,
59,818,Egypt,1016,Goats,2005,3803000,A,,,,
60,222,El Salvador,1016,Goats,2005,15100,E,,,,
61,226,Equatorial Guinea,1016,Goats,2005,9000,E,,,,
209,748,Eswatini,1016,Goats,2005,324000,E,,,,
66,242,Fiji,1016,Goats,2005,240000,E,,,,
67,246,Finland,1016,Goats,2005,6944,A,,,,
68,250,France,1016,Goats,2005,1224759,A,,,,
70,258,French Polynesia,1016,Goats,2005,16500,E,,,,
74,266,Gabon,1016,Goats,2005,90000,E,,,,
75,270,Gambia,1016,Goats,2005,296000,A,,,,
79,276,Germany,1016,Goats,2005,170000,A,,,,
81,288,Ghana,1016,Goats,2005,3932000,A,,,,
84,300,Greece,1016,Goats,2005,5509233,A,,,,
86,308,Grenada,1016,Goats,2005,7200,E,,,,
89,320,Guatemala,1016,Goats,2005,110100,A,,,,
90,324,Guinea,1016,Goats,2005,1395650,A,,,,
175,624,Guinea-Bissau,1016,Goats,2005,510759,A,,,,
91,328,Guyana,1016,Goats,2005,79000,E,,,,
93,332,Haiti,1016,Goats,2005,1910000,E,,,,
95,340,Honduras,1016,Goats,2005,24207,A,,,,
97,348,Hungary,1016,Goats,2005,74000,A,,,,
99,352,Iceland,1016,Goats,2005,411,A,,,,
100,356,India,1016,Goats,2005,132188000,A,,,,
101,360,Indonesia,1016,Goats,2005,13409277,A,,,,
102,364,Iran (Islamic Republic of),1016,Goats,2005,25807000,A,,,,
103,368,Iraq,1016,Goats,2005,523000,A,,,,
105,376,Israel,1016,Goats,2005,83000,A,,,,
106,380,Italy,1016,Goats,2005,977984,A,,,,
109,388,Jamaica,1016,Goats,2005,455000,E,,,,
110,392,Japan,1016,Goats,2005,19000,E,,,,
112,400,Jordan,1016,Goats,2005,516140,A,,,,
114,404,Kenya,1016,Goats,2005,13882605,A,,,,
118,414,Kuwait,1016,Goats,2005,138428,A,,,,
120,418,Lao People's Democratic Republic,1016,Goats,2005,190000,A,,,,
121,422,Lebanon,1016,Goats,2005,494700,A,,,,
122,426,Lesotho,1016,Goats,2005,821171,A,,,,
123,430,Liberia,1016,Goats,2005,220000,E,,,,
124,434,Libya,1016,Goats,2005,2300000,E,,,,
129,450,Madagascar,1016,Goats,2005,1218848,A,,,,
130,454,Malawi,1016,Goats,2005,1961080,A,,,,
131,458,Malaysia,1016,Goats,2005,287670,A,,,,
133,466,Mali,1016,Goats,2005,11970203,A,,,,
134,470,Malta,1016,Goats,2005,5635,A,,,,
136,478,Mauritania,1016,Goats,2005,5600000,E,,,,
137,480,Mauritius,1016,Goats,2005,30000,E,,,,
138,484,Mexico,1016,Goats,2005,8870312,A,,,,
141,496,Mongolia,1016,Goats,2005,13267400,A,,,,
143,504,Morocco,1016,Goats,2005,5331600,A,,,,
144,508,Mozambique,1016,Goats,2005,4929000,A,,,,
28,104,Myanmar,1016,Goats,2005,1846368,A,,,,
147,516,Namibia,1016,Goats,2005,2043479,A,,,,
149,524,Nepal,1016,Goats,2005,7153527,A,,,,
150,528,Netherlands (Kingdom of the),1016,Goats,2005,300000,A,,,,
153,540,New Caledonia,1016,Goats,2005,6958,I,,,,
156,554,New Zealand,1016,Goats,2005,144000,E,,,,
157,558,Nicaragua,1016,Goats,2005,7100,E,,,,
158,562,Niger,1016,Goats,2005,11238269,A,,,,
159,566,Nigeria,1016,Goats,2005,49959000,A,,,,
162,578,Norway,1016,Goats,2005,73051,A,,,,
221,512,Oman,1016,Goats,2005,1557110,A,,,,
165,586,Pakistan,1016,Goats,2005,56665000,A,,,,
166,591,Panama,1016,Goats,2005,6885,E,,,,
168,598,Papua New Guinea,1016,Goats,2005,3000,E,,,,
169,600,Paraguay,1016,Goats,2005,160000,E,,,,
170,604,Peru,1016,Goats,2005,1952956,A,,,,
171,608,Philippines,1016,Goats,2005,6700000,E,,,,
174,620,Portugal,1016,Goats,2005,475000,A,,,,
177,630,Puerto Rico,1016,Goats,2005,3134,A,,,,
179,634,Qatar,1016,Goats,2005,152722,A,,,,
117,410,Republic of Korea,1016,Goats,2005,522534,A,,,,
183,642,Romania,1016,Goats,2005,661000,A,,,,
184,646,Rwanda,1016,Goats,2005,1464000,A,,,,
188,659,Saint Kitts and Nevis,1016,Goats,2005,16000,A,,,,
189,662,Saint Lucia,1016,Goats,2005,9800,E,,,,
191,670,Saint Vincent and the Grenadines,1016,Goats,2005,7200,E,,,,
193,678,Sao Tome and Principe,1016,Goats,2005,5200,E,,,,
194,682,Saudi Arabia,1016,Goats,2005,5643000,A,,,,
195,686,Senegal,1016,Goats,2005,4144100,A,,,,
196,690,Seychelles,1016,Goats,2005,5100,E,,,,
197,694,Sierra Leone,1016,Goats,2005,318381,A,,,,
200,702,Singapore,1016,Goats,2005,750,E,,,,
201,706,Somalia,1016,Goats,2005,14600000,E,,,,
202,710,South Africa,1016,Goats,2005,6356000,A,,,,
203,724,Spain,1016,Goats,2005,2904690,A,,,,
38,144,Sri Lanka,1016,Goats,2005,394960,A,,,,
207,740,Suriname,1016,Goats,2005,6150,A,,,,
211,756,Switzerland,1016,Goats,2005,79499,A,,,,
212,760,Syrian Arab Republic,1016,Goats,2005,1295725,A,,,,
216,764,Thailand,1016,Goats,2005,338355,A,,,,
176,626,Timor-Leste,1016,Goats,2005,129517,A,,,,
217,768,Togo,1016,Goats,2005,1700000,A,,,,
219,776,Tonga,1016,Goats,2005,12500,E,,,,
220,780,Trinidad and Tobago,1016,Goats,2005,59300,E,,,,
222,788,Tunisia,1016,Goats,2005,1426640,A,,,,
227,798,Tuvalu,1016,Goats,2005,,M,,,,
223,792,Türkiye,1016,Goats,2005,6517464,A,,,,
226,800,Uganda,1016,Goats,2005,7800000,A,,,,
225,784,United Arab Emirates,1016,Goats,2005,1546206,A,,,,
229,826,United Kingdom of Great Britain and Northern Ireland,1016,Goats,2005,92000,A,,,,
215,834,United Republic of Tanzania,1016,Goats,2005,12500000,A,,,,
231,840,United States of America,1016,Goats,2005,2715000,A,,,,
234,858,Uruguay,1016,Goats,2005,16000,E,,,,
155,548,Vanuatu,1016,Goats,2005,17000,E,,,,
236,862,Venezuela (Bolivarian Republic of),1016,Goats,2005,1341953,A,,,,
237,704,Viet Nam,1016,Goats,2005,1314100,A,,,,
249,887,Yemen,1016,Goats,2005,7864122,A,,,,
251,894,Zambia,1016,Goats,2005,1950000,E,,,,
181,716,Zimbabwe,1016,Goats,2005,3248000,A,,,,
126,440,Lithuania,1016,Goats,2006,21984,A,,,,
185,643,Russian Federation,1016,Goats,2006,2163694,A,,,,
104,372,Ireland,1016,Goats,2006,6700,A,,,,
119,428,Latvia,1016,Goats,2006,14900,A,,,,
182,638,Réunion,1016,Goats,2006,36080,A,,,,
108,398,Kazakhstan,1016,Goats,2006,2329000,A,,,,
235,860,Uzbekistan,1016,Goats,2006,1797200,A,,,,
299,275,Palestine,1016,Goats,2006,387123,A,,,,
255,56,Belgium,1016,Goats,2006,27985,A,,,,
238,231,Ethiopia,1016,Goats,2006,18559730,A,,,,
273,499,Montenegro,1016,Goats,2006,31783,A,,,,
208,762,Tajikistan,1016,Goats,2006,1160200,A,,,,
1,51,Armenia,1016,Goats,2006,42704,A,,,,
113,417,Kyrgyzstan,1016,Goats,2006,816930,A,,,,
198,705,Slovenia,1016,Goats,2006,25480,A,,,,
256,442,Luxembourg,1016,Goats,2006,1950,A,,,,
145,583,Micronesia (Federated States of),1016,Goats,2006,4000,E,,,,
213,795,Turkmenistan,1016,Goats,2006,2698000,X,,,,
167,203,Czechia,1016,Goats,2006,14402,A,,,,
69,254,French Guiana,1016,Goats,2006,1264,A,,,,
87,312,Guadeloupe,1016,Goats,2006,31000,A,,,,
135,474,Martinique,1016,Goats,2006,8100,A,,,,
154,807,North Macedonia,1016,Goats,2006,63579,A,,,,
199,703,Slovakia,1016,Goats,2006,39566,A,,,,
98,191,Croatia,1016,Goats,2006,102877,A,,,,
230,804,Ukraine,1016,Goats,2006,757300,A,,,,
57,112,Belarus,1016,Goats,2006,67600,A,,,,
146,498,Republic of Moldova,1016,Goats,2006,119372,A,,,,
80,70,Bosnia and Herzegovina,1016,Goats,2006,76489,A,,,,
178,232,Eritrea,1016,Goats,2006,1700000,E,,,,
73,268,Georgia,1016,Goats,2006,95500,A,,,,
272,688,Serbia,1016,Goats,2006,138604,A,,,,
206,736,Sudan (former),1016,Goats,2006,42756000,A,,,,
63,233,Estonia,1016,Goats,2006,2800,A,,,,
52,31,Azerbaijan,1016,Goats,2006,593932,A,,,,
173,616,Poland,1016,Goats,2006,130369,A,,,,
2,4,Afghanistan,1016,Goats,2006,6746000,A,,,,
3,8,Albania,1016,Goats,2006,940000,A,,,,
4,12,Algeria,1016,Goats,2006,3754590,A,,,,
7,24,Angola,1016,Goats,2006,3446066,A,,,,
8,28,Antigua and Barbuda,1016,Goats,2006,25221,I,,,,
9,32,Argentina,1016,Goats,2006,4200000,E,,,,
10,36,Australia,1016,Goats,2006,3300000,E,,,,
11,40,Austria,1016,Goats,2006,55100,A,,,,
12,44,Bahamas,1016,Goats,2006,14500,E,,,,
13,48,Bahrain,1016,Goats,2006,24000,A,,,,
16,50,Bangladesh,1016,Goats,2006,19940000,A,,,,
14,52,Barbados,1016,Goats,2006,5150,E,,,,
23,84,Belize,1016,Goats,2006,165,E,,,,
53,204,Benin,1016,Goats,2006,1427000,A,,,,
18,64,Bhutan,1016,Goats,2006,22207,A,,,,
19,68,Bolivia (Plurinational State of),1016,Goats,2006,1976361,A,,,,
20,72,Botswana,1016,Goats,2006,1950000,E,,,,
21,76,Brazil,1016,Goats,2006,10401449,A,,,,
26,96,Brunei Darussalam,1016,Goats,2006,2646,A,,,,
27,100,Bulgaria,1016,Goats,2006,608426,A,,,,
233,854,Burkina Faso,1016,Goats,2006,10966197,A,,,,
29,108,Burundi,1016,Goats,2006,1438713,A,,,,
35,132,Cabo Verde,1016,Goats,2006,105170,A,,,,
32,120,Cameroon,1016,Goats,2006,4400000,E,,,,
33,124,Canada,1016,Goats,2006,30000,E,,,,
37,140,Central African Republic,1016,Goats,2006,3600000,E,,,,
39,148,Chad,1016,Goats,2006,17790000,E,,,,
40,152,Chile,1016,Goats,2006,735000,E,,,,
96,344,"China, Hong Kong SAR",1016,Goats,2006,650,E,,,,
214,158,"China, Taiwan Province of",1016,Goats,2006,267383,A,,,,
41,156,"China, mainland",1016,Goats,2006,146590000,A,,,,
44,170,Colombia,1016,Goats,2006,1109000,E,,,,
45,174,Comoros,1016,Goats,2006,118000,E,,,,
46,178,Congo,1016,Goats,2006,295000,E,,,,
47,184,Cook Islands,1016,Goats,2006,2065,I,,,,
48,188,Costa Rica,1016,Goats,2006,70000,E,,,,
49,192,Cuba,1016,Goats,2006,1170900,A,,,,
50,196,Cyprus,1016,Goats,2006,344929,A,,,,
107,384,Côte d'Ivoire,1016,Goats,2006,1231914,A,,,,
116,408,Democratic People's Republic of Korea,1016,Goats,2006,3090000,E,,,,
250,180,Democratic Republic of the Congo,1016,Goats,2006,4027950,A,,,,
72,262,Djibouti,1016,Goats,2006,512000,E,,,,
55,212,Dominica,1016,Goats,2006,9700,E,,,,
56,214,Dominican Republic,1016,Goats,2006,243500,E,,,,
58,218,Ecuador,1016,Goats,2006,156420,A,,,,
59,818,Egypt,1016,Goats,2006,3877000,A,,,,
60,222,El Salvador,1016,Goats,2006,15100,E,,,,
61,226,Equatorial Guinea,1016,Goats,2006,9100,E,,,,
209,748,Eswatini,1016,Goats,2006,315000,E,,,,
66,242,Fiji,1016,Goats,2006,247000,E,,,,
67,246,Finland,1016,Goats,2006,6670,A,,,,
68,250,France,1016,Goats,2006,1232639,A,,,,
70,258,French Polynesia,1016,Goats,2006,16500,E,,,,
74,266,Gabon,1016,Goats,2006,90000,E,,,,
75,270,Gambia,1016,Goats,2006,305000,A,,,,
79,276,Germany,1016,Goats,2006,170000,A,,,,
81,288,Ghana,1016,Goats,2006,3997000,A,,,,
84,300,Greece,1016,Goats,2006,5422240,A,,,,
86,308,Grenada,1016,Goats,2006,7200,E,,,,
89,320,Guatemala,1016,Goats,2006,109200,A,,,,
90,324,Guinea,1016,Goats,2006,1489362,A,,,,
175,624,Guinea-Bissau,1016,Goats,2006,542297,A,,,,
91,328,Guyana,1016,Goats,2006,79000,E,,,,
93,332,Haiti,1016,Goats,2006,1900000,E,,,,
95,340,Honduras,1016,Goats,2006,24500,E,,,,
97,348,Hungary,1016,Goats,2006,79000,A,,,,
99,352,Iceland,1016,Goats,2006,449,A,,,,
100,356,India,1016,Goats,2006,136286000,A,,,,
101,360,Indonesia,1016,Goats,2006,13789954,A,,,,
102,364,Iran (Islamic Republic of),1016,Goats,2006,25833000,A,,,,
103,368,Iraq,1016,Goats,2006,645000,A,,,,
105,376,Israel,1016,Goats,2006,87000,A,,,,
106,380,Italy,1016,Goats,2006,945000,A,,,,
109,388,Jamaica,1016,Goats,2006,440000,E,,,,
110,392,Japan,1016,Goats,2006,15500,E,,,,
112,400,Jordan,1016,Goats,2006,473810,A,,,,
114,404,Kenya,1016,Goats,2006,10210434,A,,,,
118,414,Kuwait,1016,Goats,2006,140966,A,,,,
120,418,Lao People's Democratic Republic,1016,Goats,2006,210000,A,,,,
121,422,Lebanon,1016,Goats,2006,484400,A,,,,
122,426,Lesotho,1016,Goats,2006,879278,A,,,,
123,430,Liberia,1016,Goats,2006,240000,E,,,,
124,434,Libya,1016,Goats,2006,2500000,A,,,,
129,450,Madagascar,1016,Goats,2006,1248900,A,,,,
130,454,Malawi,1016,Goats,2006,2301349,A,,,,
131,458,Malaysia,1016,Goats,2006,349427,A,,,,
133,466,Mali,1016,Goats,2006,12000000,A,,,,
134,470,Malta,1016,Goats,2006,6272,A,,,,
136,478,Mauritania,1016,Goats,2006,5600000,A,,,,
137,480,Mauritius,1016,Goats,2006,23734,A,,,,
138,484,Mexico,1016,Goats,2006,8890384,A,,,,
141,496,Mongolia,1016,Goats,2006,15451700,A,,,,
143,504,Morocco,1016,Goats,2006,5355400,A,,,,
144,508,Mozambique,1016,Goats,2006,4255000,A,,,,
28,104,Myanmar,1016,Goats,2006,2024028,A,,,,
147,516,Namibia,1016,Goats,2006,2061403,A,,,,
149,524,Nepal,1016,Goats,2006,7421624,A,,,,
150,528,Netherlands (Kingdom of the),1016,Goats,2006,310000,A,,,,
153,540,New Caledonia,1016,Goats,2006,6438,I,,,,
156,554,New Zealand,1016,Goats,2006,131033,A,,,,
157,558,Nicaragua,1016,Goats,2006,7100,E,,,,
158,562,Niger,1016,Goats,2006,11687800,A,,,,
159,566,Nigeria,1016,Goats,2006,51208220,A,,,,
162,578,Norway,1016,Goats,2006,72207,A,,,,
221,512,Oman,1016,Goats,2006,1598250,A,,,,
165,586,Pakistan,1016,Goats,2006,53789000,A,,,,
166,591,Panama,1016,Goats,2006,7125,E,,,,
168,598,Papua New Guinea,1016,Goats,2006,3000,E,,,,
169,600,Paraguay,1016,Goats,2006,150000,E,,,,
170,604,Peru,1016,Goats,2006,1936855,A,,,,
171,608,Philippines,1016,Goats,2006,4200000,E,,,,
174,620,Portugal,1016,Goats,2006,468000,A,,,,
177,630,Puerto Rico,1016,Goats,2006,3971,I,,,,
179,634,Qatar,1016,Goats,2006,131855,A,,,,
117,410,Republic of Korea,1016,Goats,2006,467179,A,,,,
183,642,Romania,1016,Goats,2006,687000,A,,,,
184,646,Rwanda,1016,Goats,2006,1688279,A,,,,
188,659,Saint Kitts and Nevis,1016,Goats,2006,7500,A,,,,
189,662,Saint Lucia,1016,Goats,2006,8500,E,,,,
191,670,Saint Vincent and the Grenadines,1016,Goats,2006,7200,E,,,,
193,678,Sao Tome and Principe,1016,Goats,2006,5200,E,,,,
194,682,Saudi Arabia,1016,Goats,2006,5002000,A,,,,
195,686,Senegal,1016,Goats,2006,4263350,A,,,,
196,690,Seychelles,1016,Goats,2006,5150,E,,,,
197,694,Sierra Leone,1016,Goats,2006,382057,A,,,,
200,702,Singapore,1016,Goats,2006,700,E,,,,
201,706,Somalia,1016,Goats,2006,12700000,E,,,,
202,710,South Africa,1016,Goats,2006,6399859,A,,,,
203,724,Spain,1016,Goats,2006,2956729,A,,,,
38,144,Sri Lanka,1016,Goats,2006,381550,A,,,,
207,740,Suriname,1016,Goats,2006,5682,A,,,,
211,756,Switzerland,1016,Goats,2006,82100,A,,,,
212,760,Syrian Arab Republic,1016,Goats,2006,1419850,A,,,,
216,764,Thailand,1016,Goats,2006,324150,A,,,,
176,626,Timor-Leste,1016,Goats,2006,132207,A,,,,
217,768,Togo,1016,Goats,2006,1770000,A,,,,
219,776,Tonga,1016,Goats,2006,12500,E,,,,
220,780,Trinidad and Tobago,1016,Goats,2006,55864,I,,,,
222,788,Tunisia,1016,Goats,2006,1497410,A,,,,
227,798,Tuvalu,1016,Goats,2006,,M,,,,
223,792,Türkiye,1016,Goats,2006,6643294,A,,,,
226,800,Uganda,1016,Goats,2006,8034000,A,,,,
225,784,United Arab Emirates,1016,Goats,2006,1626090,A,,,,
229,826,United Kingdom of Great Britain and Northern Ireland,1016,Goats,2006,98000,A,,,,
215,834,United Republic of Tanzania,1016,Goats,2006,13100000,A,,,,
231,840,United States of America,1016,Goats,2006,2837000,A,,,,
234,858,Uruguay,1016,Goats,2006,16500,E,,,,
155,548,Vanuatu,1016,Goats,2006,18456,A,,,,
236,862,Venezuela (Bolivarian Republic of),1016,Goats,2006,1362190,A,,,,
237,704,Viet Nam,1016,Goats,2006,1525300,A,,,,
249,887,Yemen,1016,Goats,2006,8041955,A,,,,
251,894,Zambia,1016,Goats,2006,1950000,E,,,,
181,716,Zimbabwe,1016,Goats,2006,3269000,A,,,,
52,31,Azerbaijan,1016,Goats,2007,577809,A,,,,
213,795,Turkmenistan,1016,Goats,2007,2642000,X,,,,
235,860,Uzbekistan,1016,Goats,2007,1973100,A,,,,
185,643,Russian Federation,1016,Goats,2007,2196570,A,,,,
1,51,Armenia,1016,Goats,2007,42922,A,,,,
145,583,Micronesia (Federated States of),1016,Goats,2007,4100,E,,,,
198,705,Slovenia,1016,Goats,2007,27798,A,,,,
57,112,Belarus,1016,Goats,2007,69600,A,,,,
63,233,Estonia,1016,Goats,2007,3300,A,,,,
272,688,Serbia,1016,Goats,2007,149000,A,,,,
208,762,Tajikistan,1016,Goats,2007,1250000,A,,,,
167,203,Czechia,1016,Goats,2007,16222,A,,,,
119,428,Latvia,1016,Goats,2007,14300,A,,,,
126,440,Lithuania,1016,Goats,2007,20800,A,,,,
154,807,North Macedonia,1016,Goats,2007,126452,A,,,,
199,703,Slovakia,1016,Goats,2007,38352,A,,,,
80,70,Bosnia and Herzegovina,1016,Goats,2007,70255,A,,,,
113,417,Kyrgyzstan,1016,Goats,2007,849873,A,,,,
256,442,Luxembourg,1016,Goats,2007,2814,A,,,,
173,616,Poland,1016,Goats,2007,143929,A,,,,
178,232,Eritrea,1016,Goats,2007,1720000,E,,,,
73,268,Georgia,1016,Goats,2007,92400,A,,,,
104,372,Ireland,1016,Goats,2007,7300,A,,,,
206,736,Sudan (former),1016,Goats,2007,42987000,A,,,,
146,498,Republic of Moldova,1016,Goats,2007,111935,A,,,,
255,56,Belgium,1016,Goats,2007,28870,A,,,,
108,398,Kazakhstan,1016,Goats,2007,2536600,A,,,,
273,499,Montenegro,1016,Goats,2007,31249,A,,,,
230,804,Ukraine,1016,Goats,2007,692500,A,,,,
98,191,Croatia,1016,Goats,2007,91902,A,,,,
238,231,Ethiopia,1016,Goats,2007,21709428,A,,,,
299,275,Palestine,1016,Goats,2007,343565,A,,,,
2,4,Afghanistan,1016,Goats,2007,5387000,A,,,,
3,8,Albania,1016,Goats,2007,876000,A,,,,
4,12,Algeria,1016,Goats,2007,3837860,A,,,,
7,24,Angola,1016,Goats,2007,3541691,A,,,,
8,28,Antigua and Barbuda,1016,Goats,2007,24965,I,,,,
9,32,Argentina,1016,Goats,2007,4250000,E,,,,
10,36,Australia,1016,Goats,2007,2500000,E,,,,
11,40,Austria,1016,Goats,2007,53108,A,,,,
12,44,Bahamas,1016,Goats,2007,14500,E,,,,
13,48,Bahrain,1016,Goats,2007,23000,A,,,,
16,50,Bangladesh,1016,Goats,2007,20750000,A,,,,
14,52,Barbados,1016,Goats,2007,5200,E,,,,
23,84,Belize,1016,Goats,2007,170,E,,,,
53,204,Benin,1016,Goats,2007,1453700,A,,,,
18,64,Bhutan,1016,Goats,2007,28300,A,,,,
19,68,Bolivia (Plurinational State of),1016,Goats,2007,2026429,A,,,,
20,72,Botswana,1016,Goats,2007,1640437,A,,,,
21,76,Brazil,1016,Goats,2007,9450312,A,,,,
26,96,Brunei Darussalam,1016,Goats,2007,3175,A,,,,
27,100,Bulgaria,1016,Goats,2007,549076,A,,,,
233,854,Burkina Faso,1016,Goats,2007,11295160,A,,,,
29,108,Burundi,1016,Goats,2007,1399020,A,,,,
35,132,Cabo Verde,1016,Goats,2007,113589,A,,,,
32,120,Cameroon,1016,Goats,2007,4400000,E,,,,
33,124,Canada,1016,Goats,2007,30000,E,,,,
37,140,Central African Republic,1016,Goats,2007,3850000,X,,,,
39,148,Chad,1016,Goats,2007,18890000,E,,,,
40,152,Chile,1016,Goats,2007,705527,A,,,,
96,344,"China, Hong Kong SAR",1016,Goats,2007,700,E,,,,
214,158,"China, Taiwan Province of",1016,Goats,2007,249374,A,,,,
41,156,"China, mainland",1016,Goats,2007,137680000,A,,,,
44,170,Colombia,1016,Goats,2007,1110000,E,,,,
45,174,Comoros,1016,Goats,2007,118000,E,,,,
46,178,Congo,1016,Goats,2007,295000,E,,,,
47,184,Cook Islands,1016,Goats,2007,2618,I,,,,
48,188,Costa Rica,1016,Goats,2007,80000,E,,,,
49,192,Cuba,1016,Goats,2007,1126100,A,,,,
50,196,Cyprus,1016,Goats,2007,339000,A,,,,
107,384,Côte d'Ivoire,1016,Goats,2007,1256552,A,,,,
116,408,Democratic People's Republic of Korea,1016,Goats,2007,3260000,E,,,,
250,180,Democratic Republic of the Congo,1016,Goats,2007,4033980,A,,,,
72,262,Djibouti,1016,Goats,2007,512000,X,,,,
55,212,Dominica,1016,Goats,2007,9700,E,,,,
56,214,Dominican Republic,1016,Goats,2007,242200,E,,,,
58,218,Ecuador,1016,Goats,2007,170750,A,,,,
59,818,Egypt,1016,Goats,2007,4210714,A,,,,
60,222,El Salvador,1016,Goats,2007,15400,E,,,,
61,226,Equatorial Guinea,1016,Goats,2007,9100,E,,,,
209,748,Eswatini,1016,Goats,2007,355705,I,,,,
66,242,Fiji,1016,Goats,2007,248000,E,,,,
67,246,Finland,1016,Goats,2007,6181,A,,,,
68,250,France,1016,Goats,2007,1280520,A,,,,
70,258,French Polynesia,1016,Goats,2007,16500,E,,,,
74,266,Gabon,1016,Goats,2007,91000,E,,,,
75,270,Gambia,1016,Goats,2007,371000,A,,,,
79,276,Germany,1016,Goats,2007,180000,A,,,,
81,288,Ghana,1016,Goats,2007,4196000,A,,,,
84,300,Greece,1016,Goats,2007,5401865,A,,,,
86,308,Grenada,1016,Goats,2007,7250,E,,,,
89,320,Guatemala,1016,Goats,2007,109100,A,,,,
90,324,Guinea,1016,Goats,2007,1589367,A,,,,
175,624,Guinea-Bissau,1016,Goats,2007,575782,A,,,,
91,328,Guyana,1016,Goats,2007,81000,E,,,,
93,332,Haiti,1016,Goats,2007,1900000,E,,,,
95,340,Honduras,1016,Goats,2007,24500,E,,,,
97,348,Hungary,1016,Goats,2007,70000,A,,,,
99,352,Iceland,1016,Goats,2007,524,A,,,,
100,356,India,1016,Goats,2007,140540000,A,,,,
101,360,Indonesia,1016,Goats,2007,14470215,A,,,,
102,364,Iran (Islamic Republic of),1016,Goats,2007,25833000,A,,,,
103,368,Iraq,1016,Goats,2007,1078000,A,,,,
105,376,Israel,1016,Goats,2007,87000,A,,,,
106,380,Italy,1016,Goats,2007,955000,A,,,,
109,388,Jamaica,1016,Goats,2007,440000,E,,,,
110,392,Japan,1016,Goats,2007,14500,E,,,,
112,400,Jordan,1016,Goats,2007,569370,A,,,,
114,404,Kenya,1016,Goats,2007,27927368,A,,,,
118,414,Kuwait,1016,Goats,2007,160951,A,,,,
120,418,Lao People's Democratic Republic,1016,Goats,2007,268000,A,,,,
121,422,Lebanon,1016,Goats,2007,434700,A,,,,
122,426,Lesotho,1016,Goats,2007,879278,A,,,,
123,430,Liberia,1016,Goats,2007,261600,E,,,,
124,434,Libya,1016,Goats,2007,2500000,A,,,,
129,450,Madagascar,1016,Goats,2007,1279720,A,,,,
130,454,Malawi,1016,Goats,2007,2720126,A,,,,
131,458,Malaysia,1016,Goats,2007,428263,A,,,,
133,466,Mali,1016,Goats,2007,13197149,A,,,,
134,470,Malta,1016,Goats,2007,5828,A,,,,
136,478,Mauritania,1016,Goats,2007,5600000,A,,,,
137,480,Mauritius,1016,Goats,2007,24805,A,,,,
138,484,Mexico,1016,Goats,2007,8885115,A,,,,
141,496,Mongolia,1016,Goats,2007,18347800,A,,,,
143,504,Morocco,1016,Goats,2007,5283800,A,,,,
144,508,Mozambique,1016,Goats,2007,4395000,A,,,,
28,104,Myanmar,1016,Goats,2007,2376287,A,,,,
147,516,Namibia,1016,Goats,2007,1926429,A,,,,
149,524,Nepal,1016,Goats,2007,7847624,A,,,,
150,528,Netherlands (Kingdom of the),1016,Goats,2007,340000,A,,,,
153,540,New Caledonia,1016,Goats,2007,5921,I,,,,
156,554,New Zealand,1016,Goats,2007,111981,A,,,,
157,558,Nicaragua,1016,Goats,2007,7100,E,,,,
158,562,Niger,1016,Goats,2007,12155312,A,,,,
159,566,Nigeria,1016,Goats,2007,52488200,A,,,,
162,578,Norway,1016,Goats,2007,71987,A,,,,
221,512,Oman,1016,Goats,2007,1619990,A,,,,
165,586,Pakistan,1016,Goats,2007,55245000,A,,,,
166,591,Panama,1016,Goats,2007,7365,E,,,,
168,598,Papua New Guinea,1016,Goats,2007,3000,E,,,,
169,600,Paraguay,1016,Goats,2007,140000,E,,,,
170,604,Peru,1016,Goats,2007,1925912,A,,,,
171,608,Philippines,1016,Goats,2007,4046000,A,,,,
174,620,Portugal,1016,Goats,2007,439000,A,,,,
177,630,Puerto Rico,1016,Goats,2007,3951,I,,,,
179,634,Qatar,1016,Goats,2007,138800,A,,,,
117,410,Republic of Korea,1016,Goats,2007,372447,A,,,,
183,642,Romania,1016,Goats,2007,727000,A,,,,
184,646,Rwanda,1016,Goats,2007,2137731,A,,,,
188,659,Saint Kitts and Nevis,1016,Goats,2007,7500,A,,,,
189,662,Saint Lucia,1016,Goats,2007,8816,A,,,,
191,670,Saint Vincent and the Grenadines,1016,Goats,2007,7300,E,,,,
193,678,Sao Tome and Principe,1016,Goats,2007,5200,E,,,,
194,682,Saudi Arabia,1016,Goats,2007,4853000,A,,,,
195,686,Senegal,1016,Goats,2007,4353030,A,,,,
196,690,Seychelles,1016,Goats,2007,5200,E,,,,
197,694,Sierra Leone,1016,Goats,2007,458468,A,,,,
200,702,Singapore,1016,Goats,2007,600,E,,,,
201,706,Somalia,1016,Goats,2007,11430000,E,,,,
202,710,South Africa,1016,Goats,2007,6265380,A,,,,
203,724,Spain,1016,Goats,2007,2891574,A,,,,
38,144,Sri Lanka,1016,Goats,2007,388600,A,,,,
207,740,Suriname,1016,Goats,2007,5470,A,,,,
211,756,Switzerland,1016,Goats,2007,85103,A,,,,
212,760,Syrian Arab Republic,1016,Goats,2007,1561260,A,,,,
216,764,Thailand,1016,Goats,2007,444774,A,,,,
176,626,Timor-Leste,1016,Goats,2007,134749,A,,,,
217,768,Togo,1016,Goats,2007,1780000,A,,,,
219,776,Tonga,1016,Goats,2007,12600,E,,,,
220,780,Trinidad and Tobago,1016,Goats,2007,40213,I,,,,
222,788,Tunisia,1016,Goats,2007,1550650,A,,,,
227,798,Tuvalu,1016,Goats,2007,,M,,,,
223,792,Türkiye,1016,Goats,2007,6286358,A,,,,
226,800,Uganda,1016,Goats,2007,8275020,A,,,,
225,784,United Arab Emirates,1016,Goats,2007,1707840,A,,,,
229,826,United Kingdom of Great Britain and Northern Ireland,1016,Goats,2007,95000,A,,,,
215,834,United Republic of Tanzania,1016,Goats,2007,13500000,A,,,,
231,840,United States of America,1016,Goats,2007,3048000,A,,,,
234,858,Uruguay,1016,Goats,2007,16500,E,,,,
155,548,Vanuatu,1016,Goats,2007,17907,I,,,,
236,862,Venezuela (Bolivarian Republic of),1016,Goats,2007,1386345,A,,,,
237,704,Viet Nam,1016,Goats,2007,1777600,A,,,,
249,887,Yemen,1016,Goats,2007,8414000,A,,,,
251,894,Zambia,1016,Goats,2007,2000000,E,,,,
181,716,Zimbabwe,1016,Goats,2007,3320000,A,,,,
145,583,Micronesia (Federated States of),1016,Goats,2008,4100,E,,,,
235,860,Uzbekistan,1016,Goats,2008,2079100,A,,,,
113,417,Kyrgyzstan,1016,Goats,2008,872716,A,,,,
230,804,Ukraine,1016,Goats,2008,644800,A,,,,
256,442,Luxembourg,1016,Goats,2008,2912,A,,,,
104,372,Ireland,1016,Goats,2008,8900,A,,,,
119,428,Latvia,1016,Goats,2008,13000,A,,,,
173,616,Poland,1016,Goats,2008,136114,A,,,,
185,643,Russian Federation,1016,Goats,2008,2212868,A,,,,
52,31,Azerbaijan,1016,Goats,2008,586713,A,,,,
178,232,Eritrea,1016,Goats,2008,1730000,E,,,,
213,795,Turkmenistan,1016,Goats,2008,2944100,A,,,,
126,440,Lithuania,1016,Goats,2008,19700,A,,,,
199,703,Slovakia,1016,Goats,2008,37873,A,,,,
198,705,Slovenia,1016,Goats,2008,28228,A,,,,
57,112,Belarus,1016,Goats,2008,71800,A,,,,
80,70,Bosnia and Herzegovina,1016,Goats,2008,70392,A,,,,
167,203,Czechia,1016,Goats,2008,16627,A,,,,
206,736,Sudan (former),1016,Goats,2008,43100000,A,,,,
255,56,Belgium,1016,Goats,2008,30866,A,,,,
272,688,Serbia,1016,Goats,2008,154296,A,,,,
1,51,Armenia,1016,Goats,2008,38985,A,,,,
299,275,Palestine,1016,Goats,2008,322082,A,,,,
146,498,Republic of Moldova,1016,Goats,2008,99303,A,,,,
273,499,Montenegro,1016,Goats,2008,30768,A,,,,
238,231,Ethiopia,1016,Goats,2008,21798540,A,,,,
63,233,Estonia,1016,Goats,2008,4000,A,,,,
208,762,Tajikistan,1016,Goats,2008,1424370,A,,,,
98,191,Croatia,1016,Goats,2008,83877,A,,,,
108,398,Kazakhstan,1016,Goats,2008,2609900,A,,,,
154,807,North Macedonia,1016,Goats,2008,133017,A,,,,
73,268,Georgia,1016,Goats,2008,86100,A,,,,
2,4,Afghanistan,1016,Goats,2008,6386000,A,,,,
3,8,Albania,1016,Goats,2008,820000,A,,,,
4,12,Algeria,1016,Goats,2008,3751360,A,,,,
7,24,Angola,1016,Goats,2008,3639971,A,,,,
8,28,Antigua and Barbuda,1016,Goats,2008,24720,I,,,,
9,32,Argentina,1016,Goats,2008,4250000,E,,,,
10,36,Australia,1016,Goats,2008,2700000,E,,,,
11,40,Austria,1016,Goats,2008,60487,A,,,,
12,44,Bahamas,1016,Goats,2008,14500,E,,,,
13,48,Bahrain,1016,Goats,2008,19000,A,,,,
16,50,Bangladesh,1016,Goats,2008,21560000,A,,,,
14,52,Barbados,1016,Goats,2008,5200,E,,,,
23,84,Belize,1016,Goats,2008,180,E,,,,
53,204,Benin,1016,Goats,2008,1483300,A,,,,
18,64,Bhutan,1016,Goats,2008,39099,A,,,,
19,68,Bolivia (Plurinational State of),1016,Goats,2008,2091171,A,,,,
20,72,Botswana,1016,Goats,2008,1878833,A,,,,
21,76,Brazil,1016,Goats,2008,9355014,A,,,,
26,96,Brunei Darussalam,1016,Goats,2008,3653,A,,,,
27,100,Bulgaria,1016,Goats,2008,495484,A,,,,
233,854,Burkina Faso,1016,Goats,2008,11633992,A,,,,
29,108,Burundi,1016,Goats,2008,1732154,A,,,,
35,132,Cabo Verde,1016,Goats,2008,92350,A,,,,
32,120,Cameroon,1016,Goats,2008,4400000,E,,,,
33,124,Canada,1016,Goats,2008,30000,E,,,,
37,140,Central African Republic,1016,Goats,2008,4347000,A,,,,
39,148,Chad,1016,Goats,2008,20057000,E,,,,
40,152,Chile,1016,Goats,2008,740000,E,,,,
96,344,"China, Hong Kong SAR",1016,Goats,2008,700,E,,,,
214,158,"China, Taiwan Province of",1016,Goats,2008,229523,A,,,,
41,156,"China, mainland",1016,Goats,2008,143365000,A,,,,
44,170,Colombia,1016,Goats,2008,1110000,E,,,,
45,174,Comoros,1016,Goats,2008,118000,E,,,,
46,178,Congo,1016,Goats,2008,295000,E,,,,
47,184,Cook Islands,1016,Goats,2008,3049,I,,,,
48,188,Costa Rica,1016,Goats,2008,75000,E,,,,
49,192,Cuba,1016,Goats,2008,1134000,A,,,,
50,196,Cyprus,1016,Goats,2008,318401,A,,,,
107,384,Côte d'Ivoire,1016,Goats,2008,1281683,A,,,,
116,408,Democratic People's Republic of Korea,1016,Goats,2008,3441000,A,,,,
250,180,Democratic Republic of the Congo,1016,Goats,2008,4046100,A,,,,
72,262,Djibouti,1016,Goats,2008,512000,X,,,,
55,212,Dominica,1016,Goats,2008,9700,E,,,,
56,214,Dominican Republic,1016,Goats,2008,242900,E,,,,
58,218,Ecuador,1016,Goats,2008,149606,A,,,,
59,818,Egypt,1016,Goats,2008,4473486,A,,,,
60,222,El Salvador,1016,Goats,2008,15000,E,,,,
61,226,Equatorial Guinea,1016,Goats,2008,9100,E,,,,
209,748,Eswatini,1016,Goats,2008,381220,I,,,,
66,242,Fiji,1016,Goats,2008,250000,E,,,,
67,246,Finland,1016,Goats,2008,5918,A,,,,
68,250,France,1016,Goats,2008,1283124,A,,,,
70,258,French Polynesia,1016,Goats,2008,16500,E,,,,
74,266,Gabon,1016,Goats,2008,92000,E,,,,
75,270,Gambia,1016,Goats,2008,374000,A,,,,
79,276,Germany,1016,Goats,2008,190000,A,,,,
81,288,Ghana,1016,Goats,2008,4405000,A,,,,
84,300,Greece,1016,Goats,2008,5345737,A,,,,
86,308,Grenada,1016,Goats,2008,7700,E,,,,
89,320,Guatemala,1016,Goats,2008,108400,A,,,,
90,324,Guinea,1016,Goats,2008,1696087,A,,,,
175,624,Guinea-Bissau,1016,Goats,2008,611335,A,,,,
91,328,Guyana,1016,Goats,2008,79000,E,,,,
93,332,Haiti,1016,Goats,2008,1910000,E,,,,
95,340,Honduras,1016,Goats,2008,24500,E,,,,
97,348,Hungary,1016,Goats,2008,67000,A,,,,
99,352,Iceland,1016,Goats,2008,563,A,,,,
100,356,India,1016,Goats,2008,139467008,X,,,,
101,360,Indonesia,1016,Goats,2008,15147432,A,,,,
102,364,Iran (Islamic Republic of),1016,Goats,2008,22333200,A,,,,
103,368,Iraq,1016,Goats,2008,1095000,A,,,,
105,376,Israel,1016,Goats,2008,90000,A,,,,
106,380,Italy,1016,Goats,2008,920000,A,,,,
109,388,Jamaica,1016,Goats,2008,482345,A,,,,
110,392,Japan,1016,Goats,2008,15000,A,,,,
112,400,Jordan,1016,Goats,2008,1083330,A,,,,
114,404,Kenya,1016,Goats,2008,28951800,A,,,,
118,414,Kuwait,1016,Goats,2008,171218,A,,,,
120,418,Lao People's Democratic Republic,1016,Goats,2008,269000,A,,,,
121,422,Lebanon,1016,Goats,2008,450000,A,,,,
122,426,Lesotho,1016,Goats,2008,916673,A,,,,
123,430,Liberia,1016,Goats,2008,285000,E,,,,
124,434,Libya,1016,Goats,2008,2500000,A,,,,
129,450,Madagascar,1016,Goats,2008,1310420,A,,,,
130,454,Malawi,1016,Goats,2008,3106271,A,,,,
131,458,Malaysia,1016,Goats,2008,477480,A,,,,
133,466,Mali,1016,Goats,2008,13593063,A,,,,
134,470,Malta,1016,Goats,2008,6227,A,,,,
136,478,Mauritania,1016,Goats,2008,5260628,A,,,,
137,480,Mauritius,1016,Goats,2008,25994,A,,,,
138,484,Mexico,1016,Goats,2008,8952144,A,,,,
141,496,Mongolia,1016,Goats,2008,19969400,A,,,,
143,504,Morocco,1016,Goats,2008,5177900,A,,,,
144,508,Mozambique,1016,Goats,2008,4819000,A,,,,
28,104,Myanmar,1016,Goats,2008,2624460,A,,,,
147,516,Namibia,1016,Goats,2008,2000000,E,,,,
149,524,Nepal,1016,Goats,2008,8135880,A,,,,
150,528,Netherlands (Kingdom of the),1016,Goats,2008,355000,A,,,,
153,540,New Caledonia,1016,Goats,2008,5347,I,,,,
156,554,New Zealand,1016,Goats,2008,95731,A,,,,
157,558,Nicaragua,1016,Goats,2008,7100,E,,,,
158,562,Niger,1016,Goats,2008,12641524,A,,,,
159,566,Nigeria,1016,Goats,2008,53800400,A,,,,
162,578,Norway,1016,Goats,2008,69467,A,,,,
221,512,Oman,1016,Goats,2008,1652380,A,,,,
165,586,Pakistan,1016,Goats,2008,56742000,A,,,,
166,591,Panama,1016,Goats,2008,7605,E,,,,
168,598,Papua New Guinea,1016,Goats,2008,3000,E,,,,
169,600,Paraguay,1016,Goats,2008,129898,A,,,,
170,604,Peru,1016,Goats,2008,1904124,A,,,,
171,608,Philippines,1016,Goats,2008,4174000,A,,,,
174,620,Portugal,1016,Goats,2008,433000,A,,,,
177,630,Puerto Rico,1016,Goats,2008,4469,I,,,,
179,634,Qatar,1016,Goats,2008,138800,A,,,,
117,410,Republic of Korea,1016,Goats,2008,266240,A,,,,
183,642,Romania,1016,Goats,2008,865000,A,,,,
184,646,Rwanda,1016,Goats,2008,2519803,A,,,,
188,659,Saint Kitts and Nevis,1016,Goats,2008,9000,A,,,,
189,662,Saint Lucia,1016,Goats,2008,9000,E,,,,
191,670,Saint Vincent and the Grenadines,1016,Goats,2008,7300,E,,,,
193,678,Sao Tome and Principe,1016,Goats,2008,5200,E,,,,
194,682,Saudi Arabia,1016,Goats,2008,4393000,A,,,,
195,686,Senegal,1016,Goats,2008,4476960,A,,,,
196,690,Seychelles,1016,Goats,2008,5200,E,,,,
197,694,Sierra Leone,1016,Goats,2008,550162,A,,,,
200,702,Singapore,1016,Goats,2008,620,E,,,,
201,706,Somalia,1016,Goats,2008,11420000,E,,,,
202,710,South Africa,1016,Goats,2008,6529328,A,,,,
203,724,Spain,1016,Goats,2008,2959300,A,,,,
38,144,Sri Lanka,1016,Goats,2008,376800,A,,,,
207,740,Suriname,1016,Goats,2008,5625,A,,,,
211,756,Switzerland,1016,Goats,2008,87602,A,,,,
212,760,Syrian Arab Republic,1016,Goats,2008,1579000,A,,,,
216,764,Thailand,1016,Goats,2008,374029,A,,,,
176,626,Timor-Leste,1016,Goats,2008,137444,A,,,,
217,768,Togo,1016,Goats,2008,1781000,A,,,,
219,776,Tonga,1016,Goats,2008,12600,E,,,,
220,780,Trinidad and Tobago,1016,Goats,2008,30400,I,,,,
222,788,Tunisia,1016,Goats,2008,1496290,A,,,,
227,798,Tuvalu,1016,Goats,2008,,M,,,,
223,792,Türkiye,1016,Goats,2008,5593561,A,,,,
226,800,Uganda,1016,Goats,2008,12449656,A,,,,
225,784,United Arab Emirates,1016,Goats,2008,1793695,A,,,,
229,826,United Kingdom of Great Britain and Northern Ireland,1016,Goats,2008,92000,X,,,,
215,834,United Republic of Tanzania,1016,Goats,2008,13600000,A,,,,
231,840,United States of America,1016,Goats,2008,3118000,A,,,,
234,858,Uruguay,1016,Goats,2008,16700,E,,,,
155,548,Vanuatu,1016,Goats,2008,17769,I,,,,
236,862,Venezuela (Bolivarian Republic of),1016,Goats,2008,1415129,A,,,,
237,704,Viet Nam,1016,Goats,2008,1483500,A,,,,
249,887,Yemen,1016,Goats,2008,8708000,A,,,,
251,894,Zambia,1016,Goats,2008,2000000,E,,,,
181,716,Zimbabwe,1016,Goats,2008,3170000,A,,,,
63,233,Estonia,1016,Goats,2009,3600,A,,,,
80,70,Bosnia and Herzegovina,1016,Goats,2009,70604,A,,,,
230,804,Ukraine,1016,Goats,2009,631200,A,,,,
178,232,Eritrea,1016,Goats,2009,1740000,E,,,,
238,231,Ethiopia,1016,Goats,2009,21960706,A,,,,
73,268,Georgia,1016,Goats,2009,79400,A,,,,
126,440,Lithuania,1016,Goats,2009,16600,A,,,,
198,705,Slovenia,1016,Goats,2009,24228,A,,,,
113,417,Kyrgyzstan,1016,Goats,2009,933713,A,,,,
272,688,Serbia,1016,Goats,2009,143050,A,,,,
299,275,Palestine,1016,Goats,2009,300000,X,,,,
1,51,Armenia,1016,Goats,2009,32580,A,,,,
255,56,Belgium,1016,Goats,2009,31668,A,,,,
108,398,Kazakhstan,1016,Goats,2009,2644300,A,,,,
256,442,Luxembourg,1016,Goats,2009,3130,A,,,,
98,191,Croatia,1016,Goats,2009,76119,A,,,,
104,372,Ireland,1016,Goats,2009,10100,A,,,,
173,616,Poland,1016,Goats,2009,118842,A,,,,
146,498,Republic of Moldova,1016,Goats,2009,103849,A,,,,
185,643,Russian Federation,1016,Goats,2009,2167944,A,,,,
199,703,Slovakia,1016,Goats,2009,37088,A,,,,
206,736,Sudan (former),1016,Goats,2009,43270000,A,,,,
208,762,Tajikistan,1016,Goats,2009,1568100,A,,,,
57,112,Belarus,1016,Goats,2009,73200,A,,,,
273,499,Montenegro,1016,Goats,2009,30465,A,,,,
52,31,Azerbaijan,1016,Goats,2009,590935,A,,,,
119,428,Latvia,1016,Goats,2009,12900,A,,,,
154,807,North Macedonia,1016,Goats,2009,94016,A,,,,
167,203,Czechia,1016,Goats,2009,16674,A,,,,
145,583,Micronesia (Federated States of),1016,Goats,2009,4100,E,,,,
213,795,Turkmenistan,1016,Goats,2009,2848300,A,,,,
235,860,Uzbekistan,1016,Goats,2009,2195400,A,,,,
2,4,Afghanistan,1016,Goats,2009,5810000,A,,,,
3,8,Albania,1016,Goats,2009,772000,A,,,,
4,12,Algeria,1016,Goats,2009,3962120,A,,,,
7,24,Angola,1016,Goats,2009,3740977,A,,,,
8,28,Antigua and Barbuda,1016,Goats,2009,24494,I,,,,
9,32,Argentina,1016,Goats,2009,4250000,E,,,,
10,36,Australia,1016,Goats,2009,3400000,E,,,,
11,40,Austria,1016,Goats,2009,62490,A,,,,
12,44,Bahamas,1016,Goats,2009,14500,E,,,,
13,48,Bahrain,1016,Goats,2009,20000,A,,,,
16,50,Bangladesh,1016,Goats,2009,22401000,A,,,,
14,52,Barbados,1016,Goats,2009,5200,E,,,,
23,84,Belize,1016,Goats,2009,180,E,,,,
53,204,Benin,1016,Goats,2009,1570000,A,,,,
18,64,Bhutan,1016,Goats,2009,38618,A,,,,
19,68,Bolivia (Plurinational State of),1016,Goats,2009,2144356,A,,,,
20,72,Botswana,1016,Goats,2009,1866630,A,,,,
21,76,Brazil,1016,Goats,2009,9163560,A,,,,
26,96,Brunei Darussalam,1016,Goats,2009,6361,A,,,,
27,100,Bulgaria,1016,Goats,2009,429834,A,,,,
233,854,Burkina Faso,1016,Goats,2009,11982987,A,,,,
29,108,Burundi,1016,Goats,2009,1789227,A,,,,
35,132,Cabo Verde,1016,Goats,2009,125000,E,,,,
32,120,Cameroon,1016,Goats,2009,4400000,E,,,,
33,124,Canada,1016,Goats,2009,30000,E,,,,
37,140,Central African Republic,1016,Goats,2009,4599000,A,,,,
39,148,Chad,1016,Goats,2009,21297000,E,,,,
40,152,Chile,1016,Goats,2009,750000,E,,,,
96,344,"China, Hong Kong SAR",1016,Goats,2009,700,E,,,,
214,158,"China, Taiwan Province of",1016,Goats,2009,206401,A,,,,
41,156,"China, mainland",1016,Goats,2009,147340400,A,,,,
44,170,Colombia,1016,Goats,2009,820000,E,,,,
45,174,Comoros,1016,Goats,2009,118000,E,,,,
46,178,Congo,1016,Goats,2009,315000,E,,,,
47,184,Cook Islands,1016,Goats,2009,3485,I,,,,
48,188,Costa Rica,1016,Goats,2009,80000,E,,,,
49,192,Cuba,1016,Goats,2009,1110200,A,,,,
50,196,Cyprus,1016,Goats,2009,280836,A,,,,
107,384,Côte d'Ivoire,1016,Goats,2009,1307317,A,,,,
116,408,Democratic People's Republic of Korea,1016,Goats,2009,3570000,A,,,,
250,180,Democratic Republic of the Congo,1016,Goats,2009,4046100,A,,,,
72,262,Djibouti,1016,Goats,2009,512000,X,,,,
55,212,Dominica,1016,Goats,2009,9700,E,,,,
56,214,Dominican Republic,1016,Goats,2009,237200,E,,,,
58,218,Ecuador,1016,Goats,2009,158081,A,,,,
59,818,Egypt,1016,Goats,2009,4139257,A,,,,
60,222,El Salvador,1016,Goats,2009,15000,E,,,,
61,226,Equatorial Guinea,1016,Goats,2009,9100,E,,,,
209,748,Eswatini,1016,Goats,2009,468427,I,,,,
66,242,Fiji,1016,Goats,2009,250000,E,,,,
67,246,Finland,1016,Goats,2009,5924,A,,,,
68,250,France,1016,Goats,2009,1329160,A,,,,
70,258,French Polynesia,1016,Goats,2009,16500,E,,,,
74,266,Gabon,1016,Goats,2009,92000,E,,,,
75,270,Gambia,1016,Goats,2009,380000,A,,,,
79,276,Germany,1016,Goats,2009,190000,A,,,,
81,288,Ghana,1016,Goats,2009,4625000,A,,,,
84,300,Greece,1016,Goats,2009,5180391,A,,,,
86,308,Grenada,1016,Goats,2009,8804,I,,,,
89,320,Guatemala,1016,Goats,2009,108600,A,,,,
90,324,Guinea,1016,Goats,2009,1809970,A,,,,
175,624,Guinea-Bissau,1016,Goats,2009,649084,A,,,,
91,328,Guyana,1016,Goats,2009,79000,E,,,,
93,332,Haiti,1016,Goats,2009,1910000,E,,,,
95,340,Honduras,1016,Goats,2009,24500,E,,,,
97,348,Hungary,1016,Goats,2009,66000,A,,,,
99,352,Iceland,1016,Goats,2009,655,A,,,,
100,356,India,1016,Goats,2009,138394000,X,,,,
101,360,Indonesia,1016,Goats,2009,15815317,A,,,,
102,364,Iran (Islamic Republic of),1016,Goats,2009,21683000,A,,,,
103,368,Iraq,1016,Goats,2009,1475000,A,,,,
105,376,Israel,1016,Goats,2009,91000,A,,,,
106,380,Italy,1016,Goats,2009,957300,A,,,,
109,388,Jamaica,1016,Goats,2009,483000,E,,,,
110,392,Japan,1016,Goats,2009,14000,A,,,,
112,400,Jordan,1016,Goats,2009,919740,A,,,,
114,404,Kenya,1016,Goats,2009,27740152,A,,,,
118,414,Kuwait,1016,Goats,2009,181611,A,,,,
120,418,Lao People's Democratic Republic,1016,Goats,2009,339000,A,,,,
121,422,Lebanon,1016,Goats,2009,430100,A,,,,
122,426,Lesotho,1016,Goats,2009,953337,A,,,,
123,430,Liberia,1016,Goats,2009,310500,E,,,,
124,434,Libya,1016,Goats,2009,2600000,X,,,,
129,450,Madagascar,1016,Goats,2009,1387020,A,,,,
130,454,Malawi,1016,Goats,2009,3480473,A,,,,
131,458,Malaysia,1016,Goats,2009,514233,A,,,,
133,466,Mali,1016,Goats,2009,14272716,A,,,,
134,470,Malta,1016,Goats,2009,5983,A,,,,
136,478,Mauritania,1016,Goats,2009,5523659,A,,,,
137,480,Mauritius,1016,Goats,2009,26014,A,,,,
138,484,Mexico,1016,Goats,2009,8989262,A,,,,
141,496,Mongolia,1016,Goats,2009,19651500,A,,,,
143,504,Morocco,1016,Goats,2009,5293300,A,,,,
144,508,Mozambique,1016,Goats,2009,3907483,A,,,,
28,104,Myanmar,1016,Goats,2009,3420962,A,,,,
147,516,Namibia,1016,Goats,2009,2000000,E,,,,
149,524,Nepal,1016,Goats,2009,8473082,A,,,,
150,528,Netherlands (Kingdom of the),1016,Goats,2009,374180,A,,,,
153,540,New Caledonia,1016,Goats,2009,4822,I,,,,
156,554,New Zealand,1016,Goats,2009,82229,A,,,,
157,558,Nicaragua,1016,Goats,2009,7100,E,,,,
158,562,Niger,1016,Goats,2009,13147185,A,,,,
159,566,Nigeria,1016,Goats,2009,55145440,A,,,,
162,578,Norway,1016,Goats,2009,68273,A,,,,
221,512,Oman,1016,Goats,2009,1685420,A,,,,
165,586,Pakistan,1016,Goats,2009,58279000,A,,,,
166,591,Panama,1016,Goats,2009,7845,E,,,,
168,598,Papua New Guinea,1016,Goats,2009,3100,E,,,,
169,600,Paraguay,1016,Goats,2009,131656,A,,,,
170,604,Peru,1016,Goats,2009,1928678,A,,,,
171,608,Philippines,1016,Goats,2009,4222000,A,,,,
174,620,Portugal,1016,Goats,2009,425000,A,,,,
177,630,Puerto Rico,1016,Goats,2009,4603,I,,,,
179,634,Qatar,1016,Goats,2009,165623,A,,,,
117,410,Republic of Korea,1016,Goats,2009,249855,A,,,,
183,642,Romania,1016,Goats,2009,898000,A,,,,
184,646,Rwanda,1016,Goats,2009,2620595,A,,,,
188,659,Saint Kitts and Nevis,1016,Goats,2009,9000,A,,,,
189,662,Saint Lucia,1016,Goats,2009,9500,E,,,,
191,670,Saint Vincent and the Grenadines,1016,Goats,2009,7500,E,,,,
193,678,Sao Tome and Principe,1016,Goats,2009,5400,E,,,,
194,682,Saudi Arabia,1016,Goats,2009,3809000,A,,,,
195,686,Senegal,1016,Goats,2009,4598495,A,,,,
196,690,Seychelles,1016,Goats,2009,5300,E,,,,
197,694,Sierra Leone,1016,Goats,2009,730000,A,,,,
200,702,Singapore,1016,Goats,2009,650,E,,,,
201,706,Somalia,1016,Goats,2009,11400000,E,,,,
202,710,South Africa,1016,Goats,2009,6357838,A,,,,
203,724,Spain,1016,Goats,2009,2933782,A,,,,
38,144,Sri Lanka,1016,Goats,2009,377460,A,,,,
207,740,Suriname,1016,Goats,2009,5850,A,,,,
211,756,Switzerland,1016,Goats,2009,85131,A,,,,
212,760,Syrian Arab Republic,1016,Goats,2009,1508033,A,,,,
216,764,Thailand,1016,Goats,2009,383796,A,,,,
176,626,Timor-Leste,1016,Goats,2009,140138,A,,,,
217,768,Togo,1016,Goats,2009,1870000,A,,,,
219,776,Tonga,1016,Goats,2009,12600,E,,,,
220,780,Trinidad and Tobago,1016,Goats,2009,15085,I,,,,
222,788,Tunisia,1016,Goats,2009,1454640,A,,,,
227,798,Tuvalu,1016,Goats,2009,,M,,,,
223,792,Türkiye,1016,Goats,2009,5128285,A,,,,
226,800,Uganda,1016,Goats,2009,12823146,A,,,,
225,784,United Arab Emirates,1016,Goats,2009,1940908,A,,,,
229,826,United Kingdom of Great Britain and Northern Ireland,1016,Goats,2009,88000,X,,,,
215,834,United Republic of Tanzania,1016,Goats,2009,13600000,A,,,,
231,840,United States of America,1016,Goats,2009,3069000,A,,,,
234,858,Uruguay,1016,Goats,2009,16700,E,,,,
155,548,Vanuatu,1016,Goats,2009,17628,I,,,,
236,862,Venezuela (Bolivarian Republic of),1016,Goats,2009,1420000,E,,,,
237,704,Viet Nam,1016,Goats,2009,1375132,A,,,,
249,887,Yemen,1016,Goats,2009,8883315,A,,,,
251,894,Zambia,1016,Goats,2009,2100000,E,,,,
181,716,Zimbabwe,1016,Goats,2009,4207000,A,,,,
108,398,Kazakhstan,1016,Goats,2010,2708900,A,,,,
208,762,Tajikistan,1016,Goats,2010,1582811,A,,,,
256,442,Luxembourg,1016,Goats,2010,5084,A,,,,
52,31,Azerbaijan,1016,Goats,2010,620644,A,,,,
185,643,Russian Federation,1016,Goats,2010,2136651,A,,,,
299,275,Palestine,1016,Goats,2010,219364,A,,,,
104,372,Ireland,1016,Goats,2010,10500,A,,,,
57,112,Belarus,1016,Goats,2010,75000,A,,,,
63,233,Estonia,1016,Goats,2010,3900,A,,,,
198,705,Slovenia,1016,Goats,2010,29896,A,,,,
213,795,Turkmenistan,1016,Goats,2010,2800000,E,,,,
238,231,Ethiopia,1016,Goats,2010,22786946,A,,,,
255,56,Belgium,1016,Goats,2010,22000,A,,,,
1,51,Armenia,1016,Goats,2010,29687,A,,,,
73,268,Georgia,1016,Goats,2010,71500,A,,,,
113,417,Kyrgyzstan,1016,Goats,2010,942484,A,,,,
146,498,Republic of Moldova,1016,Goats,2010,111155,A,,,,
98,191,Croatia,1016,Goats,2010,75215,A,,,,
230,804,Ukraine,1016,Goats,2010,635500,A,,,,
173,616,Poland,1016,Goats,2010,107206,A,,,,
235,860,Uzbekistan,1016,Goats,2010,2350700,A,,,,
154,807,North Macedonia,1016,Goats,2010,75708,A,,,,
272,688,Serbia,1016,Goats,2010,128733,A,,,,
199,703,Slovakia,1016,Goats,2010,35686,A,,,,
145,583,Micronesia (Federated States of),1016,Goats,2010,4100,E,,,,
80,70,Bosnia and Herzegovina,1016,Goats,2010,64250,A,,,,
167,203,Czechia,1016,Goats,2010,21709,A,,,,
206,736,Sudan (former),1016,Goats,2010,43441000,A,,,,
273,499,Montenegro,1016,Goats,2010,31111,A,,,,
178,232,Eritrea,1016,Goats,2010,1750000,E,,,,
119,428,Latvia,1016,Goats,2010,13200,A,,,,
126,440,Lithuania,1016,Goats,2010,14700,A,,,,
2,4,Afghanistan,1016,Goats,2010,6789000,A,,,,
3,8,Albania,1016,Goats,2010,775000,A,,,,
4,12,Algeria,1016,Goats,2010,4287300,A,,,,
7,24,Angola,1016,Goats,2010,3844786,A,,,,
8,28,Antigua and Barbuda,1016,Goats,2010,27000,A,,,,
9,32,Argentina,1016,Goats,2010,4037036,A,,,,
10,36,Australia,1016,Goats,2010,3500000,E,,,,
11,40,Austria,1016,Goats,2010,68188,A,,,,
12,44,Bahamas,1016,Goats,2010,14500,E,,,,
13,48,Bahrain,1016,Goats,2010,19000,X,,,,
16,50,Bangladesh,1016,Goats,2010,23275000,A,,,,
14,52,Barbados,1016,Goats,2010,5200,E,,,,
23,84,Belize,1016,Goats,2010,180,E,,,,
53,204,Benin,1016,Goats,2010,1605000,A,,,,
18,64,Bhutan,1016,Goats,2010,43134,A,,,,
19,68,Bolivia (Plurinational State of),1016,Goats,2010,2199018,A,,,,
20,72,Botswana,1016,Goats,2010,1937971,A,,,,
21,76,Brazil,1016,Goats,2010,9312784,A,,,,
26,96,Brunei Darussalam,1016,Goats,2010,6806,A,,,,
27,100,Bulgaria,1016,Goats,2010,360822,A,,,,
233,854,Burkina Faso,1016,Goats,2010,12342454,A,,,,
29,108,Burundi,1016,Goats,2010,2145013,A,,,,
35,132,Cabo Verde,1016,Goats,2010,160000,E,,,,
32,120,Cameroon,1016,Goats,2010,5405046,A,,,,
33,124,Canada,1016,Goats,2010,30000,E,,,,
37,140,Central African Republic,1016,Goats,2010,4862000,A,,,,
39,148,Chad,1016,Goats,2010,22613000,E,,,,
40,152,Chile,1016,Goats,2010,667052,A,,,,
96,344,"China, Hong Kong SAR",1016,Goats,2010,700,E,,,,
214,158,"China, Taiwan Province of",1016,Goats,2010,206401,A,,,,
41,156,"China, mainland",1016,Goats,2010,141950200,A,,,,
44,170,Colombia,1016,Goats,2010,800000,E,,,,
45,174,Comoros,1016,Goats,2010,120000,E,,,,
46,178,Congo,1016,Goats,2010,320000,E,,,,
47,184,Cook Islands,1016,Goats,2010,3913,I,,,,
48,188,Costa Rica,1016,Goats,2010,78000,E,,,,
49,192,Cuba,1016,Goats,2010,938100,A,,,,
50,196,Cyprus,1016,Goats,2010,307428,A,,,,
107,384,Côte d'Ivoire,1016,Goats,2010,1324377,A,,,,
116,408,Democratic People's Republic of Korea,1016,Goats,2010,3556000,A,,,,
250,180,Democratic Republic of the Congo,1016,Goats,2010,4052169,A,,,,
72,262,Djibouti,1016,Goats,2010,512000,X,,,,
55,212,Dominica,1016,Goats,2010,9700,E,,,,
56,214,Dominican Republic,1016,Goats,2010,225000,E,,,,
58,218,Ecuador,1016,Goats,2010,134825,A,,,,
59,818,Egypt,1016,Goats,2010,4174986,A,,,,
60,222,El Salvador,1016,Goats,2010,15000,E,,,,
61,226,Equatorial Guinea,1016,Goats,2010,9200,E,,,,
209,748,Eswatini,1016,Goats,2010,477821,I,,,,
66,242,Fiji,1016,Goats,2010,250500,E,,,,
67,246,Finland,1016,Goats,2010,4890,A,,,,
68,250,France,1016,Goats,2010,1436109,A,,,,
70,258,French Polynesia,1016,Goats,2010,16500,E,,,,
74,266,Gabon,1016,Goats,2010,95000,E,,,,
75,270,Gambia,1016,Goats,2010,352000,A,,,,
79,276,Germany,1016,Goats,2010,150000,A,,,,
81,288,Ghana,1016,Goats,2010,4855000,A,,,,
84,300,Greece,1016,Goats,2010,5274759,A,,,,
86,308,Grenada,1016,Goats,2010,9503,I,,,,
89,320,Guatemala,1016,Goats,2010,108700,A,,,,
90,324,Guinea,1016,Goats,2010,1915578,A,,,,
175,624,Guinea-Bissau,1016,Goats,2010,689163,A,,,,
91,328,Guyana,1016,Goats,2010,80000,E,,,,
93,332,Haiti,1016,Goats,2010,1910000,E,,,,
95,340,Honduras,1016,Goats,2010,24500,E,,,,
97,348,Hungary,1016,Goats,2010,58000,A,,,,
99,352,Iceland,1016,Goats,2010,729,A,,,,
100,356,India,1016,Goats,2010,137320992,X,,,,
101,360,Indonesia,1016,Goats,2010,16619599,A,,,,
102,364,Iran (Islamic Republic of),1016,Goats,2010,21435000,A,,,,
103,368,Iraq,1016,Goats,2010,1519000,A,,,,
105,376,Israel,1016,Goats,2010,100000,A,,,,
106,380,Italy,1016,Goats,2010,961000,A,,,,
109,388,Jamaica,1016,Goats,2010,490000,E,,,,
110,392,Japan,1016,Goats,2010,15000,E,,,,
112,400,Jordan,1016,Goats,2010,751730,A,,,,
114,404,Kenya,1016,Goats,2010,28174158,A,,,,
118,414,Kuwait,1016,Goats,2010,178703,A,,,,
120,418,Lao People's Democratic Republic,1016,Goats,2010,367000,A,,,,
121,422,Lebanon,1016,Goats,2010,403861,A,,,,
122,426,Lesotho,1016,Goats,2010,875184,A,,,,
123,430,Liberia,1016,Goats,2010,338300,E,,,,
124,434,Libya,1016,Goats,2010,2700000,X,,,,
129,450,Madagascar,1016,Goats,2010,1419120,A,,,,
130,454,Malawi,1016,Goats,2010,3893922,A,,,,
131,458,Malaysia,1016,Goats,2010,496194,A,,,,
133,466,Mali,1016,Goats,2010,15735670,A,,,,
134,470,Malta,1016,Goats,2010,5110,A,,,,
136,478,Mauritania,1016,Goats,2010,5799842,A,,,,
137,480,Mauritius,1016,Goats,2010,27819,A,,,,
138,484,Mexico,1016,Goats,2010,8993221,A,,,,
141,496,Mongolia,1016,Goats,2010,13883213,A,,,,
143,504,Morocco,1016,Goats,2010,5685700,A,,,,
144,508,Mozambique,1016,Goats,2010,3907483,A,,,,
28,104,Myanmar,1016,Goats,2010,3421121,A,,,,
147,516,Namibia,1016,Goats,2010,2100000,E,,,,
149,524,Nepal,1016,Goats,2010,8844172,A,,,,
150,528,Netherlands (Kingdom of the),1016,Goats,2010,352830,A,,,,
153,540,New Caledonia,1016,Goats,2010,4302,I,,,,
156,554,New Zealand,1016,Goats,2010,95281,A,,,,
157,558,Nicaragua,1016,Goats,2010,7400,E,,,,
158,562,Niger,1016,Goats,2010,12722529,A,,,,
159,566,Nigeria,1016,Goats,2010,56524076,A,,,,
162,578,Norway,1016,Goats,2010,67485,A,,,,
221,512,Oman,1016,Goats,2010,1719120,A,,,,
165,586,Pakistan,1016,Goats,2010,59858000,A,,,,
166,591,Panama,1016,Goats,2010,8085,E,,,,
168,598,Papua New Guinea,1016,Goats,2010,3000,E,,,,
169,600,Paraguay,1016,Goats,2010,133237,A,,,,
170,604,Peru,1016,Goats,2010,1968306,A,,,,
171,608,Philippines,1016,Goats,2010,4177700,A,,,,
174,620,Portugal,1016,Goats,2010,419000,A,,,,
177,630,Puerto Rico,1016,Goats,2010,4733,I,,,,
179,634,Qatar,1016,Goats,2010,171622,A,,,,
117,410,Republic of Korea,1016,Goats,2010,243520,A,,,,
183,642,Romania,1016,Goats,2010,917300,A,,,,
184,646,Rwanda,1016,Goats,2010,2688273,A,,,,
188,659,Saint Kitts and Nevis,1016,Goats,2010,9000,A,,,,
189,662,Saint Lucia,1016,Goats,2010,9500,E,,,,
191,670,Saint Vincent and the Grenadines,1016,Goats,2010,8200,E,,,,
193,678,Sao Tome and Principe,1016,Goats,2010,5500,E,,,,
194,682,Saudi Arabia,1016,Goats,2010,3408000,A,,,,
195,686,Senegal,1016,Goats,2010,4754845,A,,,,
196,690,Seychelles,1016,Goats,2010,5300,E,,,,
197,694,Sierra Leone,1016,Goats,2010,803000,A,,,,
200,702,Singapore,1016,Goats,2010,670,E,,,,
201,706,Somalia,1016,Goats,2010,11500000,E,,,,
202,710,South Africa,1016,Goats,2010,6274846,A,,,,
203,724,Spain,1016,Goats,2010,2903779,A,,,,
38,144,Sri Lanka,1016,Goats,2010,373465,A,,,,
207,740,Suriname,1016,Goats,2010,5648,A,,,,
211,756,Switzerland,1016,Goats,2010,86987,A,,,,
212,760,Syrian Arab Republic,1016,Goats,2010,2057000,A,,,,
216,764,Thailand,1016,Goats,2010,380277,A,,,,
176,626,Timor-Leste,1016,Goats,2010,152360,A,,,,
217,768,Togo,1016,Goats,2010,1915516,A,,,,
219,776,Tonga,1016,Goats,2010,12600,E,,,,
220,780,Trinidad and Tobago,1016,Goats,2010,7100,A,,,,
222,788,Tunisia,1016,Goats,2010,1295940,A,,,,
227,798,Tuvalu,1016,Goats,2010,,M,,,,
223,792,Türkiye,1016,Goats,2010,6293233,A,,,,
226,800,Uganda,1016,Goats,2010,13207840,A,,,,
225,784,United Arab Emirates,1016,Goats,2010,1883630,A,,,,
229,826,United Kingdom of Great Britain and Northern Ireland,1016,Goats,2010,93000,A,,,,
215,834,United Republic of Tanzania,1016,Goats,2010,13600000,A,,,,
231,840,United States of America,1016,Goats,2010,3038000,A,,,,
234,858,Uruguay,1016,Goats,2010,16700,E,,,,
155,548,Vanuatu,1016,Goats,2010,17486,I,,,,
236,862,Venezuela (Bolivarian Republic of),1016,Goats,2010,1417718,A,,,,
237,704,Viet Nam,1016,Goats,2010,1288351,A,,,,
249,887,Yemen,1016,Goats,2010,9016000,A,,,,
251,894,Zambia,1016,Goats,2010,2200000,E,,,,
181,716,Zimbabwe,1016,Goats,2010,4665875,A,,,,
104,372,Ireland,1016,Goats,2011,11400,A,,,,
199,703,Slovakia,1016,Goats,2011,35292,A,,,,
299,275,Palestine,1016,Goats,2011,240136,A,,,,
272,688,Serbia,1016,Goats,2011,129720,A,,,,
208,762,Tajikistan,1016,Goats,2011,1665636,A,,,,
113,417,Kyrgyzstan,1016,Goats,2011,973439,A,,,,
173,616,Poland,1016,Goats,2011,111824,A,,,,
273,499,Montenegro,1016,Goats,2011,27560,A,,,,
57,112,Belarus,1016,Goats,2011,72300,A,,,,
256,442,Luxembourg,1016,Goats,2011,5821,A,,,,
52,31,Azerbaijan,1016,Goats,2011,620200,A,,,,
178,232,Eritrea,1016,Goats,2011,1760000,E,,,,
238,231,Ethiopia,1016,Goats,2011,22613104,A,,,,
198,705,Slovenia,1016,Goats,2011,26197,A,,,,
230,804,Ukraine,1016,Goats,2011,631200,A,,,,
73,268,Georgia,1016,Goats,2011,57100,A,,,,
119,428,Latvia,1016,Goats,2011,13500,A,,,,
146,498,Republic of Moldova,1016,Goats,2011,117585,A,,,,
154,807,North Macedonia,1016,Goats,2011,72777,A,,,,
63,233,Estonia,1016,Goats,2011,4100,A,,,,
206,736,Sudan (former),1016,Goats,2011,30649000,A,,,,
235,860,Uzbekistan,1016,Goats,2011,2559200,A,,,,
1,51,Armenia,1016,Goats,2011,28891,A,,,,
167,203,Czechia,1016,Goats,2011,23263,A,,,,
98,191,Croatia,1016,Goats,2011,70030,A,,,,
185,643,Russian Federation,1016,Goats,2011,2058542,A,,,,
80,70,Bosnia and Herzegovina,1016,Goats,2011,65260,A,,,,
108,398,Kazakhstan,1016,Goats,2011,2675000,A,,,,
126,440,Lithuania,1016,Goats,2011,16000,A,,,,
145,583,Micronesia (Federated States of),1016,Goats,2011,4300,E,,,,
213,795,Turkmenistan,1016,Goats,2011,2294049,A,,,,
255,56,Belgium,1016,Goats,2011,35530,A,,,,
2,4,Afghanistan,1016,Goats,2011,7635000,A,,,,
3,8,Albania,1016,Goats,2011,759000,A,,,,
4,12,Algeria,1016,Goats,2011,4411020,A,,,,
7,24,Angola,1016,Goats,2011,3948595,A,,,,
8,28,Antigua and Barbuda,1016,Goats,2011,27000,A,,,,
9,32,Argentina,1016,Goats,2011,4280000,E,,,,
10,36,Australia,1016,Goats,2011,3500000,E,,,,
11,40,Austria,1016,Goats,2011,71768,A,,,,
12,44,Bahamas,1016,Goats,2011,14500,E,,,,
13,48,Bahrain,1016,Goats,2011,19000,E,,,,
16,50,Bangladesh,1016,Goats,2011,24149000,A,,,,
14,52,Barbados,1016,Goats,2011,5200,E,,,,
23,84,Belize,1016,Goats,2011,185,E,,,,
53,204,Benin,1016,Goats,2011,1640000,A,,,,
18,64,Bhutan,1016,Goats,2011,43734,A,,,,
19,68,Bolivia (Plurinational State of),1016,Goats,2011,2254713,A,,,,
20,72,Botswana,1016,Goats,2011,1769811,A,,,,
21,76,Brazil,1016,Goats,2011,9386316,A,,,,
26,96,Brunei Darussalam,1016,Goats,2011,6101,A,,,,
27,100,Bulgaria,1016,Goats,2011,356334,A,,,,
233,854,Burkina Faso,1016,Goats,2011,12712705,A,,,,
29,108,Burundi,1016,Goats,2011,2285693,A,,,,
35,132,Cabo Verde,1016,Goats,2011,179676,A,,,,
32,120,Cameroon,1016,Goats,2011,6053651,A,,,,
33,124,Canada,1016,Goats,2011,30000,E,,,,
37,140,Central African Republic,1016,Goats,2011,5744000,A,,,,
39,148,Chad,1016,Goats,2011,24011000,E,,,,
40,152,Chile,1016,Goats,2011,600000,E,,,,
96,344,"China, Hong Kong SAR",1016,Goats,2011,680,E,,,,
214,158,"China, Taiwan Province of",1016,Goats,2011,204854,A,,,,
41,156,"China, mainland",1016,Goats,2011,140874400,A,,,,
44,170,Colombia,1016,Goats,2011,900000,E,,,,
45,174,Comoros,1016,Goats,2011,122000,E,,,,
46,178,Congo,1016,Goats,2011,323000,E,,,,
47,184,Cook Islands,1016,Goats,2011,4388,A,,,,
48,188,Costa Rica,1016,Goats,2011,75000,E,,,,
49,192,Cuba,1016,Goats,2011,844300,A,,,,
50,196,Cyprus,1016,Goats,2011,290334,A,,,,
107,384,Côte d'Ivoire,1016,Goats,2011,1331687,A,,,,
116,408,Democratic People's Republic of Korea,1016,Goats,2011,3657000,A,,,,
250,180,Democratic Republic of the Congo,1016,Goats,2011,4058237,A,,,,
72,262,Djibouti,1016,Goats,2011,512000,X,,,,
55,212,Dominica,1016,Goats,2011,9700,E,,,,
56,214,Dominican Republic,1016,Goats,2011,230000,E,,,,
58,218,Ecuador,1016,Goats,2011,112331,A,,,,
59,818,Egypt,1016,Goats,2011,4258175,A,,,,
60,222,El Salvador,1016,Goats,2011,15100,E,,,,
61,226,Equatorial Guinea,1016,Goats,2011,9200,E,,,,
209,748,Eswatini,1016,Goats,2011,482443,I,,,,
66,242,Fiji,1016,Goats,2011,250700,E,,,,
67,246,Finland,1016,Goats,2011,4902,A,,,,
68,250,France,1016,Goats,2011,1381209,A,,,,
70,258,French Polynesia,1016,Goats,2011,16500,E,,,,
74,266,Gabon,1016,Goats,2011,96000,E,,,,
75,270,Gambia,1016,Goats,2011,303878,A,,,,
79,276,Germany,1016,Goats,2011,160000,A,,,,
81,288,Ghana,1016,Goats,2011,5137000,A,,,,
84,300,Greece,1016,Goats,2011,5123833,A,,,,
86,308,Grenada,1016,Goats,2011,10167,I,,,,
89,320,Guatemala,1016,Goats,2011,110700,A,,,,
90,324,Guinea,1016,Goats,2011,2043506,A,,,,
175,624,Guinea-Bissau,1016,Goats,2011,731716,A,,,,
91,328,Guyana,1016,Goats,2011,81000,E,,,,
93,332,Haiti,1016,Goats,2011,1910000,E,,,,
95,340,Honduras,1016,Goats,2011,25000,E,,,,
97,348,Hungary,1016,Goats,2011,75000,A,,,,
99,352,Iceland,1016,Goats,2011,818,A,,,,
100,356,India,1016,Goats,2011,136248000,X,,,,
101,360,Indonesia,1016,Goats,2011,16946186,A,,,,
102,364,Iran (Islamic Republic of),1016,Goats,2011,21221000,A,,,,
103,368,Iraq,1016,Goats,2011,1565000,A,,,,
105,376,Israel,1016,Goats,2011,107000,A,,,,
106,380,Italy,1016,Goats,2011,982918,A,,,,
109,388,Jamaica,1016,Goats,2011,500000,E,,,,
110,392,Japan,1016,Goats,2011,15500,E,,,,
112,400,Jordan,1016,Goats,2011,752230,A,,,,
114,404,Kenya,1016,Goats,2011,28860700,A,,,,
118,414,Kuwait,1016,Goats,2011,151716,A,,,,
120,418,Lao People's Democratic Republic,1016,Goats,2011,430900,A,,,,
121,422,Lebanon,1016,Goats,2011,550000,A,,,,
122,426,Lesotho,1016,Goats,2011,845000,E,,,,
123,430,Liberia,1016,Goats,2011,340000,E,,,,
124,434,Libya,1016,Goats,2011,2600000,E,,,,
129,450,Madagascar,1016,Goats,2011,1441900,E,,,,
130,454,Malawi,1016,Goats,2011,4442907,A,,,,
131,458,Malaysia,1016,Goats,2011,476431,A,,,,
133,466,Mali,1016,Goats,2011,16522454,A,,,,
134,470,Malta,1016,Goats,2011,4938,A,,,,
136,478,Mauritania,1016,Goats,2011,6089834,A,,,,
137,480,Mauritius,1016,Goats,2011,28176,A,,,,
138,484,Mexico,1016,Goats,2011,9004377,A,,,,
141,496,Mongolia,1016,Goats,2011,15934562,A,,,,
143,504,Morocco,1016,Goats,2011,5991370,A,,,,
144,508,Mozambique,1016,Goats,2011,4000000,E,,,,
28,104,Myanmar,1016,Goats,2011,3851919,A,,,,
147,516,Namibia,1016,Goats,2011,2150000,E,,,,
149,524,Nepal,1016,Goats,2011,9186440,A,,,,
150,528,Netherlands (Kingdom of the),1016,Goats,2011,380350,A,,,,
153,540,New Caledonia,1016,Goats,2011,3786,I,,,,
156,554,New Zealand,1016,Goats,2011,85970,A,,,,
157,558,Nicaragua,1016,Goats,2011,7500,E,,,,
158,562,Niger,1016,Goats,2011,13231430,A,,,,
159,566,Nigeria,1016,Goats,2011,67292536,A,,,,
162,578,Norway,1016,Goats,2011,67232,A,,,,
221,512,Oman,1016,Goats,2011,1753500,A,,,,
165,586,Pakistan,1016,Goats,2011,61480000,A,,,,
166,591,Panama,1016,Goats,2011,8354,A,,,,
168,598,Papua New Guinea,1016,Goats,2011,3100,E,,,,
169,600,Paraguay,1016,Goats,2011,135187,A,,,,
170,604,Peru,1016,Goats,2011,1946117,A,,,,
171,608,Philippines,1016,Goats,2011,3881500,A,,,,
174,620,Portugal,1016,Goats,2011,413000,A,,,,
177,630,Puerto Rico,1016,Goats,2011,4858,I,,,,
179,634,Qatar,1016,Goats,2011,190008,A,,,,
117,410,Republic of Korea,1016,Goats,2011,247943,A,,,,
183,642,Romania,1016,Goats,2011,1240786,A,,,,
184,646,Rwanda,1016,Goats,2011,2970780,A,,,,
188,659,Saint Kitts and Nevis,1016,Goats,2011,9000,A,,,,
189,662,Saint Lucia,1016,Goats,2011,9500,E,,,,
191,670,Saint Vincent and the Grenadines,1016,Goats,2011,9000,E,,,,
193,678,Sao Tome and Principe,1016,Goats,2011,5600,E,,,,
194,682,Saudi Arabia,1016,Goats,2011,3382000,A,,,,
195,686,Senegal,1016,Goats,2011,4886630,A,,,,
196,690,Seychelles,1016,Goats,2011,5400,E,,,,
197,694,Sierra Leone,1016,Goats,2011,883300,A,,,,
200,702,Singapore,1016,Goats,2011,670,E,,,,
201,706,Somalia,1016,Goats,2011,11500000,E,,,,
202,710,South Africa,1016,Goats,2011,6165051,A,,,,
203,724,Spain,1016,Goats,2011,2692898,A,,,,
38,144,Sri Lanka,1016,Goats,2011,375275,A,,,,
207,740,Suriname,1016,Goats,2011,5576,A,,,,
211,756,Switzerland,1016,Goats,2011,86215,A,,,,
212,760,Syrian Arab Republic,1016,Goats,2011,2294000,A,,,,
216,764,Thailand,1016,Goats,2011,427567,A,,,,
176,626,Timor-Leste,1016,Goats,2011,160435,A,,,,
217,768,Togo,1016,Goats,2011,1962139,A,,,,
219,776,Tonga,1016,Goats,2011,12600,E,,,,
220,780,Trinidad and Tobago,1016,Goats,2011,4991,A,,,,
222,788,Tunisia,1016,Goats,2011,1282080,A,,,,
227,798,Tuvalu,1016,Goats,2011,,M,,,,
223,792,Türkiye,1016,Goats,2011,7277953,A,,,,
226,800,Uganda,1016,Goats,2011,13604075,A,,,,
225,784,United Arab Emirates,1016,Goats,2011,1899554,A,,,,
229,826,United Kingdom of Great Britain and Northern Ireland,1016,Goats,2011,94000,A,,,,
215,834,United Republic of Tanzania,1016,Goats,2011,15200000,A,,,,
231,840,United States of America,1016,Goats,2011,2996000,A,,,,
234,858,Uruguay,1016,Goats,2011,17000,E,,,,
155,548,Vanuatu,1016,Goats,2011,17341,I,,,,
236,862,Venezuela (Bolivarian Republic of),1016,Goats,2011,1419978,A,,,,
237,704,Viet Nam,1016,Goats,2011,1267800,A,,,,
249,887,Yemen,1016,Goats,2011,9106000,A,,,,
251,894,Zambia,1016,Goats,2011,2300000,E,,,,
181,716,Zimbabwe,1016,Goats,2011,4719278,A,,,,
57,112,Belarus,1016,Goats,2012,73200,A,,,,
104,372,Ireland,1016,Goats,2012,10300,A,,,,
213,795,Turkmenistan,1016,Goats,2012,2292747,A,,,,
154,807,North Macedonia,1016,Goats,2012,63585,A,,,,
199,703,Slovakia,1016,Goats,2012,34053,A,,,,
167,203,Czechia,1016,Goats,2012,23620,A,,,,
63,233,Estonia,1016,Goats,2012,4300,A,,,,
299,275,Palestine,1016,Goats,2012,220000,E,,,,
173,616,Poland,1016,Goats,2012,89942,A,,,,
235,860,Uzbekistan,1016,Goats,2012,2783100,A,,,,
108,398,Kazakhstan,1016,Goats,2012,2652464,A,,,,
113,417,Kyrgyzstan,1016,Goats,2012,933777,A,,,,
145,583,Micronesia (Federated States of),1016,Goats,2012,4300,E,,,,
146,498,Republic of Moldova,1016,Goats,2012,122539,A,,,,
276,729,Sudan,1016,Goats,2012,30837000,A,,,,
80,70,Bosnia and Herzegovina,1016,Goats,2012,65375,A,,,,
185,643,Russian Federation,1016,Goats,2012,2091150,A,,,,
272,688,Serbia,1016,Goats,2012,231837,A,,,,
1,51,Armenia,1016,Goats,2012,28580,A,,,,
98,191,Croatia,1016,Goats,2012,71978,A,,,,
198,705,Slovenia,1016,Goats,2012,26645,A,,,,
208,762,Tajikistan,1016,Goats,2012,1724306,A,,,,
230,804,Ukraine,1016,Goats,2012,646200,A,,,,
178,232,Eritrea,1016,Goats,2012,1770000,E,,,,
119,428,Latvia,1016,Goats,2012,13400,A,,,,
126,440,Lithuania,1016,Goats,2012,15000,A,,,,
256,442,Luxembourg,1016,Goats,2012,4898,A,,,,
52,31,Azerbaijan,1016,Goats,2012,626900,A,,,,
73,268,Georgia,1016,Goats,2012,53600,A,,,,
255,56,Belgium,1016,Goats,2012,35955,A,,,,
273,499,Montenegro,1016,Goats,2012,27177,A,,,,
277,728,South Sudan,1016,Goats,2012,13500000,E,,,,
238,231,Ethiopia,1016,Goats,2012,24060792,A,,,,
2,4,Afghanistan,1016,Goats,2012,7311000,A,,,,
3,8,Albania,1016,Goats,2012,810133,A,,,,
4,12,Algeria,1016,Goats,2012,4594525,A,,,,
7,24,Angola,1016,Goats,2012,4055207,A,,,,
8,28,Antigua and Barbuda,1016,Goats,2012,27000,A,,,,
9,32,Argentina,1016,Goats,2012,4350000,E,,,,
10,36,Australia,1016,Goats,2012,3550000,E,,,,
11,40,Austria,1016,Goats,2012,72358,A,,,,
12,44,Bahamas,1016,Goats,2012,15000,E,,,,
13,48,Bahrain,1016,Goats,2012,18500,E,,,,
16,50,Bangladesh,1016,Goats,2012,25116000,A,,,,
14,52,Barbados,1016,Goats,2012,5300,E,,,,
23,84,Belize,1016,Goats,2012,175,E,,,,
53,204,Benin,1016,Goats,2012,1678000,A,,,,
18,64,Bhutan,1016,Goats,2012,39019,A,,,,
19,68,Bolivia (Plurinational State of),1016,Goats,2012,2312441,A,,,,
20,72,Botswana,1016,Goats,2012,1649615,A,,,,
21,76,Brazil,1016,Goats,2012,8646463,A,,,,
26,96,Brunei Darussalam,1016,Goats,2012,6850,A,,,,
27,100,Bulgaria,1016,Goats,2012,341362,A,,,,
233,854,Burkina Faso,1016,Goats,2012,13094062,A,,,,
29,108,Burundi,1016,Goats,2012,2489293,A,,,,
35,132,Cabo Verde,1016,Goats,2012,184707,A,,,,
32,120,Cameroon,1016,Goats,2012,5950739,A,,,,
33,124,Canada,1016,Goats,2012,30000,E,,,,
37,140,Central African Republic,1016,Goats,2012,5800000,E,,,,
39,148,Chad,1016,Goats,2012,25494000,E,,,,
40,152,Chile,1016,Goats,2012,530000,E,,,,
96,344,"China, Hong Kong SAR",1016,Goats,2012,670,E,,,,
214,158,"China, Taiwan Province of",1016,Goats,2012,190440,A,,,,
41,156,"China, mainland",1016,Goats,2012,139323000,A,,,,
44,170,Colombia,1016,Goats,2012,803916,A,,,,
45,174,Comoros,1016,Goats,2012,122000,E,,,,
46,178,Congo,1016,Goats,2012,324500,E,,,,
47,184,Cook Islands,1016,Goats,2012,4439,I,,,,
48,188,Costa Rica,1016,Goats,2012,80000,E,,,,
49,192,Cuba,1016,Goats,2012,651000,A,,,,
50,196,Cyprus,1016,Goats,2012,271175,A,,,,
107,384,Côte d'Ivoire,1016,Goats,2012,1339038,A,,,,
116,408,Democratic People's Republic of Korea,1016,Goats,2012,3689000,A,,,,
250,180,Democratic Republic of the Congo,1016,Goats,2012,4064322,A,,,,
72,262,Djibouti,1016,Goats,2012,514000,E,,,,
55,212,Dominica,1016,Goats,2012,9700,E,,,,
56,214,Dominican Republic,1016,Goats,2012,232000,E,,,,
58,218,Ecuador,1016,Goats,2012,108714,A,,,,
59,818,Egypt,1016,Goats,2012,4306258,A,,,,
60,222,El Salvador,1016,Goats,2012,15100,E,,,,
61,226,Equatorial Guinea,1016,Goats,2012,9300,E,,,,
209,748,Eswatini,1016,Goats,2012,485826,A,,,,
66,242,Fiji,1016,Goats,2012,250750,E,,,,
67,246,Finland,1016,Goats,2012,4886,A,,,,
68,250,France,1016,Goats,2012,1307753,A,,,,
70,258,French Polynesia,1016,Goats,2012,16800,E,,,,
74,266,Gabon,1016,Goats,2012,100000,E,,,,
75,270,Gambia,1016,Goats,2012,312130,A,,,,
79,276,Germany,1016,Goats,2012,162000,A,,,,
81,288,Ghana,1016,Goats,2012,5435000,A,,,,
84,300,Greece,1016,Goats,2012,5009904,A,,,,
86,308,Grenada,1016,Goats,2012,10821,I,,,,
89,320,Guatemala,1016,Goats,2012,110900,A,,,,
90,324,Guinea,1016,Goats,2012,2179976,A,,,,
175,624,Guinea-Bissau,1016,Goats,2012,750000,E,,,,
91,328,Guyana,1016,Goats,2012,82000,E,,,,
93,332,Haiti,1016,Goats,2012,1950000,E,,,,
95,340,Honduras,1016,Goats,2012,25000,E,,,,
97,348,Hungary,1016,Goats,2012,79000,A,,,,
99,352,Iceland,1016,Goats,2012,857,A,,,,
100,356,India,1016,Goats,2012,135173093,A,,,,
101,360,Indonesia,1016,Goats,2012,17905862,A,,,,
102,364,Iran (Islamic Republic of),1016,Goats,2012,21009000,A,,,,
103,368,Iraq,1016,Goats,2012,1612000,X,,,,
105,376,Israel,1016,Goats,2012,100000,A,,,,
106,380,Italy,1016,Goats,2012,891604,A,,,,
109,388,Jamaica,1016,Goats,2012,520000,E,,,,
110,392,Japan,1016,Goats,2012,16000,E,,,,
112,400,Jordan,1016,Goats,2012,791980,A,,,,
114,404,Kenya,1016,Goats,2012,22181935,A,,,,
118,414,Kuwait,1016,Goats,2012,137441,A,,,,
120,418,Lao People's Democratic Republic,1016,Goats,2012,443799,A,,,,
121,422,Lebanon,1016,Goats,2012,550000,A,,,,
122,426,Lesotho,1016,Goats,2012,835000,E,,,,
123,430,Liberia,1016,Goats,2012,342000,E,,,,
124,434,Libya,1016,Goats,2012,2550000,E,,,,
129,450,Madagascar,1016,Goats,2012,1473000,E,,,,
130,454,Malawi,1016,Goats,2012,4929808,A,,,,
131,458,Malaysia,1016,Goats,2012,462510,A,,,,
133,466,Mali,1016,Goats,2012,17348576,A,,,,
134,470,Malta,1016,Goats,2012,4847,A,,,,
136,478,Mauritania,1016,Goats,2012,6399326,A,,,,
137,480,Mauritius,1016,Goats,2012,27430,A,,,,
138,484,Mexico,1016,Goats,2012,8743949,A,,,,
141,496,Mongolia,1016,Goats,2012,17558672,A,,,,
143,504,Morocco,1016,Goats,2012,5601500,A,,,,
144,508,Mozambique,1016,Goats,2012,4448000,A,,,,
28,104,Myanmar,1016,Goats,2012,4486000,A,,,,
147,516,Namibia,1016,Goats,2012,1933103,A,,,,
149,524,Nepal,1016,Goats,2012,9512958,A,,,,
150,528,Netherlands (Kingdom of the),1016,Goats,2012,396730,A,,,,
153,540,New Caledonia,1016,Goats,2012,3165,A,,,,
156,554,New Zealand,1016,Goats,2012,90096,A,,,,
157,558,Nicaragua,1016,Goats,2012,7500,E,,,,
158,562,Niger,1016,Goats,2012,13760687,A,,,,
159,566,Nigeria,1016,Goats,2012,68974848,A,,,,
162,578,Norway,1016,Goats,2012,65683,A,,,,
221,512,Oman,1016,Goats,2012,1788600,A,,,,
165,586,Pakistan,1016,Goats,2012,63146000,A,,,,
166,591,Panama,1016,Goats,2012,8450,E,,,,
168,598,Papua New Guinea,1016,Goats,2012,3000,E,,,,
169,600,Paraguay,1016,Goats,2012,137537,A,,,,
170,604,Peru,1016,Goats,2012,1949502,A,,,,
171,608,Philippines,1016,Goats,2012,3715228,A,,,,
174,620,Portugal,1016,Goats,2012,404000,A,,,,
177,630,Puerto Rico,1016,Goats,2012,5655,A,,,,
179,634,Qatar,1016,Goats,2012,215278,A,,,,
117,410,Republic of Korea,1016,Goats,2012,257262,A,,,,
183,642,Romania,1016,Goats,2012,1236143,A,,,,
184,646,Rwanda,1016,Goats,2012,2672751,A,,,,
188,659,Saint Kitts and Nevis,1016,Goats,2012,4000,A,,,,
189,662,Saint Lucia,1016,Goats,2012,9500,E,,,,
191,670,Saint Vincent and the Grenadines,1016,Goats,2012,9651,A,,,,
193,678,Sao Tome and Principe,1016,Goats,2012,5650,E,,,,
194,682,Saudi Arabia,1016,Goats,2012,3408000,A,,,,
195,686,Senegal,1016,Goats,2012,5038115,A,,,,
196,690,Seychelles,1016,Goats,2012,5400,E,,,,
197,694,Sierra Leone,1016,Goats,2012,895000,E,,,,
200,702,Singapore,1016,Goats,2012,670,E,,,,
201,706,Somalia,1016,Goats,2012,11500000,E,,,,
202,710,South Africa,1016,Goats,2012,6141817,A,,,,
203,724,Spain,1016,Goats,2012,2637340,A,,,,
38,144,Sri Lanka,1016,Goats,2012,383450,A,,,,
207,740,Suriname,1016,Goats,2012,4483,A,,,,
211,756,Switzerland,1016,Goats,2012,88089,A,,,,
212,760,Syrian Arab Republic,1016,Goats,2012,2292747,A,,,,
216,764,Thailand,1016,Goats,2012,461814,A,,,,
176,626,Timor-Leste,1016,Goats,2012,168938,A,,,,
217,768,Togo,1016,Goats,2012,2526059,A,,,,
219,776,Tonga,1016,Goats,2012,13000,E,,,,
220,780,Trinidad and Tobago,1016,Goats,2012,6946,A,,,,
222,788,Tunisia,1016,Goats,2012,1272460,A,,,,
227,798,Tuvalu,1016,Goats,2012,,M,,,,
223,792,Türkiye,1016,Goats,2012,8357286,A,,,,
226,800,Uganda,1016,Goats,2012,14012198,A,,,,
225,784,United Arab Emirates,1016,Goats,2012,1579164,A,,,,
229,826,United Kingdom of Great Britain and Northern Ireland,1016,Goats,2012,98000,A,,,,
215,834,United Republic of Tanzania,1016,Goats,2012,15600000,A,,,,
231,840,United States of America,1016,Goats,2012,2703000,A,,,,
234,858,Uruguay,1016,Goats,2012,17300,E,,,,
155,548,Vanuatu,1016,Goats,2012,17197,I,,,,
236,862,Venezuela (Bolivarian Republic of),1016,Goats,2012,1426518,A,,,,
237,704,Viet Nam,1016,Goats,2012,1343642,A,,,,
249,887,Yemen,1016,Goats,2012,9158464,A,,,,
251,894,Zambia,1016,Goats,2012,2350000,E,,,,
181,716,Zimbabwe,1016,Goats,2012,4900000,E,,,,
213,795,Turkmenistan,1016,Goats,2013,2435696,I,,,,
277,728,South Sudan,1016,Goats,2013,13550000,E,,,,
108,398,Kazakhstan,1016,Goats,2013,2496057,A,,,,
119,428,Latvia,1016,Goats,2013,13300,A,,,,
276,729,Sudan,1016,Goats,2013,30984000,A,,,,
1,51,Armenia,1016,Goats,2013,29020,A,,,,
104,372,Ireland,1016,Goats,2013,8700,A,,,,
73,268,Georgia,1016,Goats,2013,54400,A,,,,
235,860,Uzbekistan,1016,Goats,2013,2967300,A,,,,
63,233,Estonia,1016,Goats,2013,4600,A,,,,
154,807,North Macedonia,1016,Goats,2013,75028,A,,,,
255,56,Belgium,1016,Goats,2013,40473,A,,,,
273,499,Montenegro,1016,Goats,2013,29675,A,,,,
230,804,Ukraine,1016,Goats,2013,664800,A,,,,
238,231,Ethiopia,1016,Goats,2013,28163340,A,,,,
80,70,Bosnia and Herzegovina,1016,Goats,2013,69369,A,,,,
299,275,Palestine,1016,Goats,2013,215335,A,,,,
126,440,Lithuania,1016,Goats,2013,13598,A,,,,
256,442,Luxembourg,1016,Goats,2013,4456,A,,,,
208,762,Tajikistan,1016,Goats,2013,1826142,A,,,,
52,31,Azerbaijan,1016,Goats,2013,644800,A,,,,
57,112,Belarus,1016,Goats,2013,68300,A,,,,
272,688,Serbia,1016,Goats,2013,225073,A,,,,
98,191,Croatia,1016,Goats,2013,68948,A,,,,
146,498,Republic of Moldova,1016,Goats,2013,128884,A,,,,
167,203,Czechia,1016,Goats,2013,24042,A,,,,
198,705,Slovenia,1016,Goats,2013,26351,A,,,,
145,583,Micronesia (Federated States of),1016,Goats,2013,4500,E,,,,
173,616,Poland,1016,Goats,2013,81727,A,,,,
185,643,Russian Federation,1016,Goats,2013,2118697,A,,,,
199,703,Slovakia,1016,Goats,2013,34823,A,,,,
113,417,Kyrgyzstan,1016,Goats,2013,960391,A,,,,
178,232,Eritrea,1016,Goats,2013,1800000,E,,,,
2,4,Afghanistan,1016,Goats,2013,7037000,A,,,,
3,8,Albania,1016,Goats,2013,867000,A,,,,
4,12,Algeria,1016,Goats,2013,4910700,A,,,,
7,24,Angola,1016,Goats,2013,4164698,A,,,,
8,28,Antigua and Barbuda,1016,Goats,2013,23969,I,,,,
9,32,Argentina,1016,Goats,2013,4375000,E,,,,
10,36,Australia,1016,Goats,2013,3550000,E,,,,
11,40,Austria,1016,Goats,2013,73212,A,,,,
12,44,Bahamas,1016,Goats,2013,15000,E,,,,
13,48,Bahrain,1016,Goats,2013,18500,E,,,,
16,50,Bangladesh,1016,Goats,2013,25277000,A,,,,
14,52,Barbados,1016,Goats,2013,5500,E,,,,
23,84,Belize,1016,Goats,2013,180,E,,,,
53,204,Benin,1016,Goats,2013,1716000,A,,,,
18,64,Bhutan,1016,Goats,2013,39264,A,,,,
19,68,Bolivia (Plurinational State of),1016,Goats,2013,2370944,A,,,,
20,72,Botswana,1016,Goats,2013,1532873,A,,,,
21,76,Brazil,1016,Goats,2013,8779213,A,,,,
26,96,Brunei Darussalam,1016,Goats,2013,6950,E,,,,
27,100,Bulgaria,1016,Goats,2013,293639,A,,,,
233,854,Burkina Faso,1016,Goats,2013,13486909,A,,,,
29,108,Burundi,1016,Goats,2013,3310769,A,,,,
35,132,Cabo Verde,1016,Goats,2013,189879,A,,,,
32,120,Cameroon,1016,Goats,2013,6298059,A,,,,
33,124,Canada,1016,Goats,2013,30000,E,,,,
37,140,Central African Republic,1016,Goats,2013,5800000,E,,,,
39,148,Chad,1016,Goats,2013,27070000,E,,,,
40,152,Chile,1016,Goats,2013,461645,A,,,,
96,344,"China, Hong Kong SAR",1016,Goats,2013,680,E,,,,
214,158,"China, Taiwan Province of",1016,Goats,2013,167103,A,,,,
41,156,"China, mainland",1016,Goats,2013,136575200,A,,,,
44,170,Colombia,1016,Goats,2013,887455,A,,,,
45,174,Comoros,1016,Goats,2013,122000,E,,,,
46,178,Congo,1016,Goats,2013,325000,E,,,,
47,184,Cook Islands,1016,Goats,2013,4482,I,,,,
48,188,Costa Rica,1016,Goats,2013,80000,E,,,,
49,192,Cuba,1016,Goats,2013,625600,A,,,,
50,196,Cyprus,1016,Goats,2013,243125,A,,,,
107,384,Côte d'Ivoire,1016,Goats,2013,1378941,A,,,,
116,408,Democratic People's Republic of Korea,1016,Goats,2013,3682000,A,,,,
250,180,Democratic Republic of the Congo,1016,Goats,2013,4070416,A,,,,
72,262,Djibouti,1016,Goats,2013,514000,E,,,,
55,212,Dominica,1016,Goats,2013,9700,E,,,,
56,214,Dominican Republic,1016,Goats,2013,235000,E,,,,
58,218,Ecuador,1016,Goats,2013,104027,A,,,,
59,818,Egypt,1016,Goats,2013,4153261,A,,,,
60,222,El Salvador,1016,Goats,2013,15150,E,,,,
61,226,Equatorial Guinea,1016,Goats,2013,9500,E,,,,
209,748,Eswatini,1016,Goats,2013,458344,A,,,,
66,242,Fiji,1016,Goats,2013,251500,E,,,,
67,246,Finland,1016,Goats,2013,4509,A,,,,
68,250,France,1016,Goats,2013,1290623,A,,,,
70,258,French Polynesia,1016,Goats,2013,16800,E,,,,
74,266,Gabon,1016,Goats,2013,110000,E,,,,
75,270,Gambia,1016,Goats,2013,267435,A,,,,
79,276,Germany,1016,Goats,2013,130200,A,,,,
81,288,Ghana,1016,Goats,2013,5751000,A,,,,
84,300,Greece,1016,Goats,2013,4895244,A,,,,
86,308,Grenada,1016,Goats,2013,11583,I,,,,
89,320,Guatemala,1016,Goats,2013,113300,A,,,,
90,324,Guinea,1016,Goats,2013,2325561,A,,,,
175,624,Guinea-Bissau,1016,Goats,2013,750000,E,,,,
91,328,Guyana,1016,Goats,2013,82000,E,,,,
93,332,Haiti,1016,Goats,2013,1950000,E,,,,
95,340,Honduras,1016,Goats,2013,25000,E,,,,
97,348,Hungary,1016,Goats,2013,89000,A,,,,
99,352,Iceland,1016,Goats,2013,877,A,,,,
100,356,India,1016,Goats,2013,140048182,I,,,,
101,360,Indonesia,1016,Goats,2013,18500322,A,,,,
102,364,Iran (Islamic Republic of),1016,Goats,2013,20591000,A,,,,
103,368,Iraq,1016,Goats,2013,1195675,A,,,,
105,376,Israel,1016,Goats,2013,100000,A,,,,
106,380,Italy,1016,Goats,2013,975858,A,,,,
109,388,Jamaica,1016,Goats,2013,520000,E,,,,
110,392,Japan,1016,Goats,2013,16700,E,,,,
112,400,Jordan,1016,Goats,2013,836473,A,,,,
114,404,Kenya,1016,Goats,2013,24637393,A,,,,
118,414,Kuwait,1016,Goats,2013,150495,A,,,,
120,418,Lao People's Democratic Republic,1016,Goats,2013,470000,A,,,,
121,422,Lebanon,1016,Goats,2013,550000,A,,,,
122,426,Lesotho,1016,Goats,2013,838650,A,,,,
123,430,Liberia,1016,Goats,2013,345000,E,,,,
124,434,Libya,1016,Goats,2013,2600000,E,,,,
129,450,Madagascar,1016,Goats,2013,1472000,E,,,,
130,454,Malawi,1016,Goats,2013,5356545,A,,,,
131,458,Malaysia,1016,Goats,2013,435000,A,,,,
133,466,Mali,1016,Goats,2013,18216005,A,,,,
134,470,Malta,1016,Goats,2013,4598,A,,,,
136,478,Mauritania,1016,Goats,2013,6714042,A,,,,
137,480,Mauritius,1016,Goats,2013,25702,A,,,,
138,484,Mexico,1016,Goats,2013,8664613,A,,,,
141,496,Mongolia,1016,Goats,2013,19227584,A,,,,
143,504,Morocco,1016,Goats,2013,5905394,A,,,,
144,508,Mozambique,1016,Goats,2013,4548000,A,,,,
28,104,Myanmar,1016,Goats,2013,4964542,A,,,,
147,516,Namibia,1016,Goats,2013,1693145,A,,,,
149,524,Nepal,1016,Goats,2013,9786354,A,,,,
150,528,Netherlands (Kingdom of the),1016,Goats,2013,412550,A,,,,
153,540,New Caledonia,1016,Goats,2013,2774,I,,,,
156,554,New Zealand,1016,Goats,2013,79977,A,,,,
157,558,Nicaragua,1016,Goats,2013,7400,E,,,,
158,562,Niger,1016,Goats,2013,14311115,A,,,,
159,566,Nigeria,1016,Goats,2013,70699218,A,,,,
162,578,Norway,1016,Goats,2013,64128,A,,,,
221,512,Oman,1016,Goats,2013,2085206,A,,,,
165,586,Pakistan,1016,Goats,2013,64858000,A,,,,
166,591,Panama,1016,Goats,2013,8450,E,,,,
168,598,Papua New Guinea,1016,Goats,2013,3000,E,,,,
169,600,Paraguay,1016,Goats,2013,140341,A,,,,
170,604,Peru,1016,Goats,2013,1928631,A,,,,
171,608,Philippines,1016,Goats,2013,3694025,A,,,,
174,620,Portugal,1016,Goats,2013,398000,A,,,,
177,630,Puerto Rico,1016,Goats,2013,4712,I,,,,
179,634,Qatar,1016,Goats,2013,235834,A,,,,
117,410,Republic of Korea,1016,Goats,2013,242787,A,,,,
183,642,Romania,1016,Goats,2013,1265676,A,,,,
184,646,Rwanda,1016,Goats,2013,2702750,A,,,,
188,659,Saint Kitts and Nevis,1016,Goats,2013,4100,A,,,,
189,662,Saint Lucia,1016,Goats,2013,13428,X,,,,
191,670,Saint Vincent and the Grenadines,1016,Goats,2013,9350,A,,,,
193,678,Sao Tome and Principe,1016,Goats,2013,5700,E,,,,
194,682,Saudi Arabia,1016,Goats,2013,3430000,A,,,,
195,686,Senegal,1016,Goats,2013,5199335,A,,,,
196,690,Seychelles,1016,Goats,2013,5500,E,,,,
197,694,Sierra Leone,1016,Goats,2013,896000,E,,,,
200,702,Singapore,1016,Goats,2013,670,E,,,,
201,706,Somalia,1016,Goats,2013,11550000,E,,,,
202,710,South Africa,1016,Goats,2013,6027966,A,,,,
203,724,Spain,1016,Goats,2013,2609990,A,,,,
38,144,Sri Lanka,1016,Goats,2013,331150,A,,,,
207,740,Suriname,1016,Goats,2013,4024,A,,,,
211,756,Switzerland,1016,Goats,2013,87935,A,,,,
212,760,Syrian Arab Republic,1016,Goats,2013,2294239,A,,,,
216,764,Thailand,1016,Goats,2013,420354,A,,,,
176,626,Timor-Leste,1016,Goats,2013,177892,A,,,,
217,768,Togo,1016,Goats,2013,2728144,A,,,,
219,776,Tonga,1016,Goats,2013,13250,E,,,,
220,780,Trinidad and Tobago,1016,Goats,2013,18420,A,,,,
222,788,Tunisia,1016,Goats,2013,1248180,A,,,,
227,798,Tuvalu,1016,Goats,2013,,M,,,,
223,792,Türkiye,1016,Goats,2013,9225548,A,,,,
226,800,Uganda,1016,Goats,2013,14614000,A,,,,
225,784,United Arab Emirates,1016,Goats,2013,1850464,A,,,,
229,826,United Kingdom of Great Britain and Northern Ireland,1016,Goats,2013,98000,A,,,,
215,834,United Republic of Tanzania,1016,Goats,2013,16010526,A,,,,
231,840,United States of America,1016,Goats,2013,2632000,A,,,,
234,858,Uruguay,1016,Goats,2013,17500,E,,,,
155,548,Vanuatu,1016,Goats,2013,17054,I,,,,
236,862,Venezuela (Bolivarian Republic of),1016,Goats,2013,1430759,A,,,,
237,704,Viet Nam,1016,Goats,2013,1394608,A,,,,
249,887,Yemen,1016,Goats,2013,9255373,A,,,,
251,894,Zambia,1016,Goats,2013,2500000,E,,,,
181,716,Zimbabwe,1016,Goats,2013,5000000,E,,,,
52,31,Azerbaijan,1016,Goats,2014,658107,A,,,,
173,616,Poland,1016,Goats,2014,81727,A,,,,
277,728,South Sudan,1016,Goats,2014,13550000,E,,,,
80,70,Bosnia and Herzegovina,1016,Goats,2014,74000,A,,,,
145,583,Micronesia (Federated States of),1016,Goats,2014,4500,E,,,,
208,762,Tajikistan,1016,Goats,2014,1829652,A,,,,
273,499,Montenegro,1016,Goats,2014,32997,A,,,,
199,703,Slovakia,1016,Goats,2014,35457,A,,,,
108,398,Kazakhstan,1016,Goats,2014,2362824,A,,,,
198,705,Slovenia,1016,Goats,2014,21240,A,,,,
154,807,North Macedonia,1016,Goats,2014,81345,A,,,,
104,372,Ireland,1016,Goats,2014,8600,A,,,,
230,804,Ukraine,1016,Goats,2014,482600,A,,,,
299,275,Palestine,1016,Goats,2014,210000,E,,,,
57,112,Belarus,1016,Goats,2014,68000,A,,,,
255,56,Belgium,1016,Goats,2014,38000,E,,,,
119,428,Latvia,1016,Goats,2014,12600,A,,,,
235,860,Uzbekistan,1016,Goats,2014,3161300,A,,,,
178,232,Eritrea,1016,Goats,2014,1825000,E,,,,
73,268,Georgia,1016,Goats,2014,60800,A,,,,
256,442,Luxembourg,1016,Goats,2014,4322,A,,,,
146,498,Republic of Moldova,1016,Goats,2014,144885,A,,,,
167,203,Czechia,1016,Goats,2014,24348,A,,,,
63,233,Estonia,1016,Goats,2014,5000,A,,,,
238,231,Ethiopia,1016,Goats,2014,29112963,A,,,,
126,440,Lithuania,1016,Goats,2014,13832,A,,,,
1,51,Armenia,1016,Goats,2014,30500,A,,,,
113,417,Kyrgyzstan,1016,Goats,2014,910246,A,,,,
272,688,Serbia,1016,Goats,2014,218603,A,,,,
185,643,Russian Federation,1016,Goats,2014,2090609,A,,,,
213,795,Turkmenistan,1016,Goats,2014,2879496,I,,,,
276,729,Sudan,1016,Goats,2014,31029000,A,,,,
98,191,Croatia,1016,Goats,2014,60697,A,,,,
2,4,Afghanistan,1016,Goats,2014,7059000,A,,,,
3,8,Albania,1016,Goats,2014,904214,A,,,,
4,12,Algeria,1016,Goats,2014,5129839,A,,,,
7,24,Angola,1016,Goats,2014,4277150,E,,,,
8,28,Antigua and Barbuda,1016,Goats,2014,23658,I,,,,
9,32,Argentina,1016,Goats,2014,4400000,E,,,,
10,36,Australia,1016,Goats,2014,3570000,E,,,,
11,40,Austria,1016,Goats,2014,72068,A,,,,
12,44,Bahamas,1016,Goats,2014,15000,E,,,,
13,48,Bahrain,1016,Goats,2014,18500,E,,,,
16,50,Bangladesh,1016,Goats,2014,25439000,A,,,,
14,52,Barbados,1016,Goats,2014,5400,E,,,,
23,84,Belize,1016,Goats,2014,180,E,,,,
53,204,Benin,1016,Goats,2014,1755000,A,,,,
18,64,Bhutan,1016,Goats,2014,48864,A,,,,
19,68,Bolivia (Plurinational State of),1016,Goats,2014,2156812,A,,,,
20,72,Botswana,1016,Goats,2014,1605642,A,,,,
21,76,Brazil,1016,Goats,2014,8851879,A,,,,
26,96,Brunei Darussalam,1016,Goats,2014,6769,A,,,,
27,100,Bulgaria,1016,Goats,2014,289308,A,,,,
233,854,Burkina Faso,1016,Goats,2014,13891000,A,,,,
29,108,Burundi,1016,Goats,2014,2416491,A,,,,
35,132,Cabo Verde,1016,Goats,2014,195195,A,,,,
32,120,Cameroon,1016,Goats,2014,6275355,I,,,,
33,124,Canada,1016,Goats,2014,30000,E,,,,
37,140,Central African Republic,1016,Goats,2014,5800000,E,,,,
39,148,Chad,1016,Goats,2014,28743000,E,,,,
40,152,Chile,1016,Goats,2014,450000,E,,,,
96,344,"China, Hong Kong SAR",1016,Goats,2014,680,E,,,,
214,158,"China, Taiwan Province of",1016,Goats,2014,160850,A,,,,
41,156,"China, mainland",1016,Goats,2014,136575200,A,,,,
44,170,Colombia,1016,Goats,2014,1038058,A,,,,
45,174,Comoros,1016,Goats,2014,122000,E,,,,
46,178,Congo,1016,Goats,2014,325000,E,,,,
47,184,Cook Islands,1016,Goats,2014,4504,I,,,,
48,188,Costa Rica,1016,Goats,2014,80000,E,,,,
49,192,Cuba,1016,Goats,2014,608709,A,,,,
50,196,Cyprus,1016,Goats,2014,240000,A,,,,
107,384,Côte d'Ivoire,1016,Goats,2014,1400000,E,,,,
116,408,Democratic People's Republic of Korea,1016,Goats,2014,3665000,E,,,,
250,180,Democratic Republic of the Congo,1016,Goats,2014,4082627,A,,,,
72,262,Djibouti,1016,Goats,2014,515000,E,,,,
55,212,Dominica,1016,Goats,2014,9700,E,,,,
56,214,Dominican Republic,1016,Goats,2014,236000,E,,,,
58,218,Ecuador,1016,Goats,2014,20793,A,,,,
59,818,Egypt,1016,Goats,2014,4185761,A,,,,
60,222,El Salvador,1016,Goats,2014,15150,E,,,,
61,226,Equatorial Guinea,1016,Goats,2014,9500,E,,,,
209,748,Eswatini,1016,Goats,2014,441137,A,,,,
66,242,Fiji,1016,Goats,2014,252000,E,,,,
67,246,Finland,1016,Goats,2014,4364,A,,,,
68,250,France,1016,Goats,2014,1284667,A,,,,
70,258,French Polynesia,1016,Goats,2014,16500,E,,,,
74,266,Gabon,1016,Goats,2014,110000,E,,,,
75,270,Gambia,1016,Goats,2014,359835,A,,,,
79,276,Germany,1016,Goats,2014,117000,A,,,,
81,288,Ghana,1016,Goats,2014,6044000,A,,,,
84,300,Greece,1016,Goats,2014,4782003,A,,,,
86,308,Grenada,1016,Goats,2014,12921,I,,,,
89,320,Guatemala,1016,Goats,2014,111900,A,,,,
90,324,Guinea,1016,Goats,2014,2503900,A,,,,
175,624,Guinea-Bissau,1016,Goats,2014,750000,E,,,,
91,328,Guyana,1016,Goats,2014,82100,E,,,,
93,332,Haiti,1016,Goats,2014,2073767,I,,,,
95,340,Honduras,1016,Goats,2014,25000,E,,,,
97,348,Hungary,1016,Goats,2014,73000,A,,,,
99,352,Iceland,1016,Goats,2014,981,A,,,,
100,356,India,1016,Goats,2014,141293209,I,,,,
101,360,Indonesia,1016,Goats,2014,18639533,A,,,,
102,364,Iran (Islamic Republic of),1016,Goats,2014,20407600,A,,,,
103,368,Iraq,1016,Goats,2014,1216898,A,,,,
105,376,Israel,1016,Goats,2014,154740,A,,,,
106,380,Italy,1016,Goats,2014,937029,A,,,,
109,388,Jamaica,1016,Goats,2014,520000,E,,,,
110,392,Japan,1016,Goats,2014,17000,E,,,,
112,400,Jordan,1016,Goats,2014,857729,A,,,,
114,404,Kenya,1016,Goats,2014,27319842,A,,,,
118,414,Kuwait,1016,Goats,2014,153391,A,,,,
120,418,Lao People's Democratic Republic,1016,Goats,2014,481000,A,,,,
121,422,Lebanon,1016,Goats,2014,550000,X,,,,
122,426,Lesotho,1016,Goats,2014,824698,A,,,,
123,430,Liberia,1016,Goats,2014,345000,E,,,,
124,434,Libya,1016,Goats,2014,2580000,E,,,,
129,450,Madagascar,1016,Goats,2014,1473000,E,,,,
130,454,Malawi,1016,Goats,2014,5882106,A,,,,
131,458,Malaysia,1016,Goats,2014,429439,A,,,,
133,466,Mali,1016,Goats,2014,19126805,A,,,,
134,470,Malta,1016,Goats,2014,4627,A,,,,
136,478,Mauritania,1016,Goats,2014,7080000,X,,,,
137,480,Mauritius,1016,Goats,2014,26558,A,,,,
138,484,Mexico,1016,Goats,2014,8687814,A,,,,
141,496,Mongolia,1016,Goats,2014,22008896,A,,,,
143,504,Morocco,1016,Goats,2014,6147225,A,,,,
144,508,Mozambique,1016,Goats,2014,4783000,A,,,,
28,104,Myanmar,1016,Goats,2014,5615439,A,,,,
147,516,Namibia,1016,Goats,2014,1618204,A,,,,
149,524,Nepal,1016,Goats,2014,10177531,A,,,,
150,528,Netherlands (Kingdom of the),1016,Goats,2014,441000,A,,,,
153,540,New Caledonia,1016,Goats,2014,2488,I,,,,
156,554,New Zealand,1016,Goats,2014,97370,A,,,,
157,558,Nicaragua,1016,Goats,2014,7450,E,,,,
158,562,Niger,1016,Goats,2014,14883559,A,,,,
159,566,Nigeria,1016,Goats,2014,71958213,A,,,,
162,578,Norway,1016,Goats,2014,64361,A,,,,
221,512,Oman,1016,Goats,2014,2126910,A,,,,
165,586,Pakistan,1016,Goats,2014,66615000,A,,,,
166,591,Panama,1016,Goats,2014,8455,E,,,,
168,598,Papua New Guinea,1016,Goats,2014,3000,E,,,,
169,600,Paraguay,1016,Goats,2014,143657,A,,,,
170,604,Peru,1016,Goats,2014,1904873,A,,,,
171,608,Philippines,1016,Goats,2014,3695627,A,,,,
174,620,Portugal,1016,Goats,2014,382000,A,,,,
177,630,Puerto Rico,1016,Goats,2014,4418,I,,,,
179,634,Qatar,1016,Goats,2014,267202,A,,,,
117,410,Republic of Korea,1016,Goats,2014,250729,A,,,,
183,642,Romania,1016,Goats,2014,1312967,A,,,,
184,646,Rwanda,1016,Goats,2014,2532000,A,,,,
188,659,Saint Kitts and Nevis,1016,Goats,2014,4000,A,,,,
189,662,Saint Lucia,1016,Goats,2014,15704,X,,,,
191,670,Saint Vincent and the Grenadines,1016,Goats,2014,9420,A,,,,
193,678,Sao Tome and Principe,1016,Goats,2014,5700,E,,,,
194,682,Saudi Arabia,1016,Goats,2014,3563017,A,,,,
195,686,Senegal,1016,Goats,2014,5381312,A,,,,
196,690,Seychelles,1016,Goats,2014,5500,E,,,,
197,694,Sierra Leone,1016,Goats,2014,900000,E,,,,
200,702,Singapore,1016,Goats,2014,670,E,,,,
201,706,Somalia,1016,Goats,2014,11600000,E,,,,
202,710,South Africa,1016,Goats,2014,5971202,A,,,,
203,724,Spain,1016,Goats,2014,2704250,A,,,,
38,144,Sri Lanka,1016,Goats,2014,299050,A,,,,
207,740,Suriname,1016,Goats,2014,4058,A,,,,
211,756,Switzerland,1016,Goats,2014,87817,A,,,,
212,760,Syrian Arab Republic,1016,Goats,2014,2285778,A,,,,
216,764,Thailand,1016,Goats,2014,447546,A,,,,
176,626,Timor-Leste,1016,Goats,2014,178581,A,,,,
217,768,Togo,1016,Goats,2014,2946395,A,,,,
219,776,Tonga,1016,Goats,2014,13500,E,,,,
220,780,Trinidad and Tobago,1016,Goats,2014,6854,A,,,,
222,788,Tunisia,1016,Goats,2014,1248200,A,,,,
227,798,Tuvalu,1016,Goats,2014,,M,,,,
223,792,Türkiye,1016,Goats,2014,10344936,A,,,,
226,800,Uganda,1016,Goats,2014,14011000,A,,,,
225,784,United Arab Emirates,1016,Goats,2014,2182082,A,,,,
229,826,United Kingdom of Great Britain and Northern Ireland,1016,Goats,2014,100000,A,,,,
215,834,United Republic of Tanzania,1016,Goats,2014,16700000,A,,,,
231,840,United States of America,1016,Goats,2014,2611000,A,,,,
234,858,Uruguay,1016,Goats,2014,17400,E,,,,
155,548,Vanuatu,1016,Goats,2014,16910,I,,,,
236,862,Venezuela (Bolivarian Republic of),1016,Goats,2014,1432899,A,,,,
237,704,Viet Nam,1016,Goats,2014,1600275,A,,,,
249,887,Yemen,1016,Goats,2014,9379831,A,,,,
251,894,Zambia,1016,Goats,2014,2600000,E,,,,
181,716,Zimbabwe,1016,Goats,2014,4243102,A,,,,
146,498,Republic of Moldova,1016,Goats,2015,110695,A,,,,
154,807,North Macedonia,1016,Goats,2015,88064,A,,,,
98,191,Croatia,1016,Goats,2015,62000,A,,,,
235,860,Uzbekistan,1016,Goats,2015,3241200,A,,,,
256,442,Luxembourg,1016,Goats,2015,4772,A,,,,
277,728,South Sudan,1016,Goats,2015,14178323,I,,,,
167,203,Czechia,1016,Goats,2015,26765,A,,,,
208,762,Tajikistan,1016,Goats,2015,1915105,A,,,,
213,795,Turkmenistan,1016,Goats,2015,3214199,I,,,,
52,31,Azerbaijan,1016,Goats,2015,651479,A,,,,
119,428,Latvia,1016,Goats,2015,12287,A,,,,
178,232,Eritrea,1016,Goats,2015,1840306,I,,,,
173,616,Poland,1016,Goats,2015,81727,A,,,,
272,688,Serbia,1016,Goats,2015,202828,A,,,,
299,275,Palestine,1016,Goats,2015,219940,X,,,,
57,112,Belarus,1016,Goats,2015,68500,A,,,,
113,417,Kyrgyzstan,1016,Goats,2015,869794,A,,,,
255,56,Belgium,1016,Goats,2015,43602,I,,,,
73,268,Georgia,1016,Goats,2015,53700,A,,,,
104,372,Ireland,1016,Goats,2015,10800,A,,,,
199,703,Slovakia,1016,Goats,2015,35178,A,,,,
198,705,Slovenia,1016,Goats,2015,22283,A,,,,
238,231,Ethiopia,1016,Goats,2015,29704958,A,,,,
145,583,Micronesia (Federated States of),1016,Goats,2015,4531,I,,,,
230,804,Ukraine,1016,Goats,2015,585300,A,,,,
108,398,Kazakhstan,1016,Goats,2015,2327193,A,,,,
185,643,Russian Federation,1016,Goats,2015,2104459,A,,,,
63,233,Estonia,1016,Goats,2015,4600,A,,,,
80,70,Bosnia and Herzegovina,1016,Goats,2015,72823,A,,,,
126,440,Lithuania,1016,Goats,2015,12991,A,,,,
273,499,Montenegro,1016,Goats,2015,29678,A,,,,
1,51,Armenia,1016,Goats,2015,31891,A,,,,
276,729,Sudan,1016,Goats,2015,31227000,A,,,,
2,4,Afghanistan,1016,Goats,2015,7723000,A,,,,
3,8,Albania,1016,Goats,2015,932000,A,,,,
4,12,Algeria,1016,Goats,2015,5013950,A,,,,
7,24,Angola,1016,Goats,2015,4385978,I,,,,
8,28,Antigua and Barbuda,1016,Goats,2015,23326,I,,,,
9,32,Argentina,1016,Goats,2015,4720674,A,,,,
10,36,Australia,1016,Goats,2015,3600000,E,,,,
11,40,Austria,1016,Goats,2015,70705,A,,,,
12,44,Bahamas,1016,Goats,2015,15013,I,,,,
13,48,Bahrain,1016,Goats,2015,19151,I,,,,
16,50,Bangladesh,1016,Goats,2015,25602000,A,,,,
14,52,Barbados,1016,Goats,2015,5393,I,,,,
23,84,Belize,1016,Goats,2015,183,I,,,,
53,204,Benin,1016,Goats,2015,1795000,A,,,,
18,64,Bhutan,1016,Goats,2015,41983,A,,,,
19,68,Bolivia (Plurinational State of),1016,Goats,2015,2181219,A,,,,
20,72,Botswana,1016,Goats,2015,1205238,A,,,,
21,76,Brazil,1016,Goats,2015,9620877,A,,,,
26,96,Brunei Darussalam,1016,Goats,2015,7283,A,,,,
27,100,Bulgaria,1016,Goats,2015,292644,A,,,,
233,854,Burkina Faso,1016,Goats,2015,14308172,A,,,,
29,108,Burundi,1016,Goats,2015,2357387,A,,,,
35,132,Cabo Verde,1016,Goats,2015,200661,A,,,,
32,120,Cameroon,1016,Goats,2015,6365606,I,,,,
33,124,Canada,1016,Goats,2015,30006,I,,,,
37,140,Central African Republic,1016,Goats,2015,5903769,I,,,,
39,148,Chad,1016,Goats,2015,30519349,A,,,,
40,152,Chile,1016,Goats,2015,412538,A,,,,
96,344,"China, Hong Kong SAR",1016,Goats,2015,684,I,,,,
214,158,"China, Taiwan Province of",1016,Goats,2015,156045,A,,,,
41,156,"China, mainland",1016,Goats,2015,141675200,A,,,,
44,170,Colombia,1016,Goats,2015,1082812,A,,,,
45,174,Comoros,1016,Goats,2015,121394,I,,,,
46,178,Congo,1016,Goats,2015,324472,I,,,,
47,184,Cook Islands,1016,Goats,2015,4505,I,,,,
48,188,Costa Rica,1016,Goats,2015,80000,E,,,,
49,192,Cuba,1016,Goats,2015,1047200,A,,,,
50,196,Cyprus,1016,Goats,2015,236920,A,,,,
107,384,Côte d'Ivoire,1016,Goats,2015,1424956,I,,,,
116,408,Democratic People's Republic of Korea,1016,Goats,2015,3669412,I,,,,
250,180,Democratic Republic of the Congo,1016,Goats,2015,4093458,A,,,,
72,262,Djibouti,1016,Goats,2015,515619,I,,,,
55,212,Dominica,1016,Goats,2015,9702,I,,,,
56,214,Dominican Republic,1016,Goats,2015,236490,I,,,,
58,218,Ecuador,1016,Goats,2015,27102,A,,,,
59,818,Egypt,1016,Goats,2015,4046238,A,,,,
60,222,El Salvador,1016,Goats,2015,15111,I,,,,
61,226,Equatorial Guinea,1016,Goats,2015,9524,I,,,,
209,748,Eswatini,1016,Goats,2015,443218,A,,,,
66,242,Fiji,1016,Goats,2015,258592,I,,,,
67,246,Finland,1016,Goats,2015,4546,A,,,,
68,250,France,1016,Goats,2015,1261684,A,,,,
70,258,French Polynesia,1016,Goats,2015,16326,I,,,,
74,266,Gabon,1016,Goats,2015,110302,I,,,,
75,270,Gambia,1016,Goats,2015,368900,I,,,,
79,276,Germany,1016,Goats,2015,110000,A,,,,
81,288,Ghana,1016,Goats,2015,6352000,A,,,,
84,300,Greece,1016,Goats,2015,4128036,A,,,,
86,308,Grenada,1016,Goats,2015,11191,I,,,,
89,320,Guatemala,1016,Goats,2015,112700,A,,,,
90,324,Guinea,1016,Goats,2015,2671900,A,,,,
175,624,Guinea-Bissau,1016,Goats,2015,755960,I,,,,
91,328,Guyana,1016,Goats,2015,81964,I,,,,
93,332,Haiti,1016,Goats,2015,2197441,I,,,,
95,340,Honduras,1016,Goats,2015,24956,I,,,,
97,348,Hungary,1016,Goats,2015,70000,A,,,,
99,352,Iceland,1016,Goats,2015,990,A,,,,
100,356,India,1016,Goats,2015,142874037,I,,,,
101,360,Indonesia,1016,Goats,2015,19012794,A,,,,
102,364,Iran (Islamic Republic of),1016,Goats,2015,15918259,A,,,,
103,368,Iraq,1016,Goats,2015,1238498,A,,,,
105,376,Israel,1016,Goats,2015,128540,A,,,,
106,380,Italy,1016,Goats,2015,961676,A,,,,
109,388,Jamaica,1016,Goats,2015,526301,I,,,,
110,392,Japan,1016,Goats,2015,17104,I,,,,
112,400,Jordan,1016,Goats,2015,860200,A,,,,
114,404,Kenya,1016,Goats,2015,25094383,A,,,,
118,414,Kuwait,1016,Goats,2015,156543,A,,,,
120,418,Lao People's Democratic Republic,1016,Goats,2015,533000,A,,,,
121,422,Lebanon,1016,Goats,2015,526987,X,,,,
122,426,Lesotho,1016,Goats,2015,813850,A,,,,
123,430,Liberia,1016,Goats,2015,345614,I,,,,
124,434,Libya,1016,Goats,2015,2555459,I,,,,
129,450,Madagascar,1016,Goats,2015,1561200,E,,,,
130,454,Malawi,1016,Goats,2015,6545306,A,,,,
131,458,Malaysia,1016,Goats,2015,431651,A,,,,
133,466,Mali,1016,Goats,2015,20083145,A,,,,
134,470,Malta,1016,Goats,2015,4937,A,,,,
136,478,Mauritania,1016,Goats,2015,7402000,X,,,,
137,480,Mauritius,1016,Goats,2015,26809,A,,,,
138,484,Mexico,1016,Goats,2015,8724946,A,,,,
141,496,Mongolia,1016,Goats,2015,23592922,A,,,,
143,504,Morocco,1016,Goats,2015,6231386,A,,,,
144,508,Mozambique,1016,Goats,2015,3256487,A,,,,
28,104,Myanmar,1016,Goats,2015,6324762,A,,,,
147,516,Namibia,1016,Goats,2015,1868535,A,,,,
149,524,Nepal,1016,Goats,2015,10251569,A,,,,
150,528,Netherlands (Kingdom of the),1016,Goats,2015,468000,A,,,,
153,540,New Caledonia,1016,Goats,2015,2200,E,,,,
156,554,New Zealand,1016,Goats,2015,74718,A,,,,
157,558,Nicaragua,1016,Goats,2015,7576,I,,,,
158,562,Niger,1016,Goats,2015,15478902,A,,,,
159,566,Nigeria,1016,Goats,2015,72527691,A,,,,
162,578,Norway,1016,Goats,2015,67007,A,,,,
221,512,Oman,1016,Goats,2015,2169450,A,,,,
165,586,Pakistan,1016,Goats,2015,68420000,A,,,,
166,591,Panama,1016,Goats,2015,8540,I,,,,
168,598,Papua New Guinea,1016,Goats,2015,3020,I,,,,
169,600,Paraguay,1016,Goats,2015,147361,A,,,,
170,604,Peru,1016,Goats,2015,1882042,A,,,,
171,608,Philippines,1016,Goats,2015,3674186,A,,,,
174,620,Portugal,1016,Goats,2015,373000,A,,,,
177,630,Puerto Rico,1016,Goats,2015,4147,I,,,,
179,634,Qatar,1016,Goats,2015,314920,A,,,,
117,410,Republic of Korea,1016,Goats,2015,284121,A,,,,
183,642,Romania,1016,Goats,2015,1417176,A,,,,
184,646,Rwanda,1016,Goats,2015,2706382,A,,,,
188,659,Saint Kitts and Nevis,1016,Goats,2015,4486,I,,,,
189,662,Saint Lucia,1016,Goats,2015,14500,E,,,,
191,670,Saint Vincent and the Grenadines,1016,Goats,2015,9546,I,,,,
193,678,Sao Tome and Principe,1016,Goats,2015,5722,I,,,,
194,682,Saudi Arabia,1016,Goats,2015,3598471,A,,,,
195,686,Senegal,1016,Goats,2015,5547902,I,,,,
196,690,Seychelles,1016,Goats,2015,5522,I,,,,
197,694,Sierra Leone,1016,Goats,2015,905354,I,,,,
200,702,Singapore,1016,Goats,2015,696,I,,,,
201,706,Somalia,1016,Goats,2015,11646431,I,,,,
202,710,South Africa,1016,Goats,2015,5872332,A,,,,
203,724,Spain,1016,Goats,2015,3009582,A,,,,
38,144,Sri Lanka,1016,Goats,2015,309160,A,,,,
207,740,Suriname,1016,Goats,2015,4233,A,,,,
211,756,Switzerland,1016,Goats,2015,74269,A,,,,
212,760,Syrian Arab Republic,1016,Goats,2015,1846698,A,,,,
216,764,Thailand,1016,Goats,2015,447869,I,,,,
176,626,Timor-Leste,1016,Goats,2015,158467,A,,,,
217,768,Togo,1016,Goats,2015,3182107,A,,,,
219,776,Tonga,1016,Goats,2015,13709,I,,,,
220,780,Trinidad and Tobago,1016,Goats,2015,9990,A,,,,
222,788,Tunisia,1016,Goats,2015,1199500,A,,,,
227,798,Tuvalu,1016,Goats,2015,,M,,,,
223,792,Türkiye,1016,Goats,2015,10416166,A,,,,
226,800,Uganda,1016,Goats,2015,15312000,A,,,,
225,784,United Arab Emirates,1016,Goats,2015,2225532,A,,,,
229,826,United Kingdom of Great Britain and Northern Ireland,1016,Goats,2015,101000,A,,,,
215,834,United Republic of Tanzania,1016,Goats,2015,18026051,A,,,,
231,840,United States of America,1016,Goats,2015,2650000,A,,,,
234,858,Uruguay,1016,Goats,2015,17438,I,,,,
155,548,Vanuatu,1016,Goats,2015,16767,I,,,,
236,862,Venezuela (Bolivarian Republic of),1016,Goats,2015,1433125,A,,,,
237,704,Viet Nam,1016,Goats,2015,1992656,A,,,,
249,887,Yemen,1016,Goats,2015,9267273,A,,,,
251,894,Zambia,1016,Goats,2015,2705325,I,,,,
181,716,Zimbabwe,1016,Goats,2015,4049528,A,,,,
276,729,Sudan,1016,Goats,2016,31481000,A,,,,
178,232,Eritrea,1016,Goats,2016,1850197,I,,,,
113,417,Kyrgyzstan,1016,Goats,2016,856904,A,,,,
73,268,Georgia,1016,Goats,2016,49800,A,,,,
154,807,North Macedonia,1016,Goats,2016,101669,A,,,,
199,703,Slovakia,1016,Goats,2016,36324,A,,,,
277,728,South Sudan,1016,Goats,2016,13759441,E,,,,
208,762,Tajikistan,1016,Goats,2016,1966209,A,,,,
230,804,Ukraine,1016,Goats,2016,581400,A,,,,
235,860,Uzbekistan,1016,Goats,2016,3741000,A,,,,
63,233,Estonia,1016,Goats,2016,5100,A,,,,
213,795,Turkmenistan,1016,Goats,2016,3492380,A,,,,
145,583,Micronesia (Federated States of),1016,Goats,2016,4583,I,,,,
1,51,Armenia,1016,Goats,2016,30731,A,,,,
104,372,Ireland,1016,Goats,2016,9900,A,,,,
146,498,Republic of Moldova,1016,Goats,2016,114629,A,,,,
272,688,Serbia,1016,Goats,2016,200150,A,,,,
52,31,Azerbaijan,1016,Goats,2016,648345,A,,,,
256,442,Luxembourg,1016,Goats,2016,5130,A,,,,
57,112,Belarus,1016,Goats,2016,68000,A,,,,
167,203,Czechia,1016,Goats,2016,26548,A,,,,
119,428,Latvia,1016,Goats,2016,12682,A,,,,
173,616,Poland,1016,Goats,2016,44204,A,,,,
126,440,Lithuania,1016,Goats,2016,13526,A,,,,
80,70,Bosnia and Herzegovina,1016,Goats,2016,74712,A,,,,
273,499,Montenegro,1016,Goats,2016,31458,A,,,,
255,56,Belgium,1016,Goats,2016,50801,A,,,,
98,191,Croatia,1016,Goats,2016,75530,A,,,,
185,643,Russian Federation,1016,Goats,2016,2163450,A,,,,
238,231,Ethiopia,1016,Goats,2016,30200226,A,,,,
108,398,Kazakhstan,1016,Goats,2016,2299424,A,,,,
198,705,Slovenia,1016,Goats,2016,26959,A,,,,
299,275,Palestine,1016,Goats,2016,207647,X,,,,
2,4,Afghanistan,1016,Goats,2016,7448000,A,,,,
3,8,Albania,1016,Goats,2016,940806,A,,,,
4,12,Algeria,1016,Goats,2016,4934701,A,,,,
7,24,Angola,1016,Goats,2016,4274957,E,,,,
8,28,Antigua and Barbuda,1016,Goats,2016,22978,I,,,,
9,32,Argentina,1016,Goats,2016,4712173,A,,,,
10,36,Australia,1016,Goats,2016,3650000,E,,,,
11,40,Austria,1016,Goats,2016,76620,A,,,,
12,44,Bahamas,1016,Goats,2016,15009,I,,,,
13,48,Bahrain,1016,Goats,2016,19744,I,,,,
16,50,Bangladesh,1016,Goats,2016,25766000,A,,,,
14,52,Barbados,1016,Goats,2016,5412,I,,,,
23,84,Belize,1016,Goats,2016,186,I,,,,
53,204,Benin,1016,Goats,2016,1836000,A,,,,
18,64,Bhutan,1016,Goats,2016,39513,A,,,,
19,68,Bolivia (Plurinational State of),1016,Goats,2016,2209968,A,,,,
20,72,Botswana,1016,Goats,2016,1342319,I,,,,
21,76,Brazil,1016,Goats,2016,9817007,A,,,,
26,96,Brunei Darussalam,1016,Goats,2016,8770,A,,,,
27,100,Bulgaria,1016,Goats,2016,276919,A,,,,
233,854,Burkina Faso,1016,Goats,2016,14737393,A,,,,
29,108,Burundi,1016,Goats,2016,3000000,E,,,,
35,132,Cabo Verde,1016,Goats,2016,206279,A,,,,
32,120,Cameroon,1016,Goats,2016,6356784,I,,,,
33,124,Canada,1016,Goats,2016,30017,I,,,,
37,140,Central African Republic,1016,Goats,2016,6065353,I,,,,
39,148,Chad,1016,Goats,2016,32405445,A,,,,
40,152,Chile,1016,Goats,2016,424347,I,,,,
96,344,"China, Hong Kong SAR",1016,Goats,2016,681,I,,,,
214,158,"China, Taiwan Province of",1016,Goats,2016,146000,A,,,,
41,156,"China, mainland",1016,Goats,2016,145075100,A,,,,
44,170,Colombia,1016,Goats,2016,834708,A,,,,
45,174,Comoros,1016,Goats,2016,121064,I,,,,
46,178,Congo,1016,Goats,2016,324384,I,,,,
47,184,Cook Islands,1016,Goats,2016,4491,I,,,,
48,188,Costa Rica,1016,Goats,2016,80000,E,,,,
49,192,Cuba,1016,Goats,2016,1185400,A,,,,
50,196,Cyprus,1016,Goats,2016,246624,A,,,,
107,384,Côte d'Ivoire,1016,Goats,2016,1975338,I,,,,
116,408,Democratic People's Republic of Korea,1016,Goats,2016,3682000,A,,,,
250,180,Democratic Republic of the Congo,1016,Goats,2016,4096667,I,,,,
72,262,Djibouti,1016,Goats,2016,516159,I,,,,
55,212,Dominica,1016,Goats,2016,9704,I,,,,
56,214,Dominican Republic,1016,Goats,2016,236864,I,,,,
58,218,Ecuador,1016,Goats,2016,36379,A,,,,
59,818,Egypt,1016,Goats,2016,4259861,A,,,,
60,222,El Salvador,1016,Goats,2016,15025,I,,,,
61,226,Equatorial Guinea,1016,Goats,2016,9554,I,,,,
209,748,Eswatini,1016,Goats,2016,501496,A,,,,
66,242,Fiji,1016,Goats,2016,260293,I,,,,
67,246,Finland,1016,Goats,2016,4799,A,,,,
68,250,France,1016,Goats,2016,1258204,A,,,,
70,258,French Polynesia,1016,Goats,2016,16220,I,,,,
74,266,Gabon,1016,Goats,2016,111072,I,,,,
75,270,Gambia,1016,Goats,2016,338747,E,,,,
79,276,Germany,1016,Goats,2016,138810,A,,,,
81,288,Ghana,1016,Goats,2016,6740000,A,,,,
84,300,Greece,1016,Goats,2016,3975504,A,,,,
86,308,Grenada,1016,Goats,2016,12969,I,,,,
89,320,Guatemala,1016,Goats,2016,113800,A,,,,
90,324,Guinea,1016,Goats,2016,2851200,A,,,,
175,624,Guinea-Bissau,1016,Goats,2016,765924,I,,,,
91,328,Guyana,1016,Goats,2016,82017,I,,,,
93,332,Haiti,1016,Goats,2016,2413877,A,,,,
95,340,Honduras,1016,Goats,2016,24863,I,,,,
97,348,Hungary,1016,Goats,2016,72000,A,,,,
99,352,Iceland,1016,Goats,2016,1123,A,,,,
100,356,India,1016,Goats,2016,144329883,I,,,,
101,360,Indonesia,1016,Goats,2016,17847197,A,,,,
102,364,Iran (Islamic Republic of),1016,Goats,2016,16012869,I,,,,
103,368,Iraq,1016,Goats,2016,1260481,A,,,,
105,376,Israel,1016,Goats,2016,118380,A,,,,
106,380,Italy,1016,Goats,2016,1026263,A,,,,
109,388,Jamaica,1016,Goats,2016,545026,I,,,,
110,392,Japan,1016,Goats,2016,17155,I,,,,
112,400,Jordan,1016,Goats,2016,977755,A,,,,
114,404,Kenya,1016,Goats,2016,26745916,A,,,,
118,414,Kuwait,1016,Goats,2016,172259,A,,,,
120,418,Lao People's Democratic Republic,1016,Goats,2016,560000,A,,,,
121,422,Lebanon,1016,Goats,2016,499176,A,,,,
122,426,Lesotho,1016,Goats,2016,700509,A,,,,
123,430,Liberia,1016,Goats,2016,345932,I,,,,
124,434,Libya,1016,Goats,2016,2541346,I,,,,
129,450,Madagascar,1016,Goats,2016,1554500,E,,,,
130,454,Malawi,1016,Goats,2016,7348361,A,,,,
131,458,Malaysia,1016,Goats,2016,416529,A,,,,
133,466,Mali,1016,Goats,2016,22141497,A,,,,
134,470,Malta,1016,Goats,2016,4971,A,,,,
136,478,Mauritania,1016,Goats,2016,7058834,E,,,,
137,480,Mauritius,1016,Goats,2016,26959,A,,,,
138,484,Mexico,1016,Goats,2016,8755204,A,,,,
141,496,Mongolia,1016,Goats,2016,25574861,A,,,,
143,504,Morocco,1016,Goats,2016,5600000,A,,,,
144,508,Mozambique,1016,Goats,2016,3798660,A,,,,
28,104,Myanmar,1016,Goats,2016,7289158,A,,,,
147,516,Namibia,1016,Goats,2016,1968614,A,,,,
149,524,Nepal,1016,Goats,2016,10986114,A,,,,
150,528,Netherlands (Kingdom of the),1016,Goats,2016,504000,A,,,,
153,540,New Caledonia,1016,Goats,2016,2100,E,,,,
156,554,New Zealand,1016,Goats,2016,112385,A,,,,
157,558,Nicaragua,1016,Goats,2016,7671,I,,,,
158,562,Niger,1016,Goats,2016,16098058,A,,,,
159,566,Nigeria,1016,Goats,2016,76135326,A,,,,
162,578,Norway,1016,Goats,2016,68646,A,,,,
221,512,Oman,1016,Goats,2016,2212840,A,,,,
165,586,Pakistan,1016,Goats,2016,70274000,A,,,,
166,591,Panama,1016,Goats,2016,8627,I,,,,
168,598,Papua New Guinea,1016,Goats,2016,3052,I,,,,
169,600,Paraguay,1016,Goats,2016,151343,A,,,,
170,604,Peru,1016,Goats,2016,1864713,A,,,,
171,608,Philippines,1016,Goats,2016,3663060,A,,,,
174,620,Portugal,1016,Goats,2016,347000,A,,,,
177,630,Puerto Rico,1016,Goats,2016,3890,I,,,,
179,634,Qatar,1016,Goats,2016,363568,A,,,,
117,410,Republic of Korea,1016,Goats,2016,348776,A,,,,
183,642,Romania,1016,Goats,2016,1440151,A,,,,
184,646,Rwanda,1016,Goats,2016,2605780,A,,,,
188,659,Saint Kitts and Nevis,1016,Goats,2016,3900,E,,,,
189,662,Saint Lucia,1016,Goats,2016,13181,E,,,,
191,670,Saint Vincent and the Grenadines,1016,Goats,2016,9697,I,,,,
193,678,Sao Tome and Principe,1016,Goats,2016,5770,I,,,,
194,682,Saudi Arabia,1016,Goats,2016,3634277,A,,,,
195,686,Senegal,1016,Goats,2016,5715976,I,,,,
196,690,Seychelles,1016,Goats,2016,5561,I,,,,
197,694,Sierra Leone,1016,Goats,2016,900000,E,,,,
200,702,Singapore,1016,Goats,2016,686,E,,,,
201,706,Somalia,1016,Goats,2016,11691563,I,,,,
202,710,South Africa,1016,Goats,2016,5618473,A,,,,
203,724,Spain,1016,Goats,2016,3088035,A,,,,
38,144,Sri Lanka,1016,Goats,2016,266750,A,,,,
207,740,Suriname,1016,Goats,2016,3923,A,,,,
211,756,Switzerland,1016,Goats,2016,75351,A,,,,
212,760,Syrian Arab Republic,1016,Goats,2016,1853148,A,,,,
216,764,Thailand,1016,Goats,2016,450276,I,,,,
176,626,Timor-Leste,1016,Goats,2016,157707,I,,,,
217,768,Togo,1016,Goats,2016,3436677,A,,,,
219,776,Tonga,1016,Goats,2016,13836,I,,,,
220,780,Trinidad and Tobago,1016,Goats,2016,8439,A,,,,
222,788,Tunisia,1016,Goats,2016,1184600,A,,,,
227,798,Tuvalu,1016,Goats,2016,,M,,,,
223,792,Türkiye,1016,Goats,2016,10345299,A,,,,
226,800,Uganda,1016,Goats,2016,15725000,A,,,,
225,784,United Arab Emirates,1016,Goats,2016,2244445,A,,,,
229,826,United Kingdom of Great Britain and Northern Ireland,1016,Goats,2016,104000,A,,,,
215,834,United Republic of Tanzania,1016,Goats,2016,19218470,I,,,,
231,840,United States of America,1016,Goats,2016,2615000,A,,,,
234,858,Uruguay,1016,Goats,2016,17530,I,,,,
155,548,Vanuatu,1016,Goats,2016,16288,A,,,,
236,862,Venezuela (Bolivarian Republic of),1016,Goats,2016,1474901,A,,,,
237,704,Viet Nam,1016,Goats,2016,2021003,A,,,,
249,887,Yemen,1016,Goats,2016,9081917,A,,,,
251,894,Zambia,1016,Goats,2016,2593329,E,,,,
181,716,Zimbabwe,1016,Goats,2016,3393964,A,,,,
146,498,Republic of Moldova,1016,Goats,2017,159219,A,,,,
199,703,Slovakia,1016,Goats,2017,36355,A,,,,
255,56,Belgium,1016,Goats,2017,45000,E,,,,
98,191,Croatia,1016,Goats,2017,76771,A,,,,
73,268,Georgia,1016,Goats,2017,60600,A,,,,
119,428,Latvia,1016,Goats,2017,13159,A,,,,
126,440,Lithuania,1016,Goats,2017,13409,A,,,,
198,705,Slovenia,1016,Goats,2017,22405,A,,,,
213,795,Turkmenistan,1016,Goats,2017,3718203,A,,,,
63,233,Estonia,1016,Goats,2017,5100,A,,,,
113,417,Kyrgyzstan,1016,Goats,2017,820043,A,,,,
273,499,Montenegro,1016,Goats,2017,29595,A,,,,
230,804,Ukraine,1016,Goats,2017,595900,A,,,,
108,398,Kazakhstan,1016,Goats,2017,2279165,A,,,,
145,583,Micronesia (Federated States of),1016,Goats,2017,4637,I,,,,
154,807,North Macedonia,1016,Goats,2017,107466,A,,,,
57,112,Belarus,1016,Goats,2017,64700,A,,,,
276,729,Sudan,1016,Goats,2017,31659000,A,,,,
208,762,Tajikistan,1016,Goats,2017,1945733,A,,,,
52,31,Azerbaijan,1016,Goats,2017,633327,A,,,,
1,51,Armenia,1016,Goats,2017,27521,A,,,,
256,442,Luxembourg,1016,Goats,2017,5406,A,,,,
173,616,Poland,1016,Goats,2017,44204,A,,,,
235,860,Uzbekistan,1016,Goats,2017,3830000,A,,,,
178,232,Eritrea,1016,Goats,2017,1859720,I,,,,
185,643,Russian Federation,1016,Goats,2017,2054454,A,,,,
272,688,Serbia,1016,Goats,2017,182558,A,,,,
104,372,Ireland,1016,Goats,2017,8285,A,,,,
167,203,Czechia,1016,Goats,2017,28174,A,,,,
238,231,Ethiopia,1016,Goats,2017,32738385,A,,,,
277,728,South Sudan,1016,Goats,2017,15291500,I,,,,
299,275,Palestine,1016,Goats,2017,215000,E,,,,
80,70,Bosnia and Herzegovina,1016,Goats,2017,73287,A,,,,
2,4,Afghanistan,1016,Goats,2017,7598000,A,,,,
3,8,Albania,1016,Goats,2017,933121,A,,,,
4,12,Algeria,1016,Goats,2017,5007894,A,,,,
7,24,Angola,1016,Goats,2017,4237776,I,,,,
8,28,Antigua and Barbuda,1016,Goats,2017,22091,I,,,,
9,32,Argentina,1016,Goats,2017,4863894,A,,,,
10,36,Australia,1016,Goats,2017,3600000,E,,,,
11,40,Austria,1016,Goats,2017,82735,A,,,,
12,44,Bahamas,1016,Goats,2017,15000,I,,,,
13,48,Bahrain,1016,Goats,2017,20000,A,,,,
16,50,Bangladesh,1016,Goats,2017,25931000,A,,,,
14,52,Barbados,1016,Goats,2017,5437,I,,,,
23,84,Belize,1016,Goats,2017,186,I,,,,
53,204,Benin,1016,Goats,2017,1878000,A,,,,
18,64,Bhutan,1016,Goats,2017,42689,A,,,,
19,68,Bolivia (Plurinational State of),1016,Goats,2017,2210000,A,,,,
20,72,Botswana,1016,Goats,2017,1199661,A,,,,
21,76,Brazil,1016,Goats,2017,10257806,A,,,,
26,96,Brunei Darussalam,1016,Goats,2017,7589,A,,,,
27,100,Bulgaria,1016,Goats,2017,237543,A,,,,
233,854,Burkina Faso,1016,Goats,2017,15179490,A,,,,
29,108,Burundi,1016,Goats,2017,3619962,A,,,,
35,132,Cabo Verde,1016,Goats,2017,107630,A,,,,
32,120,Cameroon,1016,Goats,2017,6403533,I,,,,
33,124,Canada,1016,Goats,2017,30026,I,,,,
37,140,Central African Republic,1016,Goats,2017,5960486,E,,,,
39,148,Chad,1016,Goats,2017,34408101,A,,,,
40,152,Chile,1016,Goats,2017,447141,A,,,,
96,344,"China, Hong Kong SAR",1016,Goats,2017,690,I,,,,
214,158,"China, Taiwan Province of",1016,Goats,2017,144733,A,,,,
41,156,"China, mainland",1016,Goats,2017,138237686,A,,,,
44,170,Colombia,1016,Goats,2017,1161238,A,,,,
45,174,Comoros,1016,Goats,2017,121031,I,,,,
46,178,Congo,1016,Goats,2017,324373,I,,,,
47,184,Cook Islands,1016,Goats,2017,4467,I,,,,
48,188,Costa Rica,1016,Goats,2017,70000,E,,,,
49,192,Cuba,1016,Goats,2017,1157700,A,,,,
50,196,Cyprus,1016,Goats,2017,257637,A,,,,
107,384,Côte d'Ivoire,1016,Goats,2017,2526682,I,,,,
116,408,Democratic People's Republic of Korea,1016,Goats,2017,3684000,A,,,,
250,180,Democratic Republic of the Congo,1016,Goats,2017,4101065,A,,,,
72,262,Djibouti,1016,Goats,2017,516659,I,,,,
55,212,Dominica,1016,Goats,2017,9704,I,,,,
56,214,Dominican Republic,1016,Goats,2017,237089,I,,,,
58,218,Ecuador,1016,Goats,2017,39583,A,,,,
59,818,Egypt,1016,Goats,2017,3973692,A,,,,
60,222,El Salvador,1016,Goats,2017,14881,I,,,,
61,226,Equatorial Guinea,1016,Goats,2017,9591,I,,,,
209,748,Eswatini,1016,Goats,2017,484572,A,,,,
66,242,Fiji,1016,Goats,2017,265112,I,,,,
67,246,Finland,1016,Goats,2017,5278,A,,,,
68,250,France,1016,Goats,2017,1270737,A,,,,
70,258,French Polynesia,1016,Goats,2017,16141,I,,,,
74,266,Gabon,1016,Goats,2017,111908,I,,,,
75,270,Gambia,1016,Goats,2017,329594,I,,,,
79,276,Germany,1016,Goats,2017,140000,A,,,,
81,288,Ghana,1016,Goats,2017,7151000,A,,,,
84,300,Greece,1016,Goats,2017,3998205,A,,,,
86,308,Grenada,1016,Goats,2017,14607,I,,,,
89,320,Guatemala,1016,Goats,2017,114370,I,,,,
90,324,Guinea,1016,Goats,2017,3044131,A,,,,
175,624,Guinea-Bissau,1016,Goats,2017,777086,I,,,,
91,328,Guyana,1016,Goats,2017,82095,I,,,,
93,332,Haiti,1016,Goats,2017,2040613,I,,,,
95,340,Honduras,1016,Goats,2017,24787,I,,,,
97,348,Hungary,1016,Goats,2017,81000,A,,,,
99,352,Iceland,1016,Goats,2017,1300,A,,,,
100,356,India,1016,Goats,2017,145810486,I,,,,
101,360,Indonesia,1016,Goats,2017,18208017,A,,,,
102,364,Iran (Islamic Republic of),1016,Goats,2017,15711084,A,,,,
103,368,Iraq,1016,Goats,2017,1282856,A,,,,
105,376,Israel,1016,Goats,2017,89720,A,,,,
106,380,Italy,1016,Goats,2017,992177,A,,,,
109,388,Jamaica,1016,Goats,2017,552844,I,,,,
110,392,Japan,1016,Goats,2017,17126,I,,,,
112,400,Jordan,1016,Goats,2017,772666,A,,,,
114,404,Kenya,1016,Goats,2017,25684489,A,,,,
118,414,Kuwait,1016,Goats,2017,197768,A,,,,
120,418,Lao People's Democratic Republic,1016,Goats,2017,588000,A,,,,
121,422,Lebanon,1016,Goats,2017,541667,A,,,,
122,426,Lesotho,1016,Goats,2017,972701,A,,,,
123,430,Liberia,1016,Goats,2017,346052,I,,,,
124,434,Libya,1016,Goats,2017,2535265,I,,,,
129,450,Madagascar,1016,Goats,2017,1547900,E,,,,
130,454,Malawi,1016,Goats,2017,7718938,A,,,,
131,458,Malaysia,1016,Goats,2017,385304,A,,,,
133,466,Mali,1016,Goats,2017,24023800,A,,,,
134,470,Malta,1016,Goats,2017,5160,A,,,,
136,478,Mauritania,1016,Goats,2017,6987379,I,,,,
137,480,Mauritius,1016,Goats,2017,25618,A,,,,
138,484,Mexico,1016,Goats,2017,8725172,A,,,,
141,496,Mongolia,1016,Goats,2017,27346707,A,,,,
143,504,Morocco,1016,Goats,2017,5205000,A,,,,
144,508,Mozambique,1016,Goats,2017,2886784,A,,,,
28,104,Myanmar,1016,Goats,2017,8447700,E,,,,
147,516,Namibia,1016,Goats,2017,1828381,E,,,,
149,524,Nepal,1016,Goats,2017,11165099,A,,,,
150,528,Netherlands (Kingdom of the),1016,Goats,2017,532870,A,,,,
153,540,New Caledonia,1016,Goats,2017,2000,E,,,,
156,554,New Zealand,1016,Goats,2017,98812,A,,,,
157,558,Nicaragua,1016,Goats,2017,7741,I,,,,
158,562,Niger,1016,Goats,2017,16741979,A,,,,
159,566,Nigeria,1016,Goats,2017,78038709,A,,,,
162,578,Norway,1016,Goats,2017,65564,A,,,,
221,512,Oman,1016,Goats,2017,2257090,A,,,,
165,586,Pakistan,1016,Goats,2017,72179000,A,,,,
166,591,Panama,1016,Goats,2017,8704,I,,,,
168,598,Papua New Guinea,1016,Goats,2017,3069,I,,,,
169,600,Paraguay,1016,Goats,2017,132470,A,,,,
170,604,Peru,1016,Goats,2017,1885990,A,,,,
171,608,Philippines,1016,Goats,2017,3710348,A,,,,
174,620,Portugal,1016,Goats,2017,340000,A,,,,
177,630,Puerto Rico,1016,Goats,2017,3629,I,,,,
179,634,Qatar,1016,Goats,2017,382423,A,,,,
117,410,Republic of Korea,1016,Goats,2017,308243,E,,,,
183,642,Romania,1016,Goats,2017,1483100,A,,,,
184,646,Rwanda,1016,Goats,2017,2923706,A,,,,
188,659,Saint Kitts and Nevis,1016,Goats,2017,3850,E,,,,
189,662,Saint Lucia,1016,Goats,2017,13775,E,,,,
191,670,Saint Vincent and the Grenadines,1016,Goats,2017,9870,I,,,,
193,678,Sao Tome and Principe,1016,Goats,2017,5841,I,,,,
194,682,Saudi Arabia,1016,Goats,2017,3670440,A,,,,
195,686,Senegal,1016,Goats,2017,5886000,A,,,,
196,690,Seychelles,1016,Goats,2017,5599,I,,,,
197,694,Sierra Leone,1016,Goats,2017,812906,A,,,,
200,702,Singapore,1016,Goats,2017,687,E,,,,
201,706,Somalia,1016,Goats,2017,11732441,I,,,,
202,710,South Africa,1016,Goats,2017,5474800,A,,,,
203,724,Spain,1016,Goats,2017,3059731,A,,,,
38,144,Sri Lanka,1016,Goats,2017,287190,A,,,,
207,740,Suriname,1016,Goats,2017,3640,A,,,,
211,756,Switzerland,1016,Goats,2017,78146,A,,,,
212,760,Syrian Arab Republic,1016,Goats,2017,1806720,A,,,,
216,764,Thailand,1016,Goats,2017,457843,I,,,,
176,626,Timor-Leste,1016,Goats,2017,164402,I,,,,
217,768,Togo,1016,Goats,2017,3711611,A,,,,
219,776,Tonga,1016,Goats,2017,13976,I,,,,
220,780,Trinidad and Tobago,1016,Goats,2017,7926,I,,,,
222,788,Tunisia,1016,Goats,2017,1184600,A,,,,
227,798,Tuvalu,1016,Goats,2017,,M,,,,
223,792,Türkiye,1016,Goats,2017,10634672,A,,,,
226,800,Uganda,1016,Goats,2017,16034000,A,,,,
225,784,United Arab Emirates,1016,Goats,2017,2329732,A,,,,
229,826,United Kingdom of Great Britain and Northern Ireland,1016,Goats,2017,104000,A,,,,
215,834,United Republic of Tanzania,1016,Goats,2017,20671873,I,,,,
231,840,United States of America,1016,Goats,2017,2627000,A,,,,
234,858,Uruguay,1016,Goats,2017,17655,I,,,,
155,548,Vanuatu,1016,Goats,2017,15444,I,,,,
236,862,Venezuela (Bolivarian Republic of),1016,Goats,2017,1493857,A,,,,
237,704,Viet Nam,1016,Goats,2017,2556268,A,,,,
249,887,Yemen,1016,Goats,2017,9004596,A,,,,
251,894,Zambia,1016,Goats,2017,3583696,A,,,,
181,716,Zimbabwe,1016,Goats,2017,4692803,A,,,,
108,398,Kazakhstan,1016,Goats,2018,2282948,A,,,,
276,729,Sudan,1016,Goats,2018,31837000,A,,,,
104,372,Ireland,1016,Goats,2018,9349,A,,,,
126,440,Lithuania,1016,Goats,2018,14300,A,,,,
173,616,Poland,1016,Goats,2018,44204,A,,,,
80,70,Bosnia and Herzegovina,1016,Goats,2018,73038,A,,,,
113,417,Kyrgyzstan,1016,Goats,2018,806949,A,,,,
52,31,Azerbaijan,1016,Goats,2018,622426,A,,,,
238,231,Ethiopia,1016,Goats,2018,38963879,A,,,,
272,688,Serbia,1016,Goats,2018,195932,A,,,,
145,583,Micronesia (Federated States of),1016,Goats,2018,4678,I,,,,
57,112,Belarus,1016,Goats,2018,63300,A,,,,
119,428,Latvia,1016,Goats,2018,12240,A,,,,
208,762,Tajikistan,1016,Goats,2018,1953539,A,,,,
235,860,Uzbekistan,1016,Goats,2018,3805800,A,,,,
210,752,Sweden,1016,Goats,2018,11200,A,,,,
213,795,Turkmenistan,1016,Goats,2018,3801114,A,,,,
185,643,Russian Federation,1016,Goats,2018,2041790,A,,,,
198,705,Slovenia,1016,Goats,2018,25664,A,,,,
1,51,Armenia,1016,Goats,2018,22081,A,,,,
256,442,Luxembourg,1016,Goats,2018,5075,A,,,,
178,232,Eritrea,1016,Goats,2018,1868805,I,,,,
146,498,Republic of Moldova,1016,Goats,2018,162576,A,,,,
98,191,Croatia,1016,Goats,2018,80000,A,,,,
63,233,Estonia,1016,Goats,2018,5200,A,,,,
73,268,Georgia,1016,Goats,2018,51100,A,,,,
230,804,Ukraine,1016,Goats,2018,582100,A,,,,
273,499,Montenegro,1016,Goats,2018,29040,A,,,,
277,728,South Sudan,1016,Goats,2018,16990626,A,,,,
299,275,Palestine,1016,Goats,2018,222570,I,,,,
154,807,North Macedonia,1016,Goats,2018,117447,A,,,,
167,203,Czechia,1016,Goats,2018,30316,A,,,,
199,703,Slovakia,1016,Goats,2018,36910,A,,,,
2,4,Afghanistan,1016,Goats,2018,7761430,I,,,,
3,8,Albania,1016,Goats,2018,917155,A,,,,
4,12,Algeria,1016,Goats,2018,4908485,A,,,,
7,24,Angola,1016,Goats,2018,4194398,I,,,,
8,28,Antigua and Barbuda,1016,Goats,2018,21619,I,,,,
9,32,Argentina,1016,Goats,2018,4567479,A,,,,
10,36,Australia,1016,Goats,2018,3760717,I,,,,
11,40,Austria,1016,Goats,2018,91540,A,,,,
12,44,Bahamas,1016,Goats,2018,14997,I,,,,
13,48,Bahrain,1016,Goats,2018,25000,A,,,,
16,50,Bangladesh,1016,Goats,2018,26100000,A,,,,
14,52,Barbados,1016,Goats,2018,5472,I,,,,
23,84,Belize,1016,Goats,2018,187,I,,,,
53,204,Benin,1016,Goats,2018,1921000,A,,,,
18,64,Bhutan,1016,Goats,2018,43839,A,,,,
19,68,Bolivia (Plurinational State of),1016,Goats,2018,2233411,A,,,,
20,72,Botswana,1016,Goats,2018,1278572,I,,,,
21,76,Brazil,1016,Goats,2018,10959694,A,,,,
26,96,Brunei Darussalam,1016,Goats,2018,6162,A,,,,
27,100,Bulgaria,1016,Goats,2018,271740,A,,,,
233,854,Burkina Faso,1016,Goats,2018,15635000,A,,,,
29,108,Burundi,1016,Goats,2018,3249827,A,,,,
35,132,Cabo Verde,1016,Goats,2018,107532,A,,,,
32,120,Cameroon,1016,Goats,2018,6452242,I,,,,
33,124,Canada,1016,Goats,2018,30033,I,,,,
37,140,Central African Republic,1016,Goats,2018,5936938,I,,,,
39,148,Chad,1016,Goats,2018,36534693,A,,,,
40,152,Chile,1016,Goats,2018,438163,E,,,,
96,344,"China, Hong Kong SAR",1016,Goats,2018,692,I,,,,
214,158,"China, Taiwan Province of",1016,Goats,2018,141533,A,,,,
41,156,"China, mainland",1016,Goats,2018,135746862,A,,,,
44,170,Colombia,1016,Goats,2018,1189649,A,,,,
45,174,Comoros,1016,Goats,2018,121088,I,,,,
46,178,Congo,1016,Goats,2018,324607,I,,,,
47,184,Cook Islands,1016,Goats,2018,4438,I,,,,
48,188,Costa Rica,1016,Goats,2018,70000,E,,,,
49,192,Cuba,1016,Goats,2018,1185000,A,,,,
50,196,Cyprus,1016,Goats,2018,250412,A,,,,
107,384,Côte d'Ivoire,1016,Goats,2018,2990240,A,,,,
116,408,Democratic People's Republic of Korea,1016,Goats,2018,3631000,A,,,,
250,180,Democratic Republic of the Congo,1016,Goats,2018,4105026,A,,,,
72,262,Djibouti,1016,Goats,2018,517111,I,,,,
55,212,Dominica,1016,Goats,2018,9704,I,,,,
56,214,Dominican Republic,1016,Goats,2018,237211,I,,,,
58,218,Ecuador,1016,Goats,2018,21745,A,,,,
59,818,Egypt,1016,Goats,2018,3572000,A,,,,
60,222,El Salvador,1016,Goats,2018,14721,I,,,,
61,226,Equatorial Guinea,1016,Goats,2018,9634,I,,,,
209,748,Eswatini,1016,Goats,2018,480678,A,,,,
66,242,Fiji,1016,Goats,2018,266929,I,,,,
67,246,Finland,1016,Goats,2018,5437,A,,,,
68,250,France,1016,Goats,2018,1252000,A,,,,
70,258,French Polynesia,1016,Goats,2018,16086,I,,,,
74,266,Gabon,1016,Goats,2018,113231,I,,,,
75,270,Gambia,1016,Goats,2018,348925,I,,,,
79,276,Germany,1016,Goats,2018,146000,A,,,,
81,288,Ghana,1016,Goats,2018,7509000,A,,,,
84,300,Greece,1016,Goats,2018,3625000,A,,,,
86,308,Grenada,1016,Goats,2018,16386,I,,,,
89,320,Guatemala,1016,Goats,2018,114712,I,,,,
90,324,Guinea,1016,Goats,2018,3248532,A,,,,
175,624,Guinea-Bissau,1016,Goats,2018,788506,I,,,,
91,328,Guyana,1016,Goats,2018,82217,I,,,,
93,332,Haiti,1016,Goats,2018,1498833,A,,,,
95,340,Honduras,1016,Goats,2018,24719,I,,,,
97,348,Hungary,1016,Goats,2018,65000,A,,,,
99,352,Iceland,1016,Goats,2018,1488,A,,,,
100,356,India,1016,Goats,2018,147301276,I,,,,
101,360,Indonesia,1016,Goats,2018,18306476,A,,,,
102,364,Iran (Islamic Republic of),1016,Goats,2018,15423461,A,,,,
103,368,Iraq,1016,Goats,2018,1305627,A,,,,
105,376,Israel,1016,Goats,2018,108426,A,,,,
106,380,Italy,1016,Goats,2018,986260,A,,,,
109,388,Jamaica,1016,Goats,2018,557553,I,,,,
110,392,Japan,1016,Goats,2018,16986,I,,,,
112,400,Jordan,1016,Goats,2018,742172,A,,,,
114,404,Kenya,1016,Goats,2018,26710775,A,,,,
118,414,Kuwait,1016,Goats,2018,209686,A,,,,
120,418,Lao People's Democratic Republic,1016,Goats,2018,616325,A,,,,
121,422,Lebanon,1016,Goats,2018,517679,X,,,,
122,426,Lesotho,1016,Goats,2018,909554,A,,,,
123,430,Liberia,1016,Goats,2018,345994,I,,,,
124,434,Libya,1016,Goats,2018,2601325,I,,,,
129,450,Madagascar,1016,Goats,2018,1450500,A,,,,
130,454,Malawi,1016,Goats,2018,8374006,A,,,,
131,458,Malaysia,1016,Goats,2018,359200,A,,,,
133,466,Mali,1016,Goats,2018,25224990,A,,,,
134,470,Malta,1016,Goats,2018,5730,A,,,,
136,478,Mauritania,1016,Goats,2018,6905432,I,,,,
137,480,Mauritius,1016,Goats,2018,26026,A,,,,
138,484,Mexico,1016,Goats,2018,8749589,A,,,,
141,496,Mongolia,1016,Goats,2018,27124703,A,,,,
143,504,Morocco,1016,Goats,2018,5731000,A,,,,
144,508,Mozambique,1016,Goats,2018,3407248,A,,,,
28,104,Myanmar,1016,Goats,2018,1973820,E,,,,
147,516,Namibia,1016,Goats,2018,1784951,I,,,,
149,524,Nepal,1016,Goats,2018,11647319,A,,,,
150,528,Netherlands (Kingdom of the),1016,Goats,2018,518000,A,,,,
153,540,New Caledonia,1016,Goats,2018,2000,E,,,,
156,554,New Zealand,1016,Goats,2018,88255,I,,,,
157,558,Nicaragua,1016,Goats,2018,7805,I,,,,
158,562,Niger,1016,Goats,2018,17411658,A,,,,
159,566,Nigeria,1016,Goats,2018,79893060,I,,,,
162,578,Norway,1016,Goats,2018,65826,A,,,,
221,512,Oman,1016,Goats,2018,2302232,A,,,,
165,586,Pakistan,1016,Goats,2018,74134000,A,,,,
166,591,Panama,1016,Goats,2018,8772,I,,,,
168,598,Papua New Guinea,1016,Goats,2018,3075,I,,,,
169,600,Paraguay,1016,Goats,2018,115544,A,,,,
170,604,Peru,1016,Goats,2018,1807028,A,,,,
171,608,Philippines,1016,Goats,2018,3724808,A,,,,
174,620,Portugal,1016,Goats,2018,332590,A,,,,
177,630,Puerto Rico,1016,Goats,2018,3641,A,,,,
179,634,Qatar,1016,Goats,2018,409840,A,,,,
117,410,Republic of Korea,1016,Goats,2018,291353,E,,,,
183,642,Romania,1016,Goats,2018,1539300,A,,,,
184,646,Rwanda,1016,Goats,2018,2731795,A,,,,
188,659,Saint Kitts and Nevis,1016,Goats,2018,5032,I,,,,
189,662,Saint Lucia,1016,Goats,2018,14202,I,,,,
191,670,Saint Vincent and the Grenadines,1016,Goats,2018,10045,I,,,,
193,678,Sao Tome and Principe,1016,Goats,2018,5916,I,,,,
194,682,Saudi Arabia,1016,Goats,2018,3607524,A,,,,
195,686,Senegal,1016,Goats,2018,6050862,A,,,,
196,690,Seychelles,1016,Goats,2018,5639,I,,,,
197,694,Sierra Leone,1016,Goats,2018,855593,E,,,,
200,702,Singapore,1016,Goats,2018,720,I,,,,
201,706,Somalia,1016,Goats,2018,11726154,I,,,,
202,710,South Africa,1016,Goats,2018,5404600,A,,,,
203,724,Spain,1016,Goats,2018,2764790,A,,,,
38,144,Sri Lanka,1016,Goats,2018,314800,A,,,,
207,740,Suriname,1016,Goats,2018,3822,A,,,,
211,756,Switzerland,1016,Goats,2018,80552,A,,,,
212,760,Syrian Arab Republic,1016,Goats,2018,1806510,A,,,,
216,764,Thailand,1016,Goats,2018,459575,I,,,,
176,626,Timor-Leste,1016,Goats,2018,171660,I,,,,
217,768,Togo,1016,Goats,2018,3944963,A,,,,
219,776,Tonga,1016,Goats,2018,14113,I,,,,
220,780,Trinidad and Tobago,1016,Goats,2018,7641,I,,,,
222,788,Tunisia,1016,Goats,2018,1197000,A,,,,
227,798,Tuvalu,1016,Goats,2018,,M,,,,
223,792,Türkiye,1016,Goats,2018,10922427,A,,,,
226,800,Uganda,1016,Goats,2018,16419000,A,,,,
225,784,United Arab Emirates,1016,Goats,2018,2395166,A,,,,
229,826,United Kingdom of Great Britain and Northern Ireland,1016,Goats,2018,104000,A,,,,
215,834,United Republic of Tanzania,1016,Goats,2018,21837174,I,,,,
231,840,United States of America,1016,Goats,2018,2639000,A,,,,
234,858,Uruguay,1016,Goats,2018,17802,I,,,,
155,548,Vanuatu,1016,Goats,2018,14363,I,,,,
236,862,Venezuela (Bolivarian Republic of),1016,Goats,2018,1514873,A,,,,
237,704,Viet Nam,1016,Goats,2018,2683942,A,,,,
249,887,Yemen,1016,Goats,2018,8644657,A,,,,
251,894,Zambia,1016,Goats,2018,4008197,A,,,,
181,716,Zimbabwe,1016,Goats,2018,5054753,I,,,,
113,417,Kyrgyzstan,1016,Goats,2019,801133,A,,,,
276,729,Sudan,1016,Goats,2019,32032000,A,,,,
63,233,Estonia,1016,Goats,2019,5200,A,,,,
119,428,Latvia,1016,Goats,2019,11690,A,,,,
52,31,Azerbaijan,1016,Goats,2019,613842,A,,,,
145,583,Micronesia (Federated States of),1016,Goats,2019,4716,I,,,,
273,499,Montenegro,1016,Goats,2019,28754,A,,,,
185,643,Russian Federation,1016,Goats,2019,1992896,A,,,,
272,688,Serbia,1016,Goats,2019,191280,A,,,,
80,70,Bosnia and Herzegovina,1016,Goats,2019,72362,A,,,,
178,232,Eritrea,1016,Goats,2019,1877844,I,,,,
173,616,Poland,1016,Goats,2019,49900,A,,,,
256,442,Luxembourg,1016,Goats,2019,5350,A,,,,
104,372,Ireland,1016,Goats,2019,8770,A,,,,
146,498,Republic of Moldova,1016,Goats,2019,155323,A,,,,
235,860,Uzbekistan,1016,Goats,2019,3709100,A,,,,
73,268,Georgia,1016,Goats,2019,50300,A,,,,
108,398,Kazakhstan,1016,Goats,2019,1826000,E,,,,
167,203,Czechia,1016,Goats,2019,29210,A,,,,
299,275,Palestine,1016,Goats,2019,183140,A,,,,
277,728,South Sudan,1016,Goats,2019,17330400,A,,,,
54,208,Denmark,1016,Goats,2019,18800,A,,,,
198,705,Slovenia,1016,Goats,2019,24360,A,,,,
213,795,Turkmenistan,1016,Goats,2019,3799539,E,,,,
154,807,North Macedonia,1016,Goats,2019,87581,A,,,,
208,762,Tajikistan,1016,Goats,2019,1948965,A,,,,
57,112,Belarus,1016,Goats,2019,60100,A,,,,
238,231,Ethiopia,1016,Goats,2019,50501672,A,,,,
199,703,Slovakia,1016,Goats,2019,35590,A,,,,
210,752,Sweden,1016,Goats,2019,12000,A,,,,
1,51,Armenia,1016,Goats,2019,22552,A,,,,
230,804,Ukraine,1016,Goats,2019,570100,A,,,,
126,440,Lithuania,1016,Goats,2019,15100,A,,,,
255,56,Belgium,1016,Goats,2019,38590,A,,,,
98,191,Croatia,1016,Goats,2019,82000,A,,,,
2,4,Afghanistan,1016,Goats,2019,7882003,I,,,,
3,8,Albania,1016,Goats,2019,862865,A,,,,
4,12,Algeria,1016,Goats,2019,4929069,A,,,,
7,24,Angola,1016,Goats,2019,4152327,I,,,,
8,28,Antigua and Barbuda,1016,Goats,2019,21143,I,,,,
9,32,Argentina,1016,Goats,2019,4638635,A,,,,
10,36,Australia,1016,Goats,2019,3919258,I,,,,
11,40,Austria,1016,Goats,2019,92500,A,,,,
12,44,Bahamas,1016,Goats,2019,14996,I,,,,
13,48,Bahrain,1016,Goats,2019,25696,A,,,,
16,50,Bangladesh,1016,Goats,2019,26267000,A,,,,
14,52,Barbados,1016,Goats,2019,5512,I,,,,
23,84,Belize,1016,Goats,2019,188,I,,,,
53,204,Benin,1016,Goats,2019,1965000,A,,,,
18,64,Bhutan,1016,Goats,2019,47735,A,,,,
19,68,Bolivia (Plurinational State of),1016,Goats,2019,2250707,A,,,,
20,72,Botswana,1016,Goats,2019,1228744,A,,,,
21,76,Brazil,1016,Goats,2019,11637329,A,,,,
26,96,Brunei Darussalam,1016,Goats,2019,5851,A,,,,
27,100,Bulgaria,1016,Goats,2019,228490,A,,,,
233,854,Burkina Faso,1016,Goats,2019,16104000,A,,,,
29,108,Burundi,1016,Goats,2019,3227903,A,,,,
35,132,Cabo Verde,1016,Goats,2019,109623,A,,,,
32,120,Cameroon,1016,Goats,2019,6500000,E,,,,
33,124,Canada,1016,Goats,2019,30038,I,,,,
37,140,Central African Republic,1016,Goats,2019,6009861,I,,,,
39,148,Chad,1016,Goats,2019,38792597,A,,,,
40,152,Chile,1016,Goats,2019,431275,I,,,,
96,344,"China, Hong Kong SAR",1016,Goats,2019,701,I,,,,
214,158,"China, Taiwan Province of",1016,Goats,2019,134789,A,,,,
41,156,"China, mainland",1016,Goats,2019,137231742,A,,,,
44,170,Colombia,1016,Goats,2019,1035358,A,,,,
45,174,Comoros,1016,Goats,2019,121210,I,,,,
46,178,Congo,1016,Goats,2019,324791,I,,,,
47,184,Cook Islands,1016,Goats,2019,4260,I,,,,
48,188,Costa Rica,1016,Goats,2019,70000,E,,,,
49,192,Cuba,1016,Goats,2019,715200,A,,,,
50,196,Cyprus,1016,Goats,2019,249820,A,,,,
107,384,Côte d'Ivoire,1016,Goats,2019,3323704,A,,,,
116,408,Democratic People's Republic of Korea,1016,Goats,2019,3705000,A,,,,
250,180,Democratic Republic of the Congo,1016,Goats,2019,4111782,A,,,,
72,262,Djibouti,1016,Goats,2019,517571,I,,,,
55,212,Dominica,1016,Goats,2019,9705,I,,,,
56,214,Dominican Republic,1016,Goats,2019,237196,I,,,,
58,218,Ecuador,1016,Goats,2019,28391,A,,,,
59,818,Egypt,1016,Goats,2019,977000,A,,,,
60,222,El Salvador,1016,Goats,2019,14558,I,,,,
61,226,Equatorial Guinea,1016,Goats,2019,9679,I,,,,
209,748,Eswatini,1016,Goats,2019,506998,A,,,,
66,242,Fiji,1016,Goats,2019,271425,I,,,,
67,246,Finland,1016,Goats,2019,5930,A,,,,
68,250,France,1016,Goats,2019,1242000,A,,,,
70,258,French Polynesia,1016,Goats,2019,16042,I,,,,
74,266,Gabon,1016,Goats,2019,114568,I,,,,
75,270,Gambia,1016,Goats,2019,365129,I,,,,
79,276,Germany,1016,Goats,2019,141000,A,,,,
81,288,Ghana,1016,Goats,2019,7884000,A,,,,
84,300,Greece,1016,Goats,2019,3580000,A,,,,
86,308,Grenada,1016,Goats,2019,14654,E,,,,
89,320,Guatemala,1016,Goats,2019,114810,I,,,,
90,324,Guinea,1016,Goats,2019,3466659,A,,,,
175,624,Guinea-Bissau,1016,Goats,2019,798413,I,,,,
91,328,Guyana,1016,Goats,2019,82296,I,,,,
93,332,Haiti,1016,Goats,2019,1705870,A,,,,
95,340,Honduras,1016,Goats,2019,24639,I,,,,
97,348,Hungary,1016,Goats,2019,63000,A,,,,
99,352,Iceland,1016,Goats,2019,1471,A,,,,
100,356,India,1016,Goats,2019,148884786,A,,,,
101,360,Indonesia,1016,Goats,2019,18463115,A,,,,
102,364,Iran (Islamic Republic of),1016,Goats,2019,15034487,A,,,,
103,368,Iraq,1016,Goats,2019,1328802,A,,,,
105,376,Israel,1016,Goats,2019,107380,A,,,,
106,380,Italy,1016,Goats,2019,1058720,A,,,,
109,388,Jamaica,1016,Goats,2019,561440,I,,,,
110,392,Japan,1016,Goats,2019,16842,I,,,,
112,400,Jordan,1016,Goats,2019,764466,A,,,,
114,404,Kenya,1016,Goats,2019,34998238,A,,,,
118,414,Kuwait,1016,Goats,2019,235324,A,,,,
120,418,Lao People's Democratic Republic,1016,Goats,2019,647000,A,,,,
121,422,Lebanon,1016,Goats,2019,424497,X,,,,
122,426,Lesotho,1016,Goats,2019,749343,A,,,,
123,430,Liberia,1016,Goats,2019,345901,I,,,,
124,434,Libya,1016,Goats,2019,2663800,A,,,,
129,450,Madagascar,1016,Goats,2019,1467600,A,,,,
130,454,Malawi,1016,Goats,2019,10028678,A,,,,
131,458,Malaysia,1016,Goats,2019,312571,A,,,,
133,466,Mali,1016,Goats,2019,26486240,A,,,,
134,470,Malta,1016,Goats,2019,5590,A,,,,
136,478,Mauritania,1016,Goats,2019,6855131,I,,,,
137,480,Mauritius,1016,Goats,2019,25831,A,,,,
138,484,Mexico,1016,Goats,2019,8791894,A,,,,
141,496,Mongolia,1016,Goats,2019,29261661,A,,,,
143,504,Morocco,1016,Goats,2019,5993000,A,,,,
144,508,Mozambique,1016,Goats,2019,3211395,A,,,,
28,104,Myanmar,1016,Goats,2019,2059989,E,,,,
147,516,Namibia,1016,Goats,2019,1789323,I,,,,
149,524,Nepal,1016,Goats,2019,12283752,A,,,,
150,528,Netherlands (Kingdom of the),1016,Goats,2019,551000,A,,,,
153,540,New Caledonia,1016,Goats,2019,2000,E,,,,
156,554,New Zealand,1016,Goats,2019,93606,A,,,,
157,558,Nicaragua,1016,Goats,2019,7870,I,,,,
158,562,Niger,1016,Goats,2019,18108126,A,,,,
159,566,Nigeria,1016,Goats,2019,81875539,I,,,,
162,578,Norway,1016,Goats,2019,65171,A,,,,
221,512,Oman,1016,Goats,2019,2348277,A,,,,
165,586,Pakistan,1016,Goats,2019,76143000,A,,,,
166,591,Panama,1016,Goats,2019,8829,I,,,,
168,598,Papua New Guinea,1016,Goats,2019,3084,I,,,,
169,600,Paraguay,1016,Goats,2019,111972,A,,,,
170,604,Peru,1016,Goats,2019,1807919,A,,,,
171,608,Philippines,1016,Goats,2019,3755879,A,,,,
174,620,Portugal,1016,Goats,2019,316480,A,,,,
177,630,Puerto Rico,1016,Goats,2019,3567,I,,,,
179,634,Qatar,1016,Goats,2019,441279,A,,,,
117,410,Republic of Korea,1016,Goats,2019,302825,E,,,,
183,642,Romania,1016,Goats,2019,1594800,A,,,,
184,646,Rwanda,1016,Goats,2019,2280617,I,,,,
188,659,Saint Kitts and Nevis,1016,Goats,2019,5778,I,,,,
189,662,Saint Lucia,1016,Goats,2019,14029,E,,,,
191,670,Saint Vincent and the Grenadines,1016,Goats,2019,10213,I,,,,
193,678,Sao Tome and Principe,1016,Goats,2019,5984,I,,,,
194,682,Saudi Arabia,1016,Goats,2019,3711155,A,,,,
195,686,Senegal,1016,Goats,2019,6013272,A,,,,
196,690,Seychelles,1016,Goats,2019,5683,I,,,,
197,694,Sierra Leone,1016,Goats,2019,877604,I,,,,
200,702,Singapore,1016,Goats,2019,706,E,,,,
201,706,Somalia,1016,Goats,2019,11701276,I,,,,
202,710,South Africa,1016,Goats,2019,5251039,A,,,,
203,724,Spain,1016,Goats,2019,2659110,A,,,,
38,144,Sri Lanka,1016,Goats,2019,313640,A,,,,
207,740,Suriname,1016,Goats,2019,3628,A,,,,
211,756,Switzerland,1016,Goats,2019,80469,A,,,,
212,760,Syrian Arab Republic,1016,Goats,2019,1844197,A,,,,
216,764,Thailand,1016,Goats,2019,463461,I,,,,
176,626,Timor-Leste,1016,Goats,2019,179911,A,,,,
217,768,Togo,1016,Goats,2019,4329221,A,,,,
219,776,Tonga,1016,Goats,2019,14256,I,,,,
220,780,Trinidad and Tobago,1016,Goats,2019,8186,A,,,,
222,788,Tunisia,1016,Goats,2019,1215434,I,,,,
227,798,Tuvalu,1016,Goats,2019,,M,,,,
223,792,Türkiye,1016,Goats,2019,11205429,A,,,,
226,800,Uganda,1016,Goats,2019,16945000,A,,,,
225,784,United Arab Emirates,1016,Goats,2019,2350145,A,,,,
229,826,United Kingdom of Great Britain and Northern Ireland,1016,Goats,2019,111000,A,,,,
215,834,United Republic of Tanzania,1016,Goats,2019,23065728,I,,,,
231,840,United States of America,1016,Goats,2019,2622000,A,,,,
234,858,Uruguay,1016,Goats,2019,17977,I,,,,
155,548,Vanuatu,1016,Goats,2019,13017,I,,,,
236,862,Venezuela (Bolivarian Republic of),1016,Goats,2019,1515185,A,,,,
237,704,Viet Nam,1016,Goats,2019,2609198,A,,,,
249,887,Yemen,1016,Goats,2019,9485903,A,,,,
251,894,Zambia,1016,Goats,2019,3948861,A,,,,
181,716,Zimbabwe,1016,Goats,2019,5721322,A,,,,
52,31,Azerbaijan,1016,Goats,2020,605925,A,,,,
98,191,Croatia,1016,Goats,2020,86000,A,,,,
126,440,Lithuania,1016,Goats,2020,14700,A,,,,
146,498,Republic of Moldova,1016,Goats,2020,142000,A,,,,
277,728,South Sudan,1016,Goats,2020,17590326,A,,,,
57,112,Belarus,1016,Goats,2020,56900,A,,,,
154,807,North Macedonia,1016,Goats,2020,95008,A,,,,
238,231,Ethiopia,1016,Goats,2020,52463535,A,,,,
213,795,Turkmenistan,1016,Goats,2020,4683497,A,,,,
73,268,Georgia,1016,Goats,2020,49700,A,,,,
230,804,Ukraine,1016,Goats,2020,545700,A,,,,
80,70,Bosnia and Herzegovina,1016,Goats,2020,71336,A,,,,
178,232,Eritrea,1016,Goats,2020,1887808,I,,,,
299,275,Palestine,1016,Goats,2020,213830,A,,,,
104,372,Ireland,1016,Goats,2020,8800,A,,,,
108,398,Kazakhstan,1016,Goats,2020,1814000,E,,,,
235,860,Uzbekistan,1016,Goats,2020,3629600,A,,,,
167,203,Czechia,1016,Goats,2020,28919,A,,,,
63,233,Estonia,1016,Goats,2020,4500,A,,,,
113,417,Kyrgyzstan,1016,Goats,2020,770704,A,,,,
1,51,Armenia,1016,Goats,2020,22934,A,,,,
145,583,Micronesia (Federated States of),1016,Goats,2020,4752,I,,,,
185,643,Russian Federation,1016,Goats,2020,1962609,A,,,,
273,499,Montenegro,1016,Goats,2020,27823,A,,,,
173,616,Poland,1016,Goats,2020,44204,A,,,,
276,729,Sudan,1016,Goats,2020,32228194,A,,,,
119,428,Latvia,1016,Goats,2020,11480,A,,,,
198,705,Slovenia,1016,Goats,2020,25680,A,,,,
272,688,Serbia,1016,Goats,2020,202325,A,,,,
208,762,Tajikistan,1016,Goats,2020,1973000,A,,,,
2,4,Afghanistan,1016,Goats,2020,8002444,I,,,,
3,8,Albania,1016,Goats,2020,774332,A,,,,
4,12,Algeria,1016,Goats,2020,4908168,A,,,,
7,24,Angola,1016,Goats,2020,4115399,I,,,,
8,28,Antigua and Barbuda,1016,Goats,2020,19436,I,,,,
9,32,Argentina,1016,Goats,2020,4695830,A,,,,
10,36,Australia,1016,Goats,2020,3300000,E,,,,
11,40,Austria,1016,Goats,2020,92760,A,,,,
12,44,Bahamas,1016,Goats,2020,14996,I,,,,
13,48,Bahrain,1016,Goats,2020,21000,A,,,,
16,50,Bangladesh,1016,Goats,2020,26435000,A,,,,
14,52,Barbados,1016,Goats,2020,5545,I,,,,
23,84,Belize,1016,Goats,2020,188,I,,,,
53,204,Benin,1016,Goats,2020,2880913,A,,,,
18,64,Bhutan,1016,Goats,2020,44119,A,,,,
19,68,Bolivia (Plurinational State of),1016,Goats,2020,2266351,A,,,,
20,72,Botswana,1016,Goats,2020,1241957,I,,,,
21,76,Brazil,1016,Goats,2020,12101686,A,,,,
26,96,Brunei Darussalam,1016,Goats,2020,6110,A,,,,
27,100,Bulgaria,1016,Goats,2020,253400,A,,,,
233,854,Burkina Faso,1016,Goats,2020,12956000,A,,,,
29,108,Burundi,1016,Goats,2020,2788052,A,,,,
35,132,Cabo Verde,1016,Goats,2020,131737,A,,,,
32,120,Cameroon,1016,Goats,2020,6551924,I,,,,
33,124,Canada,1016,Goats,2020,30039,I,,,,
37,140,Central African Republic,1016,Goats,2020,6059946,I,,,,
39,148,Chad,1016,Goats,2020,41190044,A,,,,
40,152,Chile,1016,Goats,2020,425299,I,,,,
96,344,"China, Hong Kong SAR",1016,Goats,2020,704,I,,,,
214,158,"China, Taiwan Province of",1016,Goats,2020,130595,A,,,,
41,156,"China, mainland",1016,Goats,2020,133452500,A,,,,
44,170,Colombia,1016,Goats,2020,1136839,A,,,,
45,174,Comoros,1016,Goats,2020,121281,I,,,,
46,178,Congo,1016,Goats,2020,324867,I,,,,
47,184,Cook Islands,1016,Goats,2020,4347,E,,,,
48,188,Costa Rica,1016,Goats,2020,67000,E,,,,
49,192,Cuba,1016,Goats,2020,713900,A,,,,
50,196,Cyprus,1016,Goats,2020,261110,A,,,,
107,384,Côte d'Ivoire,1016,Goats,2020,3657168,A,,,,
116,408,Democratic People's Republic of Korea,1016,Goats,2020,3753000,A,,,,
250,180,Democratic Republic of the Congo,1016,Goats,2020,4118849,A,,,,
72,262,Djibouti,1016,Goats,2020,518025,I,,,,
55,212,Dominica,1016,Goats,2020,9705,I,,,,
56,214,Dominican Republic,1016,Goats,2020,236688,I,,,,
58,218,Ecuador,1016,Goats,2020,14092,A,,,,
59,818,Egypt,1016,Goats,2020,925000,A,,,,
60,222,El Salvador,1016,Goats,2020,14393,I,,,,
61,226,Equatorial Guinea,1016,Goats,2020,9725,I,,,,
209,748,Eswatini,1016,Goats,2020,527238,A,,,,
66,242,Fiji,1016,Goats,2020,275694,I,,,,
67,246,Finland,1016,Goats,2020,6000,A,,,,
68,250,France,1016,Goats,2020,1413980,A,,,,
70,258,French Polynesia,1016,Goats,2020,15999,I,,,,
74,266,Gabon,1016,Goats,2020,115844,I,,,,
75,270,Gambia,1016,Goats,2020,378231,A,,,,
79,276,Germany,1016,Goats,2020,161000,A,,,,
81,288,Ghana,1016,Goats,2020,8180000,A,,,,
84,300,Greece,1016,Goats,2020,3149000,A,,,,
86,308,Grenada,1016,Goats,2020,20000,E,,,,
89,320,Guatemala,1016,Goats,2020,114909,I,,,,
90,324,Guinea,1016,Goats,2020,3699431,A,,,,
175,624,Guinea-Bissau,1016,Goats,2020,808074,I,,,,
91,328,Guyana,1016,Goats,2020,82288,I,,,,
93,332,Haiti,1016,Goats,2020,1705493,A,,,,
95,340,Honduras,1016,Goats,2020,24564,I,,,,
97,348,Hungary,1016,Goats,2020,47000,A,,,,
99,352,Iceland,1016,Goats,2020,1621,A,,,,
100,356,India,1016,Goats,2020,153360000,E,,,,
101,360,Indonesia,1016,Goats,2020,18689711,A,,,,
102,364,Iran (Islamic Republic of),1016,Goats,2020,16663721,A,,,,
103,368,Iraq,1016,Goats,2020,1352388,A,,,,
105,376,Israel,1016,Goats,2020,116293,A,,,,
106,380,Italy,1016,Goats,2020,1065710,A,,,,
109,388,Jamaica,1016,Goats,2020,565749,I,,,,
110,392,Japan,1016,Goats,2020,16665,I,,,,
112,400,Jordan,1016,Goats,2020,762752,A,,,,
114,404,Kenya,1016,Goats,2020,36021177,A,,,,
118,414,Kuwait,1016,Goats,2020,214260,A,,,,
120,418,Lao People's Democratic Republic,1016,Goats,2020,682000,A,,,,
121,422,Lebanon,1016,Goats,2020,386292,X,,,,
122,426,Lesotho,1016,Goats,2020,628561,A,,,,
123,430,Liberia,1016,Goats,2020,345699,I,,,,
124,434,Libya,1016,Goats,2020,2569370,A,,,,
129,450,Madagascar,1016,Goats,2020,1616494,I,,,,
130,454,Malawi,1016,Goats,2020,10727448,A,,,,
131,458,Malaysia,1016,Goats,2020,324355,A,,,,
133,466,Mali,1016,Goats,2020,27810553,A,,,,
134,470,Malta,1016,Goats,2020,5530,A,,,,
136,478,Mauritania,1016,Goats,2020,6830805,I,,,,
137,480,Mauritius,1016,Goats,2020,25782,A,,,,
138,484,Mexico,1016,Goats,2020,8830720,A,,,,
141,496,Mongolia,1016,Goats,2020,27720253,A,,,,
143,504,Morocco,1016,Goats,2020,5960600,A,,,,
144,508,Mozambique,1016,Goats,2020,3265537,A,,,,
28,104,Myanmar,1016,Goats,2020,2145200,E,,,,
147,516,Namibia,1016,Goats,2020,1607280,A,,,,
149,524,Nepal,1016,Goats,2020,12811953,A,,,,
150,528,Netherlands (Kingdom of the),1016,Goats,2020,557000,A,,,,
153,540,New Caledonia,1016,Goats,2020,2000,E,,,,
156,554,New Zealand,1016,Goats,2020,96416,A,,,,
157,558,Nicaragua,1016,Goats,2020,7937,I,,,,
158,562,Niger,1016,Goats,2020,18832451,A,,,,
159,566,Nigeria,1016,Goats,2020,84039154,A,,,,
162,578,Norway,1016,Goats,2020,67007,A,,,,
221,512,Oman,1016,Goats,2020,2395243,A,,,,
165,586,Pakistan,1016,Goats,2020,78207000,A,,,,
166,591,Panama,1016,Goats,2020,8840,I,,,,
168,598,Papua New Guinea,1016,Goats,2020,3091,I,,,,
169,600,Paraguay,1016,Goats,2020,109303,A,,,,
170,604,Peru,1016,Goats,2020,1801257,A,,,,
171,608,Philippines,1016,Goats,2020,3813454,A,,,,
174,620,Portugal,1016,Goats,2020,368420,A,,,,
177,630,Puerto Rico,1016,Goats,2020,3612,E,,,,
179,634,Qatar,1016,Goats,2020,458835,A,,,,
117,410,Republic of Korea,1016,Goats,2020,314087,I,,,,
183,642,Romania,1016,Goats,2020,1611800,A,,,,
184,646,Rwanda,1016,Goats,2020,1745806,A,,,,
188,659,Saint Kitts and Nevis,1016,Goats,2020,6661,A,,,,
189,662,Saint Lucia,1016,Goats,2020,13847,I,,,,
191,670,Saint Vincent and the Grenadines,1016,Goats,2020,10336,I,,,,
193,678,Sao Tome and Principe,1016,Goats,2020,6045,I,,,,
194,682,Saudi Arabia,1016,Goats,2020,6100000,A,,,,
195,686,Senegal,1016,Goats,2020,6489523,A,,,,
196,690,Seychelles,1016,Goats,2020,5721,I,,,,
197,694,Sierra Leone,1016,Goats,2020,890441,I,,,,
200,702,Singapore,1016,Goats,2020,730,I,,,,
201,706,Somalia,1016,Goats,2020,11670251,I,,,,
202,710,South Africa,1016,Goats,2020,5170127,A,,,,
203,724,Spain,1016,Goats,2020,2651040,A,,,,
38,144,Sri Lanka,1016,Goats,2020,334430,A,,,,
207,740,Suriname,1016,Goats,2020,3814,A,,,,
211,756,Switzerland,1016,Goats,2020,79562,A,,,,
212,760,Syrian Arab Republic,1016,Goats,2020,1995923,A,,,,
216,764,Thailand,1016,Goats,2020,466497,I,,,,
176,626,Timor-Leste,1016,Goats,2020,191390,I,,,,
217,768,Togo,1016,Goats,2020,4675559,A,,,,
219,776,Tonga,1016,Goats,2020,14402,I,,,,
220,780,Trinidad and Tobago,1016,Goats,2020,14776,A,,,,
222,788,Tunisia,1016,Goats,2020,1199120,I,,,,
227,798,Tuvalu,1016,Goats,2020,,M,,,,
223,792,Türkiye,1016,Goats,2020,11985845,A,,,,
226,800,Uganda,1016,Goats,2020,17097000,A,,,,
225,784,United Arab Emirates,1016,Goats,2020,2399264,A,,,,
229,826,United Kingdom of Great Britain and Northern Ireland,1016,Goats,2020,112000,A,,,,
215,834,United Republic of Tanzania,1016,Goats,2020,24311738,I,,,,
231,840,United States of America,1016,Goats,2020,2655000,A,,,,
234,858,Uruguay,1016,Goats,2020,18134,I,,,,
155,548,Vanuatu,1016,Goats,2020,11098,I,,,,
236,862,Venezuela (Bolivarian Republic of),1016,Goats,2020,1584917,A,,,,
237,704,Viet Nam,1016,Goats,2020,2654573,A,,,,
249,887,Yemen,1016,Goats,2020,9562880,X,,,,
251,894,Zambia,1016,Goats,2020,4044404,I,,,,
181,716,Zimbabwe,1016,Goats,2020,5550904,I,,,,
80,70,Bosnia and Herzegovina,1016,Goats,2021,48372,A,,,,
119,428,Latvia,1016,Goats,2021,11400,A,,,,
154,807,North Macedonia,1016,Goats,2021,75753,A,,,,
126,440,Lithuania,1016,Goats,2021,14700,A,,,,
213,795,Turkmenistan,1016,Goats,2021,4699654,A,,,,
108,398,Kazakhstan,1016,Goats,2021,1893000,E,,,,
235,860,Uzbekistan,1016,Goats,2021,3643200,A,,,,
1,51,Armenia,1016,Goats,2021,24365,A,,,,
104,372,Ireland,1016,Goats,2021,9400,A,,,,
52,31,Azerbaijan,1016,Goats,2021,585520,A,,,,
178,232,Eritrea,1016,Goats,2021,1906212,I,,,,
277,728,South Sudan,1016,Goats,2021,14412722,A,,,,
73,268,Georgia,1016,Goats,2021,50300,A,,,,
198,705,Slovenia,1016,Goats,2021,25684,A,,,,
98,191,Croatia,1016,Goats,2021,86000,A,,,,
238,231,Ethiopia,1016,Goats,2021,49306944,I,,,,
113,417,Kyrgyzstan,1016,Goats,2021,742507,A,,,,
57,112,Belarus,1016,Goats,2021,53300,A,,,,
173,616,Poland,1016,Goats,2021,54091,A,,,,
208,762,Tajikistan,1016,Goats,2021,2038000,A,,,,
272,688,Serbia,1016,Goats,2021,195037,A,,,,
63,233,Estonia,1016,Goats,2021,4300,A,,,,
146,498,Republic of Moldova,1016,Goats,2021,139926,A,,,,
299,275,Palestine,1016,Goats,2021,239966,A,,,,
145,583,Micronesia (Federated States of),1016,Goats,2021,4876,I,,,,
167,203,Czechia,1016,Goats,2021,25409,A,,,,
185,643,Russian Federation,1016,Goats,2021,1874524,A,,,,
273,499,Montenegro,1016,Goats,2021,29032,A,,,,
230,804,Ukraine,1016,Goats,2021,519400,A,,,,
276,729,Sudan,1016,Goats,2021,31696449,I,,,,
2,4,Afghanistan,1016,Goats,2021,7883967,E,,,,
3,8,Albania,1016,Goats,2021,775337,A,,,,
4,12,Algeria,1016,Goats,2021,5029042,A,,,,
7,24,Angola,1016,Goats,2021,4251196,I,,,,
8,28,Antigua and Barbuda,1016,Goats,2021,17979,I,,,,
9,32,Argentina,1016,Goats,2021,4280903,A,,,,
10,36,Australia,1016,Goats,2021,3400000,E,,,,
11,40,Austria,1016,Goats,2021,100600,A,,,,
12,44,Bahamas,1016,Goats,2021,15076,I,,,,
13,48,Bahrain,1016,Goats,2021,25000,A,,,,
16,50,Bangladesh,1016,Goats,2021,26604000,A,,,,
14,52,Barbados,1016,Goats,2021,5594,I,,,,
23,84,Belize,1016,Goats,2021,191,I,,,,
53,204,Benin,1016,Goats,2021,3513827,A,,,,
18,64,Bhutan,1016,Goats,2021,59577,A,,,,
19,68,Bolivia (Plurinational State of),1016,Goats,2021,2281252,A,,,,
20,72,Botswana,1016,Goats,2021,1250865,I,,,,
21,76,Brazil,1016,Goats,2021,11897204,A,,,,
26,96,Brunei Darussalam,1016,Goats,2021,4169,A,,,,
27,100,Bulgaria,1016,Goats,2021,215000,A,,,,
233,854,Burkina Faso,1016,Goats,2021,10754755,A,,,,
29,108,Burundi,1016,Goats,2021,4182683,A,,,,
35,132,Cabo Verde,1016,Goats,2021,135426,A,,,,
32,120,Cameroon,1016,Goats,2021,6589056,I,,,,
33,124,Canada,1016,Goats,2021,30012,I,,,,
37,140,Central African Republic,1016,Goats,2021,6100000,E,,,,
39,148,Chad,1016,Goats,2021,43735657,A,,,,
40,152,Chile,1016,Goats,2021,422374,I,,,,
96,344,"China, Hong Kong SAR",1016,Goats,2021,689,I,,,,
214,158,"China, Taiwan Province of",1016,Goats,2021,126067,A,,,,
41,156,"China, mainland",1016,Goats,2021,133316400,A,,,,
44,170,Colombia,1016,Goats,2021,1149054,A,,,,
45,174,Comoros,1016,Goats,2021,121244,I,,,,
46,178,Congo,1016,Goats,2021,325297,I,,,,
47,184,Cook Islands,1016,Goats,2021,4257,E,,,,
48,188,Costa Rica,1016,Goats,2021,74038,I,,,,
49,192,Cuba,1016,Goats,2021,706900,A,,,,
50,196,Cyprus,1016,Goats,2021,257120,A,,,,
107,384,Côte d'Ivoire,1016,Goats,2021,3990632,A,,,,
116,408,Democratic People's Republic of Korea,1016,Goats,2021,3790932,I,,,,
250,180,Democratic Republic of the Congo,1016,Goats,2021,4125764,A,,,,
72,262,Djibouti,1016,Goats,2021,518611,I,,,,
55,212,Dominica,1016,Goats,2021,9706,I,,,,
56,214,Dominican Republic,1016,Goats,2021,232844,E,,,,
58,218,Ecuador,1016,Goats,2021,57849,A,,,,
59,818,Egypt,1016,Goats,2021,1131000,A,,,,
60,222,El Salvador,1016,Goats,2021,14502,E,,,,
61,226,Equatorial Guinea,1016,Goats,2021,9817,I,,,,
209,748,Eswatini,1016,Goats,2021,525268,A,,,,
66,242,Fiji,1016,Goats,2021,278552,I,,,,
67,246,Finland,1016,Goats,2021,5900,A,,,,
68,250,France,1016,Goats,2021,1387770,A,,,,
70,258,French Polynesia,1016,Goats,2021,15908,I,,,,
74,266,Gabon,1016,Goats,2021,116382,I,,,,
75,270,Gambia,1016,Goats,2021,391847,A,,,,
79,276,Germany,1016,Goats,2021,164000,A,,,,
81,288,Ghana,1016,Goats,2021,8411000,A,,,,
84,300,Greece,1016,Goats,2021,3135100,A,,,,
86,308,Grenada,1016,Goats,2021,25000,E,,,,
89,320,Guatemala,1016,Goats,2021,115196,I,,,,
90,324,Guinea,1016,Goats,2021,3947834,A,,,,
175,624,Guinea-Bissau,1016,Goats,2021,800294,E,,,,
91,328,Guyana,1016,Goats,2021,82324,I,,,,
93,332,Haiti,1016,Goats,2021,1759186,I,,,,
95,340,Honduras,1016,Goats,2021,24634,I,,,,
97,348,Hungary,1016,Goats,2021,45600,A,,,,
99,352,Iceland,1016,Goats,2021,1672,A,,,,
100,356,India,1016,Goats,2021,160000000,E,,,,
101,360,Indonesia,1016,Goats,2021,18904347,A,,,,
102,364,Iran (Islamic Republic of),1016,Goats,2021,18267000,A,,,,
103,368,Iraq,1016,Goats,2021,1376393,A,,,,
105,376,Israel,1016,Goats,2021,116000,A,,,,
106,380,Italy,1016,Goats,2021,1060750,A,,,,
109,388,Jamaica,1016,Goats,2021,578970,I,,,,
110,392,Japan,1016,Goats,2021,16279,I,,,,
112,400,Jordan,1016,Goats,2021,803940,A,,,,
114,404,Kenya,1016,Goats,2021,32570314,A,,,,
118,414,Kuwait,1016,Goats,2021,219760,A,,,,
120,418,Lao People's Democratic Republic,1016,Goats,2021,717000,A,,,,
121,422,Lebanon,1016,Goats,2021,347113,X,,,,
122,426,Lesotho,1016,Goats,2021,279573,A,,,,
123,430,Liberia,1016,Goats,2021,341236,I,,,,
124,434,Libya,1016,Goats,2021,2636800,A,,,,
129,450,Madagascar,1016,Goats,2021,1865000,A,,,,
130,454,Malawi,1016,Goats,2021,11104382,A,,,,
131,458,Malaysia,1016,Goats,2021,323994,A,,,,
133,466,Mali,1016,Goats,2021,29201079,A,,,,
134,470,Malta,1016,Goats,2021,5640,A,,,,
136,478,Mauritania,1016,Goats,2021,7198365,I,,,,
137,480,Mauritius,1016,Goats,2021,22142,A,,,,
138,484,Mexico,1016,Goats,2021,8786027,A,,,,
141,496,Mongolia,1016,Goats,2021,26456089,A,,,,
143,504,Morocco,1016,Goats,2021,6207391,A,,,,
144,508,Mozambique,1016,Goats,2021,3470167,A,,,,
28,104,Myanmar,1016,Goats,2021,2224000,E,,,,
147,516,Namibia,1016,Goats,2021,1276243,A,,,,
149,524,Nepal,1016,Goats,2021,13442614,A,,,,
150,528,Netherlands (Kingdom of the),1016,Goats,2021,575000,A,,,,
153,540,New Caledonia,1016,Goats,2021,1873,I,,,,
156,554,New Zealand,1016,Goats,2021,116666,A,,,,
157,558,Nicaragua,1016,Goats,2021,8025,I,,,,
158,562,Niger,1016,Goats,2021,19585749,A,,,,
159,566,Nigeria,1016,Goats,2021,86140133,A,,,,
162,578,Norway,1016,Goats,2021,69320,A,,,,
221,512,Oman,1016,Goats,2021,2443150,A,,,,
165,586,Pakistan,1016,Goats,2021,80326000,A,,,,
166,591,Panama,1016,Goats,2021,8885,I,,,,
168,598,Papua New Guinea,1016,Goats,2021,3136,I,,,,
169,600,Paraguay,1016,Goats,2021,105684,A,,,,
170,604,Peru,1016,Goats,2021,1754968,A,,,,
171,608,Philippines,1016,Goats,2021,3868337,A,,,,
174,620,Portugal,1016,Goats,2021,364500,A,,,,
177,630,Puerto Rico,1016,Goats,2021,3607,E,,,,
179,634,Qatar,1016,Goats,2021,384703,A,,,,
117,410,Republic of Korea,1016,Goats,2021,308992,I,,,,
183,642,Romania,1016,Goats,2021,1492500,A,,,,
184,646,Rwanda,1016,Goats,2021,1686462,I,,,,
188,659,Saint Kitts and Nevis,1016,Goats,2021,7501,I,,,,
189,662,Saint Lucia,1016,Goats,2021,14644,I,,,,
191,670,Saint Vincent and the Grenadines,1016,Goats,2021,10296,I,,,,
193,678,Sao Tome and Principe,1016,Goats,2021,6083,I,,,,
194,682,Saudi Arabia,1016,Goats,2021,6095789,A,,,,
195,686,Senegal,1016,Goats,2021,6385674,A,,,,
196,690,Seychelles,1016,Goats,2021,5748,I,,,,
197,694,Sierra Leone,1016,Goats,2021,835522,I,,,,
200,702,Singapore,1016,Goats,2021,720,E,,,,
201,706,Somalia,1016,Goats,2021,11437018,I,,,,
202,710,South Africa,1016,Goats,2021,5150163,A,,,,
203,724,Spain,1016,Goats,2021,2589760,A,,,,
38,144,Sri Lanka,1016,Goats,2021,361740,A,,,,
207,740,Suriname,1016,Goats,2021,4235,A,,,,
211,756,Switzerland,1016,Goats,2021,82045,A,,,,
212,760,Syrian Arab Republic,1016,Goats,2021,1906542,A,,,,
216,764,Thailand,1016,Goats,2021,466556,E,,,,
176,626,Timor-Leste,1016,Goats,2021,205801,A,,,,
217,768,Togo,1016,Goats,2021,5049604,A,,,,
219,776,Tonga,1016,Goats,2021,14651,I,,,,
220,780,Trinidad and Tobago,1016,Goats,2021,13970,A,,,,
222,788,Tunisia,1016,Goats,2021,1153201,I,,,,
227,798,Tuvalu,1016,Goats,2021,,M,,,,
223,792,Türkiye,1016,Goats,2021,12341514,A,,,,
226,800,Uganda,1016,Goats,2021,17358355,A,,,,
225,784,United Arab Emirates,1016,Goats,2021,2294115,A,,,,
229,826,United Kingdom of Great Britain and Northern Ireland,1016,Goats,2021,111000,A,,,,
215,834,United Republic of Tanzania,1016,Goats,2021,25574446,A,,,,
231,840,United States of America,1016,Goats,2021,2606000,A,,,,
234,858,Uruguay,1016,Goats,2021,18265,I,,,,
155,548,Vanuatu,1016,Goats,2021,9094,I,,,,
236,862,Venezuela (Bolivarian Republic of),1016,Goats,2021,1605360,I,,,,
237,704,Viet Nam,1016,Goats,2021,2739494,I,,,,
249,887,Yemen,1016,Goats,2021,10041023,X,,,,
251,894,Zambia,1016,Goats,2021,4223372,I,,,,
181,716,Zimbabwe,1016,Goats,2021,5686925,I,,,,
238,231,Ethiopia,1016,Goats,2022,45716091,A,,,,
255,56,Belgium,1016,Goats,2022,75360,A,,,,
54,208,Denmark,1016,Goats,2022,18280,A,,,,
256,442,Luxembourg,1016,Goats,2022,5090,A,,,,
173,616,Poland,1016,Goats,2022,62580,A,,,,
208,762,Tajikistan,1016,Goats,2022,2093200,A,,,,
73,268,Georgia,1016,Goats,2022,52500,A,,,,
119,428,Latvia,1016,Goats,2022,11680,A,,,,
299,275,Palestine,1016,Goats,2022,249197,I,,,,
167,203,Czechia,1016,Goats,2022,24610,A,,,,
213,795,Turkmenistan,1016,Goats,2022,4680048,A,,,,
63,233,Estonia,1016,Goats,2022,4000,A,,,,
104,372,Ireland,1016,Goats,2022,9240,A,,,,
210,752,Sweden,1016,Goats,2022,12000,A,,,,
1,51,Armenia,1016,Goats,2022,21943,A,,,,
235,860,Uzbekistan,1016,Goats,2022,3664500,A,,,,
276,729,Sudan,1016,Goats,2022,31000000,X,,,,
57,112,Belarus,1016,Goats,2022,52000,A,,,,
272,688,Serbia,1016,Goats,2022,191703,A,,,,
277,728,South Sudan,1016,Goats,2022,16444483,E,,,,
273,499,Montenegro,1016,Goats,2022,29136,A,,,,
98,191,Croatia,1016,Goats,2022,82000,A,,,,
145,583,Micronesia (Federated States of),1016,Goats,2022,4792,E,,,,
146,498,Republic of Moldova,1016,Goats,2022,137021,A,,,,
198,705,Slovenia,1016,Goats,2022,25960,A,,,,
178,232,Eritrea,1016,Goats,2022,1915139,I,,,,
154,807,North Macedonia,1016,Goats,2022,80186,A,,,,
80,70,Bosnia and Herzegovina,1016,Goats,2022,44588,A,,,,
126,440,Lithuania,1016,Goats,2022,14990,A,,,,
185,643,Russian Federation,1016,Goats,2022,1811125,A,,,,
113,417,Kyrgyzstan,1016,Goats,2022,685368,A,,,,
199,703,Slovakia,1016,Goats,2022,20500,A,,,,
52,31,Azerbaijan,1016,Goats,2022,580840,A,,,,
108,398,Kazakhstan,1016,Goats,2022,1883956,A,,,,
230,804,Ukraine,1016,Goats,2022,487200,A,,,,
2,4,Afghanistan,1016,Goats,2022,7998225,E,,,,
3,8,Albania,1016,Goats,2022,721555,A,,,,
4,12,Algeria,1016,Goats,2022,5127003,I,,,,
7,24,Angola,1016,Goats,2022,4253234,I,,,,
8,28,Antigua and Barbuda,1016,Goats,2022,16000,E,,,,
9,32,Argentina,1016,Goats,2022,3954991,A,,,,
10,36,Australia,1016,Goats,2022,3800000,E,,,,
11,40,Austria,1016,Goats,2022,99020,A,,,,
12,44,Bahamas,1016,Goats,2022,15063,I,,,,
13,48,Bahrain,1016,Goats,2022,24400,A,,,,
16,50,Bangladesh,1016,Goats,2022,26774000,A,,,,
14,52,Barbados,1016,Goats,2022,5604,I,,,,
23,84,Belize,1016,Goats,2022,191,I,,,,
53,204,Benin,1016,Goats,2022,3619241,A,,,,
18,64,Bhutan,1016,Goats,2022,56004,A,,,,
19,68,Bolivia (Plurinational State of),1016,Goats,2022,2281625,A,,,,
20,72,Botswana,1016,Goats,2022,1210035,I,,,,
21,76,Brazil,1016,Goats,2022,12390490,A,,,,
26,96,Brunei Darussalam,1016,Goats,2022,4160,A,,,,
27,100,Bulgaria,1016,Goats,2022,184020,A,,,,
233,854,Burkina Faso,1016,Goats,2022,10798342,A,,,,
29,108,Burundi,1016,Goats,2022,4379476,A,,,,
35,132,Cabo Verde,1016,Goats,2022,139218,A,,,,
32,120,Cameroon,1016,Goats,2022,6572453,I,,,,
33,124,Canada,1016,Goats,2022,30000,I,,,,
37,140,Central African Republic,1016,Goats,2022,6200000,E,,,,
39,148,Chad,1016,Goats,2022,46438592,A,,,,
40,152,Chile,1016,Goats,2022,418073,I,,,,
96,344,"China, Hong Kong SAR",1016,Goats,2022,683,I,,,,
214,158,"China, Taiwan Province of",1016,Goats,2022,116496,A,,,,
41,156,"China, mainland",1016,Goats,2022,132242500,A,,,,
44,170,Colombia,1016,Goats,2022,1155721,A,,,,
45,174,Comoros,1016,Goats,2022,121125,I,,,,
46,178,Congo,1016,Goats,2022,325042,I,,,,
47,184,Cook Islands,1016,Goats,2022,4178,E,,,,
48,188,Costa Rica,1016,Goats,2022,78826,I,,,,
49,192,Cuba,1016,Goats,2022,634500,A,,,,
50,196,Cyprus,1016,Goats,2022,254180,A,,,,
107,384,Côte d'Ivoire,1016,Goats,2022,4563406,A,,,,
116,408,Democratic People's Republic of Korea,1016,Goats,2022,3976077,I,,,,
250,180,Democratic Republic of the Congo,1016,Goats,2022,4133019,A,,,,
72,262,Djibouti,1016,Goats,2022,519097,I,,,,
55,212,Dominica,1016,Goats,2022,9705,I,,,,
56,214,Dominican Republic,1016,Goats,2022,225598,E,,,,
58,218,Ecuador,1016,Goats,2022,23789,A,,,,
59,818,Egypt,1016,Goats,2022,1244000,A,,,,
60,222,El Salvador,1016,Goats,2022,14229,E,,,,
61,226,Equatorial Guinea,1016,Goats,2022,9861,I,,,,
209,748,Eswatini,1016,Goats,2022,527185,A,,,,
66,242,Fiji,1016,Goats,2022,279563,I,,,,
67,246,Finland,1016,Goats,2022,6300,A,,,,
68,250,France,1016,Goats,2022,1353000,A,,,,
70,258,French Polynesia,1016,Goats,2022,15817,I,,,,
74,266,Gabon,1016,Goats,2022,117379,I,,,,
75,270,Gambia,1016,Goats,2022,405954,A,,,,
79,276,Germany,1016,Goats,2022,159000,A,,,,
81,288,Ghana,1016,Goats,2022,8714896,I,,,,
84,300,Greece,1016,Goats,2022,2960900,A,,,,
86,308,Grenada,1016,Goats,2022,25000,E,,,,
89,320,Guatemala,1016,Goats,2022,115497,I,,,,
90,324,Guinea,1016,Goats,2022,4212916,A,,,,
175,624,Guinea-Bissau,1016,Goats,2022,811005,E,,,,
91,328,Guyana,1016,Goats,2022,82393,I,,,,
93,332,Haiti,1016,Goats,2022,1861731,I,,,,
95,340,Honduras,1016,Goats,2022,24711,I,,,,
97,348,Hungary,1016,Goats,2022,41000,A,,,,
99,352,Iceland,1016,Goats,2022,1875,A,,,,
100,356,India,1016,Goats,2022,177300000,E,,,,
101,360,Indonesia,1016,Goats,2022,18560835,A,,,,
102,364,Iran (Islamic Republic of),1016,Goats,2022,18309000,A,,,,
103,368,Iraq,1016,Goats,2022,1400824,A,,,,
105,376,Israel,1016,Goats,2022,144500,A,,,,
106,380,Italy,1016,Goats,2022,1010000,A,,,,
109,388,Jamaica,1016,Goats,2022,587237,I,,,,
110,392,Japan,1016,Goats,2022,16497,I,,,,
112,400,Jordan,1016,Goats,2022,733210,A,,,,
114,404,Kenya,1016,Goats,2022,30558620,A,,,,
118,414,Kuwait,1016,Goats,2022,223115,E,,,,
120,418,Lao People's Democratic Republic,1016,Goats,2022,763000,A,,,,
121,422,Lebanon,1016,Goats,2022,337626,X,,,,
122,426,Lesotho,1016,Goats,2022,957522,A,,,,
123,430,Liberia,1016,Goats,2022,339823,I,,,,
124,434,Libya,1016,Goats,2022,2672710,I,,,,
129,450,Madagascar,1016,Goats,2022,1963902,A,,,,
130,454,Malawi,1016,Goats,2022,12238382,A,,,,
131,458,Malaysia,1016,Goats,2022,335137,A,,,,
133,466,Mali,1016,Goats,2022,30661134,A,,,,
134,470,Malta,1016,Goats,2022,6520,A,,,,
136,478,Mauritania,1016,Goats,2022,7188153,I,,,,
137,480,Mauritius,1016,Goats,2022,21608,A,,,,
138,484,Mexico,1016,Goats,2022,8824664,A,,,,
141,496,Mongolia,1016,Goats,2022,27569395,A,,,,
143,504,Morocco,1016,Goats,2022,6045690,A,,,,
144,508,Mozambique,1016,Goats,2022,4405952,A,,,,
28,104,Myanmar,1016,Goats,2022,2300000,E,,,,
147,516,Namibia,1016,Goats,2022,2041257,A,,,,
149,524,Nepal,1016,Goats,2022,13990703,A,,,,
150,528,Netherlands (Kingdom of the),1016,Goats,2022,570000,A,,,,
153,540,New Caledonia,1016,Goats,2022,1700,E,,,,
156,554,New Zealand,1016,Goats,2022,88428,A,,,,
157,558,Nicaragua,1016,Goats,2022,8068,I,,,,
158,562,Niger,1016,Goats,2022,20369178,A,,,,
159,566,Nigeria,1016,Goats,2022,88043009,I,,,,
162,578,Norway,1016,Goats,2022,70400,A,,,,
221,512,Oman,1016,Goats,2022,2492013,A,,,,
165,586,Pakistan,1016,Goats,2022,82503000,A,,,,
166,591,Panama,1016,Goats,2022,8915,I,,,,
168,598,Papua New Guinea,1016,Goats,2022,3130,I,,,,
169,600,Paraguay,1016,Goats,2022,133799,A,,,,
170,604,Peru,1016,Goats,2022,1767612,A,,,,
171,608,Philippines,1016,Goats,2022,3908131,A,,,,
174,620,Portugal,1016,Goats,2022,352050,A,,,,
177,630,Puerto Rico,1016,Goats,2022,3446,A,,,,
179,634,Qatar,1016,Goats,2022,358137,A,,,,
117,410,Republic of Korea,1016,Goats,2022,306776,E,,,,
183,642,Romania,1016,Goats,2022,1483200,A,,,,
184,646,Rwanda,1016,Goats,2022,1513140,A,,,,
188,659,Saint Kitts and Nevis,1016,Goats,2022,9000,A,,,,
189,662,Saint Lucia,1016,Goats,2022,14332,E,,,,
191,670,Saint Vincent and the Grenadines,1016,Goats,2022,10319,I,,,,
193,678,Sao Tome and Principe,1016,Goats,2022,6106,I,,,,
194,682,Saudi Arabia,1016,Goats,2022,6779154,A,,,,
195,686,Senegal,1016,Goats,2022,7558169,A,,,,
196,690,Seychelles,1016,Goats,2022,5781,I,,,,
197,694,Sierra Leone,1016,Goats,2022,825639,I,,,,
200,702,Singapore,1016,Goats,2022,733,E,,,,
201,706,Somalia,1016,Goats,2022,11374244,I,,,,
202,710,South Africa,1016,Goats,2022,5138635,A,,,,
203,724,Spain,1016,Goats,2022,2463450,A,,,,
38,144,Sri Lanka,1016,Goats,2022,365790,A,,,,
207,740,Suriname,1016,Goats,2022,4286,A,,,,
211,756,Switzerland,1016,Goats,2022,82313,A,,,,
212,760,Syrian Arab Republic,1016,Goats,2022,2028594,A,,,,
216,764,Thailand,1016,Goats,2022,471831,E,,,,
176,626,Timor-Leste,1016,Goats,2022,215016,I,,,,
217,768,Togo,1016,Goats,2022,5453572,A,,,,
219,776,Tonga,1016,Goats,2022,14454,E,,,,
220,780,Trinidad and Tobago,1016,Goats,2022,12205,A,,,,
222,788,Tunisia,1016,Goats,2022,1118828,I,,,,
227,798,Tuvalu,1016,Goats,2022,,M,,,,
223,792,Türkiye,1016,Goats,2022,11577862,A,,,,
226,800,Uganda,1016,Goats,2022,17406160,A,,,,
225,784,United Arab Emirates,1016,Goats,2022,2235919,A,,,,
229,826,United Kingdom of Great Britain and Northern Ireland,1016,Goats,2022,111000,A,,,,
215,834,United Republic of Tanzania,1016,Goats,2022,26580497,A,,,,
231,840,United States of America,1016,Goats,2022,2570000,A,,,,
234,858,Uruguay,1016,Goats,2022,18317,I,,,,
155,548,Vanuatu,1016,Goats,2022,6966,A,,,,
236,862,Venezuela (Bolivarian Republic of),1016,Goats,2022,1394657,I,,,,
237,704,Viet Nam,1016,Goats,2022,3001267,I,,,,
249,887,Yemen,1016,Goats,2022,10295620,X,,,,
251,894,Zambia,1016,Goats,2022,4455860,A,,,,
181,716,Zimbabwe,1016,Goats,2022,6171932,A,,,,
57,112,Belarus,1016,Goats,2023,50300,A,,,,
235,860,Uzbekistan,1016,Goats,2023,3584300,A,,,,
272,688,Serbia,1016,Goats,2023,147077,A,,,,
52,31,Azerbaijan,1016,Goats,2023,419905,A,,,,
104,372,Ireland,1016,Goats,2023,9200,A,,,,
73,268,Georgia,1016,Goats,2023,50200,A,,,,
198,705,Slovenia,1016,Goats,2023,26824,A,,,,
173,616,Poland,1016,Goats,2023,60897,A,,,,
277,728,South Sudan,1016,Goats,2023,16149177,E,,,,
1,51,Armenia,1016,Goats,2023,20561,A,,,,
113,417,Kyrgyzstan,1016,Goats,2023,662917,A,,,,
167,203,Czechia,1016,Goats,2023,28757,A,,,,
80,70,Bosnia and Herzegovina,1016,Goats,2023,51003,A,,,,
154,807,North Macedonia,1016,Goats,2023,85528,A,,,,
230,804,Ukraine,1016,Goats,2023,422800,A,,,,
256,442,Luxembourg,1016,Goats,2023,4253,A,,,,
178,232,Eritrea,1016,Goats,2023,1925364,I,,,,
276,729,Sudan,1016,Goats,2023,31422050,I,,,,
63,233,Estonia,1016,Goats,2023,3700,A,,,,
145,583,Micronesia (Federated States of),1016,Goats,2023,4857,E,,,,
185,643,Russian Federation,1016,Goats,2023,1748200,A,,,,
213,795,Turkmenistan,1016,Goats,2023,4883012,A,,,,
238,231,Ethiopia,1016,Goats,2023,42765205,I,,,,
119,428,Latvia,1016,Goats,2023,10340,A,,,,
126,440,Lithuania,1016,Goats,2023,13980,A,,,,
98,191,Croatia,1016,Goats,2023,73000,A,,,,
146,498,Republic of Moldova,1016,Goats,2023,133034,A,,,,
208,762,Tajikistan,1016,Goats,2023,2175500,A,,,,
273,499,Montenegro,1016,Goats,2023,28950,A,,,,
108,398,Kazakhstan,1016,Goats,2023,1705701,A,,,,
2,4,Afghanistan,1016,Goats,2023,8097476,E,,,,
3,8,Albania,1016,Goats,2023,640242,A,,,,
4,12,Algeria,1016,Goats,2023,5102740,I,,,,
7,24,Angola,1016,Goats,2023,4261226,I,,,,
8,28,Antigua and Barbuda,1016,Goats,2023,15000,E,,,,
9,32,Argentina,1016,Goats,2023,4127245,A,,,,
10,36,Australia,1016,Goats,2023,4135125,I,,,,
11,40,Austria,1016,Goats,2023,96940,A,,,,
12,44,Bahamas,1016,Goats,2023,15093,I,,,,
13,48,Bahrain,1016,Goats,2023,25000,A,,,,
16,50,Bangladesh,1016,Goats,2023,26945000,A,,,,
14,52,Barbados,1016,Goats,2023,5629,I,,,,
23,84,Belize,1016,Goats,2023,192,I,,,,
53,204,Benin,1016,Goats,2023,3727819,A,,,,
18,64,Bhutan,1016,Goats,2023,60798,A,,,,
19,68,Bolivia (Plurinational State of),1016,Goats,2023,2280188,A,,,,
20,72,Botswana,1016,Goats,2023,1178713,I,,,,
21,76,Brazil,1016,Goats,2023,12891233,A,,,,
26,96,Brunei Darussalam,1016,Goats,2023,3559,A,,,,
27,100,Bulgaria,1016,Goats,2023,174950,A,,,,
233,854,Burkina Faso,1016,Goats,2023,10842105,A,,,,
29,108,Burundi,1016,Goats,2023,4585527,A,,,,
35,132,Cabo Verde,1016,Goats,2023,143116,A,,,,
32,120,Cameroon,1016,Goats,2023,6602453,I,,,,
33,124,Canada,1016,Goats,2023,30004,I,,,,
37,140,Central African Republic,1016,Goats,2023,6261401,I,,,,
39,148,Chad,1016,Goats,2023,49308574,A,,,,
40,152,Chile,1016,Goats,2023,422354,E,,,,
96,344,"China, Hong Kong SAR",1016,Goats,2023,682,I,,,,
214,158,"China, Taiwan Province of",1016,Goats,2023,107295,I,,,,
41,156,"China, mainland",1016,Goats,2023,129342000,A,,,,
44,170,Colombia,1016,Goats,2023,1148239,A,,,,
45,174,Comoros,1016,Goats,2023,121179,I,,,,
46,178,Congo,1016,Goats,2023,325263,I,,,,
47,184,Cook Islands,1016,Goats,2023,4100,E,,,,
48,188,Costa Rica,1016,Goats,2023,77522,I,,,,
49,192,Cuba,1016,Goats,2023,667300,A,,,,
50,196,Cyprus,1016,Goats,2023,233920,A,,,,
107,384,Côte d'Ivoire,1016,Goats,2023,4901055,A,,,,
116,408,Democratic People's Republic of Korea,1016,Goats,2023,4000211,I,,,,
250,180,Democratic Republic of the Congo,1016,Goats,2023,4140123,A,,,,
72,262,Djibouti,1016,Goats,2023,519555,I,,,,
55,212,Dominica,1016,Goats,2023,9706,I,,,,
56,214,Dominican Republic,1016,Goats,2023,215107,E,,,,
58,218,Ecuador,1016,Goats,2023,28641,A,,,,
59,818,Egypt,1016,Goats,2023,1139000,A,,,,
60,222,El Salvador,1016,Goats,2023,13970,E,,,,
61,226,Equatorial Guinea,1016,Goats,2023,9908,I,,,,
209,748,Eswatini,1016,Goats,2023,529102,A,,,,
66,242,Fiji,1016,Goats,2023,281999,I,,,,
67,246,Finland,1016,Goats,2023,5800,A,,,,
68,250,France,1016,Goats,2023,1340000,A,,,,
70,258,French Polynesia,1016,Goats,2023,15741,I,,,,
74,266,Gabon,1016,Goats,2023,118237,I,,,,
75,270,Gambia,1016,Goats,2023,334984,A,,,,
79,276,Germany,1016,Goats,2023,162600,A,,,,
81,288,Ghana,1016,Goats,2023,9268887,I,,,,
84,300,Greece,1016,Goats,2023,2836100,A,,,,
86,308,Grenada,1016,Goats,2023,25000,E,,,,
89,320,Guatemala,1016,Goats,2023,115751,I,,,,
90,324,Guinea,1016,Goats,2023,4486307,I,,,,
175,624,Guinea-Bissau,1016,Goats,2023,821129,E,,,,
91,328,Guyana,1016,Goats,2023,82461,I,,,,
93,332,Haiti,1016,Goats,2023,1842905,I,,,,
95,340,Honduras,1016,Goats,2023,24697,I,,,,
97,348,Hungary,1016,Goats,2023,31300,A,,,,
99,352,Iceland,1016,Goats,2023,1835,A,,,,
100,356,India,1016,Goats,2023,194250000,E,,,,
101,360,Indonesia,1016,Goats,2023,18412609,I,,,,
102,364,Iran (Islamic Republic of),1016,Goats,2023,18374995,I,,,,
103,368,Iraq,1016,Goats,2023,1425689,A,,,,
105,376,Israel,1016,Goats,2023,114127,A,,,,
106,380,Italy,1016,Goats,2023,980000,A,,,,
109,388,Jamaica,1016,Goats,2023,595011,I,,,,
110,392,Japan,1016,Goats,2023,16482,I,,,,
112,400,Jordan,1016,Goats,2023,908328,A,,,,
114,404,Kenya,1016,Goats,2023,34989347,A,,,,
118,414,Kuwait,1016,Goats,2023,219045,E,,,,
120,418,Lao People's Democratic Republic,1016,Goats,2023,801000,A,,,,
121,422,Lebanon,1016,Goats,2023,363433,X,,,,
122,426,Lesotho,1016,Goats,2023,865398,A,,,,
123,430,Liberia,1016,Goats,2023,338630,I,,,,
124,434,Libya,1016,Goats,2023,2726245,I,,,,
129,450,Madagascar,1016,Goats,2023,1855851,I,,,,
130,454,Malawi,1016,Goats,2023,12994613,A,,,,
131,458,Malaysia,1016,Goats,2023,338260,A,,,,
133,466,Mali,1016,Goats,2023,32194191,A,,,,
134,470,Malta,1016,Goats,2023,6560,A,,,,
136,478,Mauritania,1016,Goats,2023,7239981,I,,,,
137,480,Mauritius,1016,Goats,2023,23924,A,,,,
138,484,Mexico,1016,Goats,2023,8840467,A,,,,
141,496,Mongolia,1016,Goats,2023,24618228,A,,,,
143,504,Morocco,1016,Goats,2023,5843280,A,,,,
144,508,Mozambique,1016,Goats,2023,4101030,A,,,,
28,104,Myanmar,1016,Goats,2023,2300000,E,,,,
147,516,Namibia,1016,Goats,2023,1837132,A,,,,
149,524,Nepal,1016,Goats,2023,14541244,A,,,,
150,528,Netherlands (Kingdom of the),1016,Goats,2023,566000,A,,,,
153,540,New Caledonia,1016,Goats,2023,1600,E,,,,
156,554,New Zealand,1016,Goats,2023,88428,A,,,,
157,558,Nicaragua,1016,Goats,2023,8129,I,,,,
158,562,Niger,1016,Goats,2023,21183944,A,,,,
159,566,Nigeria,1016,Goats,2023,89536070,I,,,,
162,578,Norway,1016,Goats,2023,71500,A,,,,
221,512,Oman,1016,Goats,2023,2541855,A,,,,
165,586,Pakistan,1016,Goats,2023,84738000,A,,,,
166,591,Panama,1016,Goats,2023,8957,I,,,,
168,598,Papua New Guinea,1016,Goats,2023,3140,I,,,,
169,600,Paraguay,1016,Goats,2023,154382,I,,,,
170,604,Peru,1016,Goats,2023,1764665,A,,,,
171,608,Philippines,1016,Goats,2023,3902482,A,,,,
174,620,Portugal,1016,Goats,2023,335620,A,,,,
177,630,Puerto Rico,1016,Goats,2023,3555,E,,,,
179,634,Qatar,1016,Goats,2023,372262,A,,,,
117,410,Republic of Korea,1016,Goats,2023,312638,E,,,,
183,642,Romania,1016,Goats,2023,1421700,A,,,,
184,646,Rwanda,1016,Goats,2023,1545121,I,,,,
188,659,Saint Kitts and Nevis,1016,Goats,2023,9324,I,,,,
189,662,Saint Lucia,1016,Goats,2023,14523,E,,,,
191,670,Saint Vincent and the Grenadines,1016,Goats,2023,10389,I,,,,
193,678,Sao Tome and Principe,1016,Goats,2023,6153,I,,,,
194,682,Saudi Arabia,1016,Goats,2023,7417684,A,,,,
195,686,Senegal,1016,Goats,2023,6811122,E,,,,
196,690,Seychelles,1016,Goats,2023,5814,I,,,,
197,694,Sierra Leone,1016,Goats,2023,816608,I,,,,
200,702,Singapore,1016,Goats,2023,742,E,,,,
201,706,Somalia,1016,Goats,2023,11337673,I,,,,
202,710,South Africa,1016,Goats,2023,5125311,A,,,,
203,724,Spain,1016,Goats,2023,2293470,A,,,,
38,144,Sri Lanka,1016,Goats,2023,350550,A,,,,
207,740,Suriname,1016,Goats,2023,4624,E,,,,
211,756,Switzerland,1016,Goats,2023,81256,A,,,,
212,760,Syrian Arab Republic,1016,Goats,2023,2192379,A,,,,
216,764,Thailand,1016,Goats,2023,477716,E,,,,
176,626,Timor-Leste,1016,Goats,2023,159275,I,,,,
217,768,Togo,1016,Goats,2023,5849954,I,,,,
219,776,Tonga,1016,Goats,2023,14636,E,,,,
220,780,Trinidad and Tobago,1016,Goats,2023,13496,A,,,,
222,788,Tunisia,1016,Goats,2023,1157002,E,,,,
227,798,Tuvalu,1016,Goats,2023,,M,,,,
223,792,Türkiye,1016,Goats,2023,10302940,A,,,,
226,800,Uganda,1016,Goats,2023,17440804,A,,,,
225,784,United Arab Emirates,1016,Goats,2023,2198842,A,,,,
229,826,United Kingdom of Great Britain and Northern Ireland,1016,Goats,2023,111000,A,,,,
215,834,United Republic of Tanzania,1016,Goats,2023,27586547,A,,,,
231,840,United States of America,1016,Goats,2023,2527000,A,,,,
234,858,Uruguay,1016,Goats,2023,18418,I,,,,
155,548,Vanuatu,1016,Goats,2023,4918,I,,,,
236,862,Venezuela (Bolivarian Republic of),1016,Goats,2023,1360576,I,,,,
237,704,Viet Nam,1016,Goats,2023,3058829,I,,,,
249,887,Yemen,1016,Goats,2023,10313872,X,,,,
251,894,Zambia,1016,Goats,2023,5568730,A,,,,
181,716,Zimbabwe,1016,Goats,2023,6464047,A,,,,
57,112,Belarus,1016,Goats,2024,48000,A,,,,
272,688,Serbia,1016,Goats,2024,119061,A,,,,
145,583,Micronesia (Federated States of),1016,Goats,2024,4926,E,,,,
276,729,Sudan,1016,Goats,2024,31879279,I,,,,
63,233,Estonia,1016,Goats,2024,3200,A,,,,
208,762,Tajikistan,1016,Goats,2024,2226215,I,,,,
235,860,Uzbekistan,1016,Goats,2024,3595100,A,,,,
167,203,Czechia,1016,Goats,2024,27577,A,,,,
277,728,South Sudan,1016,Goats,2024,15668794,E,,,,
213,795,Turkmenistan,1016,Goats,2024,4779099,A,,,,
98,191,Croatia,1016,Goats,2024,68000,A,,,,
52,31,Azerbaijan,1016,Goats,2024,410000,E,,,,
146,498,Republic of Moldova,1016,Goats,2024,138130,A,,,,
178,232,Eritrea,1016,Goats,2024,1935590,I,,,,
185,643,Russian Federation,1016,Goats,2024,1687316,I,,,,
80,70,Bosnia and Herzegovina,1016,Goats,2024,62162,A,,,,
230,804,Ukraine,1016,Goats,2024,418300,A,,,,
73,268,Georgia,1016,Goats,2024,49300,A,,,,
273,499,Montenegro,1016,Goats,2024,26833,A,,,,
173,616,Poland,1016,Goats,2024,63492,A,,,,
238,231,Ethiopia,1016,Goats,2024,53982678,I,,,,
256,442,Luxembourg,1016,Goats,2024,4422,A,,,,
104,372,Ireland,1016,Goats,2024,7300,A,,,,
108,398,Kazakhstan,1016,Goats,2024,1678326,A,,,,
113,417,Kyrgyzstan,1016,Goats,2024,659048,A,,,,
119,428,Latvia,1016,Goats,2024,9060,A,,,,
126,440,Lithuania,1016,Goats,2024,13490,A,,,,
1,51,Armenia,1016,Goats,2024,19486,A,,,,
198,705,Slovenia,1016,Goats,2024,25125,A,,,,
154,807,North Macedonia,1016,Goats,2024,97918,A,,,,
2,4,Afghanistan,1016,Goats,2024,8190291,E,,,,
3,8,Albania,1016,Goats,2024,615188,A,,,,
4,12,Algeria,1016,Goats,2024,5071523,I,,,,
7,24,Angola,1016,Goats,2024,4270675,I,,,,
8,28,Antigua and Barbuda,1016,Goats,2024,15000,E,,,,
9,32,Argentina,1016,Goats,2024,4121846,A,,,,
10,36,Australia,1016,Goats,2024,5400000,E,,,,
11,40,Austria,1016,Goats,2024,95810,A,,,,
12,44,Bahamas,1016,Goats,2024,15132,I,,,,
13,48,Bahrain,1016,Goats,2024,24500,A,,,,
16,50,Bangladesh,1016,Goats,2024,27117000,A,,,,
14,52,Barbados,1016,Goats,2024,5655,I,,,,
23,84,Belize,1016,Goats,2024,193,I,,,,
53,204,Benin,1016,Goats,2024,3839654,A,,,,
18,64,Bhutan,1016,Goats,2024,55819,A,,,,
19,68,Bolivia (Plurinational State of),1016,Goats,2024,2273735,A,,,,
20,72,Botswana,1016,Goats,2024,1205792,E,,,,
21,76,Brazil,1016,Goats,2024,13292844,A,,,,
26,96,Brunei Darussalam,1016,Goats,2024,3072,A,,,,
27,100,Bulgaria,1016,Goats,2024,150000,A,,,,
233,854,Burkina Faso,1016,Goats,2024,10818808,I,,,,
29,108,Burundi,1016,Goats,2024,4523288,I,,,,
35,132,Cabo Verde,1016,Goats,2024,147123,A,,,,
32,120,Cameroon,1016,Goats,2024,6632453,I,,,,
33,124,Canada,1016,Goats,2024,30007,I,,,,
37,140,Central African Republic,1016,Goats,2024,6193443,I,,,,
39,148,Chad,1016,Goats,2024,46494274,E,,,,
40,152,Chile,1016,Goats,2024,418405,E,,,,
96,344,"China, Hong Kong SAR",1016,Goats,2024,680,I,,,,
214,158,"China, Taiwan Province of",1016,Goats,2024,122316,E,,,,
41,156,"China, mainland",1016,Goats,2024,117554000,A,,,,
44,170,Colombia,1016,Goats,2024,1112002,A,,,,
45,174,Comoros,1016,Goats,2024,121233,I,,,,
46,178,Congo,1016,Goats,2024,325484,I,,,,
47,184,Cook Islands,1016,Goats,2024,4053,E,,,,
48,188,Costa Rica,1016,Goats,2024,77954,I,,,,
49,192,Cuba,1016,Goats,2024,667000,E,,,,
50,196,Cyprus,1016,Goats,2024,228540,A,,,,
107,384,Côte d'Ivoire,1016,Goats,2024,5447608,A,,,,
116,408,Democratic People's Republic of Korea,1016,Goats,2024,4040502,I,,,,
250,180,Democratic Republic of the Congo,1016,Goats,2024,4147239,A,,,,
72,262,Djibouti,1016,Goats,2024,520013,I,,,,
55,212,Dominica,1016,Goats,2024,9706,I,,,,
56,214,Dominican Republic,1016,Goats,2024,201472,E,,,,
58,218,Ecuador,1016,Goats,2024,27531,A,,,,
59,818,Egypt,1016,Goats,2024,1140000,E,,,,
60,222,El Salvador,1016,Goats,2024,13745,E,,,,
61,226,Equatorial Guinea,1016,Goats,2024,9955,I,,,,
209,748,Eswatini,1016,Goats,2024,531407,A,,,,
66,242,Fiji,1016,Goats,2024,284591,I,,,,
67,246,Finland,1016,Goats,2024,5140,A,,,,
68,250,France,1016,Goats,2024,1339000,A,,,,
70,258,French Polynesia,1016,Goats,2024,15665,I,,,,
74,266,Gabon,1016,Goats,2024,117387,E,,,,
75,270,Gambia,1016,Goats,2024,350728,A,,,,
79,276,Germany,1016,Goats,2024,168300,A,,,,
81,288,Ghana,1016,Goats,2024,9581913,I,,,,
84,300,Greece,1016,Goats,2024,2576800,A,,,,
86,308,Grenada,1016,Goats,2024,25457,I,,,,
89,320,Guatemala,1016,Goats,2024,116005,I,,,,
90,324,Guinea,1016,Goats,2024,4829211,I,,,,
175,624,Guinea-Bissau,1016,Goats,2024,830966,E,,,,
91,328,Guyana,1016,Goats,2024,82529,I,,,,
93,332,Haiti,1016,Goats,2024,1846861,I,,,,
95,340,Honduras,1016,Goats,2024,24684,I,,,,
97,348,Hungary,1016,Goats,2024,31300,A,,,,
99,352,Iceland,1016,Goats,2024,1888,A,,,,
100,356,India,1016,Goats,2024,210632609,I,,,,
101,360,Indonesia,1016,Goats,2024,18851413,I,,,,
102,364,Iran (Islamic Republic of),1016,Goats,2024,18107525,E,,,,
103,368,Iraq,1016,Goats,2024,1353075,I,,,,
105,376,Israel,1016,Goats,2024,109307,A,,,,
106,380,Italy,1016,Goats,2024,911000,A,,,,
109,388,Jamaica,1016,Goats,2024,602785,I,,,,
110,392,Japan,1016,Goats,2024,16466,I,,,,
112,400,Jordan,1016,Goats,2024,880126,A,,,,
114,404,Kenya,1016,Goats,2024,38426161,A,,,,
118,414,Kuwait,1016,Goats,2024,220640,E,,,,
120,418,Lao People's Democratic Republic,1016,Goats,2024,843000,A,,,,
121,422,Lebanon,1016,Goats,2024,349391,E,,,,
122,426,Lesotho,1016,Goats,2024,700831,E,,,,
123,430,Liberia,1016,Goats,2024,337439,I,,,,
124,434,Libya,1016,Goats,2024,2726038,I,,,,
129,450,Madagascar,1016,Goats,2024,1738386,I,,,,
130,454,Malawi,1016,Goats,2024,13790630,I,,,,
131,458,Malaysia,1016,Goats,2024,344210,A,,,,
133,466,Mali,1016,Goats,2024,33803901,A,,,,
134,470,Malta,1016,Goats,2024,6670,A,,,,
136,478,Mauritania,1016,Goats,2024,7149823,E,,,,
137,480,Mauritius,1016,Goats,2024,23038,I,,,,
138,484,Mexico,1016,Goats,2024,8807414,I,,,,
141,496,Mongolia,1016,Goats,2024,22920180,A,,,,
143,504,Morocco,1016,Goats,2024,5709531,A,,,,
144,508,Mozambique,1016,Goats,2024,4101030,A,,,,
28,104,Myanmar,1016,Goats,2024,2300000,E,,,,
147,516,Namibia,1016,Goats,2024,1785997,I,,,,
149,524,Nepal,1016,Goats,2024,15289954,A,,,,
150,528,Netherlands (Kingdom of the),1016,Goats,2024,552000,A,,,,
153,540,New Caledonia,1016,Goats,2024,1550,E,,,,
156,554,New Zealand,1016,Goats,2024,88428,A,,,,
158,562,Niger,1016,Goats,2024,22031302,A,,,,
159,566,Nigeria,1016,Goats,2024,90970883,I,,,,
162,578,Norway,1016,Goats,2024,75000,A,,,,
221,512,Oman,1016,Goats,2024,2592694,A,,,,
165,586,Pakistan,1016,Goats,2024,87035000,A,,,,
166,591,Panama,1016,Goats,2024,8998,I,,,,
168,598,Papua New Guinea,1016,Goats,2024,3150,I,,,,
169,600,Paraguay,1016,Goats,2024,117040,I,,,,
170,604,Peru,1016,Goats,2024,1749263,A,,,,
171,608,Philippines,1016,Goats,2024,3824485,A,,,,
174,620,Portugal,1016,Goats,2024,318650,A,,,,
177,630,Puerto Rico,1016,Goats,2024,3536,E,,,,
179,634,Qatar,1016,Goats,2024,371701,E,,,,
117,410,Republic of Korea,1016,Goats,2024,316833,E,,,,
183,642,Romania,1016,Goats,2024,1426100,A,,,,
184,646,Rwanda,1016,Goats,2024,1624105,I,,,,
188,659,Saint Kitts and Nevis,1016,Goats,2024,8121,I,,,,
189,662,Saint Lucia,1016,Goats,2024,14792,E,,,,
191,670,Saint Vincent and the Grenadines,1016,Goats,2024,10458,I,,,,
193,678,Sao Tome and Principe,1016,Goats,2024,6201,I,,,,
194,682,Saudi Arabia,1016,Goats,2024,7758566,I,,,,
195,686,Senegal,1016,Goats,2024,6918321,E,,,,
196,690,Seychelles,1016,Goats,2024,5847,I,,,,
197,694,Sierra Leone,1016,Goats,2024,807401,I,,,,
200,702,Singapore,1016,Goats,2024,754,E,,,,
201,706,Somalia,1016,Goats,2024,11301103,I,,,,
202,710,South Africa,1016,Goats,2024,5100449,A,,,,
203,724,Spain,1016,Goats,2024,2360950,A,,,,
38,144,Sri Lanka,1016,Goats,2024,351450,A,,,,
207,740,Suriname,1016,Goats,2024,4382,E,,,,
211,756,Switzerland,1016,Goats,2024,86796,A,,,,
212,760,Syrian Arab Republic,1016,Goats,2024,2080141,A,,,,
216,764,Thailand,1016,Goats,2024,483791,E,,,,
176,626,Timor-Leste,1016,Goats,2024,145192,I,,,,
217,768,Togo,1016,Goats,2024,5960087,I,,,,
219,776,Tonga,1016,Goats,2024,14826,E,,,,
220,780,Trinidad and Tobago,1016,Goats,2024,12687,A,,,,
222,788,Tunisia,1016,Goats,2024,1129662,E,,,,
227,798,Tuvalu,1016,Goats,2024,,M,,,,
223,792,Türkiye,1016,Goats,2024,10822084,A,,,,
226,800,Uganda,1016,Goats,2024,17401773,E,,,,
225,784,United Arab Emirates,1016,Goats,2024,2242959,E,,,,
229,826,United Kingdom of Great Britain and Northern Ireland,1016,Goats,2024,111000,A,,,,
215,834,United Republic of Tanzania,1016,Goats,2024,28630227,I,,,,
231,840,United States of America,1016,Goats,2024,2470000,A,,,,
234,858,Uruguay,1016,Goats,2024,18520,I,,,,
155,548,Vanuatu,1016,Goats,2024,9509,I,,,,
236,862,Venezuela (Bolivarian Republic of),1016,Goats,2024,1336543,I,,,,
237,704,Viet Nam,1016,Goats,2024,3166435,I,,,,
249,887,Yemen,1016,Goats,2024,10367015,I,,,,
251,894,Zambia,1016,Goats,2024,6011286,I,,,,
181,716,Zimbabwe,1016,Goats,2024,4883669,A,,,,
