faostat,m49 code,Country,Item Code,Item,Year,Stocks (Head),Stocks (Head) flag,Stocks (1000 Head),Stocks (1000 Head) flag,Stocks (No),Stocks (No) flag
51,200,Czechoslovakia,1096,Horses,1961,330487,A,,,,
228,810,USSR,1096,Horses,1961,9900000,A,,,,
87,312,Guadeloupe,1096,Horses,1961,2300,A,,,,
182,638,Réunion,1096,Horses,1961,600,A,,,,
62,230,Ethiopia PDR,1096,Horses,1961,1300000,A,,,,
135,474,Martinique,1096,Horses,1961,6000,A,,,,
50,196,Cyprus,1096,Horses,1961,2900,A,,,,
248,890,Yugoslav SFR,1096,Horses,1961,1220000,A,,,,
15,58,Belgium-Luxembourg,1096,Horses,1961,266800,A,,,,
69,254,French Guiana,1096,Horses,1961,50,E,,,,
2,4,Afghanistan,1096,Horses,1961,276841,A,,,,
3,8,Albania,1096,Horses,1961,48900,A,,,,
4,12,Algeria,1096,Horses,1961,137000,A,,,,
7,24,Angola,1096,Horses,1961,1000,E,,,,
8,28,Antigua and Barbuda,1096,Horses,1961,700,A,,,,
9,32,Argentina,1096,Horses,1961,4184000,A,,,,
10,36,Australia,1096,Horses,1961,598428,A,,,,
11,40,Austria,1096,Horses,1961,150241,A,,,,
12,44,Bahamas,1096,Horses,1961,3500,A,,,,
14,52,Barbados,1096,Horses,1961,1000,E,,,,
18,64,Bhutan,1096,Horses,1961,10000,E,,,,
19,68,Bolivia (Plurinational State of),1096,Horses,1961,191000,E,,,,
20,72,Botswana,1096,Horses,1961,7663,A,,,,
21,76,Brazil,1096,Horses,1961,4409000,E,,,,
23,84,Belize,1096,Horses,1961,2500,E,,,,
25,90,Solomon Islands,1096,Horses,1961,100,E,,,,
27,100,Bulgaria,1096,Horses,1961,311691,A,,,,
28,104,Myanmar,1096,Horses,1961,21072,A,,,,
115,116,Cambodia,1096,Horses,1961,3888,A,,,,
32,120,Cameroon,1096,Horses,1961,47000,E,,,,
33,124,Canada,1096,Horses,1961,555000,A,,,,
35,132,Cabo Verde,1096,Horses,1961,1224,A,,,,
38,144,Sri Lanka,1096,Horses,1961,3000,E,,,,
39,148,Chad,1096,Horses,1961,150000,A,,,,
40,152,Chile,1096,Horses,1961,524500,A,,,,
41,156,"China, mainland",1096,Horses,1961,6585000,A,,,,
214,158,"China, Taiwan Province of",1096,Horses,1961,202,A,,,,
44,170,Colombia,1096,Horses,1961,891000,X,,,,
46,178,Congo,1096,Horses,1961,,A,,,,
250,180,Democratic Republic of the Congo,1096,Horses,1961,1000,E,,,,
47,184,Cook Islands,1096,Horses,1961,1864,A,,,,
48,188,Costa Rica,1096,Horses,1961,97000,E,,,,
49,192,Cuba,1096,Horses,1961,400000,E,,,,
53,204,Benin,1096,Horses,1961,3114,A,,,,
54,208,Denmark,1096,Horses,1961,124886,A,,,,
56,214,Dominican Republic,1096,Horses,1961,230000,E,,,,
58,218,Ecuador,1096,Horses,1961,186000,X,,,,
60,222,El Salvador,1096,Horses,1961,74000,E,,,,
66,242,Fiji,1096,Horses,1961,16164,A,,,,
67,246,Finland,1096,Horses,1961,234710,A,,,,
68,250,France,1096,Horses,1961,1728800,A,,,,
70,258,French Polynesia,1096,Horses,1961,2864,A,,,,
75,270,Gambia,1096,Horses,1961,1000,E,,,,
79,276,Germany,1096,Horses,1961,1158500,A,,,,
81,288,Ghana,1096,Horses,1961,3800,E,,,,
84,300,Greece,1096,Horses,1961,327113,A,,,,
86,308,Grenada,1096,Horses,1961,10,E,,,,
89,320,Guatemala,1096,Horses,1961,165968,A,,,,
90,324,Guinea,1096,Horses,1961,1425,A,,,,
91,328,Guyana,1096,Horses,1961,2000,E,,,,
93,332,Haiti,1096,Horses,1961,267900,E,,,,
95,340,Honduras,1096,Horses,1961,178000,E,,,,
96,344,"China, Hong Kong SAR",1096,Horses,1961,500,E,,,,
97,348,Hungary,1096,Horses,1961,462756,A,,,,
99,352,Iceland,1096,Horses,1961,30795,A,,,,
100,356,India,1096,Horses,1961,1326879,A,,,,
101,360,Indonesia,1096,Horses,1961,656627,A,,,,
102,364,Iran (Islamic Republic of),1096,Horses,1961,462000,A,,,,
103,368,Iraq,1096,Horses,1961,192000,A,,,,
104,372,Ireland,1096,Horses,1961,207000,A,,,,
105,376,Israel,1096,Horses,1961,16000,X,,,,
106,380,Italy,1096,Horses,1961,408300,A,,,,
109,388,Jamaica,1096,Horses,1961,5390,A,,,,
110,392,Japan,1096,Horses,1961,637825,A,,,,
112,400,Jordan,1096,Horses,1961,12345,A,,,,
114,404,Kenya,1096,Horses,1961,4100,A,,,,
116,408,Democratic People's Republic of Korea,1096,Horses,1961,17000,E,,,,
117,410,Republic of Korea,1096,Horses,1961,21379,A,,,,
118,414,Kuwait,1096,Horses,1961,,A,,,,
120,418,Lao People's Democratic Republic,1096,Horses,1961,20000,E,,,,
121,422,Lebanon,1096,Horses,1961,3200,E,,,,
122,426,Lesotho,1096,Horses,1961,89333,A,,,,
124,434,Libya,1096,Horses,1961,27646,X,,,,
129,450,Madagascar,1096,Horses,1961,1919,A,,,,
130,454,Malawi,1096,Horses,1961,30,E,,,,
131,458,Malaysia,1096,Horses,1961,4200,E,,,,
133,466,Mali,1096,Horses,1961,82000,A,,,,
134,470,Malta,1096,Horses,1961,1906,A,,,,
136,478,Mauritania,1096,Horses,1961,10000,E,,,,
137,480,Mauritius,1096,Horses,1961,150,A,,,,
138,484,Mexico,1096,Horses,1961,4047240,A,,,,
141,496,Mongolia,1096,Horses,1961,2502700,A,,,,
143,504,Morocco,1096,Horses,1961,450000,A,,,,
147,516,Namibia,1096,Horses,1961,33491,A,,,,
150,528,Netherlands (Kingdom of the),1096,Horses,1961,171378,A,,,,
153,540,New Caledonia,1096,Horses,1961,9000,A,,,,
155,548,Vanuatu,1096,Horses,1961,1350,E,,,,
156,554,New Zealand,1096,Horses,1961,70000,E,,,,
157,558,Nicaragua,1096,Horses,1961,164000,E,,,,
158,562,Niger,1096,Horses,1961,121000,A,,,,
159,566,Nigeria,1096,Horses,1961,281500,E,,,,
162,578,Norway,1096,Horses,1961,101800,A,,,,
165,586,Pakistan,1096,Horses,1961,350000,E,,,,
166,591,Panama,1096,Horses,1961,160067,A,,,,
168,598,Papua New Guinea,1096,Horses,1961,1649,A,,,,
169,600,Paraguay,1096,Horses,1961,342295,A,,,,
170,604,Peru,1096,Horses,1961,580000,X,,,,
171,608,Philippines,1096,Horses,1961,197300,A,,,,
173,616,Poland,1096,Horses,1961,2730000,A,,,,
174,620,Portugal,1096,Horses,1961,51000,E,,,,
175,624,Guinea-Bissau,1096,Horses,1961,1000,E,,,,
176,626,Timor-Leste,1096,Horses,1961,83000,E,,,,
177,630,Puerto Rico,1096,Horses,1961,26000,E,,,,
179,634,Qatar,1096,Horses,1961,,A,,,,
183,642,Romania,1096,Horses,1961,1000000,A,,,,
189,662,Saint Lucia,1096,Horses,1961,1000,E,,,,
193,678,Sao Tome and Principe,1096,Horses,1961,422,A,,,,
194,682,Saudi Arabia,1096,Horses,1961,500,E,,,,
195,686,Senegal,1096,Horses,1961,94000,A,,,,
197,694,Sierra Leone,1096,Horses,1961,,M,,,,
237,704,Viet Nam,1096,Horses,1961,48800,X,,,,
201,706,Somalia,1096,Horses,1961,700,E,,,,
202,710,South Africa,1096,Horses,1961,465000,A,,,,
181,716,Zimbabwe,1096,Horses,1961,6850,A,,,,
203,724,Spain,1096,Horses,1961,535000,A,,,,
206,736,Sudan (former),1096,Horses,1961,20000,A,,,,
207,740,Suriname,1096,Horses,1961,495,A,,,,
209,748,Eswatini,1096,Horses,1961,2439,A,,,,
210,752,Sweden,1096,Horses,1961,194450,A,,,,
211,756,Switzerland,1096,Horses,1961,95071,A,,,,
212,760,Syrian Arab Republic,1096,Horses,1961,65520,A,,,,
216,764,Thailand,1096,Horses,1961,179346,A,,,,
217,768,Togo,1096,Horses,1961,636,A,,,,
219,776,Tonga,1096,Horses,1961,6861,A,,,,
220,780,Trinidad and Tobago,1096,Horses,1961,1000,E,,,,
225,784,United Arab Emirates,1096,Horses,1961,200,E,,,,
222,788,Tunisia,1096,Horses,1961,81000,A,,,,
223,792,Türkiye,1096,Horses,1961,1312300,A,,,,
59,818,Egypt,1096,Horses,1961,43944,A,,,,
229,826,United Kingdom of Great Britain and Northern Ireland,1096,Horses,1961,155035,A,,,,
231,840,United States of America,1096,Horses,1961,2367000,E,,,,
233,854,Burkina Faso,1096,Horses,1961,22000,E,,,,
234,858,Uruguay,1096,Horses,1961,498097,A,,,,
236,862,Venezuela (Bolivarian Republic of),1096,Horses,1961,426000,E,,,,
244,882,Samoa,1096,Horses,1961,2393,A,,,,
249,887,Yemen,1096,Horses,1961,3000,A,,,,
15,58,Belgium-Luxembourg,1096,Horses,1962,258000,A,,,,
135,474,Martinique,1096,Horses,1962,6000,A,,,,
51,200,Czechoslovakia,1096,Horses,1962,291689,A,,,,
50,196,Cyprus,1096,Horses,1962,2000,E,,,,
228,810,USSR,1096,Horses,1962,9400000,A,,,,
62,230,Ethiopia PDR,1096,Horses,1962,1310000,A,,,,
182,638,Réunion,1096,Horses,1962,500,A,,,,
87,312,Guadeloupe,1096,Horses,1962,2200,A,,,,
69,254,French Guiana,1096,Horses,1962,50,E,,,,
248,890,Yugoslav SFR,1096,Horses,1962,1226000,A,,,,
2,4,Afghanistan,1096,Horses,1962,245850,A,,,,
3,8,Albania,1096,Horses,1962,48700,A,,,,
4,12,Algeria,1096,Horses,1962,136000,A,,,,
7,24,Angola,1096,Horses,1962,1000,E,,,,
8,28,Antigua and Barbuda,1096,Horses,1962,690,E,,,,
9,32,Argentina,1096,Horses,1962,3966000,A,,,,
10,36,Australia,1096,Horses,1962,562003,A,,,,
11,40,Austria,1096,Horses,1962,135013,A,,,,
12,44,Bahamas,1096,Horses,1962,3500,A,,,,
14,52,Barbados,1096,Horses,1962,1000,E,,,,
18,64,Bhutan,1096,Horses,1962,10500,E,,,,
19,68,Bolivia (Plurinational State of),1096,Horses,1962,193000,E,,,,
20,72,Botswana,1096,Horses,1962,8073,A,,,,
21,76,Brazil,1096,Horses,1962,4463000,E,,,,
23,84,Belize,1096,Horses,1962,2500,E,,,,
25,90,Solomon Islands,1096,Horses,1962,100,E,,,,
27,100,Bulgaria,1096,Horses,1962,300764,A,,,,
28,104,Myanmar,1096,Horses,1962,22453,A,,,,
115,116,Cambodia,1096,Horses,1962,3375,A,,,,
32,120,Cameroon,1096,Horses,1962,48400,E,,,,
33,124,Canada,1096,Horses,1962,496000,A,,,,
35,132,Cabo Verde,1096,Horses,1962,2249,A,,,,
38,144,Sri Lanka,1096,Horses,1962,3000,E,,,,
39,148,Chad,1096,Horses,1962,150000,E,,,,
40,152,Chile,1096,Horses,1962,516600,A,,,,
41,156,"China, mainland",1096,Horses,1962,6211000,A,,,,
214,158,"China, Taiwan Province of",1096,Horses,1962,222,A,,,,
44,170,Colombia,1096,Horses,1962,924000,X,,,,
46,178,Congo,1096,Horses,1962,,A,,,,
250,180,Democratic Republic of the Congo,1096,Horses,1962,1000,E,,,,
47,184,Cook Islands,1096,Horses,1962,1830,E,,,,
48,188,Costa Rica,1096,Horses,1962,99000,E,,,,
49,192,Cuba,1096,Horses,1962,470000,A,,,,
53,204,Benin,1096,Horses,1962,3119,A,,,,
54,208,Denmark,1096,Horses,1962,99793,A,,,,
56,214,Dominican Republic,1096,Horses,1962,213000,X,,,,
58,218,Ecuador,1096,Horses,1962,225000,X,,,,
60,222,El Salvador,1096,Horses,1962,74000,X,,,,
66,242,Fiji,1096,Horses,1962,16164,A,,,,
67,246,Finland,1096,Horses,1962,227500,A,,,,
68,250,France,1096,Horses,1962,1617100,A,,,,
70,258,French Polynesia,1096,Horses,1962,3290,E,,,,
75,270,Gambia,1096,Horses,1962,2000,E,,,,
79,276,Germany,1096,Horses,1962,1037300,A,,,,
81,288,Ghana,1096,Horses,1962,3500,E,,,,
84,300,Greece,1096,Horses,1962,337000,A,,,,
86,308,Grenada,1096,Horses,1962,10,E,,,,
89,320,Guatemala,1096,Horses,1962,160570,A,,,,
90,324,Guinea,1096,Horses,1962,1000,E,,,,
91,328,Guyana,1096,Horses,1962,2000,E,,,,
93,332,Haiti,1096,Horses,1962,274700,E,,,,
95,340,Honduras,1096,Horses,1962,179000,E,,,,
96,344,"China, Hong Kong SAR",1096,Horses,1962,500,E,,,,
97,348,Hungary,1096,Horses,1962,373578,A,,,,
99,352,Iceland,1096,Horses,1962,31108,A,,,,
100,356,India,1096,Horses,1962,1290000,E,,,,
101,360,Indonesia,1096,Horses,1962,720354,A,,,,
102,364,Iran (Islamic Republic of),1096,Horses,1962,394000,A,,,,
103,368,Iraq,1096,Horses,1962,180000,E,,,,
104,372,Ireland,1096,Horses,1962,196000,A,,,,
105,376,Israel,1096,Horses,1962,15500,X,,,,
106,380,Italy,1096,Horses,1962,390080,A,,,,
109,388,Jamaica,1096,Horses,1962,5390,A,,,,
110,392,Japan,1096,Horses,1962,564018,A,,,,
112,400,Jordan,1096,Horses,1962,10317,A,,,,
114,404,Kenya,1096,Horses,1962,2700,A,,,,
116,408,Democratic People's Republic of Korea,1096,Horses,1962,18000,E,,,,
117,410,Republic of Korea,1096,Horses,1962,25045,A,,,,
118,414,Kuwait,1096,Horses,1962,,A,,,,
120,418,Lao People's Democratic Republic,1096,Horses,1962,20000,A,,,,
121,422,Lebanon,1096,Horses,1962,3500,E,,,,
122,426,Lesotho,1096,Horses,1962,95401,A,,,,
124,434,Libya,1096,Horses,1962,29347,X,,,,
129,450,Madagascar,1096,Horses,1962,1656,A,,,,
130,454,Malawi,1096,Horses,1962,35,E,,,,
131,458,Malaysia,1096,Horses,1962,4500,E,,,,
133,466,Mali,1096,Horses,1962,95000,A,,,,
134,470,Malta,1096,Horses,1962,1890,E,,,,
136,478,Mauritania,1096,Horses,1962,10000,E,,,,
137,480,Mauritius,1096,Horses,1962,150,A,,,,
138,484,Mexico,1096,Horses,1962,4169095,A,,,,
141,496,Mongolia,1096,Horses,1962,2289000,A,,,,
143,504,Morocco,1096,Horses,1962,442000,A,,,,
147,516,Namibia,1096,Horses,1962,33004,A,,,,
150,528,Netherlands (Kingdom of the),1096,Horses,1962,162160,A,,,,
153,540,New Caledonia,1096,Horses,1962,10000,A,,,,
155,548,Vanuatu,1096,Horses,1962,1400,E,,,,
156,554,New Zealand,1096,Horses,1962,75000,E,,,,
157,558,Nicaragua,1096,Horses,1962,169000,E,,,,
158,562,Niger,1096,Horses,1962,125000,A,,,,
159,566,Nigeria,1096,Horses,1962,272000,E,,,,
162,578,Norway,1096,Horses,1962,94037,A,,,,
165,586,Pakistan,1096,Horses,1962,350000,E,,,,
166,591,Panama,1096,Horses,1962,158000,E,,,,
168,598,Papua New Guinea,1096,Horses,1962,1380,A,,,,
169,600,Paraguay,1096,Horses,1962,329174,A,,,,
170,604,Peru,1096,Horses,1962,589500,X,,,,
171,608,Philippines,1096,Horses,1962,210000,A,,,,
173,616,Poland,1096,Horses,1962,2657000,A,,,,
174,620,Portugal,1096,Horses,1962,47400,E,,,,
175,624,Guinea-Bissau,1096,Horses,1962,1000,E,,,,
176,626,Timor-Leste,1096,Horses,1962,87407,A,,,,
177,630,Puerto Rico,1096,Horses,1962,24000,E,,,,
179,634,Qatar,1096,Horses,1962,,A,,,,
183,642,Romania,1096,Horses,1962,1013300,A,,,,
189,662,Saint Lucia,1096,Horses,1962,1000,E,,,,
193,678,Sao Tome and Principe,1096,Horses,1962,443,A,,,,
194,682,Saudi Arabia,1096,Horses,1962,550,E,,,,
195,686,Senegal,1096,Horses,1962,107000,A,,,,
197,694,Sierra Leone,1096,Horses,1962,,M,,,,
237,704,Viet Nam,1096,Horses,1962,55000,E,,,,
201,706,Somalia,1096,Horses,1962,600,E,,,,
202,710,South Africa,1096,Horses,1962,430000,E,,,,
181,716,Zimbabwe,1096,Horses,1962,6800,A,,,,
203,724,Spain,1096,Horses,1962,473000,E,,,,
206,736,Sudan (former),1096,Horses,1962,21000,A,,,,
207,740,Suriname,1096,Horses,1962,490,A,,,,
209,748,Eswatini,1096,Horses,1962,2464,A,,,,
210,752,Sweden,1096,Horses,1962,165440,A,,,,
211,756,Switzerland,1096,Horses,1962,90000,A,,,,
212,760,Syrian Arab Republic,1096,Horses,1962,66532,A,,,,
216,764,Thailand,1096,Horses,1962,179369,A,,,,
217,768,Togo,1096,Horses,1962,477,A,,,,
219,776,Tonga,1096,Horses,1962,7339,A,,,,
220,780,Trinidad and Tobago,1096,Horses,1962,1000,E,,,,
225,784,United Arab Emirates,1096,Horses,1962,200,E,,,,
222,788,Tunisia,1096,Horses,1962,77000,A,,,,
223,792,Türkiye,1096,Horses,1962,1305000,A,,,,
59,818,Egypt,1096,Horses,1962,44000,E,,,,
229,826,United Kingdom of Great Britain and Northern Ireland,1096,Horses,1962,152914,A,,,,
231,840,United States of America,1096,Horses,1962,2130000,E,,,,
233,854,Burkina Faso,1096,Horses,1962,22000,E,,,,
234,858,Uruguay,1096,Horses,1962,470000,E,,,,
236,862,Venezuela (Bolivarian Republic of),1096,Horses,1962,395851,A,,,,
244,882,Samoa,1096,Horses,1962,2000,X,,,,
249,887,Yemen,1096,Horses,1962,3000,A,,,,
182,638,Réunion,1096,Horses,1963,400,A,,,,
62,230,Ethiopia PDR,1096,Horses,1963,1320500,A,,,,
135,474,Martinique,1096,Horses,1963,6200,A,,,,
69,254,French Guiana,1096,Horses,1963,50,E,,,,
248,890,Yugoslav SFR,1096,Horses,1963,1175000,A,,,,
87,312,Guadeloupe,1096,Horses,1963,2100,A,,,,
50,196,Cyprus,1096,Horses,1963,1500,E,,,,
15,58,Belgium-Luxembourg,1096,Horses,1963,250100,A,,,,
228,810,USSR,1096,Horses,1963,9100000,A,,,,
51,200,Czechoslovakia,1096,Horses,1963,253502,A,,,,
2,4,Afghanistan,1096,Horses,1963,263265,A,,,,
3,8,Albania,1096,Horses,1963,46400,A,,,,
4,12,Algeria,1096,Horses,1963,100000,A,,,,
7,24,Angola,1096,Horses,1963,1000,E,,,,
8,28,Antigua and Barbuda,1096,Horses,1963,680,E,,,,
9,32,Argentina,1096,Horses,1963,3761235,A,,,,
10,36,Australia,1096,Horses,1963,547367,A,,,,
11,40,Austria,1096,Horses,1963,120579,A,,,,
12,44,Bahamas,1096,Horses,1963,3520,A,,,,
14,52,Barbados,1096,Horses,1963,1000,E,,,,
18,64,Bhutan,1096,Horses,1963,10800,E,,,,
19,68,Bolivia (Plurinational State of),1096,Horses,1963,194000,E,,,,
20,72,Botswana,1096,Horses,1963,8668,A,,,,
21,76,Brazil,1096,Horses,1963,4633000,E,,,,
23,84,Belize,1096,Horses,1963,2500,E,,,,
25,90,Solomon Islands,1096,Horses,1963,100,X,,,,
27,100,Bulgaria,1096,Horses,1963,277393,A,,,,
28,104,Myanmar,1096,Horses,1963,21959,A,,,,
115,116,Cambodia,1096,Horses,1963,3686,A,,,,
32,120,Cameroon,1096,Horses,1963,51000,X,,,,
33,124,Canada,1096,Horses,1963,461000,A,,,,
35,132,Cabo Verde,1096,Horses,1963,2416,A,,,,
38,144,Sri Lanka,1096,Horses,1963,2900,E,,,,
39,148,Chad,1096,Horses,1963,150000,X,,,,
40,152,Chile,1096,Horses,1963,502100,A,,,,
41,156,"China, mainland",1096,Horses,1963,6320000,A,,,,
214,158,"China, Taiwan Province of",1096,Horses,1963,187,A,,,,
44,170,Colombia,1096,Horses,1963,964000,X,,,,
46,178,Congo,1096,Horses,1963,,A,,,,
250,180,Democratic Republic of the Congo,1096,Horses,1963,1000,E,,,,
47,184,Cook Islands,1096,Horses,1963,1800,E,,,,
48,188,Costa Rica,1096,Horses,1963,100145,A,,,,
49,192,Cuba,1096,Horses,1963,480000,A,,,,
53,204,Benin,1096,Horses,1963,2733,A,,,,
54,208,Denmark,1096,Horses,1963,80767,A,,,,
56,214,Dominican Republic,1096,Horses,1963,210000,E,,,,
58,218,Ecuador,1096,Horses,1963,224718,A,,,,
60,222,El Salvador,1096,Horses,1963,73000,E,,,,
66,242,Fiji,1096,Horses,1963,16164,A,,,,
67,246,Finland,1096,Horses,1963,219600,A,,,,
68,250,France,1096,Horses,1963,1526200,A,,,,
70,258,French Polynesia,1096,Horses,1963,3700,E,,,,
75,270,Gambia,1096,Horses,1963,3000,E,,,,
79,276,Germany,1096,Horses,1963,929500,A,,,,
81,288,Ghana,1096,Horses,1963,3300,E,,,,
84,300,Greece,1096,Horses,1963,329000,A,,,,
86,308,Grenada,1096,Horses,1963,10,E,,,,
89,320,Guatemala,1096,Horses,1963,164326,A,,,,
90,324,Guinea,1096,Horses,1963,1000,E,,,,
91,328,Guyana,1096,Horses,1963,2700,A,,,,
93,332,Haiti,1096,Horses,1963,281600,E,,,,
95,340,Honduras,1096,Horses,1963,180000,E,,,,
96,344,"China, Hong Kong SAR",1096,Horses,1963,500,E,,,,
97,348,Hungary,1096,Horses,1963,339407,A,,,,
99,352,Iceland,1096,Horses,1963,30482,A,,,,
100,356,India,1096,Horses,1963,1254000,E,,,,
101,360,Indonesia,1096,Horses,1963,731000,A,,,,
102,364,Iran (Islamic Republic of),1096,Horses,1963,374000,A,,,,
103,368,Iraq,1096,Horses,1963,160000,E,,,,
104,372,Ireland,1096,Horses,1963,190200,A,,,,
105,376,Israel,1096,Horses,1963,15000,X,,,,
106,380,Italy,1096,Horses,1963,367750,A,,,,
109,388,Jamaica,1096,Horses,1963,5390,A,,,,
110,392,Japan,1096,Horses,1963,488240,A,,,,
112,400,Jordan,1096,Horses,1963,2564,A,,,,
114,404,Kenya,1096,Horses,1963,2700,A,,,,
116,408,Democratic People's Republic of Korea,1096,Horses,1963,18500,E,,,,
117,410,Republic of Korea,1096,Horses,1963,26519,A,,,,
118,414,Kuwait,1096,Horses,1963,,A,,,,
120,418,Lao People's Democratic Republic,1096,Horses,1963,17000,E,,,,
121,422,Lebanon,1096,Horses,1963,3500,A,,,,
122,426,Lesotho,1096,Horses,1963,85562,A,,,,
124,434,Libya,1096,Horses,1963,31048,X,,,,
129,450,Madagascar,1096,Horses,1963,1862,A,,,,
130,454,Malawi,1096,Horses,1963,35,E,,,,
131,458,Malaysia,1096,Horses,1963,4400,E,,,,
133,466,Mali,1096,Horses,1963,115000,A,,,,
134,470,Malta,1096,Horses,1963,1887,A,,,,
136,478,Mauritania,1096,Horses,1963,11000,X,,,,
137,480,Mauritius,1096,Horses,1963,150,A,,,,
138,484,Mexico,1096,Horses,1963,4300000,E,,,,
141,496,Mongolia,1096,Horses,1963,2251000,A,,,,
143,504,Morocco,1096,Horses,1963,441000,A,,,,
147,516,Namibia,1096,Horses,1963,30805,A,,,,
150,528,Netherlands (Kingdom of the),1096,Horses,1963,149019,A,,,,
153,540,New Caledonia,1096,Horses,1963,9300,A,,,,
155,548,Vanuatu,1096,Horses,1963,1400,E,,,,
156,554,New Zealand,1096,Horses,1963,75000,E,,,,
157,558,Nicaragua,1096,Horses,1963,174768,A,,,,
158,562,Niger,1096,Horses,1963,129000,A,,,,
159,566,Nigeria,1096,Horses,1963,262500,E,,,,
162,578,Norway,1096,Horses,1963,86200,A,,,,
165,586,Pakistan,1096,Horses,1963,370000,E,,,,
166,591,Panama,1096,Horses,1963,156000,E,,,,
168,598,Papua New Guinea,1096,Horses,1963,1505,A,,,,
169,600,Paraguay,1096,Horses,1963,350000,E,,,,
170,604,Peru,1096,Horses,1963,616000,X,,,,
171,608,Philippines,1096,Horses,1963,220200,A,,,,
173,616,Poland,1096,Horses,1963,2620000,A,,,,
174,620,Portugal,1096,Horses,1963,44000,E,,,,
175,624,Guinea-Bissau,1096,Horses,1963,1000,E,,,,
176,626,Timor-Leste,1096,Horses,1963,91850,A,,,,
177,630,Puerto Rico,1096,Horses,1963,23000,E,,,,
179,634,Qatar,1096,Horses,1963,,A,,,,
183,642,Romania,1096,Horses,1963,779600,A,,,,
189,662,Saint Lucia,1096,Horses,1963,1000,E,,,,
193,678,Sao Tome and Principe,1096,Horses,1963,394,A,,,,
194,682,Saudi Arabia,1096,Horses,1963,600,E,,,,
195,686,Senegal,1096,Horses,1963,113000,A,,,,
197,694,Sierra Leone,1096,Horses,1963,,M,,,,
237,704,Viet Nam,1096,Horses,1963,65000,E,,,,
201,706,Somalia,1096,Horses,1963,600,E,,,,
202,710,South Africa,1096,Horses,1963,400000,E,,,,
181,716,Zimbabwe,1096,Horses,1963,7000,E,,,,
203,724,Spain,1096,Horses,1963,440039,A,,,,
206,736,Sudan (former),1096,Horses,1963,22000,E,,,,
207,740,Suriname,1096,Horses,1963,455,A,,,,
209,748,Eswatini,1096,Horses,1963,2544,A,,,,
210,752,Sweden,1096,Horses,1963,151480,A,,,,
211,756,Switzerland,1096,Horses,1963,82000,A,,,,
212,760,Syrian Arab Republic,1096,Horses,1963,66960,A,,,,
216,764,Thailand,1096,Horses,1963,187137,A,,,,
217,768,Togo,1096,Horses,1963,749,A,,,,
219,776,Tonga,1096,Horses,1963,7360,A,,,,
220,780,Trinidad and Tobago,1096,Horses,1963,1000,E,,,,
225,784,United Arab Emirates,1096,Horses,1963,200,E,,,,
222,788,Tunisia,1096,Horses,1963,85400,A,,,,
223,792,Türkiye,1096,Horses,1963,1238500,A,,,,
59,818,Egypt,1096,Horses,1963,53000,A,,,,
229,826,United Kingdom of Great Britain and Northern Ireland,1096,Horses,1963,150919,A,,,,
231,840,United States of America,1096,Horses,1963,1819000,E,,,,
233,854,Burkina Faso,1096,Horses,1963,22000,E,,,,
234,858,Uruguay,1096,Horses,1963,474500,A,,,,
236,862,Venezuela (Bolivarian Republic of),1096,Horses,1963,392450,A,,,,
244,882,Samoa,1096,Horses,1963,2516,A,,,,
249,887,Yemen,1096,Horses,1963,3000,A,,,,
62,230,Ethiopia PDR,1096,Horses,1964,1330000,A,,,,
248,890,Yugoslav SFR,1096,Horses,1964,1140000,A,,,,
51,200,Czechoslovakia,1096,Horses,1964,227442,A,,,,
69,254,French Guiana,1096,Horses,1964,50,E,,,,
15,58,Belgium-Luxembourg,1096,Horses,1964,236600,A,,,,
135,474,Martinique,1096,Horses,1964,6100,A,,,,
182,638,Réunion,1096,Horses,1964,300,A,,,,
50,196,Cyprus,1096,Horses,1964,1500,E,,,,
87,312,Guadeloupe,1096,Horses,1964,2000,A,,,,
228,810,USSR,1096,Horses,1964,8500000,A,,,,
2,4,Afghanistan,1096,Horses,1964,291000,E,,,,
3,8,Albania,1096,Horses,1964,45200,A,,,,
4,12,Algeria,1096,Horses,1964,117000,A,,,,
7,24,Angola,1096,Horses,1964,1000,E,,,,
8,28,Antigua and Barbuda,1096,Horses,1964,670,E,,,,
9,32,Argentina,1096,Horses,1964,3760000,X,,,,
10,36,Australia,1096,Horses,1964,535834,A,,,,
11,40,Austria,1096,Horses,1964,108647,A,,,,
12,44,Bahamas,1096,Horses,1964,3520,A,,,,
14,52,Barbados,1096,Horses,1964,1000,E,,,,
18,64,Bhutan,1096,Horses,1964,11000,E,,,,
19,68,Bolivia (Plurinational State of),1096,Horses,1964,194900,A,,,,
20,72,Botswana,1096,Horses,1964,8664,A,,,,
21,76,Brazil,1096,Horses,1964,4745000,E,,,,
23,84,Belize,1096,Horses,1964,2600,E,,,,
25,90,Solomon Islands,1096,Horses,1964,100,X,,,,
27,100,Bulgaria,1096,Horses,1964,256344,A,,,,
28,104,Myanmar,1096,Horses,1964,26596,A,,,,
115,116,Cambodia,1096,Horses,1964,4855,A,,,,
32,120,Cameroon,1096,Horses,1964,47000,X,,,,
33,124,Canada,1096,Horses,1964,439800,A,,,,
35,132,Cabo Verde,1096,Horses,1964,2450,A,,,,
38,144,Sri Lanka,1096,Horses,1964,2700,E,,,,
39,148,Chad,1096,Horses,1964,150000,X,,,,
40,152,Chile,1096,Horses,1964,494300,A,,,,
41,156,"China, mainland",1096,Horses,1964,6865000,A,,,,
214,158,"China, Taiwan Province of",1096,Horses,1964,143,A,,,,
44,170,Colombia,1096,Horses,1964,980000,X,,,,
46,178,Congo,1096,Horses,1964,,A,,,,
250,180,Democratic Republic of the Congo,1096,Horses,1964,1000,E,,,,
47,184,Cook Islands,1096,Horses,1964,1770,E,,,,
48,188,Costa Rica,1096,Horses,1964,101000,E,,,,
49,192,Cuba,1096,Horses,1964,490000,A,,,,
53,204,Benin,1096,Horses,1964,2734,A,,,,
54,208,Denmark,1096,Horses,1964,64082,A,,,,
56,214,Dominican Republic,1096,Horses,1964,208000,X,,,,
58,218,Ecuador,1096,Horses,1964,225850,A,,,,
60,222,El Salvador,1096,Horses,1964,72000,E,,,,
66,242,Fiji,1096,Horses,1964,16164,A,,,,
67,246,Finland,1096,Horses,1964,207000,A,,,,
68,250,France,1096,Horses,1964,1356800,A,,,,
70,258,French Polynesia,1096,Horses,1964,4150,E,,,,
75,270,Gambia,1096,Horses,1964,4000,E,,,,
79,276,Germany,1096,Horses,1964,833500,A,,,,
81,288,Ghana,1096,Horses,1964,3046,A,,,,
84,300,Greece,1096,Horses,1964,318000,A,,,,
86,308,Grenada,1096,Horses,1964,10,E,,,,
89,320,Guatemala,1096,Horses,1964,160000,X,,,,
90,324,Guinea,1096,Horses,1964,1000,E,,,,
91,328,Guyana,1096,Horses,1964,3240,A,,,,
93,332,Haiti,1096,Horses,1964,288800,E,,,,
95,340,Honduras,1096,Horses,1964,181000,E,,,,
96,344,"China, Hong Kong SAR",1096,Horses,1964,500,E,,,,
97,348,Hungary,1096,Horses,1964,322649,A,,,,
99,352,Iceland,1096,Horses,1964,29536,A,,,,
100,356,India,1096,Horses,1964,1218000,E,,,,
101,360,Indonesia,1096,Horses,1964,653000,A,,,,
102,364,Iran (Islamic Republic of),1096,Horses,1964,340000,A,,,,
103,368,Iraq,1096,Horses,1964,140000,E,,,,
104,372,Ireland,1096,Horses,1964,180300,A,,,,
105,376,Israel,1096,Horses,1964,7000,X,,,,
106,380,Italy,1096,Horses,1964,348000,A,,,,
109,388,Jamaica,1096,Horses,1964,5390,A,,,,
110,392,Japan,1096,Horses,1964,410426,A,,,,
112,400,Jordan,1096,Horses,1964,2243,A,,,,
114,404,Kenya,1096,Horses,1964,2400,A,,,,
116,408,Democratic People's Republic of Korea,1096,Horses,1964,18700,E,,,,
117,410,Republic of Korea,1096,Horses,1964,26750,A,,,,
118,414,Kuwait,1096,Horses,1964,,A,,,,
120,418,Lao People's Democratic Republic,1096,Horses,1964,14136,A,,,,
121,422,Lebanon,1096,Horses,1964,2851,A,,,,
122,426,Lesotho,1096,Horses,1964,75000,A,,,,
124,434,Libya,1096,Horses,1964,32749,X,,,,
129,450,Madagascar,1096,Horses,1964,1789,A,,,,
130,454,Malawi,1096,Horses,1964,40,E,,,,
131,458,Malaysia,1096,Horses,1964,4700,E,,,,
133,466,Mali,1096,Horses,1964,134000,A,,,,
134,470,Malta,1096,Horses,1964,1839,A,,,,
136,478,Mauritania,1096,Horses,1964,11300,X,,,,
137,480,Mauritius,1096,Horses,1964,151,A,,,,
138,484,Mexico,1096,Horses,1964,4500000,E,,,,
141,496,Mongolia,1096,Horses,1964,2296000,A,,,,
143,504,Morocco,1096,Horses,1964,435000,A,,,,
147,516,Namibia,1096,Horses,1964,31000,E,,,,
150,528,Netherlands (Kingdom of the),1096,Horses,1964,136795,A,,,,
153,540,New Caledonia,1096,Horses,1964,8500,A,,,,
155,548,Vanuatu,1096,Horses,1964,1380,E,,,,
156,554,New Zealand,1096,Horses,1964,80000,E,,,,
157,558,Nicaragua,1096,Horses,1964,175000,E,,,,
158,562,Niger,1096,Horses,1964,150000,A,,,,
159,566,Nigeria,1096,Horses,1964,253000,A,,,,
162,578,Norway,1096,Horses,1964,77365,A,,,,
165,586,Pakistan,1096,Horses,1964,370000,E,,,,
166,591,Panama,1096,Horses,1964,154000,E,,,,
168,598,Papua New Guinea,1096,Horses,1964,1424,A,,,,
169,600,Paraguay,1096,Horses,1964,380000,E,,,,
170,604,Peru,1096,Horses,1964,615000,X,,,,
171,608,Philippines,1096,Horses,1964,242100,A,,,,
173,616,Poland,1096,Horses,1964,2593000,A,,,,
174,620,Portugal,1096,Horses,1964,40000,E,,,,
175,624,Guinea-Bissau,1096,Horses,1964,1000,E,,,,
176,626,Timor-Leste,1096,Horses,1964,94396,A,,,,
177,630,Puerto Rico,1096,Horses,1964,22000,E,,,,
179,634,Qatar,1096,Horses,1964,,A,,,,
183,642,Romania,1096,Horses,1964,708900,A,,,,
189,662,Saint Lucia,1096,Horses,1964,1000,E,,,,
193,678,Sao Tome and Principe,1096,Horses,1964,353,A,,,,
194,682,Saudi Arabia,1096,Horses,1964,650,E,,,,
195,686,Senegal,1096,Horses,1964,159000,A,,,,
197,694,Sierra Leone,1096,Horses,1964,,M,,,,
237,704,Viet Nam,1096,Horses,1964,75000,E,,,,
201,706,Somalia,1096,Horses,1964,600,E,,,,
202,710,South Africa,1096,Horses,1964,380000,E,,,,
181,716,Zimbabwe,1096,Horses,1964,6000,E,,,,
203,724,Spain,1096,Horses,1964,397000,A,,,,
206,736,Sudan (former),1096,Horses,1964,21000,E,,,,
207,740,Suriname,1096,Horses,1964,409,A,,,,
209,748,Eswatini,1096,Horses,1964,2305,A,,,,
210,752,Sweden,1096,Horses,1964,132800,A,,,,
211,756,Switzerland,1096,Horses,1964,76000,A,,,,
212,760,Syrian Arab Republic,1096,Horses,1964,66633,A,,,,
216,764,Thailand,1096,Horses,1964,177541,A,,,,
217,768,Togo,1096,Horses,1964,901,A,,,,
219,776,Tonga,1096,Horses,1964,7030,A,,,,
220,780,Trinidad and Tobago,1096,Horses,1964,1000,E,,,,
225,784,United Arab Emirates,1096,Horses,1964,200,E,,,,
222,788,Tunisia,1096,Horses,1964,80000,A,,,,
223,792,Türkiye,1096,Horses,1964,1170770,A,,,,
59,818,Egypt,1096,Horses,1964,54400,A,,,,
229,826,United Kingdom of Great Britain and Northern Ireland,1096,Horses,1964,148846,A,,,,
231,840,United States of America,1096,Horses,1964,1502000,E,,,,
233,854,Burkina Faso,1096,Horses,1964,22000,E,,,,
234,858,Uruguay,1096,Horses,1964,462700,A,,,,
236,862,Venezuela (Bolivarian Republic of),1096,Horses,1964,396800,A,,,,
244,882,Samoa,1096,Horses,1964,2516,A,,,,
249,887,Yemen,1096,Horses,1964,3000,A,,,,
51,200,Czechoslovakia,1096,Horses,1965,204423,A,,,,
62,230,Ethiopia PDR,1096,Horses,1965,1340200,A,,,,
182,638,Réunion,1096,Horses,1965,200,A,,,,
135,474,Martinique,1096,Horses,1965,5400,E,,,,
248,890,Yugoslav SFR,1096,Horses,1965,1109000,A,,,,
50,196,Cyprus,1096,Horses,1965,1715,A,,,,
69,254,French Guiana,1096,Horses,1965,60,E,,,,
15,58,Belgium-Luxembourg,1096,Horses,1965,224200,A,,,,
87,312,Guadeloupe,1096,Horses,1965,1900,E,,,,
228,810,USSR,1096,Horses,1965,7902000,A,,,,
2,4,Afghanistan,1096,Horses,1965,320000,E,,,,
3,8,Albania,1096,Horses,1965,44200,A,,,,
4,12,Algeria,1096,Horses,1965,114000,A,,,,
7,24,Angola,1096,Horses,1965,1000,E,,,,
8,28,Antigua and Barbuda,1096,Horses,1965,660,E,,,,
9,32,Argentina,1096,Horses,1965,3760000,E,,,,
10,36,Australia,1096,Horses,1965,519899,A,,,,
11,40,Austria,1096,Horses,1965,96592,A,,,,
12,44,Bahamas,1096,Horses,1965,3550,A,,,,
14,52,Barbados,1096,Horses,1965,1000,E,,,,
18,64,Bhutan,1096,Horses,1965,11300,E,,,,
19,68,Bolivia (Plurinational State of),1096,Horses,1965,214300,A,,,,
20,72,Botswana,1096,Horses,1965,8338,A,,,,
21,76,Brazil,1096,Horses,1965,4915000,E,,,,
23,84,Belize,1096,Horses,1965,2600,E,,,,
25,90,Solomon Islands,1096,Horses,1965,100,E,,,,
27,100,Bulgaria,1096,Horses,1965,248861,A,,,,
28,104,Myanmar,1096,Horses,1965,28285,A,,,,
115,116,Cambodia,1096,Horses,1965,5426,A,,,,
32,120,Cameroon,1096,Horses,1965,44000,X,,,,
33,124,Canada,1096,Horses,1965,418900,A,,,,
35,132,Cabo Verde,1096,Horses,1965,2481,A,,,,
38,144,Sri Lanka,1096,Horses,1965,2400,E,,,,
39,148,Chad,1096,Horses,1965,150000,A,,,,
40,152,Chile,1096,Horses,1965,478303,A,,,,
41,156,"China, mainland",1096,Horses,1965,7394000,A,,,,
214,158,"China, Taiwan Province of",1096,Horses,1965,103,A,,,,
44,170,Colombia,1096,Horses,1965,983091,A,,,,
46,178,Congo,1096,Horses,1965,,A,,,,
250,180,Democratic Republic of the Congo,1096,Horses,1965,1000,E,,,,
47,184,Cook Islands,1096,Horses,1965,1730,E,,,,
48,188,Costa Rica,1096,Horses,1965,101000,E,,,,
49,192,Cuba,1096,Horses,1965,500200,A,,,,
53,204,Benin,1096,Horses,1965,2959,A,,,,
54,208,Denmark,1096,Horses,1965,52933,A,,,,
56,214,Dominican Republic,1096,Horses,1965,205000,E,,,,
58,218,Ecuador,1096,Horses,1965,226992,A,,,,
60,222,El Salvador,1096,Horses,1965,71000,E,,,,
66,242,Fiji,1096,Horses,1965,18250,E,,,,
67,246,Finland,1096,Horses,1965,183800,A,,,,
68,250,France,1096,Horses,1965,1227700,A,,,,
70,258,French Polynesia,1096,Horses,1965,4600,E,,,,
75,270,Gambia,1096,Horses,1965,5000,E,,,,
79,276,Germany,1096,Horses,1965,722900,A,,,,
81,288,Ghana,1096,Horses,1965,3706,A,,,,
84,300,Greece,1096,Horses,1965,306000,A,,,,
86,308,Grenada,1096,Horses,1965,10,E,,,,
89,320,Guatemala,1096,Horses,1965,155000,X,,,,
90,324,Guinea,1096,Horses,1965,1000,E,,,,
91,328,Guyana,1096,Horses,1965,3330,A,,,,
93,332,Haiti,1096,Horses,1965,296000,E,,,,
95,340,Honduras,1096,Horses,1965,182000,E,,,,
96,344,"China, Hong Kong SAR",1096,Horses,1965,500,E,,,,
97,348,Hungary,1096,Horses,1965,321000,A,,,,
99,352,Iceland,1096,Horses,1965,30727,A,,,,
100,356,India,1096,Horses,1965,1180000,E,,,,
101,360,Indonesia,1096,Horses,1965,653000,A,,,,
102,364,Iran (Islamic Republic of),1096,Horses,1965,340000,A,,,,
103,368,Iraq,1096,Horses,1965,122000,A,,,,
104,372,Ireland,1096,Horses,1965,172111,A,,,,
105,376,Israel,1096,Horses,1965,7000,X,,,,
106,380,Italy,1096,Horses,1965,341000,A,,,,
109,388,Jamaica,1096,Horses,1965,5390,A,,,,
110,392,Japan,1096,Horses,1965,334907,A,,,,
112,400,Jordan,1096,Horses,1965,2600,E,,,,
114,404,Kenya,1096,Horses,1965,2000,E,,,,
116,408,Democratic People's Republic of Korea,1096,Horses,1965,20000,E,,,,
117,410,Republic of Korea,1096,Horses,1965,27484,A,,,,
118,414,Kuwait,1096,Horses,1965,,A,,,,
120,418,Lao People's Democratic Republic,1096,Horses,1965,16000,E,,,,
121,422,Lebanon,1096,Horses,1965,3327,A,,,,
122,426,Lesotho,1096,Horses,1965,75664,A,,,,
124,434,Libya,1096,Horses,1965,34452,A,,,,
129,450,Madagascar,1096,Horses,1965,1830,E,,,,
130,454,Malawi,1096,Horses,1965,40,E,,,,
131,458,Malaysia,1096,Horses,1965,4700,E,,,,
133,466,Mali,1096,Horses,1965,169569,A,,,,
134,470,Malta,1096,Horses,1965,1734,A,,,,
136,478,Mauritania,1096,Horses,1965,11500,X,,,,
137,480,Mauritius,1096,Horses,1965,151,A,,,,
138,484,Mexico,1096,Horses,1965,4600000,E,,,,
141,496,Mongolia,1096,Horses,1965,2374000,A,,,,
143,504,Morocco,1096,Horses,1965,406000,A,,,,
147,516,Namibia,1096,Horses,1965,31500,E,,,,
150,528,Netherlands (Kingdom of the),1096,Horses,1965,122958,A,,,,
153,540,New Caledonia,1096,Horses,1965,9000,X,,,,
155,548,Vanuatu,1096,Horses,1965,1484,A,,,,
156,554,New Zealand,1096,Horses,1965,86783,A,,,,
157,558,Nicaragua,1096,Horses,1965,176000,E,,,,
158,562,Niger,1096,Horses,1965,160000,A,,,,
159,566,Nigeria,1096,Horses,1965,351000,A,,,,
162,578,Norway,1096,Horses,1965,67049,A,,,,
165,586,Pakistan,1096,Horses,1965,380000,E,,,,
166,591,Panama,1096,Horses,1965,152000,E,,,,
168,598,Papua New Guinea,1096,Horses,1965,1484,A,,,,
169,600,Paraguay,1096,Horses,1965,380000,E,,,,
170,604,Peru,1096,Horses,1965,493536,X,,,,
171,608,Philippines,1096,Horses,1965,264300,A,,,,
173,616,Poland,1096,Horses,1965,2554400,A,,,,
174,620,Portugal,1096,Horses,1965,37000,E,,,,
175,624,Guinea-Bissau,1096,Horses,1965,1000,E,,,,
176,626,Timor-Leste,1096,Horses,1965,100000,E,,,,
177,630,Puerto Rico,1096,Horses,1965,21000,E,,,,
179,634,Qatar,1096,Horses,1965,,A,,,,
183,642,Romania,1096,Horses,1965,689200,A,,,,
189,662,Saint Lucia,1096,Horses,1965,1000,E,,,,
193,678,Sao Tome and Principe,1096,Horses,1965,325,A,,,,
194,682,Saudi Arabia,1096,Horses,1965,700,E,,,,
195,686,Senegal,1096,Horses,1965,168000,A,,,,
197,694,Sierra Leone,1096,Horses,1965,,M,,,,
237,704,Viet Nam,1096,Horses,1965,82000,E,,,,
201,706,Somalia,1096,Horses,1965,600,E,,,,
202,710,South Africa,1096,Horses,1965,360000,E,,,,
181,716,Zimbabwe,1096,Horses,1965,6000,A,,,,
203,724,Spain,1096,Horses,1965,324000,A,,,,
206,736,Sudan (former),1096,Horses,1965,23000,E,,,,
207,740,Suriname,1096,Horses,1965,309,A,,,,
209,748,Eswatini,1096,Horses,1965,1961,A,,,,
210,752,Sweden,1096,Horses,1965,108700,A,,,,
211,756,Switzerland,1096,Horses,1965,72500,A,,,,
212,760,Syrian Arab Republic,1096,Horses,1965,70000,A,,,,
216,764,Thailand,1096,Horses,1965,179637,A,,,,
217,768,Togo,1096,Horses,1965,795,A,,,,
219,776,Tonga,1096,Horses,1965,6900,A,,,,
220,780,Trinidad and Tobago,1096,Horses,1965,1000,E,,,,
225,784,United Arab Emirates,1096,Horses,1965,200,E,,,,
222,788,Tunisia,1096,Horses,1965,83000,A,,,,
223,792,Türkiye,1096,Horses,1965,1209600,A,,,,
59,818,Egypt,1096,Horses,1965,56000,A,,,,
229,826,United Kingdom of Great Britain and Northern Ireland,1096,Horses,1965,146763,A,,,,
231,840,United States of America,1096,Horses,1965,2719000,E,,,,
233,854,Burkina Faso,1096,Horses,1965,22000,E,,,,
234,858,Uruguay,1096,Horses,1965,451000,A,,,,
236,862,Venezuela (Bolivarian Republic of),1096,Horses,1965,401100,A,,,,
244,882,Samoa,1096,Horses,1965,2000,A,,,,
249,887,Yemen,1096,Horses,1965,3000,A,,,,
182,638,Réunion,1096,Horses,1966,175,A,,,,
248,890,Yugoslav SFR,1096,Horses,1966,1131000,A,,,,
15,58,Belgium-Luxembourg,1096,Horses,1966,209600,A,,,,
50,196,Cyprus,1096,Horses,1966,1500,A,,,,
62,230,Ethiopia PDR,1096,Horses,1966,1350400,A,,,,
69,254,French Guiana,1096,Horses,1966,60,E,,,,
135,474,Martinique,1096,Horses,1966,4800,A,,,,
228,810,USSR,1096,Horses,1966,7977000,A,,,,
51,200,Czechoslovakia,1096,Horses,1966,188423,A,,,,
87,312,Guadeloupe,1096,Horses,1966,1800,E,,,,
2,4,Afghanistan,1096,Horses,1966,278000,X,,,,
3,8,Albania,1096,Horses,1966,44000,A,,,,
4,12,Algeria,1096,Horses,1966,115000,A,,,,
7,24,Angola,1096,Horses,1966,1000,E,,,,
8,28,Antigua and Barbuda,1096,Horses,1966,650,E,,,,
9,32,Argentina,1096,Horses,1966,3780000,X,,,,
10,36,Australia,1096,Horses,1966,495000,E,,,,
11,40,Austria,1096,Horses,1966,84756,A,,,,
12,44,Bahamas,1096,Horses,1966,3600,A,,,,
14,52,Barbados,1096,Horses,1966,1000,E,,,,
18,64,Bhutan,1096,Horses,1966,11500,E,,,,
19,68,Bolivia (Plurinational State of),1096,Horses,1966,223000,X,,,,
20,72,Botswana,1096,Horses,1966,8695,A,,,,
21,76,Brazil,1096,Horses,1966,4980000,E,,,,
23,84,Belize,1096,Horses,1966,3000,A,,,,
25,90,Solomon Islands,1096,Horses,1966,100,E,,,,
27,100,Bulgaria,1096,Horses,1966,240192,A,,,,
28,104,Myanmar,1096,Horses,1966,30591,A,,,,
115,116,Cambodia,1096,Horses,1966,5707,A,,,,
32,120,Cameroon,1096,Horses,1966,48000,X,,,,
33,124,Canada,1096,Horses,1966,399400,A,,,,
35,132,Cabo Verde,1096,Horses,1966,3925,A,,,,
38,144,Sri Lanka,1096,Horses,1966,2300,E,,,,
39,148,Chad,1096,Horses,1966,150000,A,,,,
40,152,Chile,1096,Horses,1966,480000,X,,,,
41,156,"China, mainland",1096,Horses,1966,7921000,A,,,,
214,158,"China, Taiwan Province of",1096,Horses,1966,112,A,,,,
44,170,Colombia,1096,Horses,1966,951313,A,,,,
46,178,Congo,1096,Horses,1966,,A,,,,
250,180,Democratic Republic of the Congo,1096,Horses,1966,1000,E,,,,
47,184,Cook Islands,1096,Horses,1966,1700,E,,,,
48,188,Costa Rica,1096,Horses,1966,103000,E,,,,
49,192,Cuba,1096,Horses,1966,536400,A,,,,
53,204,Benin,1096,Horses,1966,3000,A,,,,
54,208,Denmark,1096,Horses,1966,45523,A,,,,
56,214,Dominican Republic,1096,Horses,1966,203000,X,,,,
58,218,Ecuador,1096,Horses,1966,227000,E,,,,
60,222,El Salvador,1096,Horses,1966,73000,E,,,,
66,242,Fiji,1096,Horses,1966,20300,E,,,,
67,246,Finland,1096,Horses,1966,164700,A,,,,
68,250,France,1096,Horses,1966,1114200,A,,,,
70,258,French Polynesia,1096,Horses,1966,5000,X,,,,
75,270,Gambia,1096,Horses,1966,5500,E,,,,
79,276,Germany,1096,Horses,1966,631400,A,,,,
81,288,Ghana,1096,Horses,1966,2500,E,,,,
84,300,Greece,1096,Horses,1966,293746,A,,,,
86,308,Grenada,1096,Horses,1966,10,E,,,,
89,320,Guatemala,1096,Horses,1966,154000,E,,,,
90,324,Guinea,1096,Horses,1966,1000,E,,,,
91,328,Guyana,1096,Horses,1966,3500,A,,,,
93,332,Haiti,1096,Horses,1966,303407,A,,,,
95,340,Honduras,1096,Horses,1966,182563,A,,,,
96,344,"China, Hong Kong SAR",1096,Horses,1966,500,E,,,,
97,348,Hungary,1096,Horses,1966,295072,A,,,,
99,352,Iceland,1096,Horses,1966,34013,A,,,,
100,356,India,1096,Horses,1966,1149000,A,,,,
101,360,Indonesia,1096,Horses,1966,640500,E,,,,
102,364,Iran (Islamic Republic of),1096,Horses,1966,340000,A,,,,
103,368,Iraq,1096,Horses,1966,115000,E,,,,
104,372,Ireland,1096,Horses,1966,158400,A,,,,
105,376,Israel,1096,Horses,1966,6000,X,,,,
106,380,Italy,1096,Horses,1966,331000,A,,,,
109,388,Jamaica,1096,Horses,1966,5390,A,,,,
110,392,Japan,1096,Horses,1966,280122,A,,,,
112,400,Jordan,1096,Horses,1966,3590,A,,,,
114,404,Kenya,1096,Horses,1966,2000,E,,,,
116,408,Democratic People's Republic of Korea,1096,Horses,1966,21000,E,,,,
117,410,Republic of Korea,1096,Horses,1966,24739,A,,,,
118,414,Kuwait,1096,Horses,1966,,A,,,,
120,418,Lao People's Democratic Republic,1096,Horses,1966,22334,A,,,,
121,422,Lebanon,1096,Horses,1966,3204,A,,,,
122,426,Lesotho,1096,Horses,1966,67193,A,,,,
124,434,Libya,1096,Horses,1966,32578,A,,,,
129,450,Madagascar,1096,Horses,1966,1920,E,,,,
130,454,Malawi,1096,Horses,1966,51,A,,,,
131,458,Malaysia,1096,Horses,1966,4800,X,,,,
133,466,Mali,1096,Horses,1966,163900,A,,,,
134,470,Malta,1096,Horses,1966,1659,A,,,,
136,478,Mauritania,1096,Horses,1966,15000,X,,,,
137,480,Mauritius,1096,Horses,1966,151,A,,,,
138,484,Mexico,1096,Horses,1966,4750000,E,,,,
141,496,Mongolia,1096,Horses,1966,2433000,A,,,,
143,504,Morocco,1096,Horses,1966,370000,A,,,,
147,516,Namibia,1096,Horses,1966,33000,E,,,,
150,528,Netherlands (Kingdom of the),1096,Horses,1966,105330,A,,,,
153,540,New Caledonia,1096,Horses,1966,9000,X,,,,
155,548,Vanuatu,1096,Horses,1966,1471,A,,,,
156,554,New Zealand,1096,Horses,1966,83000,E,,,,
157,558,Nicaragua,1096,Horses,1966,175000,A,,,,
158,562,Niger,1096,Horses,1966,160000,A,,,,
159,566,Nigeria,1096,Horses,1966,356333,A,,,,
162,578,Norway,1096,Horses,1966,61401,A,,,,
165,586,Pakistan,1096,Horses,1966,380000,E,,,,
166,591,Panama,1096,Horses,1966,150000,E,,,,
168,598,Papua New Guinea,1096,Horses,1966,1471,A,,,,
169,600,Paraguay,1096,Horses,1966,400000,E,,,,
170,604,Peru,1096,Horses,1966,531600,X,,,,
171,608,Philippines,1096,Horses,1966,256900,A,,,,
173,616,Poland,1096,Horses,1966,2589700,A,,,,
174,620,Portugal,1096,Horses,1966,39500,E,,,,
175,624,Guinea-Bissau,1096,Horses,1966,1000,E,,,,
176,626,Timor-Leste,1096,Horses,1966,105840,A,,,,
177,630,Puerto Rico,1096,Horses,1966,20500,E,,,,
179,634,Qatar,1096,Horses,1966,,A,,,,
183,642,Romania,1096,Horses,1966,688900,A,,,,
189,662,Saint Lucia,1096,Horses,1966,1000,E,,,,
193,678,Sao Tome and Principe,1096,Horses,1966,281,A,,,,
194,682,Saudi Arabia,1096,Horses,1966,780,A,,,,
195,686,Senegal,1096,Horses,1966,185000,A,,,,
197,694,Sierra Leone,1096,Horses,1966,,M,,,,
237,704,Viet Nam,1096,Horses,1966,95000,E,,,,
201,706,Somalia,1096,Horses,1966,500,E,,,,
202,710,South Africa,1096,Horses,1966,340000,E,,,,
181,716,Zimbabwe,1096,Horses,1966,7582,A,,,,
203,724,Spain,1096,Horses,1966,305000,A,,,,
206,736,Sudan (former),1096,Horses,1966,22000,E,,,,
207,740,Suriname,1096,Horses,1966,325,A,,,,
209,748,Eswatini,1096,Horses,1966,2242,A,,,,
210,752,Sweden,1096,Horses,1966,92934,A,,,,
211,756,Switzerland,1096,Horses,1966,67022,A,,,,
212,760,Syrian Arab Republic,1096,Horses,1966,66500,A,,,,
216,764,Thailand,1096,Horses,1966,173848,A,,,,
217,768,Togo,1096,Horses,1966,912,A,,,,
219,776,Tonga,1096,Horses,1966,7458,A,,,,
220,780,Trinidad and Tobago,1096,Horses,1966,1000,E,,,,
225,784,United Arab Emirates,1096,Horses,1966,200,E,,,,
222,788,Tunisia,1096,Horses,1966,86000,A,,,,
223,792,Türkiye,1096,Horses,1966,1199000,A,,,,
59,818,Egypt,1096,Horses,1966,57000,A,,,,
229,826,United Kingdom of Great Britain and Northern Ireland,1096,Horses,1966,144739,A,,,,
231,840,United States of America,1096,Horses,1966,2863000,E,,,,
233,854,Burkina Faso,1096,Horses,1966,22000,E,,,,
234,858,Uruguay,1096,Horses,1966,450000,E,,,,
236,862,Venezuela (Bolivarian Republic of),1096,Horses,1966,405543,A,,,,
244,882,Samoa,1096,Horses,1966,2000,X,,,,
249,887,Yemen,1096,Horses,1966,3000,A,,,,
135,474,Martinique,1096,Horses,1967,4500,A,,,,
51,200,Czechoslovakia,1096,Horses,1967,177037,A,,,,
248,890,Yugoslav SFR,1096,Horses,1967,1134000,A,,,,
182,638,Réunion,1096,Horses,1967,150,E,,,,
62,230,Ethiopia PDR,1096,Horses,1967,1360700,A,,,,
87,312,Guadeloupe,1096,Horses,1967,1700,E,,,,
15,58,Belgium-Luxembourg,1096,Horses,1967,197000,A,,,,
50,196,Cyprus,1096,Horses,1967,1450,E,,,,
69,254,French Guiana,1096,Horses,1967,65,E,,,,
228,810,USSR,1096,Horses,1967,7990000,A,,,,
2,4,Afghanistan,1096,Horses,1967,278000,X,,,,
3,8,Albania,1096,Horses,1967,43800,E,,,,
4,12,Algeria,1096,Horses,1967,132100,A,,,,
7,24,Angola,1096,Horses,1967,1000,E,,,,
8,28,Antigua and Barbuda,1096,Horses,1967,640,E,,,,
9,32,Argentina,1096,Horses,1967,3800000,X,,,,
10,36,Australia,1096,Horses,1967,479146,A,,,,
11,40,Austria,1096,Horses,1967,74912,A,,,,
12,44,Bahamas,1096,Horses,1967,3660,E,,,,
14,52,Barbados,1096,Horses,1967,1000,E,,,,
18,64,Bhutan,1096,Horses,1967,11800,E,,,,
19,68,Bolivia (Plurinational State of),1096,Horses,1967,244000,X,,,,
20,72,Botswana,1096,Horses,1967,7729,A,,,,
21,76,Brazil,1096,Horses,1967,4880000,E,,,,
23,84,Belize,1096,Horses,1967,3200,E,,,,
25,90,Solomon Islands,1096,Horses,1967,100,E,,,,
27,100,Bulgaria,1096,Horses,1967,229497,A,,,,
28,104,Myanmar,1096,Horses,1967,39000,A,,,,
115,116,Cambodia,1096,Horses,1967,6155,A,,,,
32,120,Cameroon,1096,Horses,1967,49000,X,,,,
33,124,Canada,1096,Horses,1967,373900,A,,,,
35,132,Cabo Verde,1096,Horses,1967,2424,A,,,,
38,144,Sri Lanka,1096,Horses,1967,2200,E,,,,
39,148,Chad,1096,Horses,1967,150000,A,,,,
40,152,Chile,1096,Horses,1967,482000,X,,,,
41,156,"China, mainland",1096,Horses,1967,8200000,E,,,,
214,158,"China, Taiwan Province of",1096,Horses,1967,91,A,,,,
44,170,Colombia,1096,Horses,1967,999662,A,,,,
46,178,Congo,1096,Horses,1967,,A,,,,
250,180,Democratic Republic of the Congo,1096,Horses,1967,1000,E,,,,
47,184,Cook Islands,1096,Horses,1967,1650,E,,,,
48,188,Costa Rica,1096,Horses,1967,105000,E,,,,
49,192,Cuba,1096,Horses,1967,600000,E,,,,
53,204,Benin,1096,Horses,1967,3000,A,,,,
54,208,Denmark,1096,Horses,1967,41618,A,,,,
56,214,Dominican Republic,1096,Horses,1967,200000,E,,,,
58,218,Ecuador,1096,Horses,1967,230000,E,,,,
60,222,El Salvador,1096,Horses,1967,75000,E,,,,
66,242,Fiji,1096,Horses,1967,22000,E,,,,
67,246,Finland,1096,Horses,1967,140700,A,,,,
68,250,France,1096,Horses,1967,1044000,A,,,,
70,258,French Polynesia,1096,Horses,1967,3600,X,,,,
75,270,Gambia,1096,Horses,1967,6000,E,,,,
79,276,Germany,1096,Horses,1967,562400,A,,,,
81,288,Ghana,1096,Horses,1967,2523,A,,,,
84,300,Greece,1096,Horses,1967,279472,A,,,,
86,308,Grenada,1096,Horses,1967,10,E,,,,
89,320,Guatemala,1096,Horses,1967,153000,E,,,,
90,324,Guinea,1096,Horses,1967,1000,E,,,,
91,328,Guyana,1096,Horses,1967,3570,A,,,,
93,332,Haiti,1096,Horses,1967,311100,E,,,,
95,340,Honduras,1096,Horses,1967,180800,E,,,,
96,344,"China, Hong Kong SAR",1096,Horses,1967,500,E,,,,
97,348,Hungary,1096,Horses,1967,286566,A,,,,
99,352,Iceland,1096,Horses,1967,35490,A,,,,
100,356,India,1096,Horses,1967,1100000,E,,,,
101,360,Indonesia,1096,Horses,1967,633000,A,,,,
102,364,Iran (Islamic Republic of),1096,Horses,1967,316000,A,,,,
103,368,Iraq,1096,Horses,1967,110000,E,,,,
104,372,Ireland,1096,Horses,1967,142700,A,,,,
105,376,Israel,1096,Horses,1967,5900,X,,,,
106,380,Italy,1096,Horses,1967,321000,A,,,,
109,388,Jamaica,1096,Horses,1967,5200,E,,,,
110,392,Japan,1096,Horses,1967,250355,A,,,,
112,400,Jordan,1096,Horses,1967,2664,A,,,,
114,404,Kenya,1096,Horses,1967,2000,E,,,,
116,408,Democratic People's Republic of Korea,1096,Horses,1967,23000,E,,,,
117,410,Republic of Korea,1096,Horses,1967,19415,A,,,,
118,414,Kuwait,1096,Horses,1967,,A,,,,
120,418,Lao People's Democratic Republic,1096,Horses,1967,24380,A,,,,
121,422,Lebanon,1096,Horses,1967,2860,A,,,,
122,426,Lesotho,1096,Horses,1967,96894,A,,,,
124,434,Libya,1096,Horses,1967,32314,A,,,,
129,450,Madagascar,1096,Horses,1967,1965,A,,,,
130,454,Malawi,1096,Horses,1967,44,A,,,,
131,458,Malaysia,1096,Horses,1967,4800,X,,,,
133,466,Mali,1096,Horses,1967,168800,A,,,,
134,470,Malta,1096,Horses,1967,1712,A,,,,
136,478,Mauritania,1096,Horses,1967,20000,X,,,,
137,480,Mauritius,1096,Horses,1967,151,A,,,,
138,484,Mexico,1096,Horses,1967,4890000,E,,,,
141,496,Mongolia,1096,Horses,1967,2353000,A,,,,
143,504,Morocco,1096,Horses,1967,350000,A,,,,
147,516,Namibia,1096,Horses,1967,34000,E,,,,
150,528,Netherlands (Kingdom of the),1096,Horses,1967,116865,A,,,,
153,540,New Caledonia,1096,Horses,1967,8500,E,,,,
155,548,Vanuatu,1096,Horses,1967,1314,A,,,,
156,554,New Zealand,1096,Horses,1967,80000,E,,,,
157,558,Nicaragua,1096,Horses,1967,190000,E,,,,
158,562,Niger,1096,Horses,1967,160000,A,,,,
159,566,Nigeria,1096,Horses,1967,350000,E,,,,
162,578,Norway,1096,Horses,1967,53351,A,,,,
165,586,Pakistan,1096,Horses,1967,380000,E,,,,
166,591,Panama,1096,Horses,1967,148000,E,,,,
168,598,Papua New Guinea,1096,Horses,1967,1314,A,,,,
169,600,Paraguay,1096,Horses,1967,430000,E,,,,
170,604,Peru,1096,Horses,1967,595400,X,,,,
171,608,Philippines,1096,Horses,1967,243800,A,,,,
173,616,Poland,1096,Horses,1967,2642800,A,,,,
174,620,Portugal,1096,Horses,1967,35800,E,,,,
175,624,Guinea-Bissau,1096,Horses,1967,1000,E,,,,
176,626,Timor-Leste,1096,Horses,1967,99381,A,,,,
177,630,Puerto Rico,1096,Horses,1967,19300,E,,,,
179,634,Qatar,1096,Horses,1967,,A,,,,
183,642,Romania,1096,Horses,1967,704600,A,,,,
189,662,Saint Lucia,1096,Horses,1967,1000,E,,,,
193,678,Sao Tome and Principe,1096,Horses,1967,271,A,,,,
194,682,Saudi Arabia,1096,Horses,1967,670,A,,,,
195,686,Senegal,1096,Horses,1967,187000,A,,,,
197,694,Sierra Leone,1096,Horses,1967,,M,,,,
237,704,Viet Nam,1096,Horses,1967,98000,E,,,,
201,706,Somalia,1096,Horses,1967,500,E,,,,
202,710,South Africa,1096,Horses,1967,320000,E,,,,
181,716,Zimbabwe,1096,Horses,1967,7901,A,,,,
203,724,Spain,1096,Horses,1967,316000,A,,,,
206,736,Sudan (former),1096,Horses,1967,20000,E,,,,
207,740,Suriname,1096,Horses,1967,300,E,,,,
209,748,Eswatini,1096,Horses,1967,2354,A,,,,
210,752,Sweden,1096,Horses,1967,78409,A,,,,
211,756,Switzerland,1096,Horses,1967,61600,A,,,,
212,760,Syrian Arab Republic,1096,Horses,1967,62000,A,,,,
216,764,Thailand,1096,Horses,1967,174509,A,,,,
217,768,Togo,1096,Horses,1967,758,A,,,,
219,776,Tonga,1096,Horses,1967,7711,A,,,,
220,780,Trinidad and Tobago,1096,Horses,1967,1000,E,,,,
225,784,United Arab Emirates,1096,Horses,1967,200,E,,,,
222,788,Tunisia,1096,Horses,1967,89000,A,,,,
223,792,Türkiye,1096,Horses,1967,1204000,A,,,,
59,818,Egypt,1096,Horses,1967,59000,A,,,,
229,826,United Kingdom of Great Britain and Northern Ireland,1096,Horses,1967,142642,A,,,,
231,840,United States of America,1096,Horses,1967,3105000,E,,,,
233,854,Burkina Faso,1096,Horses,1967,22000,E,,,,
234,858,Uruguay,1096,Horses,1967,450000,E,,,,
236,862,Venezuela (Bolivarian Republic of),1096,Horses,1967,409680,A,,,,
244,882,Samoa,1096,Horses,1967,2000,X,,,,
249,887,Yemen,1096,Horses,1967,3000,A,,,,
15,58,Belgium-Luxembourg,1096,Horses,1968,185900,A,,,,
50,196,Cyprus,1096,Horses,1968,1400,E,,,,
51,200,Czechoslovakia,1096,Horses,1968,165764,A,,,,
135,474,Martinique,1096,Horses,1968,4000,A,,,,
69,254,French Guiana,1096,Horses,1968,65,E,,,,
182,638,Réunion,1096,Horses,1968,150,A,,,,
62,230,Ethiopia PDR,1096,Horses,1968,1371100,A,,,,
248,890,Yugoslav SFR,1096,Horses,1968,1126000,A,,,,
87,312,Guadeloupe,1096,Horses,1968,1500,E,,,,
228,810,USSR,1096,Horses,1968,8025000,A,,,,
2,4,Afghanistan,1096,Horses,1968,372000,X,,,,
3,8,Albania,1096,Horses,1968,43500,E,,,,
4,12,Algeria,1096,Horses,1968,128660,A,,,,
7,24,Angola,1096,Horses,1968,1000,E,,,,
8,28,Antigua and Barbuda,1096,Horses,1968,630,E,,,,
9,32,Argentina,1096,Horses,1968,3700000,X,,,,
10,36,Australia,1096,Horses,1968,448000,E,,,,
11,40,Austria,1096,Horses,1968,66134,A,,,,
12,44,Bahamas,1096,Horses,1968,3700,E,,,,
14,52,Barbados,1096,Horses,1968,1000,E,,,,
18,64,Bhutan,1096,Horses,1968,12000,E,,,,
19,68,Bolivia (Plurinational State of),1096,Horses,1968,264000,X,,,,
20,72,Botswana,1096,Horses,1968,10126,A,,,,
21,76,Brazil,1096,Horses,1968,4924000,E,,,,
23,84,Belize,1096,Horses,1968,3400,E,,,,
25,90,Solomon Islands,1096,Horses,1968,100,E,,,,
27,100,Bulgaria,1096,Horses,1968,223829,A,,,,
28,104,Myanmar,1096,Horses,1968,53570,A,,,,
115,116,Cambodia,1096,Horses,1968,6800,A,,,,
32,120,Cameroon,1096,Horses,1968,50000,X,,,,
33,124,Canada,1096,Horses,1968,359500,A,,,,
35,132,Cabo Verde,1096,Horses,1968,2500,E,,,,
38,144,Sri Lanka,1096,Horses,1968,2100,E,,,,
39,148,Chad,1096,Horses,1968,150000,A,,,,
40,152,Chile,1096,Horses,1968,481000,X,,,,
41,156,"China, mainland",1096,Horses,1968,8500000,E,,,,
214,158,"China, Taiwan Province of",1096,Horses,1968,98,A,,,,
44,170,Colombia,1096,Horses,1968,1086089,A,,,,
46,178,Congo,1096,Horses,1968,,A,,,,
250,180,Democratic Republic of the Congo,1096,Horses,1968,1000,E,,,,
47,184,Cook Islands,1096,Horses,1968,1600,E,,,,
48,188,Costa Rica,1096,Horses,1968,107000,E,,,,
49,192,Cuba,1096,Horses,1968,697700,A,,,,
53,204,Benin,1096,Horses,1968,2360,A,,,,
54,208,Denmark,1096,Horses,1968,40321,A,,,,
56,214,Dominican Republic,1096,Horses,1968,200000,E,,,,
58,218,Ecuador,1096,Horses,1968,233000,E,,,,
60,222,El Salvador,1096,Horses,1968,76000,E,,,,
66,242,Fiji,1096,Horses,1968,23500,E,,,,
67,246,Finland,1096,Horses,1968,126100,A,,,,
68,250,France,1096,Horses,1968,874400,A,,,,
70,258,French Polynesia,1096,Horses,1968,2220,A,,,,
75,270,Gambia,1096,Horses,1968,6500,E,,,,
79,276,Germany,1096,Horses,1968,501200,A,,,,
81,288,Ghana,1096,Horses,1968,3600,A,,,,
84,300,Greece,1096,Horses,1968,264996,A,,,,
86,308,Grenada,1096,Horses,1968,10,E,,,,
89,320,Guatemala,1096,Horses,1968,152000,E,,,,
90,324,Guinea,1096,Horses,1968,1000,E,,,,
91,328,Guyana,1096,Horses,1968,3650,A,,,,
93,332,Haiti,1096,Horses,1968,318900,E,,,,
95,340,Honduras,1096,Horses,1968,177900,E,,,,
96,344,"China, Hong Kong SAR",1096,Horses,1968,500,E,,,,
97,348,Hungary,1096,Horses,1968,274217,A,,,,
99,352,Iceland,1096,Horses,1968,34885,A,,,,
100,356,India,1096,Horses,1968,1050000,E,,,,
101,360,Indonesia,1096,Horses,1968,612000,A,,,,
102,364,Iran (Islamic Republic of),1096,Horses,1968,316000,A,,,,
103,368,Iraq,1096,Horses,1968,105000,E,,,,
104,372,Ireland,1096,Horses,1968,133600,A,,,,
105,376,Israel,1096,Horses,1968,5700,X,,,,
106,380,Italy,1096,Horses,1968,320000,A,,,,
109,388,Jamaica,1096,Horses,1968,5100,E,,,,
110,392,Japan,1096,Horses,1968,225020,A,,,,
112,400,Jordan,1096,Horses,1968,3290,A,,,,
114,404,Kenya,1096,Horses,1968,2000,E,,,,
116,408,Democratic People's Republic of Korea,1096,Horses,1968,25000,E,,,,
117,410,Republic of Korea,1096,Horses,1968,17152,A,,,,
118,414,Kuwait,1096,Horses,1968,,A,,,,
120,418,Lao People's Democratic Republic,1096,Horses,1968,25000,E,,,,
121,422,Lebanon,1096,Horses,1968,2944,A,,,,
122,426,Lesotho,1096,Horses,1968,68235,A,,,,
124,434,Libya,1096,Horses,1968,30765,A,,,,
129,450,Madagascar,1096,Horses,1968,1990,A,,,,
130,454,Malawi,1096,Horses,1968,44,A,,,,
131,458,Malaysia,1096,Horses,1968,4800,X,,,,
133,466,Mali,1096,Horses,1968,173800,A,,,,
134,470,Malta,1096,Horses,1968,1584,A,,,,
136,478,Mauritania,1096,Horses,1968,16000,X,,,,
137,480,Mauritius,1096,Horses,1968,151,A,,,,
138,484,Mexico,1096,Horses,1968,5037677,A,,,,
141,496,Mongolia,1096,Horses,1968,2328000,A,,,,
143,504,Morocco,1096,Horses,1968,345000,A,,,,
147,516,Namibia,1096,Horses,1968,35000,E,,,,
150,528,Netherlands (Kingdom of the),1096,Horses,1968,115030,A,,,,
153,540,New Caledonia,1096,Horses,1968,8500,E,,,,
155,548,Vanuatu,1096,Horses,1968,1243,A,,,,
156,554,New Zealand,1096,Horses,1968,79500,E,,,,
157,558,Nicaragua,1096,Horses,1968,200000,E,,,,
158,562,Niger,1096,Horses,1968,170000,A,,,,
159,566,Nigeria,1096,Horses,1968,345000,E,,,,
162,578,Norway,1096,Horses,1968,46591,A,,,,
165,586,Pakistan,1096,Horses,1968,380000,E,,,,
166,591,Panama,1096,Horses,1968,146000,E,,,,
168,598,Papua New Guinea,1096,Horses,1968,1243,A,,,,
169,600,Paraguay,1096,Horses,1968,420000,E,,,,
170,604,Peru,1096,Horses,1968,620000,E,,,,
171,608,Philippines,1096,Horses,1968,281700,A,,,,
173,616,Poland,1096,Horses,1968,2672600,A,,,,
174,620,Portugal,1096,Horses,1968,32854,A,,,,
175,624,Guinea-Bissau,1096,Horses,1968,1000,E,,,,
176,626,Timor-Leste,1096,Horses,1968,101024,A,,,,
177,630,Puerto Rico,1096,Horses,1968,20000,E,,,,
179,634,Qatar,1096,Horses,1968,,A,,,,
183,642,Romania,1096,Horses,1968,715100,A,,,,
189,662,Saint Lucia,1096,Horses,1968,1000,E,,,,
193,678,Sao Tome and Principe,1096,Horses,1968,263,A,,,,
194,682,Saudi Arabia,1096,Horses,1968,885,A,,,,
195,686,Senegal,1096,Horses,1968,191000,A,,,,
197,694,Sierra Leone,1096,Horses,1968,,M,,,,
237,704,Viet Nam,1096,Horses,1968,100000,E,,,,
201,706,Somalia,1096,Horses,1968,500,E,,,,
202,710,South Africa,1096,Horses,1968,300000,E,,,,
181,716,Zimbabwe,1096,Horses,1968,8219,A,,,,
203,724,Spain,1096,Horses,1968,300000,A,,,,
206,736,Sudan (former),1096,Horses,1968,20000,E,,,,
207,740,Suriname,1096,Horses,1968,260,X,,,,
209,748,Eswatini,1096,Horses,1968,2207,A,,,,
210,752,Sweden,1096,Horses,1968,68561,A,,,,
211,756,Switzerland,1096,Horses,1968,59140,A,,,,
212,760,Syrian Arab Republic,1096,Horses,1968,62477,A,,,,
216,764,Thailand,1096,Horses,1968,174392,A,,,,
217,768,Togo,1096,Horses,1968,812,A,,,,
219,776,Tonga,1096,Horses,1968,8035,A,,,,
220,780,Trinidad and Tobago,1096,Horses,1968,1000,E,,,,
225,784,United Arab Emirates,1096,Horses,1968,200,E,,,,
222,788,Tunisia,1096,Horses,1968,90000,E,,,,
223,792,Türkiye,1096,Horses,1968,1183000,A,,,,
59,818,Egypt,1096,Horses,1968,35000,A,,,,
229,826,United Kingdom of Great Britain and Northern Ireland,1096,Horses,1968,140686,A,,,,
231,840,United States of America,1096,Horses,1968,3475000,E,,,,
233,854,Burkina Faso,1096,Horses,1968,22000,E,,,,
234,858,Uruguay,1096,Horses,1968,440000,E,,,,
236,862,Venezuela (Bolivarian Republic of),1096,Horses,1968,414186,A,,,,
244,882,Samoa,1096,Horses,1968,2924,A,,,,
249,887,Yemen,1096,Horses,1968,3000,A,,,,
51,200,Czechoslovakia,1096,Horses,1969,156273,A,,,,
248,890,Yugoslav SFR,1096,Horses,1969,1109000,A,,,,
87,312,Guadeloupe,1096,Horses,1969,1600,E,,,,
135,474,Martinique,1096,Horses,1969,3500,A,,,,
182,638,Réunion,1096,Horses,1969,120,A,,,,
50,196,Cyprus,1096,Horses,1969,1350,E,,,,
62,230,Ethiopia PDR,1096,Horses,1969,1381800,A,,,,
228,810,USSR,1096,Horses,1969,8000000,A,,,,
15,58,Belgium-Luxembourg,1096,Horses,1969,177600,A,,,,
69,254,French Guiana,1096,Horses,1969,70,E,,,,
2,4,Afghanistan,1096,Horses,1969,369000,X,,,,
3,8,Albania,1096,Horses,1969,43500,E,,,,
4,12,Algeria,1096,Horses,1969,139080,A,,,,
7,24,Angola,1096,Horses,1969,1000,E,,,,
8,28,Antigua and Barbuda,1096,Horses,1969,620,E,,,,
9,32,Argentina,1096,Horses,1969,3040000,A,,,,
10,36,Australia,1096,Horses,1969,457000,E,,,,
11,40,Austria,1096,Horses,1969,58875,A,,,,
12,44,Bahamas,1096,Horses,1969,3800,E,,,,
14,52,Barbados,1096,Horses,1969,1000,E,,,,
18,64,Bhutan,1096,Horses,1969,12500,E,,,,
19,68,Bolivia (Plurinational State of),1096,Horses,1969,284000,X,,,,
20,72,Botswana,1096,Horses,1969,11000,A,,,,
21,76,Brazil,1096,Horses,1969,4875000,E,,,,
23,84,Belize,1096,Horses,1969,3500,E,,,,
25,90,Solomon Islands,1096,Horses,1969,100,E,,,,
27,100,Bulgaria,1096,Horses,1969,199312,A,,,,
28,104,Myanmar,1096,Horses,1969,59013,A,,,,
115,116,Cambodia,1096,Horses,1969,8884,A,,,,
32,120,Cameroon,1096,Horses,1969,50000,X,,,,
33,124,Canada,1096,Horses,1969,355600,A,,,,
35,132,Cabo Verde,1096,Horses,1969,2860,A,,,,
38,144,Sri Lanka,1096,Horses,1969,1900,E,,,,
39,148,Chad,1096,Horses,1969,150000,A,,,,
40,152,Chile,1096,Horses,1969,480000,X,,,,
41,156,"China, mainland",1096,Horses,1969,8800000,E,,,,
214,158,"China, Taiwan Province of",1096,Horses,1969,95,A,,,,
44,170,Colombia,1096,Horses,1969,1110772,A,,,,
46,178,Congo,1096,Horses,1969,,A,,,,
250,180,Democratic Republic of the Congo,1096,Horses,1969,1000,E,,,,
47,184,Cook Islands,1096,Horses,1969,1580,E,,,,
48,188,Costa Rica,1096,Horses,1969,106682,X,,,,
49,192,Cuba,1096,Horses,1969,710800,A,,,,
53,204,Benin,1096,Horses,1969,3000,E,,,,
54,208,Denmark,1096,Horses,1969,41706,A,,,,
56,214,Dominican Republic,1096,Horses,1969,190000,E,,,,
58,218,Ecuador,1096,Horses,1969,237000,E,,,,
60,222,El Salvador,1096,Horses,1969,77000,E,,,,
66,242,Fiji,1096,Horses,1969,24769,A,,,,
67,246,Finland,1096,Horses,1969,101300,A,,,,
68,250,France,1096,Horses,1969,749900,A,,,,
70,258,French Polynesia,1096,Horses,1969,2000,A,,,,
75,270,Gambia,1096,Horses,1969,7000,E,,,,
79,276,Germany,1096,Horses,1969,451700,A,,,,
81,288,Ghana,1096,Horses,1969,3800,E,,,,
84,300,Greece,1096,Horses,1969,266525,A,,,,
86,308,Grenada,1096,Horses,1969,12,E,,,,
89,320,Guatemala,1096,Horses,1969,145000,E,,,,
90,324,Guinea,1096,Horses,1969,1000,E,,,,
91,328,Guyana,1096,Horses,1969,3600,A,,,,
93,332,Haiti,1096,Horses,1969,326900,E,,,,
95,340,Honduras,1096,Horses,1969,174900,E,,,,
96,344,"China, Hong Kong SAR",1096,Horses,1969,500,E,,,,
97,348,Hungary,1096,Horses,1969,249415,A,,,,
99,352,Iceland,1096,Horses,1969,34671,A,,,,
100,356,India,1096,Horses,1969,1050000,E,,,,
101,360,Indonesia,1096,Horses,1969,642000,A,,,,
102,364,Iran (Islamic Republic of),1096,Horses,1969,310000,E,,,,
103,368,Iraq,1096,Horses,1969,102000,E,,,,
104,372,Ireland,1096,Horses,1969,124900,A,,,,
105,376,Israel,1096,Horses,1969,5400,X,,,,
106,380,Italy,1096,Horses,1969,310200,A,,,,
109,388,Jamaica,1096,Horses,1969,4900,E,,,,
110,392,Japan,1096,Horses,1969,198093,A,,,,
112,400,Jordan,1096,Horses,1969,9444,A,,,,
114,404,Kenya,1096,Horses,1969,2000,E,,,,
116,408,Democratic People's Republic of Korea,1096,Horses,1969,26000,E,,,,
117,410,Republic of Korea,1096,Horses,1969,16000,E,,,,
118,414,Kuwait,1096,Horses,1969,,A,,,,
120,418,Lao People's Democratic Republic,1096,Horses,1969,26000,E,,,,
121,422,Lebanon,1096,Horses,1969,2950,A,,,,
122,426,Lesotho,1096,Horses,1969,88322,A,,,,
124,434,Libya,1096,Horses,1969,27220,A,,,,
129,450,Madagascar,1096,Horses,1969,2083,A,,,,
130,454,Malawi,1096,Horses,1969,67,A,,,,
131,458,Malaysia,1096,Horses,1969,4792,A,,,,
133,466,Mali,1096,Horses,1969,170000,A,,,,
134,470,Malta,1096,Horses,1969,1608,A,,,,
136,478,Mauritania,1096,Horses,1969,16000,E,,,,
137,480,Mauritius,1096,Horses,1969,150,E,,,,
138,484,Mexico,1096,Horses,1969,5407550,A,,,,
141,496,Mongolia,1096,Horses,1969,2220000,A,,,,
143,504,Morocco,1096,Horses,1969,380000,A,,,,
147,516,Namibia,1096,Horses,1969,36000,E,,,,
150,528,Netherlands (Kingdom of the),1096,Horses,1969,110469,A,,,,
153,540,New Caledonia,1096,Horses,1969,10400,A,,,,
155,548,Vanuatu,1096,Horses,1969,1213,A,,,,
156,554,New Zealand,1096,Horses,1969,76000,A,,,,
157,558,Nicaragua,1096,Horses,1969,205000,E,,,,
158,562,Niger,1096,Horses,1969,190000,A,,,,
159,566,Nigeria,1096,Horses,1969,340000,E,,,,
162,578,Norway,1096,Horses,1969,41884,A,,,,
165,586,Pakistan,1096,Horses,1969,385000,E,,,,
166,591,Panama,1096,Horses,1969,144000,E,,,,
168,598,Papua New Guinea,1096,Horses,1969,1213,A,,,,
169,600,Paraguay,1096,Horses,1969,360000,E,,,,
170,604,Peru,1096,Horses,1969,640000,E,,,,
171,608,Philippines,1096,Horses,1969,295300,A,,,,
173,616,Poland,1096,Horses,1969,2633300,A,,,,
174,620,Portugal,1096,Horses,1969,34500,E,,,,
175,624,Guinea-Bissau,1096,Horses,1969,1000,E,,,,
176,626,Timor-Leste,1096,Horses,1969,104854,A,,,,
177,630,Puerto Rico,1096,Horses,1969,19000,E,,,,
179,634,Qatar,1096,Horses,1969,,A,,,,
183,642,Romania,1096,Horses,1969,702500,A,,,,
189,662,Saint Lucia,1096,Horses,1969,1000,E,,,,
193,678,Sao Tome and Principe,1096,Horses,1969,235,A,,,,
194,682,Saudi Arabia,1096,Horses,1969,950,E,,,,
195,686,Senegal,1096,Horses,1969,197000,A,,,,
197,694,Sierra Leone,1096,Horses,1969,,M,,,,
237,704,Viet Nam,1096,Horses,1969,103000,E,,,,
201,706,Somalia,1096,Horses,1969,500,E,,,,
202,710,South Africa,1096,Horses,1969,280000,E,,,,
181,716,Zimbabwe,1096,Horses,1969,8117,A,,,,
203,724,Spain,1096,Horses,1969,305740,A,,,,
206,736,Sudan (former),1096,Horses,1969,20000,E,,,,
207,740,Suriname,1096,Horses,1969,225,X,,,,
209,748,Eswatini,1096,Horses,1969,2130,A,,,,
210,752,Sweden,1096,Horses,1969,64000,E,,,,
211,756,Switzerland,1096,Horses,1969,55740,A,,,,
212,760,Syrian Arab Republic,1096,Horses,1969,64303,A,,,,
216,764,Thailand,1096,Horses,1969,173209,A,,,,
217,768,Togo,1096,Horses,1969,800,A,,,,
219,776,Tonga,1096,Horses,1969,8216,A,,,,
220,780,Trinidad and Tobago,1096,Horses,1969,1000,E,,,,
225,784,United Arab Emirates,1096,Horses,1969,200,E,,,,
222,788,Tunisia,1096,Horses,1969,95000,E,,,,
223,792,Türkiye,1096,Horses,1969,1151000,A,,,,
59,818,Egypt,1096,Horses,1969,35000,A,,,,
229,826,United Kingdom of Great Britain and Northern Ireland,1096,Horses,1969,144674,A,,,,
231,840,United States of America,1096,Horses,1969,3758000,E,,,,
233,854,Burkina Faso,1096,Horses,1969,22000,E,,,,
234,858,Uruguay,1096,Horses,1969,440000,E,,,,
236,862,Venezuela (Bolivarian Republic of),1096,Horses,1969,418701,A,,,,
244,882,Samoa,1096,Horses,1969,3059,A,,,,
249,887,Yemen,1096,Horses,1969,2000,A,,,,
87,312,Guadeloupe,1096,Horses,1970,1900,E,,,,
248,890,Yugoslav SFR,1096,Horses,1970,1076000,A,,,,
51,200,Czechoslovakia,1096,Horses,1970,144057,A,,,,
182,638,Réunion,1096,Horses,1970,80,E,,,,
69,254,French Guiana,1096,Horses,1970,70,E,,,,
50,196,Cyprus,1096,Horses,1970,1300,E,,,,
135,474,Martinique,1096,Horses,1970,3500,A,,,,
62,230,Ethiopia PDR,1096,Horses,1970,1392900,A,,,,
228,810,USSR,1096,Horses,1970,7522000,A,,,,
15,58,Belgium-Luxembourg,1096,Horses,1970,173000,A,,,,
2,4,Afghanistan,1096,Horses,1970,415000,X,,,,
3,8,Albania,1096,Horses,1970,43500,E,,,,
4,12,Algeria,1096,Horses,1970,143400,A,,,,
7,24,Angola,1096,Horses,1970,1000,E,,,,
8,28,Antigua and Barbuda,1096,Horses,1970,620,E,,,,
9,32,Argentina,1096,Horses,1970,3620000,X,,,,
10,36,Australia,1096,Horses,1970,455682,A,,,,
11,40,Austria,1096,Horses,1970,52642,A,,,,
12,44,Bahamas,1096,Horses,1970,3900,E,,,,
14,52,Barbados,1096,Horses,1970,1000,E,,,,
18,64,Bhutan,1096,Horses,1970,12700,E,,,,
19,68,Bolivia (Plurinational State of),1096,Horses,1970,290000,E,,,,
20,72,Botswana,1096,Horses,1970,13305,A,,,,
21,76,Brazil,1096,Horses,1970,4850000,E,,,,
23,84,Belize,1096,Horses,1970,3600,E,,,,
25,90,Solomon Islands,1096,Horses,1970,100,E,,,,
27,100,Bulgaria,1096,Horses,1970,181555,A,,,,
28,104,Myanmar,1096,Horses,1970,65342,A,,,,
115,116,Cambodia,1096,Horses,1970,8600,E,,,,
32,120,Cameroon,1096,Horses,1970,45000,E,,,,
33,124,Canada,1096,Horses,1970,369900,A,,,,
35,132,Cabo Verde,1096,Horses,1970,1989,A,,,,
38,144,Sri Lanka,1096,Horses,1970,1800,E,,,,
39,148,Chad,1096,Horses,1970,150000,A,,,,
40,152,Chile,1096,Horses,1970,478000,X,,,,
41,156,"China, mainland",1096,Horses,1970,9200000,E,,,,
214,158,"China, Taiwan Province of",1096,Horses,1970,64,A,,,,
44,170,Colombia,1096,Horses,1970,1123320,A,,,,
46,178,Congo,1096,Horses,1970,,A,,,,
250,180,Democratic Republic of the Congo,1096,Horses,1970,1000,E,,,,
47,184,Cook Islands,1096,Horses,1970,1539,A,,,,
48,188,Costa Rica,1096,Horses,1970,108600,X,,,,
49,192,Cuba,1096,Horses,1970,724700,A,,,,
53,204,Benin,1096,Horses,1970,3500,E,,,,
54,208,Denmark,1096,Horses,1970,45413,A,,,,
56,214,Dominican Republic,1096,Horses,1970,180000,E,,,,
58,218,Ecuador,1096,Horses,1970,240000,E,,,,
60,222,El Salvador,1096,Horses,1970,79000,E,,,,
66,242,Fiji,1096,Horses,1970,25500,E,,,,
67,246,Finland,1096,Horses,1970,89800,A,,,,
68,250,France,1096,Horses,1970,696500,A,,,,
70,258,French Polynesia,1096,Horses,1970,1900,A,,,,
75,270,Gambia,1096,Horses,1970,7500,E,,,,
79,276,Germany,1096,Horses,1970,401666,A,,,,
81,288,Ghana,1096,Horses,1970,3800,E,,,,
84,300,Greece,1096,Horses,1970,254871,A,,,,
86,308,Grenada,1096,Horses,1970,12,E,,,,
89,320,Guatemala,1096,Horses,1970,140000,E,,,,
90,324,Guinea,1096,Horses,1970,1000,E,,,,
91,328,Guyana,1096,Horses,1970,3650,A,,,,
93,332,Haiti,1096,Horses,1970,335200,E,,,,
95,340,Honduras,1096,Horses,1970,172000,E,,,,
96,344,"China, Hong Kong SAR",1096,Horses,1970,500,E,,,,
97,348,Hungary,1096,Horses,1970,231486,A,,,,
99,352,Iceland,1096,Horses,1970,34498,A,,,,
100,356,India,1096,Horses,1970,1000000,E,,,,
101,360,Indonesia,1096,Horses,1970,692000,A,,,,
102,364,Iran (Islamic Republic of),1096,Horses,1970,300000,E,,,,
103,368,Iraq,1096,Horses,1970,98000,E,,,,
104,372,Ireland,1096,Horses,1970,124300,A,,,,
105,376,Israel,1096,Horses,1970,5200,X,,,,
106,380,Italy,1096,Horses,1970,296000,A,,,,
109,388,Jamaica,1096,Horses,1970,4600,E,,,,
110,392,Japan,1096,Horses,1970,145356,A,,,,
112,400,Jordan,1096,Horses,1970,6806,A,,,,
114,404,Kenya,1096,Horses,1970,2000,E,,,,
116,408,Democratic People's Republic of Korea,1096,Horses,1970,26000,E,,,,
117,410,Republic of Korea,1096,Horses,1970,12501,A,,,,
118,414,Kuwait,1096,Horses,1970,,A,,,,
120,418,Lao People's Democratic Republic,1096,Horses,1970,27000,E,,,,
121,422,Lebanon,1096,Horses,1970,3858,A,,,,
122,426,Lesotho,1096,Horses,1970,109700,A,,,,
124,434,Libya,1096,Horses,1970,25590,A,,,,
129,450,Madagascar,1096,Horses,1970,1711,A,,,,
130,454,Malawi,1096,Horses,1970,39,A,,,,
131,458,Malaysia,1096,Horses,1970,4689,A,,,,
133,466,Mali,1096,Horses,1970,170000,A,,,,
134,470,Malta,1096,Horses,1970,1455,A,,,,
136,478,Mauritania,1096,Horses,1970,18000,E,,,,
137,480,Mauritius,1096,Horses,1970,150,E,,,,
138,484,Mexico,1096,Horses,1970,5742798,A,,,,
141,496,Mongolia,1096,Horses,1970,2249000,A,,,,
143,504,Morocco,1096,Horses,1970,390000,E,,,,
147,516,Namibia,1096,Horses,1970,36000,E,,,,
150,528,Netherlands (Kingdom of the),1096,Horses,1970,98897,A,,,,
153,540,New Caledonia,1096,Horses,1970,10000,E,,,,
155,548,Vanuatu,1096,Horses,1970,1200,E,,,,
156,554,New Zealand,1096,Horses,1970,75561,A,,,,
157,558,Nicaragua,1096,Horses,1970,210000,E,,,,
158,562,Niger,1096,Horses,1970,200000,A,,,,
159,566,Nigeria,1096,Horses,1970,335000,E,,,,
162,578,Norway,1096,Horses,1970,35177,A,,,,
165,586,Pakistan,1096,Horses,1970,385000,E,,,,
166,591,Panama,1096,Horses,1970,144000,E,,,,
168,598,Papua New Guinea,1096,Horses,1970,975,A,,,,
169,600,Paraguay,1096,Horses,1970,325700,A,,,,
170,604,Peru,1096,Horses,1970,667000,X,,,,
171,608,Philippines,1096,Horses,1970,294500,A,,,,
173,616,Poland,1096,Horses,1970,2585200,A,,,,
174,620,Portugal,1096,Horses,1970,35800,E,,,,
175,624,Guinea-Bissau,1096,Horses,1970,1000,E,,,,
176,626,Timor-Leste,1096,Horses,1970,106772,A,,,,
177,630,Puerto Rico,1096,Horses,1970,18000,E,,,,
179,634,Qatar,1096,Horses,1970,,A,,,,
183,642,Romania,1096,Horses,1970,686200,A,,,,
189,662,Saint Lucia,1096,Horses,1970,1000,E,,,,
193,678,Sao Tome and Principe,1096,Horses,1970,227,A,,,,
194,682,Saudi Arabia,1096,Horses,1970,1000,E,,,,
195,686,Senegal,1096,Horses,1970,200000,A,,,,
197,694,Sierra Leone,1096,Horses,1970,,M,,,,
237,704,Viet Nam,1096,Horses,1970,105000,E,,,,
201,706,Somalia,1096,Horses,1970,550,E,,,,
202,710,South Africa,1096,Horses,1970,252000,A,,,,
181,716,Zimbabwe,1096,Horses,1970,13000,A,,,,
203,724,Spain,1096,Horses,1970,285118,A,,,,
206,736,Sudan (former),1096,Horses,1970,20000,E,,,,
207,740,Suriname,1096,Horses,1970,200,X,,,,
209,748,Eswatini,1096,Horses,1970,2270,A,,,,
210,752,Sweden,1096,Horses,1970,60652,A,,,,
211,756,Switzerland,1096,Horses,1970,52650,A,,,,
212,760,Syrian Arab Republic,1096,Horses,1970,78384,A,,,,
216,764,Thailand,1096,Horses,1970,172025,A,,,,
217,768,Togo,1096,Horses,1970,981,A,,,,
219,776,Tonga,1096,Horses,1970,7323,A,,,,
220,780,Trinidad and Tobago,1096,Horses,1970,1000,E,,,,
225,784,United Arab Emirates,1096,Horses,1970,200,E,,,,
222,788,Tunisia,1096,Horses,1970,96000,E,,,,
223,792,Türkiye,1096,Horses,1970,1110000,A,,,,
59,818,Egypt,1096,Horses,1970,35000,A,,,,
229,826,United Kingdom of Great Britain and Northern Ireland,1096,Horses,1970,144662,A,,,,
231,840,United States of America,1096,Horses,1970,4141000,E,,,,
233,854,Burkina Faso,1096,Horses,1970,22000,E,,,,
234,858,Uruguay,1096,Horses,1970,420972,A,,,,
236,862,Venezuela (Bolivarian Republic of),1096,Horses,1970,423265,A,,,,
244,882,Samoa,1096,Horses,1970,3204,A,,,,
249,887,Yemen,1096,Horses,1970,3000,A,,,,
69,254,French Guiana,1096,Horses,1971,80,E,,,,
15,58,Belgium-Luxembourg,1096,Horses,1971,164700,A,,,,
51,200,Czechoslovakia,1096,Horses,1971,131154,A,,,,
228,810,USSR,1096,Horses,1971,7400000,A,,,,
62,230,Ethiopia PDR,1096,Horses,1971,1404100,A,,,,
87,312,Guadeloupe,1096,Horses,1971,2300,A,,,,
182,638,Réunion,1096,Horses,1971,100,E,,,,
135,474,Martinique,1096,Horses,1971,3500,A,,,,
248,890,Yugoslav SFR,1096,Horses,1971,1048000,A,,,,
50,196,Cyprus,1096,Horses,1971,1300,E,,,,
2,4,Afghanistan,1096,Horses,1971,415000,X,,,,
3,8,Albania,1096,Horses,1971,43000,E,,,,
4,12,Algeria,1096,Horses,1971,142950,A,,,,
7,24,Angola,1096,Horses,1971,1000,E,,,,
8,28,Antigua and Barbuda,1096,Horses,1971,600,E,,,,
9,32,Argentina,1096,Horses,1971,3600000,X,,,,
10,36,Australia,1096,Horses,1971,450000,X,,,,
11,40,Austria,1096,Horses,1971,47347,A,,,,
12,44,Bahamas,1096,Horses,1971,4000,E,,,,
14,52,Barbados,1096,Horses,1971,1000,E,,,,
18,64,Bhutan,1096,Horses,1971,13000,E,,,,
19,68,Bolivia (Plurinational State of),1096,Horses,1971,300000,E,,,,
20,72,Botswana,1096,Horses,1971,13394,A,,,,
21,76,Brazil,1096,Horses,1971,4859254,A,,,,
23,84,Belize,1096,Horses,1971,3800,E,,,,
25,90,Solomon Islands,1096,Horses,1971,100,X,,,,
27,100,Bulgaria,1096,Horses,1971,169499,A,,,,
28,104,Myanmar,1096,Horses,1971,71538,A,,,,
115,116,Cambodia,1096,Horses,1971,9000,E,,,,
32,120,Cameroon,1096,Horses,1971,40000,E,,,,
33,124,Canada,1096,Horses,1971,361900,A,,,,
35,132,Cabo Verde,1096,Horses,1971,1789,A,,,,
38,144,Sri Lanka,1096,Horses,1971,1600,E,,,,
39,148,Chad,1096,Horses,1971,160000,E,,,,
40,152,Chile,1096,Horses,1971,475000,X,,,,
41,156,"China, mainland",1096,Horses,1971,9648000,A,,,,
214,158,"China, Taiwan Province of",1096,Horses,1971,92,A,,,,
44,170,Colombia,1096,Horses,1971,1108000,X,,,,
46,178,Congo,1096,Horses,1971,,A,,,,
250,180,Democratic Republic of the Congo,1096,Horses,1971,664,A,,,,
47,184,Cook Islands,1096,Horses,1971,1539,A,,,,
48,188,Costa Rica,1096,Horses,1971,110600,X,,,,
49,192,Cuba,1096,Horses,1971,746800,A,,,,
53,204,Benin,1096,Horses,1971,3556,A,,,,
54,208,Denmark,1096,Horses,1971,46598,A,,,,
56,214,Dominican Republic,1096,Horses,1971,182720,A,,,,
58,218,Ecuador,1096,Horses,1971,250000,E,,,,
60,222,El Salvador,1096,Horses,1971,80944,A,,,,
66,242,Fiji,1096,Horses,1971,27000,E,,,,
67,246,Finland,1096,Horses,1971,72900,A,,,,
68,250,France,1096,Horses,1971,626000,A,,,,
70,258,French Polynesia,1096,Horses,1971,2200,E,,,,
75,270,Gambia,1096,Horses,1971,8000,E,,,,
79,276,Germany,1096,Horses,1971,378533,A,,,,
81,288,Ghana,1096,Horses,1971,4000,E,,,,
84,300,Greece,1096,Horses,1971,232133,A,,,,
86,308,Grenada,1096,Horses,1971,12,E,,,,
89,320,Guatemala,1096,Horses,1971,135000,E,,,,
90,324,Guinea,1096,Horses,1971,950,E,,,,
91,328,Guyana,1096,Horses,1971,3723,A,,,,
93,332,Haiti,1096,Horses,1971,343600,E,,,,
95,340,Honduras,1096,Horses,1971,169000,E,,,,
96,344,"China, Hong Kong SAR",1096,Horses,1971,500,E,,,,
97,348,Hungary,1096,Horses,1971,218691,A,,,,
99,352,Iceland,1096,Horses,1971,33472,A,,,,
100,356,India,1096,Horses,1971,980000,E,,,,
101,360,Indonesia,1096,Horses,1971,665000,A,,,,
102,364,Iran (Islamic Republic of),1096,Horses,1971,282000,A,,,,
103,368,Iraq,1096,Horses,1971,95000,E,,,,
104,372,Ireland,1096,Horses,1971,117200,A,,,,
105,376,Israel,1096,Horses,1971,5000,X,,,,
106,380,Italy,1096,Horses,1971,270880,A,,,,
109,388,Jamaica,1096,Horses,1971,4400,E,,,,
110,392,Japan,1096,Horses,1971,130696,A,,,,
112,400,Jordan,1096,Horses,1971,5817,A,,,,
114,404,Kenya,1096,Horses,1971,2000,E,,,,
116,408,Democratic People's Republic of Korea,1096,Horses,1971,27000,E,,,,
117,410,Republic of Korea,1096,Horses,1971,10502,A,,,,
118,414,Kuwait,1096,Horses,1971,,A,,,,
120,418,Lao People's Democratic Republic,1096,Horses,1971,28000,E,,,,
121,422,Lebanon,1096,Horses,1971,3900,A,,,,
122,426,Lesotho,1096,Horses,1971,110000,E,,,,
124,434,Libya,1096,Horses,1971,16758,A,,,,
129,450,Madagascar,1096,Horses,1971,1716,A,,,,
130,454,Malawi,1096,Horses,1971,49,A,,,,
131,458,Malaysia,1096,Horses,1971,4861,A,,,,
133,466,Mali,1096,Horses,1971,170000,E,,,,
134,470,Malta,1096,Horses,1971,1407,A,,,,
136,478,Mauritania,1096,Horses,1971,18000,E,,,,
137,480,Mauritius,1096,Horses,1971,150,E,,,,
138,484,Mexico,1096,Horses,1971,5947000,A,,,,
141,496,Mongolia,1096,Horses,1971,2317900,A,,,,
143,504,Morocco,1096,Horses,1971,371000,A,,,,
147,516,Namibia,1096,Horses,1971,37000,E,,,,
150,528,Netherlands (Kingdom of the),1096,Horses,1971,75000,E,,,,
153,540,New Caledonia,1096,Horses,1971,10275,X,,,,
155,548,Vanuatu,1096,Horses,1971,1100,E,,,,
156,554,New Zealand,1096,Horses,1971,74000,A,,,,
157,558,Nicaragua,1096,Horses,1971,220000,E,,,,
158,562,Niger,1096,Horses,1971,235806,A,,,,
159,566,Nigeria,1096,Horses,1971,300000,E,,,,
162,578,Norway,1096,Horses,1971,30943,A,,,,
165,586,Pakistan,1096,Horses,1971,385000,E,,,,
166,591,Panama,1096,Horses,1971,143722,A,,,,
168,598,Papua New Guinea,1096,Horses,1971,957,A,,,,
169,600,Paraguay,1096,Horses,1971,315900,A,,,,
170,604,Peru,1096,Horses,1971,700000,X,,,,
171,608,Philippines,1096,Horses,1971,270000,E,,,,
173,616,Poland,1096,Horses,1971,2501300,A,,,,
174,620,Portugal,1096,Horses,1971,37700,E,,,,
175,624,Guinea-Bissau,1096,Horses,1971,1000,E,,,,
176,626,Timor-Leste,1096,Horses,1971,114152,A,,,,
177,630,Puerto Rico,1096,Horses,1971,17000,E,,,,
179,634,Qatar,1096,Horses,1971,,A,,,,
183,642,Romania,1096,Horses,1971,668000,A,,,,
189,662,Saint Lucia,1096,Horses,1971,1000,E,,,,
193,678,Sao Tome and Principe,1096,Horses,1971,215,A,,,,
194,682,Saudi Arabia,1096,Horses,1971,1000,E,,,,
195,686,Senegal,1096,Horses,1971,205000,A,,,,
197,694,Sierra Leone,1096,Horses,1971,,M,,,,
237,704,Viet Nam,1096,Horses,1971,108000,E,,,,
201,706,Somalia,1096,Horses,1971,550,E,,,,
202,710,South Africa,1096,Horses,1971,242000,A,,,,
181,716,Zimbabwe,1096,Horses,1971,13000,A,,,,
203,724,Spain,1096,Horses,1971,282000,A,,,,
206,736,Sudan (former),1096,Horses,1971,20000,E,,,,
207,740,Suriname,1096,Horses,1971,200,E,,,,
209,748,Eswatini,1096,Horses,1971,2172,A,,,,
210,752,Sweden,1096,Horses,1971,54604,A,,,,
211,756,Switzerland,1096,Horses,1971,49660,A,,,,
212,760,Syrian Arab Republic,1096,Horses,1971,66143,A,,,,
216,764,Thailand,1096,Horses,1971,145000,E,,,,
217,768,Togo,1096,Horses,1971,1512,A,,,,
219,776,Tonga,1096,Horses,1971,6966,A,,,,
220,780,Trinidad and Tobago,1096,Horses,1971,1000,E,,,,
225,784,United Arab Emirates,1096,Horses,1971,200,E,,,,
222,788,Tunisia,1096,Horses,1971,98000,E,,,,
223,792,Türkiye,1096,Horses,1971,1049000,A,,,,
59,818,Egypt,1096,Horses,1971,32000,A,,,,
229,826,United Kingdom of Great Britain and Northern Ireland,1096,Horses,1971,140681,A,,,,
231,840,United States of America,1096,Horses,1971,4557000,E,,,,
233,854,Burkina Faso,1096,Horses,1971,22000,E,,,,
234,858,Uruguay,1096,Horses,1971,420000,E,,,,
236,862,Venezuela (Bolivarian Republic of),1096,Horses,1971,427798,A,,,,
244,882,Samoa,1096,Horses,1971,3000,A,,,,
249,887,Yemen,1096,Horses,1971,4000,A,,,,
182,638,Réunion,1096,Horses,1972,50,A,,,,
228,810,USSR,1096,Horses,1972,7320000,A,,,,
248,890,Yugoslav SFR,1096,Horses,1972,1015000,A,,,,
87,312,Guadeloupe,1096,Horses,1972,2350,A,,,,
135,474,Martinique,1096,Horses,1972,3500,A,,,,
51,200,Czechoslovakia,1096,Horses,1972,117691,A,,,,
62,230,Ethiopia PDR,1096,Horses,1972,1415400,A,,,,
69,254,French Guiana,1096,Horses,1972,85,E,,,,
50,196,Cyprus,1096,Horses,1972,1200,E,,,,
15,58,Belgium-Luxembourg,1096,Horses,1972,155800,A,,,,
2,4,Afghanistan,1096,Horses,1972,369000,X,,,,
3,8,Albania,1096,Horses,1972,42000,E,,,,
4,12,Algeria,1096,Horses,1972,141670,A,,,,
7,24,Angola,1096,Horses,1972,1000,E,,,,
8,28,Antigua and Barbuda,1096,Horses,1972,600,E,,,,
9,32,Argentina,1096,Horses,1972,3540000,X,,,,
10,36,Australia,1096,Horses,1972,450000,X,,,,
11,40,Austria,1096,Horses,1972,43335,A,,,,
12,44,Bahamas,1096,Horses,1972,4000,E,,,,
14,52,Barbados,1096,Horses,1972,1000,E,,,,
18,64,Bhutan,1096,Horses,1972,13300,E,,,,
19,68,Bolivia (Plurinational State of),1096,Horses,1972,300000,E,,,,
20,72,Botswana,1096,Horses,1972,8251,A,,,,
21,76,Brazil,1096,Horses,1972,4910000,E,,,,
23,84,Belize,1096,Horses,1972,4000,E,,,,
25,90,Solomon Islands,1096,Horses,1972,100,X,,,,
27,100,Bulgaria,1096,Horses,1972,158669,A,,,,
28,104,Myanmar,1096,Horses,1972,77000,A,,,,
115,116,Cambodia,1096,Horses,1972,9500,E,,,,
32,120,Cameroon,1096,Horses,1972,35000,E,,,,
33,124,Canada,1096,Horses,1972,359500,A,,,,
35,132,Cabo Verde,1096,Horses,1972,1700,E,,,,
38,144,Sri Lanka,1096,Horses,1972,1500,E,,,,
39,148,Chad,1096,Horses,1972,178000,A,,,,
40,152,Chile,1096,Horses,1972,480000,X,,,,
41,156,"China, mainland",1096,Horses,1972,9926000,A,,,,
214,158,"China, Taiwan Province of",1096,Horses,1972,86,A,,,,
44,170,Colombia,1096,Horses,1972,1245000,X,,,,
46,178,Congo,1096,Horses,1972,,A,,,,
250,180,Democratic Republic of the Congo,1096,Horses,1972,803,A,,,,
47,184,Cook Islands,1096,Horses,1972,1700,A,,,,
48,188,Costa Rica,1096,Horses,1972,112600,X,,,,
49,192,Cuba,1096,Horses,1972,764500,A,,,,
53,204,Benin,1096,Horses,1972,3855,A,,,,
54,208,Denmark,1096,Horses,1972,47870,A,,,,
56,214,Dominican Republic,1096,Horses,1972,180000,E,,,,
58,218,Ecuador,1096,Horses,1972,255000,E,,,,
60,222,El Salvador,1096,Horses,1972,80944,A,,,,
66,242,Fiji,1096,Horses,1972,29000,E,,,,
67,246,Finland,1096,Horses,1972,59900,A,,,,
68,250,France,1096,Horses,1972,524200,A,,,,
70,258,French Polynesia,1096,Horses,1972,2100,E,,,,
75,270,Gambia,1096,Horses,1972,8500,E,,,,
79,276,Germany,1096,Horses,1972,370838,A,,,,
81,288,Ghana,1096,Horses,1972,4000,E,,,,
84,300,Greece,1096,Horses,1972,216042,A,,,,
86,308,Grenada,1096,Horses,1972,12,E,,,,
89,320,Guatemala,1096,Horses,1972,130000,E,,,,
90,324,Guinea,1096,Horses,1972,950,E,,,,
91,328,Guyana,1096,Horses,1972,3800,A,,,,
93,332,Haiti,1096,Horses,1972,352300,E,,,,
95,340,Honduras,1096,Horses,1972,166000,E,,,,
96,344,"China, Hong Kong SAR",1096,Horses,1972,500,E,,,,
97,348,Hungary,1096,Horses,1972,211000,A,,,,
99,352,Iceland,1096,Horses,1972,36706,A,,,,
100,356,India,1096,Horses,1972,942000,A,,,,
101,360,Indonesia,1096,Horses,1972,693000,A,,,,
102,364,Iran (Islamic Republic of),1096,Horses,1972,295000,E,,,,
103,368,Iraq,1096,Horses,1972,93000,E,,,,
104,372,Ireland,1096,Horses,1972,112100,A,,,,
105,376,Israel,1096,Horses,1972,4800,X,,,,
106,380,Italy,1096,Horses,1972,254480,A,,,,
109,388,Jamaica,1096,Horses,1972,4200,E,,,,
110,392,Japan,1096,Horses,1972,102168,A,,,,
112,400,Jordan,1096,Horses,1972,6600,A,,,,
114,404,Kenya,1096,Horses,1972,2000,E,,,,
116,408,Democratic People's Republic of Korea,1096,Horses,1972,28000,E,,,,
117,410,Republic of Korea,1096,Horses,1972,10032,A,,,,
118,414,Kuwait,1096,Horses,1972,,A,,,,
120,418,Lao People's Democratic Republic,1096,Horses,1972,29000,E,,,,
121,422,Lebanon,1096,Horses,1972,3904,A,,,,
122,426,Lesotho,1096,Horses,1972,110000,E,,,,
124,434,Libya,1096,Horses,1972,17035,A,,,,
129,450,Madagascar,1096,Horses,1972,1591,A,,,,
130,454,Malawi,1096,Horses,1972,81,A,,,,
131,458,Malaysia,1096,Horses,1972,4950,E,,,,
133,466,Mali,1096,Horses,1972,140000,E,,,,
134,470,Malta,1096,Horses,1972,1313,A,,,,
136,478,Mauritania,1096,Horses,1972,16000,X,,,,
137,480,Mauritius,1096,Horses,1972,150,E,,,,
138,484,Mexico,1096,Horses,1972,5914334,A,,,,
141,496,Mongolia,1096,Horses,1972,2269500,A,,,,
143,504,Morocco,1096,Horses,1972,311000,A,,,,
147,516,Namibia,1096,Horses,1972,38000,E,,,,
150,528,Netherlands (Kingdom of the),1096,Horses,1972,70150,A,,,,
153,540,New Caledonia,1096,Horses,1972,8000,X,,,,
155,548,Vanuatu,1096,Horses,1972,1000,E,,,,
156,554,New Zealand,1096,Horses,1972,74000,A,,,,
157,558,Nicaragua,1096,Horses,1972,225000,E,,,,
158,562,Niger,1096,Horses,1972,235806,A,,,,
159,566,Nigeria,1096,Horses,1972,255000,E,,,,
162,578,Norway,1096,Horses,1972,27293,A,,,,
165,586,Pakistan,1096,Horses,1972,390000,A,,,,
166,591,Panama,1096,Horses,1972,142000,E,,,,
168,598,Papua New Guinea,1096,Horses,1972,669,A,,,,
169,600,Paraguay,1096,Horses,1972,331000,A,,,,
170,604,Peru,1096,Horses,1972,685000,X,,,,
171,608,Philippines,1096,Horses,1972,250000,E,,,,
173,616,Poland,1096,Horses,1972,2422000,A,,,,
174,620,Portugal,1096,Horses,1972,37778,A,,,,
175,624,Guinea-Bissau,1096,Horses,1972,1000,E,,,,
176,626,Timor-Leste,1096,Horses,1972,119441,A,,,,
177,630,Puerto Rico,1096,Horses,1972,18000,E,,,,
179,634,Qatar,1096,Horses,1972,,A,,,,
183,642,Romania,1096,Horses,1972,654000,A,,,,
189,662,Saint Lucia,1096,Horses,1972,1000,E,,,,
193,678,Sao Tome and Principe,1096,Horses,1972,204,A,,,,
194,682,Saudi Arabia,1096,Horses,1972,1030,A,,,,
195,686,Senegal,1096,Horses,1972,206000,A,,,,
197,694,Sierra Leone,1096,Horses,1972,,M,,,,
237,704,Viet Nam,1096,Horses,1972,110000,E,,,,
201,706,Somalia,1096,Horses,1972,550,E,,,,
202,710,South Africa,1096,Horses,1972,235000,A,,,,
181,716,Zimbabwe,1096,Horses,1972,14000,A,,,,
203,724,Spain,1096,Horses,1972,260841,A,,,,
206,736,Sudan (former),1096,Horses,1972,20000,E,,,,
207,740,Suriname,1096,Horses,1972,190,E,,,,
209,748,Eswatini,1096,Horses,1972,1871,A,,,,
210,752,Sweden,1096,Horses,1972,52954,A,,,,
211,756,Switzerland,1096,Horses,1972,47400,A,,,,
212,760,Syrian Arab Republic,1096,Horses,1972,61658,A,,,,
216,764,Thailand,1096,Horses,1972,118392,A,,,,
217,768,Togo,1096,Horses,1972,1715,A,,,,
219,776,Tonga,1096,Horses,1972,5821,A,,,,
220,780,Trinidad and Tobago,1096,Horses,1972,1000,E,,,,
225,784,United Arab Emirates,1096,Horses,1972,200,E,,,,
222,788,Tunisia,1096,Horses,1972,95000,E,,,,
223,792,Türkiye,1096,Horses,1972,1027000,A,,,,
59,818,Egypt,1096,Horses,1972,30000,A,,,,
229,826,United Kingdom of Great Britain and Northern Ireland,1096,Horses,1972,140689,A,,,,
231,840,United States of America,1096,Horses,1972,4556000,E,,,,
233,854,Burkina Faso,1096,Horses,1972,22000,E,,,,
234,858,Uruguay,1096,Horses,1972,410000,E,,,,
236,862,Venezuela (Bolivarian Republic of),1096,Horses,1972,432075,A,,,,
244,882,Samoa,1096,Horses,1972,3000,A,,,,
249,887,Yemen,1096,Horses,1972,4000,A,,,,
15,58,Belgium-Luxembourg,1096,Horses,1973,154400,A,,,,
69,254,French Guiana,1096,Horses,1973,100,E,,,,
228,810,USSR,1096,Horses,1973,7075000,A,,,,
135,474,Martinique,1096,Horses,1973,2000,A,,,,
50,196,Cyprus,1096,Horses,1973,1100,E,,,,
182,638,Réunion,1096,Horses,1973,50,A,,,,
87,312,Guadeloupe,1096,Horses,1973,2300,A,,,,
51,200,Czechoslovakia,1096,Horses,1973,100502,A,,,,
248,890,Yugoslav SFR,1096,Horses,1973,964000,A,,,,
62,230,Ethiopia PDR,1096,Horses,1973,1450000,X,,,,
2,4,Afghanistan,1096,Horses,1973,370000,E,,,,
3,8,Albania,1096,Horses,1973,42000,E,,,,
4,12,Algeria,1096,Horses,1973,144410,A,,,,
7,24,Angola,1096,Horses,1973,800,E,,,,
8,28,Antigua and Barbuda,1096,Horses,1973,600,E,,,,
9,32,Argentina,1096,Horses,1973,3500000,X,,,,
10,36,Australia,1096,Horses,1973,446000,X,,,,
11,40,Austria,1096,Horses,1973,40153,A,,,,
12,44,Bahamas,1096,Horses,1973,4100,E,,,,
14,52,Barbados,1096,Horses,1973,1000,E,,,,
18,64,Bhutan,1096,Horses,1973,13500,E,,,,
19,68,Bolivia (Plurinational State of),1096,Horses,1973,310000,E,,,,
20,72,Botswana,1096,Horses,1973,9000,E,,,,
21,76,Brazil,1096,Horses,1973,5105000,E,,,,
23,84,Belize,1096,Horses,1973,4200,E,,,,
25,90,Solomon Islands,1096,Horses,1973,100,E,,,,
27,100,Bulgaria,1096,Horses,1973,148249,A,,,,
28,104,Myanmar,1096,Horses,1973,85000,A,,,,
115,116,Cambodia,1096,Horses,1973,10000,E,,,,
32,120,Cameroon,1096,Horses,1973,30000,E,,,,
33,124,Canada,1096,Horses,1973,343000,A,,,,
35,132,Cabo Verde,1096,Horses,1973,1700,E,,,,
38,144,Sri Lanka,1096,Horses,1973,1500,E,,,,
39,148,Chad,1096,Horses,1973,160000,A,,,,
40,152,Chile,1096,Horses,1973,470000,X,,,,
41,156,"China, mainland",1096,Horses,1973,10341000,A,,,,
214,158,"China, Taiwan Province of",1096,Horses,1973,107,A,,,,
44,170,Colombia,1096,Horses,1973,1331000,X,,,,
46,178,Congo,1096,Horses,1973,,A,,,,
250,180,Democratic Republic of the Congo,1096,Horses,1973,1000,E,,,,
47,184,Cook Islands,1096,Horses,1973,1700,A,,,,
48,188,Costa Rica,1096,Horses,1973,101481,A,,,,
49,192,Cuba,1096,Horses,1973,783600,A,,,,
53,204,Benin,1096,Horses,1973,3942,A,,,,
54,208,Denmark,1096,Horses,1973,50292,A,,,,
56,214,Dominican Republic,1096,Horses,1973,178000,E,,,,
58,218,Ecuador,1096,Horses,1973,270000,E,,,,
60,222,El Salvador,1096,Horses,1973,80944,A,,,,
66,242,Fiji,1096,Horses,1973,30500,E,,,,
67,246,Finland,1096,Horses,1973,48400,A,,,,
68,250,France,1096,Horses,1973,446600,A,,,,
70,258,French Polynesia,1096,Horses,1973,2000,E,,,,
75,270,Gambia,1096,Horses,1973,9000,E,,,,
79,276,Germany,1096,Horses,1973,377403,A,,,,
81,288,Ghana,1096,Horses,1973,4000,E,,,,
84,300,Greece,1096,Horses,1973,193611,A,,,,
86,308,Grenada,1096,Horses,1973,13,E,,,,
89,320,Guatemala,1096,Horses,1973,120000,E,,,,
90,324,Guinea,1096,Horses,1973,1000,E,,,,
91,328,Guyana,1096,Horses,1973,3600,A,,,,
93,332,Haiti,1096,Horses,1973,361200,E,,,,
95,340,Honduras,1096,Horses,1973,163000,E,,,,
96,344,"China, Hong Kong SAR",1096,Horses,1973,500,E,,,,
97,348,Hungary,1096,Horses,1973,188000,A,,,,
99,352,Iceland,1096,Horses,1973,39209,A,,,,
100,356,India,1096,Horses,1973,930000,E,,,,
101,360,Indonesia,1096,Horses,1973,636000,A,,,,
102,364,Iran (Islamic Republic of),1096,Horses,1973,316000,A,,,,
103,368,Iraq,1096,Horses,1973,90000,E,,,,
104,372,Ireland,1096,Horses,1973,103300,A,,,,
105,376,Israel,1096,Horses,1973,4800,X,,,,
106,380,Italy,1096,Horses,1973,257300,A,,,,
109,388,Jamaica,1096,Horses,1973,4200,E,,,,
110,392,Japan,1096,Horses,1973,78830,A,,,,
112,400,Jordan,1096,Horses,1973,6200,A,,,,
114,404,Kenya,1096,Horses,1973,2000,E,,,,
116,408,Democratic People's Republic of Korea,1096,Horses,1973,30000,E,,,,
117,410,Republic of Korea,1096,Horses,1973,9954,A,,,,
118,414,Kuwait,1096,Horses,1973,,A,,,,
120,418,Lao People's Democratic Republic,1096,Horses,1973,30000,E,,,,
121,422,Lebanon,1096,Horses,1973,3699,A,,,,
122,426,Lesotho,1096,Horses,1973,114000,A,,,,
124,434,Libya,1096,Horses,1973,15500,A,,,,
129,450,Madagascar,1096,Horses,1973,1400,E,,,,
130,454,Malawi,1096,Horses,1973,68,A,,,,
131,458,Malaysia,1096,Horses,1973,4950,E,,,,
133,466,Mali,1096,Horses,1973,120000,E,,,,
134,470,Malta,1096,Horses,1973,1224,A,,,,
136,478,Mauritania,1096,Horses,1973,15000,E,,,,
137,480,Mauritius,1096,Horses,1973,150,E,,,,
138,484,Mexico,1096,Horses,1973,5976009,A,,,,
141,496,Mongolia,1096,Horses,1973,2239300,A,,,,
143,504,Morocco,1096,Horses,1973,320000,A,,,,
147,516,Namibia,1096,Horses,1973,39000,E,,,,
150,528,Netherlands (Kingdom of the),1096,Horses,1973,73683,A,,,,
153,540,New Caledonia,1096,Horses,1973,8300,E,,,,
155,548,Vanuatu,1096,Horses,1973,1000,E,,,,
156,554,New Zealand,1096,Horses,1973,70000,E,,,,
157,558,Nicaragua,1096,Horses,1973,230000,E,,,,
158,562,Niger,1096,Horses,1973,207509,A,,,,
159,566,Nigeria,1096,Horses,1973,250000,E,,,,
162,578,Norway,1096,Horses,1973,24728,A,,,,
165,586,Pakistan,1096,Horses,1973,402000,A,,,,
166,591,Panama,1096,Horses,1973,140000,E,,,,
168,598,Papua New Guinea,1096,Horses,1973,964,A,,,,
169,600,Paraguay,1096,Horses,1973,325700,A,,,,
170,604,Peru,1096,Horses,1973,634000,X,,,,
171,608,Philippines,1096,Horses,1973,220000,E,,,,
173,616,Poland,1096,Horses,1973,2373100,A,,,,
174,620,Portugal,1096,Horses,1973,38791,A,,,,
175,624,Guinea-Bissau,1096,Horses,1973,1000,E,,,,
176,626,Timor-Leste,1096,Horses,1973,119786,A,,,,
177,630,Puerto Rico,1096,Horses,1973,18000,E,,,,
179,634,Qatar,1096,Horses,1973,300,A,,,,
183,642,Romania,1096,Horses,1973,631000,A,,,,
189,662,Saint Lucia,1096,Horses,1973,1000,E,,,,
193,678,Sao Tome and Principe,1096,Horses,1973,204,A,,,,
194,682,Saudi Arabia,1096,Horses,1973,1673,A,,,,
195,686,Senegal,1096,Horses,1973,200000,A,,,,
197,694,Sierra Leone,1096,Horses,1973,,M,,,,
237,704,Viet Nam,1096,Horses,1973,118000,E,,,,
201,706,Somalia,1096,Horses,1973,600,E,,,,
202,710,South Africa,1096,Horses,1973,232000,A,,,,
181,716,Zimbabwe,1096,Horses,1973,14000,A,,,,
203,724,Spain,1096,Horses,1973,260657,A,,,,
206,736,Sudan (former),1096,Horses,1973,20000,E,,,,
207,740,Suriname,1096,Horses,1973,180,E,,,,
209,748,Eswatini,1096,Horses,1973,2011,A,,,,
210,752,Sweden,1096,Horses,1973,52000,A,,,,
211,756,Switzerland,1096,Horses,1973,46742,A,,,,
212,760,Syrian Arab Republic,1096,Horses,1973,62883,A,,,,
216,764,Thailand,1096,Horses,1973,62129,A,,,,
217,768,Togo,1096,Horses,1973,2138,A,,,,
219,776,Tonga,1096,Horses,1973,7000,A,,,,
220,780,Trinidad and Tobago,1096,Horses,1973,1000,E,,,,
225,784,United Arab Emirates,1096,Horses,1973,200,E,,,,
222,788,Tunisia,1096,Horses,1973,85000,E,,,,
223,792,Türkiye,1096,Horses,1973,962000,A,,,,
59,818,Egypt,1096,Horses,1973,28000,A,,,,
229,826,United Kingdom of Great Britain and Northern Ireland,1096,Horses,1973,140668,A,,,,
231,840,United States of America,1096,Horses,1973,4605000,E,,,,
233,854,Burkina Faso,1096,Horses,1973,22000,E,,,,
234,858,Uruguay,1096,Horses,1973,430000,E,,,,
236,862,Venezuela (Bolivarian Republic of),1096,Horses,1973,445324,A,,,,
244,882,Samoa,1096,Horses,1973,3000,A,,,,
249,887,Yemen,1096,Horses,1973,4000,A,,,,
62,230,Ethiopia PDR,1096,Horses,1974,1470000,X,,,,
228,810,USSR,1096,Horses,1974,6848000,A,,,,
50,196,Cyprus,1096,Horses,1974,850,E,,,,
135,474,Martinique,1096,Horses,1974,2000,A,,,,
69,254,French Guiana,1096,Horses,1974,110,E,,,,
182,638,Réunion,1096,Horses,1974,50,A,,,,
15,58,Belgium-Luxembourg,1096,Horses,1974,152600,A,,,,
51,200,Czechoslovakia,1096,Horses,1974,83645,A,,,,
87,312,Guadeloupe,1096,Horses,1974,1900,A,,,,
248,890,Yugoslav SFR,1096,Horses,1974,945000,A,,,,
2,4,Afghanistan,1096,Horses,1974,370000,E,,,,
3,8,Albania,1096,Horses,1974,42000,E,,,,
4,12,Algeria,1096,Horses,1974,152410,A,,,,
7,24,Angola,1096,Horses,1974,900,E,,,,
8,28,Antigua and Barbuda,1096,Horses,1974,580,E,,,,
9,32,Argentina,1096,Horses,1974,3500000,X,,,,
10,36,Australia,1096,Horses,1974,455000,E,,,,
11,40,Austria,1096,Horses,1974,39006,A,,,,
12,44,Bahamas,1096,Horses,1974,,A,,,,
14,52,Barbados,1096,Horses,1974,1000,E,,,,
18,64,Bhutan,1096,Horses,1974,13700,E,,,,
19,68,Bolivia (Plurinational State of),1096,Horses,1974,320000,E,,,,
20,72,Botswana,1096,Horses,1974,10000,E,,,,
21,76,Brazil,1096,Horses,1974,5217000,A,,,,
23,84,Belize,1096,Horses,1974,6011,A,,,,
25,90,Solomon Islands,1096,Horses,1974,100,E,,,,
27,100,Bulgaria,1096,Horses,1974,141873,A,,,,
28,104,Myanmar,1096,Horses,1974,90000,A,,,,
115,116,Cambodia,1096,Horses,1974,10000,E,,,,
32,120,Cameroon,1096,Horses,1974,25000,E,,,,
33,124,Canada,1096,Horses,1974,345000,A,,,,
35,132,Cabo Verde,1096,Horses,1974,1650,E,,,,
38,144,Sri Lanka,1096,Horses,1974,1500,E,,,,
39,148,Chad,1096,Horses,1974,150000,E,,,,
40,152,Chile,1096,Horses,1974,460000,X,,,,
41,156,"China, mainland",1096,Horses,1974,10730000,A,,,,
214,158,"China, Taiwan Province of",1096,Horses,1974,92,A,,,,
44,170,Colombia,1096,Horses,1974,1378931,A,,,,
46,178,Congo,1096,Horses,1974,,A,,,,
250,180,Democratic Republic of the Congo,1096,Horses,1974,1000,E,,,,
47,184,Cook Islands,1096,Horses,1974,1700,A,,,,
48,188,Costa Rica,1096,Horses,1974,110000,X,,,,
49,192,Cuba,1096,Horses,1974,798600,A,,,,
53,204,Benin,1096,Horses,1974,5050,A,,,,
54,208,Denmark,1096,Horses,1974,55317,A,,,,
56,214,Dominican Republic,1096,Horses,1974,200000,X,,,,
58,218,Ecuador,1096,Horses,1974,285339,A,,,,
60,222,El Salvador,1096,Horses,1974,80944,A,,,,
66,242,Fiji,1096,Horses,1974,31500,E,,,,
67,246,Finland,1096,Horses,1974,43700,A,,,,
68,250,France,1096,Horses,1974,425000,A,,,,
70,258,French Polynesia,1096,Horses,1974,2000,E,,,,
75,270,Gambia,1096,Horses,1974,9500,E,,,,
79,276,Germany,1096,Horses,1974,401363,A,,,,
81,288,Ghana,1096,Horses,1974,4000,E,,,,
84,300,Greece,1096,Horses,1974,180000,A,,,,
86,308,Grenada,1096,Horses,1974,14,E,,,,
89,320,Guatemala,1096,Horses,1974,110000,E,,,,
90,324,Guinea,1096,Horses,1974,1000,E,,,,
91,328,Guyana,1096,Horses,1974,2550,A,,,,
93,332,Haiti,1096,Horses,1974,370000,E,,,,
95,340,Honduras,1096,Horses,1974,160811,A,,,,
96,344,"China, Hong Kong SAR",1096,Horses,1974,500,E,,,,
97,348,Hungary,1096,Horses,1974,172000,A,,,,
99,352,Iceland,1096,Horses,1974,41918,A,,,,
100,356,India,1096,Horses,1974,930000,E,,,,
101,360,Indonesia,1096,Horses,1974,600000,A,,,,
102,364,Iran (Islamic Republic of),1096,Horses,1974,356000,A,,,,
103,368,Iraq,1096,Horses,1974,86443,A,,,,
104,372,Ireland,1096,Horses,1974,98100,A,,,,
105,376,Israel,1096,Horses,1974,4600,X,,,,
106,380,Italy,1096,Horses,1974,248900,A,,,,
109,388,Jamaica,1096,Horses,1974,4200,E,,,,
110,392,Japan,1096,Horses,1974,66230,A,,,,
112,400,Jordan,1096,Horses,1974,7263,A,,,,
114,404,Kenya,1096,Horses,1974,2000,E,,,,
116,408,Democratic People's Republic of Korea,1096,Horses,1974,31000,E,,,,
117,410,Republic of Korea,1096,Horses,1974,8778,A,,,,
118,414,Kuwait,1096,Horses,1974,,A,,,,
120,418,Lao People's Democratic Republic,1096,Horses,1974,31000,E,,,,
121,422,Lebanon,1096,Horses,1974,3700,E,,,,
122,426,Lesotho,1096,Horses,1974,114800,A,,,,
124,434,Libya,1096,Horses,1974,13175,A,,,,
129,450,Madagascar,1096,Horses,1974,1300,E,,,,
130,454,Malawi,1096,Horses,1974,71,A,,,,
131,458,Malaysia,1096,Horses,1974,4950,E,,,,
133,466,Mali,1096,Horses,1974,125000,E,,,,
134,470,Malta,1096,Horses,1974,1000,X,,,,
136,478,Mauritania,1096,Horses,1974,13000,X,,,,
137,480,Mauritius,1096,Horses,1974,150,E,,,,
138,484,Mexico,1096,Horses,1974,6242364,A,,,,
141,496,Mongolia,1096,Horses,1974,2184900,A,,,,
143,504,Morocco,1096,Horses,1974,320000,A,,,,
147,516,Namibia,1096,Horses,1974,40000,E,,,,
150,528,Netherlands (Kingdom of the),1096,Horses,1974,76839,A,,,,
153,540,New Caledonia,1096,Horses,1974,8500,E,,,,
155,548,Vanuatu,1096,Horses,1974,1100,E,,,,
156,554,New Zealand,1096,Horses,1974,66340,A,,,,
157,558,Nicaragua,1096,Horses,1974,240000,E,,,,
158,562,Niger,1096,Horses,1974,235806,A,,,,
159,566,Nigeria,1096,Horses,1974,248000,E,,,,
162,578,Norway,1096,Horses,1974,23657,A,,,,
165,586,Pakistan,1096,Horses,1974,414000,A,,,,
166,591,Panama,1096,Horses,1974,138000,E,,,,
168,598,Papua New Guinea,1096,Horses,1974,873,A,,,,
169,600,Paraguay,1096,Horses,1974,325200,A,,,,
170,604,Peru,1096,Horses,1974,636000,X,,,,
171,608,Philippines,1096,Horses,1974,200000,E,,,,
173,616,Poland,1096,Horses,1974,2311900,A,,,,
174,620,Portugal,1096,Horses,1974,35000,E,,,,
175,624,Guinea-Bissau,1096,Horses,1974,1000,E,,,,
176,626,Timor-Leste,1096,Horses,1974,112182,A,,,,
177,630,Puerto Rico,1096,Horses,1974,19000,E,,,,
179,634,Qatar,1096,Horses,1974,300,A,,,,
183,642,Romania,1096,Horses,1974,610000,X,,,,
189,662,Saint Lucia,1096,Horses,1974,1000,E,,,,
193,678,Sao Tome and Principe,1096,Horses,1974,187,A,,,,
194,682,Saudi Arabia,1096,Horses,1974,1800,E,,,,
195,686,Senegal,1096,Horses,1974,204000,A,,,,
197,694,Sierra Leone,1096,Horses,1974,,M,,,,
237,704,Viet Nam,1096,Horses,1974,125000,E,,,,
201,706,Somalia,1096,Horses,1974,600,E,,,,
202,710,South Africa,1096,Horses,1974,230000,A,,,,
181,716,Zimbabwe,1096,Horses,1974,14000,A,,,,
203,724,Spain,1096,Horses,1974,247777,A,,,,
206,736,Sudan (former),1096,Horses,1974,20000,E,,,,
207,740,Suriname,1096,Horses,1974,170,E,,,,
209,748,Eswatini,1096,Horses,1974,1781,A,,,,
210,752,Sweden,1096,Horses,1974,50000,A,,,,
211,756,Switzerland,1096,Horses,1974,48020,A,,,,
212,760,Syrian Arab Republic,1096,Horses,1974,60198,A,,,,
216,764,Thailand,1096,Horses,1974,55000,A,,,,
217,768,Togo,1096,Horses,1974,2500,A,,,,
219,776,Tonga,1096,Horses,1974,7098,A,,,,
220,780,Trinidad and Tobago,1096,Horses,1974,1000,E,,,,
225,784,United Arab Emirates,1096,Horses,1974,200,E,,,,
222,788,Tunisia,1096,Horses,1974,75000,E,,,,
223,792,Türkiye,1096,Horses,1974,936000,A,,,,
59,818,Egypt,1096,Horses,1974,25000,A,,,,
229,826,United Kingdom of Great Britain and Northern Ireland,1096,Horses,1974,140664,A,,,,
231,840,United States of America,1096,Horses,1974,4655000,E,,,,
233,854,Burkina Faso,1096,Horses,1974,22000,E,,,,
234,858,Uruguay,1096,Horses,1974,450000,E,,,,
236,862,Venezuela (Bolivarian Republic of),1096,Horses,1974,450356,A,,,,
244,882,Samoa,1096,Horses,1974,3000,A,,,,
249,887,Yemen,1096,Horses,1974,4000,A,,,,
51,200,Czechoslovakia,1096,Horses,1975,71046,A,,,,
87,312,Guadeloupe,1096,Horses,1975,1600,A,,,,
15,58,Belgium-Luxembourg,1096,Horses,1975,150500,A,,,,
135,474,Martinique,1096,Horses,1975,2000,A,,,,
50,196,Cyprus,1096,Horses,1975,850,E,,,,
62,230,Ethiopia PDR,1096,Horses,1975,1500000,X,,,,
69,254,French Guiana,1096,Horses,1975,115,E,,,,
182,638,Réunion,1096,Horses,1975,50,A,,,,
228,810,USSR,1096,Horses,1975,6749000,A,,,,
248,890,Yugoslav SFR,1096,Horses,1975,922000,A,,,,
2,4,Afghanistan,1096,Horses,1975,370000,E,,,,
3,8,Albania,1096,Horses,1975,43000,E,,,,
4,12,Algeria,1096,Horses,1975,154140,A,,,,
7,24,Angola,1096,Horses,1975,1000,E,,,,
8,28,Antigua and Barbuda,1096,Horses,1975,580,E,,,,
9,32,Argentina,1096,Horses,1975,3400000,A,,,,
10,36,Australia,1096,Horses,1975,425000,E,,,,
11,40,Austria,1096,Horses,1975,39899,A,,,,
12,44,Bahamas,1096,Horses,1975,,A,,,,
14,52,Barbados,1096,Horses,1975,1000,E,,,,
18,64,Bhutan,1096,Horses,1975,14000,E,,,,
19,68,Bolivia (Plurinational State of),1096,Horses,1975,340000,E,,,,
20,72,Botswana,1096,Horses,1975,12000,E,,,,
21,76,Brazil,1096,Horses,1975,5507000,A,,,,
23,84,Belize,1096,Horses,1975,6100,E,,,,
25,90,Solomon Islands,1096,Horses,1975,100,E,,,,
27,100,Bulgaria,1096,Horses,1975,137351,A,,,,
28,104,Myanmar,1096,Horses,1975,94271,A,,,,
115,116,Cambodia,1096,Horses,1975,10500,E,,,,
32,120,Cameroon,1096,Horses,1975,20000,X,,,,
33,124,Canada,1096,Horses,1975,345000,E,,,,
35,132,Cabo Verde,1096,Horses,1975,1600,E,,,,
38,144,Sri Lanka,1096,Horses,1975,1500,E,,,,
39,148,Chad,1096,Horses,1975,139000,A,,,,
40,152,Chile,1096,Horses,1975,450000,X,,,,
41,156,"China, mainland",1096,Horses,1975,11103000,A,,,,
214,158,"China, Taiwan Province of",1096,Horses,1975,139,A,,,,
44,170,Colombia,1096,Horses,1975,1435467,A,,,,
46,178,Congo,1096,Horses,1975,,A,,,,
250,180,Democratic Republic of the Congo,1096,Horses,1975,1000,E,,,,
47,184,Cook Islands,1096,Horses,1975,2000,A,,,,
48,188,Costa Rica,1096,Horses,1975,105000,X,,,,
49,192,Cuba,1096,Horses,1975,803700,A,,,,
53,204,Benin,1096,Horses,1975,4550,A,,,,
54,208,Denmark,1096,Horses,1975,58497,A,,,,
56,214,Dominican Republic,1096,Horses,1975,201000,X,,,,
58,218,Ecuador,1096,Horses,1975,285000,E,,,,
60,222,El Salvador,1096,Horses,1975,83000,E,,,,
66,242,Fiji,1096,Horses,1975,33000,E,,,,
67,246,Finland,1096,Horses,1975,38200,A,,,,
68,250,France,1096,Horses,1975,413000,A,,,,
70,258,French Polynesia,1096,Horses,1975,2000,E,,,,
75,270,Gambia,1096,Horses,1975,10000,E,,,,
79,276,Germany,1096,Horses,1975,401170,A,,,,
81,288,Ghana,1096,Horses,1975,4000,E,,,,
84,300,Greece,1096,Horses,1975,166058,A,,,,
86,308,Grenada,1096,Horses,1975,13,A,,,,
89,320,Guatemala,1096,Horses,1975,104253,A,,,,
90,324,Guinea,1096,Horses,1975,1000,E,,,,
91,328,Guyana,1096,Horses,1975,2500,E,,,,
93,332,Haiti,1096,Horses,1975,379000,E,,,,
95,340,Honduras,1096,Horses,1975,161000,E,,,,
96,344,"China, Hong Kong SAR",1096,Horses,1975,600,E,,,,
97,348,Hungary,1096,Horses,1975,163000,A,,,,
99,352,Iceland,1096,Horses,1975,44330,A,,,,
100,356,India,1096,Horses,1975,920000,E,,,,
101,360,Indonesia,1096,Horses,1975,627000,A,,,,
102,364,Iran (Islamic Republic of),1096,Horses,1975,288000,A,,,,
103,368,Iraq,1096,Horses,1975,75000,E,,,,
104,372,Ireland,1096,Horses,1975,89182,A,,,,
105,376,Israel,1096,Horses,1975,4400,X,,,,
106,380,Italy,1096,Horses,1975,249700,A,,,,
109,388,Jamaica,1096,Horses,1975,4100,E,,,,
110,392,Japan,1096,Horses,1975,42900,A,,,,
112,400,Jordan,1096,Horses,1975,7316,A,,,,
114,404,Kenya,1096,Horses,1975,2000,E,,,,
116,408,Democratic People's Republic of Korea,1096,Horses,1975,32000,E,,,,
117,410,Republic of Korea,1096,Horses,1975,7789,A,,,,
118,414,Kuwait,1096,Horses,1975,,A,,,,
120,418,Lao People's Democratic Republic,1096,Horses,1975,25000,E,,,,
121,422,Lebanon,1096,Horses,1975,3000,E,,,,
122,426,Lesotho,1096,Horses,1975,100300,A,,,,
124,434,Libya,1096,Horses,1975,13900,A,,,,
129,450,Madagascar,1096,Horses,1975,1200,E,,,,
130,454,Malawi,1096,Horses,1975,64,A,,,,
131,458,Malaysia,1096,Horses,1975,4950,E,,,,
133,466,Mali,1096,Horses,1975,128000,E,,,,
134,470,Malta,1096,Horses,1975,1100,A,,,,
136,478,Mauritania,1096,Horses,1975,14000,E,,,,
137,480,Mauritius,1096,Horses,1975,150,E,,,,
138,484,Mexico,1096,Horses,1975,6355436,A,,,,
141,496,Mongolia,1096,Horses,1975,2264400,A,,,,
143,504,Morocco,1096,Horses,1975,320000,X,,,,
147,516,Namibia,1096,Horses,1975,41000,E,,,,
150,528,Netherlands (Kingdom of the),1096,Horses,1975,79278,A,,,,
153,540,New Caledonia,1096,Horses,1975,9000,A,,,,
155,548,Vanuatu,1096,Horses,1975,1100,E,,,,
156,554,New Zealand,1096,Horses,1975,66000,E,,,,
157,558,Nicaragua,1096,Horses,1975,250000,X,,,,
158,562,Niger,1096,Horses,1975,249954,A,,,,
159,566,Nigeria,1096,Horses,1975,240000,E,,,,
162,578,Norway,1096,Horses,1975,22459,A,,,,
165,586,Pakistan,1096,Horses,1975,426000,A,,,,
166,591,Panama,1096,Horses,1975,136000,E,,,,
168,598,Papua New Guinea,1096,Horses,1975,854,A,,,,
169,600,Paraguay,1096,Horses,1975,324700,A,,,,
170,604,Peru,1096,Horses,1975,634000,X,,,,
171,608,Philippines,1096,Horses,1975,190000,E,,,,
173,616,Poland,1096,Horses,1975,2237177,A,,,,
174,620,Portugal,1096,Horses,1975,32000,X,,,,
175,624,Guinea-Bissau,1096,Horses,1975,1000,E,,,,
176,626,Timor-Leste,1096,Horses,1975,103000,E,,,,
177,630,Puerto Rico,1096,Horses,1975,19000,E,,,,
179,634,Qatar,1096,Horses,1975,300,A,,,,
183,642,Romania,1096,Horses,1975,557000,A,,,,
189,662,Saint Lucia,1096,Horses,1975,1000,E,,,,
193,678,Sao Tome and Principe,1096,Horses,1975,185,E,,,,
194,682,Saudi Arabia,1096,Horses,1975,1950,E,,,,
195,686,Senegal,1096,Horses,1975,210000,A,,,,
197,694,Sierra Leone,1096,Horses,1975,,M,,,,
237,704,Viet Nam,1096,Horses,1975,129000,E,,,,
201,706,Somalia,1096,Horses,1975,600,E,,,,
202,710,South Africa,1096,Horses,1975,225000,A,,,,
181,716,Zimbabwe,1096,Horses,1975,14000,A,,,,
203,724,Spain,1096,Horses,1975,257301,A,,,,
206,736,Sudan (former),1096,Horses,1975,20000,E,,,,
207,740,Suriname,1096,Horses,1975,150,E,,,,
209,748,Eswatini,1096,Horses,1975,1948,A,,,,
210,752,Sweden,1096,Horses,1975,57000,A,,,,
211,756,Switzerland,1096,Horses,1975,47150,A,,,,
212,760,Syrian Arab Republic,1096,Horses,1975,55036,A,,,,
216,764,Thailand,1096,Horses,1975,54838,A,,,,
217,768,Togo,1096,Horses,1975,2550,A,,,,
219,776,Tonga,1096,Horses,1975,8121,A,,,,
220,780,Trinidad and Tobago,1096,Horses,1975,1000,E,,,,
225,784,United Arab Emirates,1096,Horses,1975,200,E,,,,
222,788,Tunisia,1096,Horses,1975,70000,E,,,,
223,792,Türkiye,1096,Horses,1975,878000,A,,,,
59,818,Egypt,1096,Horses,1975,29000,A,,,,
229,826,United Kingdom of Great Britain and Northern Ireland,1096,Horses,1975,140650,A,,,,
231,840,United States of America,1096,Horses,1975,4705000,E,,,,
233,854,Burkina Faso,1096,Horses,1975,22000,E,,,,
234,858,Uruguay,1096,Horses,1975,470000,E,,,,
236,862,Venezuela (Bolivarian Republic of),1096,Horses,1975,454409,A,,,,
244,882,Samoa,1096,Horses,1975,3000,A,,,,
249,887,Yemen,1096,Horses,1975,3000,A,,,,
15,58,Belgium-Luxembourg,1096,Horses,1976,148000,A,,,,
248,890,Yugoslav SFR,1096,Horses,1976,864000,A,,,,
69,254,French Guiana,1096,Horses,1976,125,E,,,,
135,474,Martinique,1096,Horses,1976,2000,A,,,,
51,200,Czechoslovakia,1096,Horses,1976,62451,A,,,,
62,230,Ethiopia PDR,1096,Horses,1976,1500000,E,,,,
87,312,Guadeloupe,1096,Horses,1976,1300,A,,,,
228,810,USSR,1096,Horses,1976,6415000,A,,,,
50,196,Cyprus,1096,Horses,1976,850,E,,,,
182,638,Réunion,1096,Horses,1976,50,A,,,,
2,4,Afghanistan,1096,Horses,1976,370000,E,,,,
3,8,Albania,1096,Horses,1976,43000,E,,,,
4,12,Algeria,1096,Horses,1976,139130,A,,,,
7,24,Angola,1096,Horses,1976,1050,E,,,,
8,28,Antigua and Barbuda,1096,Horses,1976,570,E,,,,
9,32,Argentina,1096,Horses,1976,3500000,A,,,,
10,36,Australia,1096,Horses,1976,385386,A,,,,
11,40,Austria,1096,Horses,1976,40921,A,,,,
12,44,Bahamas,1096,Horses,1976,,A,,,,
14,52,Barbados,1096,Horses,1976,1000,E,,,,
18,64,Bhutan,1096,Horses,1976,14200,E,,,,
19,68,Bolivia (Plurinational State of),1096,Horses,1976,360000,E,,,,
20,72,Botswana,1096,Horses,1976,14000,E,,,,
21,76,Brazil,1096,Horses,1976,5157000,A,,,,
23,84,Belize,1096,Horses,1976,6000,E,,,,
25,90,Solomon Islands,1096,Horses,1976,100,E,,,,
27,100,Bulgaria,1096,Horses,1976,133304,A,,,,
28,104,Myanmar,1096,Horses,1976,99089,A,,,,
115,116,Cambodia,1096,Horses,1976,11000,E,,,,
32,120,Cameroon,1096,Horses,1976,18000,E,,,,
33,124,Canada,1096,Horses,1976,350000,E,,,,
35,132,Cabo Verde,1096,Horses,1976,1550,E,,,,
38,144,Sri Lanka,1096,Horses,1976,1500,E,,,,
39,148,Chad,1096,Horses,1976,154000,A,,,,
40,152,Chile,1096,Horses,1976,450000,X,,,,
41,156,"China, mainland",1096,Horses,1976,11299000,A,,,,
214,158,"China, Taiwan Province of",1096,Horses,1976,127,A,,,,
44,170,Colombia,1096,Horses,1976,1484560,A,,,,
46,178,Congo,1096,Horses,1976,,A,,,,
250,180,Democratic Republic of the Congo,1096,Horses,1976,,A,,,,
47,184,Cook Islands,1096,Horses,1976,8494,A,,,,
48,188,Costa Rica,1096,Horses,1976,107000,X,,,,
49,192,Cuba,1096,Horses,1976,811000,A,,,,
53,204,Benin,1096,Horses,1976,4780,A,,,,
54,208,Denmark,1096,Horses,1976,60014,A,,,,
56,214,Dominican Republic,1096,Horses,1976,202000,X,,,,
58,218,Ecuador,1096,Horses,1976,289000,A,,,,
60,222,El Salvador,1096,Horses,1976,86000,X,,,,
66,242,Fiji,1096,Horses,1976,34000,E,,,,
67,246,Finland,1096,Horses,1976,33300,A,,,,
68,250,France,1096,Horses,1976,398100,A,,,,
70,258,French Polynesia,1096,Horses,1976,2000,E,,,,
75,270,Gambia,1096,Horses,1976,10500,E,,,,
79,276,Germany,1096,Horses,1976,411118,A,,,,
81,288,Ghana,1096,Horses,1976,4000,E,,,,
84,300,Greece,1096,Horses,1976,158315,A,,,,
86,308,Grenada,1096,Horses,1976,15,E,,,,
89,320,Guatemala,1096,Horses,1976,101855,A,,,,
90,324,Guinea,1096,Horses,1976,1000,E,,,,
91,328,Guyana,1096,Horses,1976,2500,E,,,,
93,332,Haiti,1096,Horses,1976,385000,E,,,,
95,340,Honduras,1096,Horses,1976,162000,E,,,,
96,344,"China, Hong Kong SAR",1096,Horses,1976,700,E,,,,
97,348,Hungary,1096,Horses,1976,156000,A,,,,
99,352,Iceland,1096,Horses,1976,46925,A,,,,
100,356,India,1096,Horses,1976,920000,E,,,,
101,360,Indonesia,1096,Horses,1976,631000,A,,,,
102,364,Iran (Islamic Republic of),1096,Horses,1976,300000,E,,,,
103,368,Iraq,1096,Horses,1976,69140,A,,,,
104,372,Ireland,1096,Horses,1976,83200,A,,,,
105,376,Israel,1096,Horses,1976,4200,X,,,,
106,380,Italy,1096,Horses,1976,253000,A,,,,
109,388,Jamaica,1096,Horses,1976,4100,E,,,,
110,392,Japan,1096,Horses,1976,36380,A,,,,
112,400,Jordan,1096,Horses,1976,2700,E,,,,
114,404,Kenya,1096,Horses,1976,2000,E,,,,
116,408,Democratic People's Republic of Korea,1096,Horses,1976,33000,E,,,,
117,410,Republic of Korea,1096,Horses,1976,7755,A,,,,
118,414,Kuwait,1096,Horses,1976,,A,,,,
120,418,Lao People's Democratic Republic,1096,Horses,1976,26000,E,,,,
121,422,Lebanon,1096,Horses,1976,2000,E,,,,
122,426,Lesotho,1096,Horses,1976,104100,A,,,,
124,434,Libya,1096,Horses,1976,14247,A,,,,
129,450,Madagascar,1096,Horses,1976,1000,E,,,,
130,454,Malawi,1096,Horses,1976,48,A,,,,
131,458,Malaysia,1096,Horses,1976,4950,E,,,,
133,466,Mali,1096,Horses,1976,130000,E,,,,
134,470,Malta,1096,Horses,1976,1070,E,,,,
136,478,Mauritania,1096,Horses,1976,15000,X,,,,
137,480,Mauritius,1096,Horses,1976,150,E,,,,
138,484,Mexico,1096,Horses,1976,6422103,A,,,,
141,496,Mongolia,1096,Horses,1976,2254600,A,,,,
143,504,Morocco,1096,Horses,1976,315000,X,,,,
147,516,Namibia,1096,Horses,1976,42000,E,,,,
150,528,Netherlands (Kingdom of the),1096,Horses,1976,78368,A,,,,
153,540,New Caledonia,1096,Horses,1976,9000,A,,,,
155,548,Vanuatu,1096,Horses,1976,1100,E,,,,
156,554,New Zealand,1096,Horses,1976,66000,E,,,,
157,558,Nicaragua,1096,Horses,1976,260000,X,,,,
158,562,Niger,1096,Horses,1976,271177,A,,,,
159,566,Nigeria,1096,Horses,1976,236000,E,,,,
162,578,Norway,1096,Horses,1976,21750,A,,,,
165,586,Pakistan,1096,Horses,1976,439000,A,,,,
166,591,Panama,1096,Horses,1976,134000,E,,,,
168,598,Papua New Guinea,1096,Horses,1976,873,A,,,,
169,600,Paraguay,1096,Horses,1976,325400,A,,,,
170,604,Peru,1096,Horses,1976,637000,X,,,,
171,608,Philippines,1096,Horses,1976,186000,A,,,,
173,616,Poland,1096,Horses,1976,2151206,A,,,,
174,620,Portugal,1096,Horses,1976,32000,X,,,,
175,624,Guinea-Bissau,1096,Horses,1976,1000,E,,,,
176,626,Timor-Leste,1096,Horses,1976,94000,E,,,,
177,630,Puerto Rico,1096,Horses,1976,19500,E,,,,
179,634,Qatar,1096,Horses,1976,1000,A,,,,
183,642,Romania,1096,Horses,1976,562000,A,,,,
189,662,Saint Lucia,1096,Horses,1976,1000,E,,,,
193,678,Sao Tome and Principe,1096,Horses,1976,185,E,,,,
194,682,Saudi Arabia,1096,Horses,1976,2100,E,,,,
195,686,Senegal,1096,Horses,1976,227000,A,,,,
197,694,Sierra Leone,1096,Horses,1976,,M,,,,
237,704,Viet Nam,1096,Horses,1976,133000,A,,,,
201,706,Somalia,1096,Horses,1976,650,E,,,,
202,710,South Africa,1096,Horses,1976,225000,E,,,,
181,716,Zimbabwe,1096,Horses,1976,15000,A,,,,
203,724,Spain,1096,Horses,1976,322000,A,,,,
206,736,Sudan (former),1096,Horses,1976,20000,E,,,,
207,740,Suriname,1096,Horses,1976,130,A,,,,
209,748,Eswatini,1096,Horses,1976,1625,A,,,,
210,752,Sweden,1096,Horses,1976,58601,A,,,,
211,756,Switzerland,1096,Horses,1976,46620,A,,,,
212,760,Syrian Arab Republic,1096,Horses,1976,53506,A,,,,
216,764,Thailand,1096,Horses,1976,23489,A,,,,
217,768,Togo,1096,Horses,1976,1193,A,,,,
219,776,Tonga,1096,Horses,1976,8629,A,,,,
220,780,Trinidad and Tobago,1096,Horses,1976,1000,E,,,,
225,784,United Arab Emirates,1096,Horses,1976,200,A,,,,
222,788,Tunisia,1096,Horses,1976,65000,E,,,,
223,792,Türkiye,1096,Horses,1976,871000,A,,,,
59,818,Egypt,1096,Horses,1976,20600,A,,,,
229,826,United Kingdom of Great Britain and Northern Ireland,1096,Horses,1976,140000,A,,,,
231,840,United States of America,1096,Horses,1976,4735000,E,,,,
233,854,Burkina Faso,1096,Horses,1976,22000,E,,,,
234,858,Uruguay,1096,Horses,1976,509000,A,,,,
236,862,Venezuela (Bolivarian Republic of),1096,Horses,1976,458000,X,,,,
244,882,Samoa,1096,Horses,1976,3000,A,,,,
249,887,Yemen,1096,Horses,1976,3000,A,,,,
62,230,Ethiopia PDR,1096,Horses,1977,1520000,E,,,,
50,196,Cyprus,1096,Horses,1977,800,E,,,,
69,254,French Guiana,1096,Horses,1977,140,E,,,,
15,58,Belgium-Luxembourg,1096,Horses,1977,140600,A,,,,
248,890,Yugoslav SFR,1096,Horses,1977,811691,A,,,,
182,638,Réunion,1096,Horses,1977,50,A,,,,
51,200,Czechoslovakia,1096,Horses,1977,57156,A,,,,
87,312,Guadeloupe,1096,Horses,1977,1300,E,,,,
135,474,Martinique,1096,Horses,1977,1500,A,,,,
228,810,USSR,1096,Horses,1977,5996000,A,,,,
2,4,Afghanistan,1096,Horses,1977,400000,X,,,,
3,8,Albania,1096,Horses,1977,43000,E,,,,
4,12,Algeria,1096,Horses,1977,145240,A,,,,
7,24,Angola,1096,Horses,1977,1100,E,,,,
8,28,Antigua and Barbuda,1096,Horses,1977,570,E,,,,
9,32,Argentina,1096,Horses,1977,3073479,A,,,,
10,36,Australia,1096,Horses,1977,415000,A,,,,
11,40,Austria,1096,Horses,1977,41416,A,,,,
12,44,Bahamas,1096,Horses,1977,,A,,,,
14,52,Barbados,1096,Horses,1977,1000,E,,,,
18,64,Bhutan,1096,Horses,1977,14300,E,,,,
19,68,Bolivia (Plurinational State of),1096,Horses,1977,370000,E,,,,
20,72,Botswana,1096,Horses,1977,15000,E,,,,
21,76,Brazil,1096,Horses,1977,4934000,A,,,,
23,84,Belize,1096,Horses,1977,5700,E,,,,
25,90,Solomon Islands,1096,Horses,1977,100,E,,,,
27,100,Bulgaria,1096,Horses,1977,127791,A,,,,
28,104,Myanmar,1096,Horses,1977,104723,A,,,,
115,116,Cambodia,1096,Horses,1977,11500,E,,,,
32,120,Cameroon,1096,Horses,1977,16000,E,,,,
33,124,Canada,1096,Horses,1977,350000,E,,,,
35,132,Cabo Verde,1096,Horses,1977,1500,E,,,,
38,144,Sri Lanka,1096,Horses,1977,1500,E,,,,
39,148,Chad,1096,Horses,1977,157000,E,,,,
40,152,Chile,1096,Horses,1977,450000,X,,,,
41,156,"China, mainland",1096,Horses,1977,11438000,A,,,,
214,158,"China, Taiwan Province of",1096,Horses,1977,142,A,,,,
44,170,Colombia,1096,Horses,1977,1535332,A,,,,
46,178,Congo,1096,Horses,1977,,A,,,,
250,180,Democratic Republic of the Congo,1096,Horses,1977,,A,,,,
47,184,Cook Islands,1096,Horses,1977,8500,A,,,,
48,188,Costa Rica,1096,Horses,1977,109000,X,,,,
49,192,Cuba,1096,Horses,1977,815300,A,,,,
53,204,Benin,1096,Horses,1977,4550,A,,,,
54,208,Denmark,1096,Horses,1977,61087,A,,,,
56,214,Dominican Republic,1096,Horses,1977,202000,X,,,,
58,218,Ecuador,1096,Horses,1977,294800,A,,,,
60,222,El Salvador,1096,Horses,1977,87000,X,,,,
66,242,Fiji,1096,Horses,1977,35000,X,,,,
67,246,Finland,1096,Horses,1977,29300,A,,,,
68,250,France,1096,Horses,1977,397600,A,,,,
70,258,French Polynesia,1096,Horses,1977,2000,E,,,,
75,270,Gambia,1096,Horses,1977,11000,E,,,,
79,276,Germany,1096,Horses,1977,422547,A,,,,
81,288,Ghana,1096,Horses,1977,4000,E,,,,
84,300,Greece,1096,Horses,1977,148941,A,,,,
86,308,Grenada,1096,Horses,1977,20,E,,,,
89,320,Guatemala,1096,Horses,1977,99512,A,,,,
90,324,Guinea,1096,Horses,1977,1000,E,,,,
91,328,Guyana,1096,Horses,1977,2500,E,,,,
93,332,Haiti,1096,Horses,1977,392000,E,,,,
95,340,Honduras,1096,Horses,1977,163000,E,,,,
96,344,"China, Hong Kong SAR",1096,Horses,1977,800,E,,,,
97,348,Hungary,1096,Horses,1977,147000,A,,,,
99,352,Iceland,1096,Horses,1977,48205,A,,,,
100,356,India,1096,Horses,1977,916000,A,,,,
101,360,Indonesia,1096,Horses,1977,659000,A,,,,
102,364,Iran (Islamic Republic of),1096,Horses,1977,300000,E,,,,
103,368,Iraq,1096,Horses,1977,65000,E,,,,
104,372,Ireland,1096,Horses,1977,80300,A,,,,
105,376,Israel,1096,Horses,1977,4100,X,,,,
106,380,Italy,1096,Horses,1977,263800,A,,,,
109,388,Jamaica,1096,Horses,1977,4000,E,,,,
110,392,Japan,1096,Horses,1977,31360,A,,,,
112,400,Jordan,1096,Horses,1977,2700,E,,,,
114,404,Kenya,1096,Horses,1977,2000,E,,,,
116,408,Democratic People's Republic of Korea,1096,Horses,1977,34000,E,,,,
117,410,Republic of Korea,1096,Horses,1977,6400,X,,,,
118,414,Kuwait,1096,Horses,1977,,A,,,,
120,418,Lao People's Democratic Republic,1096,Horses,1977,25000,E,,,,
121,422,Lebanon,1096,Horses,1977,2000,E,,,,
122,426,Lesotho,1096,Horses,1977,104328,A,,,,
124,434,Libya,1096,Horses,1977,13788,A,,,,
129,450,Madagascar,1096,Horses,1977,886,A,,,,
130,454,Malawi,1096,Horses,1977,37,A,,,,
131,458,Malaysia,1096,Horses,1977,4950,E,,,,
133,466,Mali,1096,Horses,1977,132000,E,,,,
134,470,Malta,1096,Horses,1977,1034,A,,,,
136,478,Mauritania,1096,Horses,1977,14000,E,,,,
137,480,Mauritius,1096,Horses,1977,150,E,,,,
138,484,Mexico,1096,Horses,1977,6333010,A,,,,
141,496,Mongolia,1096,Horses,1977,2205000,A,,,,
143,504,Morocco,1096,Horses,1977,312000,X,,,,
147,516,Namibia,1096,Horses,1977,43000,E,,,,
150,528,Netherlands (Kingdom of the),1096,Horses,1977,76190,A,,,,
153,540,New Caledonia,1096,Horses,1977,9500,A,,,,
155,548,Vanuatu,1096,Horses,1977,1100,E,,,,
156,554,New Zealand,1096,Horses,1977,66000,E,,,,
157,558,Nicaragua,1096,Horses,1977,270000,X,,,,
158,562,Niger,1096,Horses,1977,301831,A,,,,
159,566,Nigeria,1096,Horses,1977,234000,E,,,,
162,578,Norway,1096,Horses,1977,21395,A,,,,
165,586,Pakistan,1096,Horses,1977,452000,A,,,,
166,591,Panama,1096,Horses,1977,132000,E,,,,
168,598,Papua New Guinea,1096,Horses,1977,931,A,,,,
169,600,Paraguay,1096,Horses,1977,325800,A,,,,
170,604,Peru,1096,Horses,1977,643000,X,,,,
171,608,Philippines,1096,Horses,1977,207000,A,,,,
173,616,Poland,1096,Horses,1977,2061956,A,,,,
174,620,Portugal,1096,Horses,1977,31000,X,,,,
175,624,Guinea-Bissau,1096,Horses,1977,1000,E,,,,
176,626,Timor-Leste,1096,Horses,1977,85000,E,,,,
177,630,Puerto Rico,1096,Horses,1977,19500,E,,,,
179,634,Qatar,1096,Horses,1977,1200,A,,,,
183,642,Romania,1096,Horses,1977,576000,A,,,,
189,662,Saint Lucia,1096,Horses,1977,1000,E,,,,
193,678,Sao Tome and Principe,1096,Horses,1977,185,E,,,,
194,682,Saudi Arabia,1096,Horses,1977,2250,E,,,,
195,686,Senegal,1096,Horses,1977,230000,A,,,,
197,694,Sierra Leone,1096,Horses,1977,,M,,,,
237,704,Viet Nam,1096,Horses,1977,142100,A,,,,
201,706,Somalia,1096,Horses,1977,650,E,,,,
202,710,South Africa,1096,Horses,1977,225000,E,,,,
181,716,Zimbabwe,1096,Horses,1977,16000,E,,,,
203,724,Spain,1096,Horses,1977,256000,A,,,,
206,736,Sudan (former),1096,Horses,1977,20000,E,,,,
207,740,Suriname,1096,Horses,1977,100,E,,,,
209,748,Eswatini,1096,Horses,1977,1700,A,,,,
210,752,Sweden,1096,Horses,1977,58000,A,,,,
211,756,Switzerland,1096,Horses,1977,46070,A,,,,
212,760,Syrian Arab Republic,1096,Horses,1977,55004,A,,,,
216,764,Thailand,1096,Horses,1977,31769,A,,,,
217,768,Togo,1096,Horses,1977,913,A,,,,
219,776,Tonga,1096,Horses,1977,8556,A,,,,
220,780,Trinidad and Tobago,1096,Horses,1977,1000,E,,,,
225,784,United Arab Emirates,1096,Horses,1977,200,E,,,,
222,788,Tunisia,1096,Horses,1977,60000,E,,,,
223,792,Türkiye,1096,Horses,1977,853000,A,,,,
59,818,Egypt,1096,Horses,1977,18000,A,,,,
229,826,United Kingdom of Great Britain and Northern Ireland,1096,Horses,1977,140000,E,,,,
231,840,United States of America,1096,Horses,1977,4743000,E,,,,
233,854,Burkina Faso,1096,Horses,1977,21000,E,,,,
234,858,Uruguay,1096,Horses,1977,491000,A,,,,
236,862,Venezuela (Bolivarian Republic of),1096,Horses,1977,463000,X,,,,
244,882,Samoa,1096,Horses,1977,3000,A,,,,
249,887,Yemen,1096,Horses,1977,3000,A,,,,
135,474,Martinique,1096,Horses,1978,1500,A,,,,
50,196,Cyprus,1096,Horses,1978,800,E,,,,
69,254,French Guiana,1096,Horses,1978,150,E,,,,
228,810,USSR,1096,Horses,1978,5822000,A,,,,
15,58,Belgium-Luxembourg,1096,Horses,1978,130000,A,,,,
182,638,Réunion,1096,Horses,1978,50,A,,,,
51,200,Czechoslovakia,1096,Horses,1978,52643,A,,,,
248,890,Yugoslav SFR,1096,Horses,1978,759475,A,,,,
87,312,Guadeloupe,1096,Horses,1978,1200,A,,,,
62,230,Ethiopia PDR,1096,Horses,1978,1520000,E,,,,
2,4,Afghanistan,1096,Horses,1978,410000,X,,,,
3,8,Albania,1096,Horses,1978,42500,E,,,,
4,12,Algeria,1096,Horses,1978,148990,A,,,,
7,24,Angola,1096,Horses,1978,1150,E,,,,
8,28,Antigua and Barbuda,1096,Horses,1978,570,E,,,,
9,32,Argentina,1096,Horses,1978,2825000,A,,,,
10,36,Australia,1096,Horses,1978,437882,A,,,,
11,40,Austria,1096,Horses,1978,42808,A,,,,
12,44,Bahamas,1096,Horses,1978,,A,,,,
14,52,Barbados,1096,Horses,1978,1000,E,,,,
18,64,Bhutan,1096,Horses,1978,14500,E,,,,
19,68,Bolivia (Plurinational State of),1096,Horses,1978,360000,E,,,,
20,72,Botswana,1096,Horses,1978,16700,A,,,,
21,76,Brazil,1096,Horses,1978,4853000,A,,,,
23,84,Belize,1096,Horses,1978,5000,E,,,,
25,90,Solomon Islands,1096,Horses,1978,100,E,,,,
27,100,Bulgaria,1096,Horses,1978,125804,A,,,,
28,104,Myanmar,1096,Horses,1978,108000,A,,,,
115,116,Cambodia,1096,Horses,1978,10000,E,,,,
32,120,Cameroon,1096,Horses,1978,14968,X,,,,
33,124,Canada,1096,Horses,1978,350000,E,,,,
35,132,Cabo Verde,1096,Horses,1978,1450,E,,,,
38,144,Sri Lanka,1096,Horses,1978,1500,E,,,,
39,148,Chad,1096,Horses,1978,160000,E,,,,
40,152,Chile,1096,Horses,1978,450000,X,,,,
41,156,"China, mainland",1096,Horses,1978,11447000,A,,,,
214,158,"China, Taiwan Province of",1096,Horses,1978,148,A,,,,
44,170,Colombia,1096,Horses,1978,1587840,A,,,,
46,178,Congo,1096,Horses,1978,,A,,,,
250,180,Democratic Republic of the Congo,1096,Horses,1978,,A,,,,
47,184,Cook Islands,1096,Horses,1978,8500,A,,,,
48,188,Costa Rica,1096,Horses,1978,111000,X,,,,
49,192,Cuba,1096,Horses,1978,818500,A,,,,
53,204,Benin,1096,Horses,1978,5500,E,,,,
54,208,Denmark,1096,Horses,1978,59236,A,,,,
56,214,Dominican Republic,1096,Horses,1978,203000,X,,,,
58,218,Ecuador,1096,Horses,1978,296800,A,,,,
60,222,El Salvador,1096,Horses,1978,88000,X,,,,
66,242,Fiji,1096,Horses,1978,36000,E,,,,
67,246,Finland,1096,Horses,1978,34300,A,,,,
68,250,France,1096,Horses,1978,379600,A,,,,
70,258,French Polynesia,1096,Horses,1978,2000,E,,,,
75,270,Gambia,1096,Horses,1978,11500,E,,,,
79,276,Germany,1096,Horses,1978,436855,A,,,,
81,288,Ghana,1096,Horses,1978,4000,E,,,,
84,300,Greece,1096,Horses,1978,137915,A,,,,
86,308,Grenada,1096,Horses,1978,28,A,,,,
89,320,Guatemala,1096,Horses,1978,99500,E,,,,
90,324,Guinea,1096,Horses,1978,1000,E,,,,
91,328,Guyana,1096,Horses,1978,2400,E,,,,
93,332,Haiti,1096,Horses,1978,400000,E,,,,
95,340,Honduras,1096,Horses,1978,164000,E,,,,
96,344,"China, Hong Kong SAR",1096,Horses,1978,702,A,,,,
97,348,Hungary,1096,Horses,1978,144000,A,,,,
99,352,Iceland,1096,Horses,1978,49528,A,,,,
100,356,India,1096,Horses,1978,910000,E,,,,
101,360,Indonesia,1096,Horses,1978,615000,A,,,,
102,364,Iran (Islamic Republic of),1096,Horses,1978,300000,E,,,,
103,368,Iraq,1096,Horses,1978,60000,E,,,,
104,372,Ireland,1096,Horses,1978,75500,A,,,,
105,376,Israel,1096,Horses,1978,4000,X,,,,
106,380,Italy,1096,Horses,1978,264240,A,,,,
109,388,Jamaica,1096,Horses,1978,4000,E,,,,
110,392,Japan,1096,Horses,1978,25200,A,,,,
112,400,Jordan,1096,Horses,1978,2700,E,,,,
114,404,Kenya,1096,Horses,1978,2000,E,,,,
116,408,Democratic People's Republic of Korea,1096,Horses,1978,35000,E,,,,
117,410,Republic of Korea,1096,Horses,1978,5367,A,,,,
118,414,Kuwait,1096,Horses,1978,,A,,,,
120,418,Lao People's Democratic Republic,1096,Horses,1978,28000,E,,,,
121,422,Lebanon,1096,Horses,1978,2000,E,,,,
122,426,Lesotho,1096,Horses,1978,101687,A,,,,
124,434,Libya,1096,Horses,1978,15000,E,,,,
129,450,Madagascar,1096,Horses,1978,1316,A,,,,
130,454,Malawi,1096,Horses,1978,69,A,,,,
131,458,Malaysia,1096,Horses,1978,4950,E,,,,
133,466,Mali,1096,Horses,1978,134000,E,,,,
134,470,Malta,1096,Horses,1978,1034,A,,,,
136,478,Mauritania,1096,Horses,1978,13000,A,,,,
137,480,Mauritius,1096,Horses,1978,150,E,,,,
138,484,Mexico,1096,Horses,1978,6299209,A,,,,
141,496,Mongolia,1096,Horses,1978,2104000,A,,,,
143,504,Morocco,1096,Horses,1978,320000,X,,,,
147,516,Namibia,1096,Horses,1978,44000,E,,,,
150,528,Netherlands (Kingdom of the),1096,Horses,1978,74929,A,,,,
153,540,New Caledonia,1096,Horses,1978,10000,A,,,,
155,548,Vanuatu,1096,Horses,1978,1100,E,,,,
156,554,New Zealand,1096,Horses,1978,62132,A,,,,
157,558,Nicaragua,1096,Horses,1978,275000,X,,,,
158,562,Niger,1096,Horses,1978,308316,A,,,,
159,566,Nigeria,1096,Horses,1978,232000,E,,,,
162,578,Norway,1096,Horses,1978,20187,A,,,,
165,586,Pakistan,1096,Horses,1978,466000,A,,,,
166,591,Panama,1096,Horses,1978,130000,E,,,,
168,598,Papua New Guinea,1096,Horses,1978,804,A,,,,
169,600,Paraguay,1096,Horses,1978,327500,A,,,,
170,604,Peru,1096,Horses,1978,645000,X,,,,
171,608,Philippines,1096,Horses,1978,229000,A,,,,
173,616,Poland,1096,Horses,1978,1890511,A,,,,
174,620,Portugal,1096,Horses,1978,31000,X,,,,
175,624,Guinea-Bissau,1096,Horses,1978,1000,E,,,,
176,626,Timor-Leste,1096,Horses,1978,96000,E,,,,
177,630,Puerto Rico,1096,Horses,1978,19500,E,,,,
179,634,Qatar,1096,Horses,1978,1200,A,,,,
183,642,Romania,1096,Horses,1978,550000,A,,,,
189,662,Saint Lucia,1096,Horses,1978,1000,E,,,,
193,678,Sao Tome and Principe,1096,Horses,1978,185,E,,,,
194,682,Saudi Arabia,1096,Horses,1978,2400,E,,,,
195,686,Senegal,1096,Horses,1978,240000,A,,,,
197,694,Sierra Leone,1096,Horses,1978,,M,,,,
237,704,Viet Nam,1096,Horses,1978,143000,A,,,,
201,706,Somalia,1096,Horses,1978,650,E,,,,
202,710,South Africa,1096,Horses,1978,225000,E,,,,
181,716,Zimbabwe,1096,Horses,1978,17000,E,,,,
203,724,Spain,1096,Horses,1978,243000,A,,,,
206,736,Sudan (former),1096,Horses,1978,20000,E,,,,
207,740,Suriname,1096,Horses,1978,105,A,,,,
209,748,Eswatini,1096,Horses,1978,1701,A,,,,
210,752,Sweden,1096,Horses,1978,57000,A,,,,
211,756,Switzerland,1096,Horses,1978,45770,A,,,,
212,760,Syrian Arab Republic,1096,Horses,1978,50707,A,,,,
216,764,Thailand,1096,Horses,1978,32784,A,,,,
217,768,Togo,1096,Horses,1978,542,A,,,,
219,776,Tonga,1096,Horses,1978,10344,A,,,,
220,780,Trinidad and Tobago,1096,Horses,1978,1000,E,,,,
225,784,United Arab Emirates,1096,Horses,1978,200,E,,,,
222,788,Tunisia,1096,Horses,1978,55000,E,,,,
223,792,Türkiye,1096,Horses,1978,843000,A,,,,
59,818,Egypt,1096,Horses,1978,15239,A,,,,
229,826,United Kingdom of Great Britain and Northern Ireland,1096,Horses,1978,142000,E,,,,
231,840,United States of America,1096,Horses,1978,4953000,E,,,,
233,854,Burkina Faso,1096,Horses,1978,20000,E,,,,
234,858,Uruguay,1096,Horses,1978,500000,X,,,,
236,862,Venezuela (Bolivarian Republic of),1096,Horses,1978,470000,X,,,,
244,882,Samoa,1096,Horses,1978,3000,A,,,,
249,887,Yemen,1096,Horses,1978,3000,A,,,,
51,200,Czechoslovakia,1096,Horses,1979,49270,A,,,,
50,196,Cyprus,1096,Horses,1979,750,E,,,,
62,230,Ethiopia PDR,1096,Horses,1979,1525000,E,,,,
228,810,USSR,1096,Horses,1979,5686000,A,,,,
248,890,Yugoslav SFR,1096,Horses,1979,701000,A,,,,
87,312,Guadeloupe,1096,Horses,1979,1200,A,,,,
182,638,Réunion,1096,Horses,1979,50,A,,,,
15,58,Belgium-Luxembourg,1096,Horses,1979,120500,A,,,,
69,254,French Guiana,1096,Horses,1979,160,E,,,,
135,474,Martinique,1096,Horses,1979,1500,A,,,,
2,4,Afghanistan,1096,Horses,1979,400000,X,,,,
3,8,Albania,1096,Horses,1979,42500,E,,,,
4,12,Algeria,1096,Horses,1979,171600,A,,,,
7,24,Angola,1096,Horses,1979,1100,E,,,,
8,28,Antigua and Barbuda,1096,Horses,1979,560,E,,,,
9,32,Argentina,1096,Horses,1979,3000000,X,,,,
10,36,Australia,1096,Horses,1979,475919,A,,,,
11,40,Austria,1096,Horses,1979,44741,A,,,,
12,44,Bahamas,1096,Horses,1979,,A,,,,
14,52,Barbados,1096,Horses,1979,1000,E,,,,
18,64,Bhutan,1096,Horses,1979,14800,E,,,,
19,68,Bolivia (Plurinational State of),1096,Horses,1979,340000,E,,,,
20,72,Botswana,1096,Horses,1979,17700,A,,,,
21,76,Brazil,1096,Horses,1979,4928000,A,,,,
23,84,Belize,1096,Horses,1979,4900,E,,,,
25,90,Solomon Islands,1096,Horses,1979,100,E,,,,
27,100,Bulgaria,1096,Horses,1979,123719,A,,,,
28,104,Myanmar,1096,Horses,1979,110000,E,,,,
115,116,Cambodia,1096,Horses,1979,8000,E,,,,
32,120,Cameroon,1096,Horses,1979,15000,E,,,,
33,124,Canada,1096,Horses,1979,350000,E,,,,
35,132,Cabo Verde,1096,Horses,1979,1400,E,,,,
38,144,Sri Lanka,1096,Horses,1979,1500,E,,,,
39,148,Chad,1096,Horses,1979,163000,E,,,,
40,152,Chile,1096,Horses,1979,450000,X,,,,
41,156,"China, mainland",1096,Horses,1979,11245000,A,,,,
214,158,"China, Taiwan Province of",1096,Horses,1979,144,A,,,,
44,170,Colombia,1096,Horses,1979,1644000,A,,,,
46,178,Congo,1096,Horses,1979,,A,,,,
250,180,Democratic Republic of the Congo,1096,Horses,1979,,A,,,,
47,184,Cook Islands,1096,Horses,1979,7500,E,,,,
48,188,Costa Rica,1096,Horses,1979,112000,X,,,,
49,192,Cuba,1096,Horses,1979,806800,A,,,,
53,204,Benin,1096,Horses,1979,5500,E,,,,
54,208,Denmark,1096,Horses,1979,55912,A,,,,
56,214,Dominican Republic,1096,Horses,1979,203000,X,,,,
58,218,Ecuador,1096,Horses,1979,309260,A,,,,
60,222,El Salvador,1096,Horses,1979,89000,X,,,,
66,242,Fiji,1096,Horses,1979,37000,E,,,,
67,246,Finland,1096,Horses,1979,32100,A,,,,
68,250,France,1096,Horses,1979,373500,A,,,,
70,258,French Polynesia,1096,Horses,1979,2000,E,,,,
75,270,Gambia,1096,Horses,1979,12000,E,,,,
79,276,Germany,1096,Horses,1979,443624,A,,,,
81,288,Ghana,1096,Horses,1979,4000,E,,,,
84,300,Greece,1096,Horses,1979,125451,A,,,,
86,308,Grenada,1096,Horses,1979,23,A,,,,
89,320,Guatemala,1096,Horses,1979,99500,E,,,,
90,324,Guinea,1096,Horses,1979,1000,E,,,,
91,328,Guyana,1096,Horses,1979,2400,E,,,,
93,332,Haiti,1096,Horses,1979,407000,E,,,,
95,340,Honduras,1096,Horses,1979,165000,E,,,,
96,344,"China, Hong Kong SAR",1096,Horses,1979,832,A,,,,
97,348,Hungary,1096,Horses,1979,134000,A,,,,
99,352,Iceland,1096,Horses,1979,51019,A,,,,
100,356,India,1096,Horses,1979,900000,E,,,,
101,360,Indonesia,1096,Horses,1979,596000,A,,,,
102,364,Iran (Islamic Republic of),1096,Horses,1979,295000,E,,,,
103,368,Iraq,1096,Horses,1979,52925,A,,,,
104,372,Ireland,1096,Horses,1979,73000,A,,,,
105,376,Israel,1096,Horses,1979,4000,E,,,,
106,380,Italy,1096,Horses,1979,267550,A,,,,
109,388,Jamaica,1096,Horses,1979,4000,E,,,,
110,392,Japan,1096,Horses,1979,22100,A,,,,
112,400,Jordan,1096,Horses,1979,2500,E,,,,
114,404,Kenya,1096,Horses,1979,2000,E,,,,
116,408,Democratic People's Republic of Korea,1096,Horses,1979,36000,E,,,,
117,410,Republic of Korea,1096,Horses,1979,4363,A,,,,
118,414,Kuwait,1096,Horses,1979,,A,,,,
120,418,Lao People's Democratic Republic,1096,Horses,1979,29817,A,,,,
121,422,Lebanon,1096,Horses,1979,2000,X,,,,
122,426,Lesotho,1096,Horses,1979,101123,A,,,,
124,434,Libya,1096,Horses,1979,20000,E,,,,
129,450,Madagascar,1096,Horses,1979,1340,A,,,,
130,454,Malawi,1096,Horses,1979,90,A,,,,
131,458,Malaysia,1096,Horses,1979,5000,E,,,,
133,466,Mali,1096,Horses,1979,135000,A,,,,
134,470,Malta,1096,Horses,1979,918,A,,,,
136,478,Mauritania,1096,Horses,1979,13000,E,,,,
137,480,Mauritius,1096,Horses,1979,150,E,,,,
138,484,Mexico,1096,Horses,1979,6245410,A,,,,
141,496,Mongolia,1096,Horses,1979,2078000,A,,,,
143,504,Morocco,1096,Horses,1979,320000,X,,,,
147,516,Namibia,1096,Horses,1979,45000,E,,,,
150,528,Netherlands (Kingdom of the),1096,Horses,1979,70068,A,,,,
153,540,New Caledonia,1096,Horses,1979,10000,A,,,,
155,548,Vanuatu,1096,Horses,1979,1100,E,,,,
156,554,New Zealand,1096,Horses,1979,63631,A,,,,
157,558,Nicaragua,1096,Horses,1979,280000,X,,,,
158,562,Niger,1096,Horses,1979,313922,A,,,,
159,566,Nigeria,1096,Horses,1979,230000,E,,,,
162,578,Norway,1096,Horses,1979,20704,A,,,,
165,586,Pakistan,1096,Horses,1979,480000,A,,,,
166,591,Panama,1096,Horses,1979,129000,E,,,,
168,598,Papua New Guinea,1096,Horses,1979,1132,A,,,,
169,600,Paraguay,1096,Horses,1979,328800,A,,,,
170,604,Peru,1096,Horses,1979,648000,X,,,,
171,608,Philippines,1096,Horses,1979,221000,A,,,,
173,616,Poland,1096,Horses,1979,1856350,A,,,,
174,620,Portugal,1096,Horses,1979,30000,X,,,,
175,624,Guinea-Bissau,1096,Horses,1979,1000,E,,,,
176,626,Timor-Leste,1096,Horses,1979,87000,E,,,,
177,630,Puerto Rico,1096,Horses,1979,20000,E,,,,
179,634,Qatar,1096,Horses,1979,1500,A,,,,
183,642,Romania,1096,Horses,1979,570000,A,,,,
189,662,Saint Lucia,1096,Horses,1979,1000,E,,,,
193,678,Sao Tome and Principe,1096,Horses,1979,185,E,,,,
194,682,Saudi Arabia,1096,Horses,1979,2550,E,,,,
195,686,Senegal,1096,Horses,1979,225000,A,,,,
197,694,Sierra Leone,1096,Horses,1979,,M,,,,
237,704,Viet Nam,1096,Horses,1979,126000,A,,,,
201,706,Somalia,1096,Horses,1979,700,E,,,,
202,710,South Africa,1096,Horses,1979,225000,E,,,,
181,716,Zimbabwe,1096,Horses,1979,18000,E,,,,
203,724,Spain,1096,Horses,1979,240000,A,,,,
206,736,Sudan (former),1096,Horses,1979,20000,E,,,,
207,740,Suriname,1096,Horses,1979,121,A,,,,
209,748,Eswatini,1096,Horses,1979,1762,A,,,,
210,752,Sweden,1096,Horses,1979,57000,A,,,,
211,756,Switzerland,1096,Horses,1979,44550,A,,,,
212,760,Syrian Arab Republic,1096,Horses,1979,50500,A,,,,
216,764,Thailand,1096,Horses,1979,31314,A,,,,
217,768,Togo,1096,Horses,1979,587,A,,,,
219,776,Tonga,1096,Horses,1979,10785,A,,,,
220,780,Trinidad and Tobago,1096,Horses,1979,1000,E,,,,
225,784,United Arab Emirates,1096,Horses,1979,200,E,,,,
222,788,Tunisia,1096,Horses,1979,50000,E,,,,
223,792,Türkiye,1096,Horses,1979,812000,A,,,,
59,818,Egypt,1096,Horses,1979,12373,A,,,,
229,826,United Kingdom of Great Britain and Northern Ireland,1096,Horses,1979,145000,E,,,,
231,840,United States of America,1096,Horses,1979,4973000,E,,,,
233,854,Burkina Faso,1096,Horses,1979,20000,E,,,,
234,858,Uruguay,1096,Horses,1979,482395,A,,,,
236,862,Venezuela (Bolivarian Republic of),1096,Horses,1979,474000,X,,,,
244,882,Samoa,1096,Horses,1979,3000,A,,,,
249,887,Yemen,1096,Horses,1979,3000,A,,,,
248,890,Yugoslav SFR,1096,Horses,1980,617000,A,,,,
62,230,Ethiopia PDR,1096,Horses,1980,1530000,E,,,,
50,196,Cyprus,1096,Horses,1980,750,E,,,,
135,474,Martinique,1096,Horses,1980,1500,A,,,,
15,58,Belgium-Luxembourg,1096,Horses,1980,111400,A,,,,
228,810,USSR,1096,Horses,1980,5620000,A,,,,
51,200,Czechoslovakia,1096,Horses,1980,46751,A,,,,
182,638,Réunion,1096,Horses,1980,50,A,,,,
69,254,French Guiana,1096,Horses,1980,160,E,,,,
87,312,Guadeloupe,1096,Horses,1980,1200,E,,,,
2,4,Afghanistan,1096,Horses,1980,405000,X,,,,
3,8,Albania,1096,Horses,1980,45800,X,,,,
4,12,Algeria,1096,Horses,1980,175000,A,,,,
7,24,Angola,1096,Horses,1980,1150,E,,,,
8,28,Antigua and Barbuda,1096,Horses,1980,560,E,,,,
9,32,Argentina,1096,Horses,1980,3000000,X,,,,
10,36,Australia,1096,Horses,1980,493744,A,,,,
11,40,Austria,1096,Horses,1980,42768,A,,,,
12,44,Bahamas,1096,Horses,1980,,A,,,,
14,52,Barbados,1096,Horses,1980,1000,E,,,,
18,64,Bhutan,1096,Horses,1980,15000,E,,,,
19,68,Bolivia (Plurinational State of),1096,Horses,1980,330000,E,,,,
20,72,Botswana,1096,Horses,1980,21700,A,,,,
21,76,Brazil,1096,Horses,1980,5055000,A,,,,
23,84,Belize,1096,Horses,1980,4800,E,,,,
25,90,Solomon Islands,1096,Horses,1980,100,E,,,,
27,100,Bulgaria,1096,Horses,1980,119943,A,,,,
28,104,Myanmar,1096,Horses,1980,111000,E,,,,
115,116,Cambodia,1096,Horses,1980,7500,E,,,,
32,120,Cameroon,1096,Horses,1980,15627,A,,,,
33,124,Canada,1096,Horses,1980,370000,E,,,,
35,132,Cabo Verde,1096,Horses,1980,1350,E,,,,
38,144,Sri Lanka,1096,Horses,1980,1500,E,,,,
39,148,Chad,1096,Horses,1980,166000,E,,,,
40,152,Chile,1096,Horses,1980,450000,X,,,,
41,156,"China, mainland",1096,Horses,1980,11145000,A,,,,
214,158,"China, Taiwan Province of",1096,Horses,1980,203,A,,,,
44,170,Colombia,1096,Horses,1980,1695804,A,,,,
46,178,Congo,1096,Horses,1980,80,A,,,,
250,180,Democratic Republic of the Congo,1096,Horses,1980,,A,,,,
47,184,Cook Islands,1096,Horses,1980,6500,E,,,,
48,188,Costa Rica,1096,Horses,1980,112500,A,,,,
49,192,Cuba,1096,Horses,1980,812900,A,,,,
53,204,Benin,1096,Horses,1980,5500,E,,,,
54,208,Denmark,1096,Horses,1980,50000,A,,,,
56,214,Dominican Republic,1096,Horses,1980,204000,X,,,,
58,218,Ecuador,1096,Horses,1980,313567,A,,,,
60,222,El Salvador,1096,Horses,1980,88000,X,,,,
66,242,Fiji,1096,Horses,1980,38000,E,,,,
67,246,Finland,1096,Horses,1980,33400,A,,,,
68,250,France,1096,Horses,1980,364417,A,,,,
70,258,French Polynesia,1096,Horses,1980,2000,E,,,,
75,270,Gambia,1096,Horses,1980,12500,E,,,,
79,276,Germany,1096,Horses,1980,445601,A,,,,
81,288,Ghana,1096,Horses,1980,4000,E,,,,
84,300,Greece,1096,Horses,1980,115711,A,,,,
86,308,Grenada,1096,Horses,1980,25,E,,,,
89,320,Guatemala,1096,Horses,1980,99600,E,,,,
90,324,Guinea,1096,Horses,1980,1000,E,,,,
91,328,Guyana,1096,Horses,1980,2300,E,,,,
93,332,Haiti,1096,Horses,1980,410000,E,,,,
95,340,Honduras,1096,Horses,1980,165000,E,,,,
96,344,"China, Hong Kong SAR",1096,Horses,1980,840,A,,,,
97,348,Hungary,1096,Horses,1980,126000,A,,,,
99,352,Iceland,1096,Horses,1980,50067,A,,,,
100,356,India,1096,Horses,1980,900000,E,,,,
101,360,Indonesia,1096,Horses,1980,616000,A,,,,
102,364,Iran (Islamic Republic of),1096,Horses,1980,293000,E,,,,
103,368,Iraq,1096,Horses,1980,53000,A,,,,
104,372,Ireland,1096,Horses,1980,68466,A,,,,
105,376,Israel,1096,Horses,1980,4000,E,,,,
106,380,Italy,1096,Horses,1980,273350,A,,,,
109,388,Jamaica,1096,Horses,1980,3900,E,,,,
110,392,Japan,1096,Horses,1980,23000,X,,,,
112,400,Jordan,1096,Horses,1980,2200,A,,,,
114,404,Kenya,1096,Horses,1980,2000,E,,,,
116,408,Democratic People's Republic of Korea,1096,Horses,1980,37000,E,,,,
117,410,Republic of Korea,1096,Horses,1980,3582,A,,,,
118,414,Kuwait,1096,Horses,1980,,A,,,,
120,418,Lao People's Democratic Republic,1096,Horses,1980,32000,E,,,,
121,422,Lebanon,1096,Horses,1980,2229,A,,,,
122,426,Lesotho,1096,Horses,1980,100890,A,,,,
124,434,Libya,1096,Horses,1980,25000,E,,,,
129,450,Madagascar,1096,Horses,1980,1400,A,,,,
130,454,Malawi,1096,Horses,1980,54,A,,,,
131,458,Malaysia,1096,Horses,1980,5000,E,,,,
133,466,Mali,1096,Horses,1980,142000,A,,,,
134,470,Malta,1096,Horses,1980,850,E,,,,
136,478,Mauritania,1096,Horses,1980,13000,E,,,,
137,480,Mauritius,1096,Horses,1980,150,E,,,,
138,484,Mexico,1096,Horses,1980,6205000,A,,,,
141,496,Mongolia,1096,Horses,1980,2079000,A,,,,
143,504,Morocco,1096,Horses,1980,268657,A,,,,
147,516,Namibia,1096,Horses,1980,45000,E,,,,
150,528,Netherlands (Kingdom of the),1096,Horses,1980,66514,A,,,,
153,540,New Caledonia,1096,Horses,1980,11000,A,,,,
155,548,Vanuatu,1096,Horses,1980,1070,E,,,,
156,554,New Zealand,1096,Horses,1980,69939,A,,,,
157,558,Nicaragua,1096,Horses,1980,275000,X,,,,
158,562,Niger,1096,Horses,1980,320390,A,,,,
159,566,Nigeria,1096,Horses,1980,228000,E,,,,
162,578,Norway,1096,Horses,1980,17700,A,,,,
165,586,Pakistan,1096,Horses,1980,494000,A,,,,
166,591,Panama,1096,Horses,1980,128000,E,,,,
168,598,Papua New Guinea,1096,Horses,1980,1142,A,,,,
169,600,Paraguay,1096,Horses,1980,310000,E,,,,
170,604,Peru,1096,Horses,1980,650000,X,,,,
171,608,Philippines,1096,Horses,1980,250000,A,,,,
173,616,Poland,1096,Horses,1980,1779884,A,,,,
174,620,Portugal,1096,Horses,1980,29000,X,,,,
175,624,Guinea-Bissau,1096,Horses,1980,950,E,,,,
176,626,Timor-Leste,1096,Horses,1980,78000,E,,,,
177,630,Puerto Rico,1096,Horses,1980,20000,E,,,,
179,634,Qatar,1096,Horses,1980,2500,A,,,,
183,642,Romania,1096,Horses,1980,566000,A,,,,
189,662,Saint Lucia,1096,Horses,1980,1000,E,,,,
193,678,Sao Tome and Principe,1096,Horses,1980,190,E,,,,
194,682,Saudi Arabia,1096,Horses,1980,2700,E,,,,
195,686,Senegal,1096,Horses,1980,200000,A,,,,
197,694,Sierra Leone,1096,Horses,1980,,M,,,,
237,704,Viet Nam,1096,Horses,1980,115600,A,,,,
201,706,Somalia,1096,Horses,1980,700,E,,,,
202,710,South Africa,1096,Horses,1980,225000,E,,,,
181,716,Zimbabwe,1096,Horses,1980,18500,E,,,,
203,724,Spain,1096,Horses,1980,248000,A,,,,
206,736,Sudan (former),1096,Horses,1980,20000,E,,,,
207,740,Suriname,1096,Horses,1980,88,A,,,,
209,748,Eswatini,1096,Horses,1980,1782,A,,,,
210,752,Sweden,1096,Horses,1980,57000,A,,,,
211,756,Switzerland,1096,Horses,1980,45010,A,,,,
212,760,Syrian Arab Republic,1096,Horses,1980,52818,A,,,,
216,764,Thailand,1096,Horses,1980,30880,A,,,,
217,768,Togo,1096,Horses,1980,759,A,,,,
219,776,Tonga,1096,Horses,1980,11000,A,,,,
220,780,Trinidad and Tobago,1096,Horses,1980,1000,E,,,,
225,784,United Arab Emirates,1096,Horses,1980,200,E,,,,
222,788,Tunisia,1096,Horses,1980,50000,E,,,,
223,792,Türkiye,1096,Horses,1980,807000,A,,,,
59,818,Egypt,1096,Horses,1980,12000,X,,,,
229,826,United Kingdom of Great Britain and Northern Ireland,1096,Horses,1980,145000,E,,,,
231,840,United States of America,1096,Horses,1980,5013000,E,,,,
233,854,Burkina Faso,1096,Horses,1980,20000,E,,,,
234,858,Uruguay,1096,Horses,1980,491270,A,,,,
236,862,Venezuela (Bolivarian Republic of),1096,Horses,1980,478000,X,,,,
244,882,Samoa,1096,Horses,1980,3000,A,,,,
249,887,Yemen,1096,Horses,1980,3000,A,,,,
51,200,Czechoslovakia,1096,Horses,1981,44889,A,,,,
228,810,USSR,1096,Horses,1981,5563000,A,,,,
248,890,Yugoslav SFR,1096,Horses,1981,573000,A,,,,
62,230,Ethiopia PDR,1096,Horses,1981,1750000,E,,,,
50,196,Cyprus,1096,Horses,1981,700,E,,,,
135,474,Martinique,1096,Horses,1981,1500,A,,,,
69,254,French Guiana,1096,Horses,1981,170,A,,,,
15,58,Belgium-Luxembourg,1096,Horses,1981,100400,A,,,,
182,638,Réunion,1096,Horses,1981,50,A,,,,
87,312,Guadeloupe,1096,Horses,1981,1200,A,,,,
2,4,Afghanistan,1096,Horses,1981,405000,X,,,,
3,8,Albania,1096,Horses,1981,48000,E,,,,
4,12,Algeria,1096,Horses,1981,172000,A,,,,
7,24,Angola,1096,Horses,1981,1100,E,,,,
8,28,Antigua and Barbuda,1096,Horses,1981,550,E,,,,
9,32,Argentina,1096,Horses,1981,3073000,A,,,,
10,36,Australia,1096,Horses,1981,488535,A,,,,
11,40,Austria,1096,Horses,1981,40406,A,,,,
12,44,Bahamas,1096,Horses,1981,,A,,,,
14,52,Barbados,1096,Horses,1981,1000,E,,,,
18,64,Bhutan,1096,Horses,1981,15300,E,,,,
19,68,Bolivia (Plurinational State of),1096,Horses,1981,320000,E,,,,
20,72,Botswana,1096,Horses,1981,23600,A,,,,
21,76,Brazil,1096,Horses,1981,5227000,A,,,,
23,84,Belize,1096,Horses,1981,4900,E,,,,
25,90,Solomon Islands,1096,Horses,1981,100,E,,,,
27,100,Bulgaria,1096,Horses,1981,119732,A,,,,
28,104,Myanmar,1096,Horses,1981,115000,E,,,,
115,116,Cambodia,1096,Horses,1981,8100,E,,,,
32,120,Cameroon,1096,Horses,1981,20746,A,,,,
33,124,Canada,1096,Horses,1981,370000,E,,,,
35,132,Cabo Verde,1096,Horses,1981,1300,E,,,,
38,144,Sri Lanka,1096,Horses,1981,1500,E,,,,
39,148,Chad,1096,Horses,1981,170000,E,,,,
40,152,Chile,1096,Horses,1981,450000,E,,,,
41,156,"China, mainland",1096,Horses,1981,11042000,A,,,,
214,158,"China, Taiwan Province of",1096,Horses,1981,211,A,,,,
44,170,Colombia,1096,Horses,1981,1710000,X,,,,
46,178,Congo,1096,Horses,1981,80,A,,,,
250,180,Democratic Republic of the Congo,1096,Horses,1981,,A,,,,
47,184,Cook Islands,1096,Horses,1981,5500,E,,,,
48,188,Costa Rica,1096,Horses,1981,113000,A,,,,
49,192,Cuba,1096,Horses,1981,811700,A,,,,
53,204,Benin,1096,Horses,1981,5500,E,,,,
54,208,Denmark,1096,Horses,1981,44000,A,,,,
56,214,Dominican Republic,1096,Horses,1981,204000,X,,,,
58,218,Ecuador,1096,Horses,1981,317894,A,,,,
60,222,El Salvador,1096,Horses,1981,88000,X,,,,
66,242,Fiji,1096,Horses,1981,39000,E,,,,
67,246,Finland,1096,Horses,1981,32500,A,,,,
68,250,France,1096,Horses,1981,317444,A,,,,
70,258,French Polynesia,1096,Horses,1981,2000,X,,,,
75,270,Gambia,1096,Horses,1981,13000,E,,,,
79,276,Germany,1096,Horses,1981,451794,A,,,,
81,288,Ghana,1096,Horses,1981,3500,E,,,,
84,300,Greece,1096,Horses,1981,105254,A,,,,
86,308,Grenada,1096,Horses,1981,30,A,,,,
89,320,Guatemala,1096,Horses,1981,99733,A,,,,
90,324,Guinea,1096,Horses,1981,1000,E,,,,
91,328,Guyana,1096,Horses,1981,2300,E,,,,
93,332,Haiti,1096,Horses,1981,415000,E,,,,
95,340,Honduras,1096,Horses,1981,165000,E,,,,
96,344,"China, Hong Kong SAR",1096,Horses,1981,970,A,,,,
97,348,Hungary,1096,Horses,1981,120000,A,,,,
99,352,Iceland,1096,Horses,1981,52346,A,,,,
100,356,India,1096,Horses,1981,900000,E,,,,
101,360,Indonesia,1096,Horses,1981,637000,A,,,,
102,364,Iran (Islamic Republic of),1096,Horses,1981,292000,E,,,,
103,368,Iraq,1096,Horses,1981,55000,E,,,,
104,372,Ireland,1096,Horses,1981,64700,A,,,,
105,376,Israel,1096,Horses,1981,4000,E,,,,
106,380,Italy,1096,Horses,1981,272700,A,,,,
109,388,Jamaica,1096,Horses,1981,3900,E,,,,
110,392,Japan,1096,Horses,1981,23500,A,,,,
112,400,Jordan,1096,Horses,1981,3039,A,,,,
114,404,Kenya,1096,Horses,1981,2000,E,,,,
116,408,Democratic People's Republic of Korea,1096,Horses,1981,38000,E,,,,
117,410,Republic of Korea,1096,Horses,1981,3335,A,,,,
118,414,Kuwait,1096,Horses,1981,,A,,,,
120,418,Lao People's Democratic Republic,1096,Horses,1981,34000,E,,,,
121,422,Lebanon,1096,Horses,1981,2250,A,,,,
122,426,Lesotho,1096,Horses,1981,103114,A,,,,
124,434,Libya,1096,Horses,1981,30000,E,,,,
129,450,Madagascar,1096,Horses,1981,1052,A,,,,
130,454,Malawi,1096,Horses,1981,116,A,,,,
131,458,Malaysia,1096,Horses,1981,5000,E,,,,
133,466,Mali,1096,Horses,1981,155000,A,,,,
134,470,Malta,1096,Horses,1981,834,A,,,,
136,478,Mauritania,1096,Horses,1981,14000,E,,,,
137,480,Mauritius,1096,Horses,1981,150,E,,,,
138,484,Mexico,1096,Horses,1981,6134100,A,,,,
141,496,Mongolia,1096,Horses,1981,1985400,A,,,,
143,504,Morocco,1096,Horses,1981,245303,A,,,,
147,516,Namibia,1096,Horses,1981,45000,E,,,,
150,528,Netherlands (Kingdom of the),1096,Horses,1981,60303,A,,,,
153,540,New Caledonia,1096,Horses,1981,11000,A,,,,
155,548,Vanuatu,1096,Horses,1981,1050,E,,,,
156,554,New Zealand,1096,Horses,1981,80000,E,,,,
157,558,Nicaragua,1096,Horses,1981,270000,X,,,,
158,562,Niger,1096,Horses,1981,326858,A,,,,
159,566,Nigeria,1096,Horses,1981,226000,E,,,,
162,578,Norway,1096,Horses,1981,15900,A,,,,
165,586,Pakistan,1096,Horses,1981,446000,A,,,,
166,591,Panama,1096,Horses,1981,127459,A,,,,
168,598,Papua New Guinea,1096,Horses,1981,1289,A,,,,
169,600,Paraguay,1096,Horses,1981,310583,A,,,,
170,604,Peru,1096,Horses,1981,653000,X,,,,
171,608,Philippines,1096,Horses,1981,212000,A,,,,
173,616,Poland,1096,Horses,1981,1726119,A,,,,
174,620,Portugal,1096,Horses,1981,29000,X,,,,
175,624,Guinea-Bissau,1096,Horses,1981,900,E,,,,
176,626,Timor-Leste,1096,Horses,1981,69000,E,,,,
177,630,Puerto Rico,1096,Horses,1981,20000,E,,,,
179,634,Qatar,1096,Horses,1981,2510,A,,,,
183,642,Romania,1096,Horses,1981,555300,A,,,,
189,662,Saint Lucia,1096,Horses,1981,1000,E,,,,
193,678,Sao Tome and Principe,1096,Horses,1981,200,E,,,,
194,682,Saudi Arabia,1096,Horses,1981,2850,E,,,,
195,686,Senegal,1096,Horses,1981,202000,A,,,,
197,694,Sierra Leone,1096,Horses,1981,,M,,,,
237,704,Viet Nam,1096,Horses,1981,118600,A,,,,
201,706,Somalia,1096,Horses,1981,700,E,,,,
202,710,South Africa,1096,Horses,1981,225000,E,,,,
181,716,Zimbabwe,1096,Horses,1981,19000,E,,,,
203,724,Spain,1096,Horses,1981,242000,A,,,,
206,736,Sudan (former),1096,Horses,1981,20000,E,,,,
207,740,Suriname,1096,Horses,1981,120,A,,,,
209,748,Eswatini,1096,Horses,1981,1681,A,,,,
210,752,Sweden,1096,Horses,1981,50660,A,,,,
211,756,Switzerland,1096,Horses,1981,44880,A,,,,
212,760,Syrian Arab Republic,1096,Horses,1981,54000,A,,,,
216,764,Thailand,1096,Horses,1981,20606,A,,,,
217,768,Togo,1096,Horses,1981,618,A,,,,
219,776,Tonga,1096,Horses,1981,12500,A,,,,
220,780,Trinidad and Tobago,1096,Horses,1981,1000,E,,,,
225,784,United Arab Emirates,1096,Horses,1981,200,E,,,,
222,788,Tunisia,1096,Horses,1981,52000,E,,,,
223,792,Türkiye,1096,Horses,1981,794000,A,,,,
59,818,Egypt,1096,Horses,1981,9381,A,,,,
229,826,United Kingdom of Great Britain and Northern Ireland,1096,Horses,1981,150000,E,,,,
231,840,United States of America,1096,Horses,1981,5031000,E,,,,
233,854,Burkina Faso,1096,Horses,1981,20000,E,,,,
234,858,Uruguay,1096,Horses,1981,505923,A,,,,
236,862,Venezuela (Bolivarian Republic of),1096,Horses,1981,482000,X,,,,
244,882,Samoa,1096,Horses,1981,3000,A,,,,
249,887,Yemen,1096,Horses,1981,3000,A,,,,
62,230,Ethiopia PDR,1096,Horses,1982,2000000,E,,,,
51,200,Czechoslovakia,1096,Horses,1982,43807,A,,,,
87,312,Guadeloupe,1096,Horses,1982,1200,E,,,,
50,196,Cyprus,1096,Horses,1982,700,E,,,,
69,254,French Guiana,1096,Horses,1982,170,E,,,,
228,810,USSR,1096,Horses,1982,5570000,A,,,,
182,638,Réunion,1096,Horses,1982,300,A,,,,
15,58,Belgium-Luxembourg,1096,Horses,1982,90700,A,,,,
135,474,Martinique,1096,Horses,1982,2000,A,,,,
248,890,Yugoslav SFR,1096,Horses,1982,515000,A,,,,
2,4,Afghanistan,1096,Horses,1982,405000,X,,,,
3,8,Albania,1096,Horses,1982,50000,E,,,,
4,12,Algeria,1096,Horses,1982,168000,A,,,,
7,24,Angola,1096,Horses,1982,1000,E,,,,
8,28,Antigua and Barbuda,1096,Horses,1982,550,E,,,,
9,32,Argentina,1096,Horses,1982,3000000,X,,,,
10,36,Australia,1096,Horses,1982,459457,A,,,,
11,40,Austria,1096,Horses,1982,41514,A,,,,
12,44,Bahamas,1096,Horses,1982,,A,,,,
14,52,Barbados,1096,Horses,1982,1000,E,,,,
18,64,Bhutan,1096,Horses,1982,15500,E,,,,
19,68,Bolivia (Plurinational State of),1096,Horses,1982,310000,E,,,,
20,72,Botswana,1096,Horses,1982,24000,A,,,,
21,76,Brazil,1096,Horses,1982,5259708,A,,,,
23,84,Belize,1096,Horses,1982,5000,E,,,,
25,90,Solomon Islands,1096,Horses,1982,100,E,,,,
27,100,Bulgaria,1096,Horses,1982,118729,A,,,,
28,104,Myanmar,1096,Horses,1982,118000,E,,,,
115,116,Cambodia,1096,Horses,1982,9000,E,,,,
32,120,Cameroon,1096,Horses,1982,20000,E,,,,
33,124,Canada,1096,Horses,1982,370000,E,,,,
35,132,Cabo Verde,1096,Horses,1982,1000,E,,,,
38,144,Sri Lanka,1096,Horses,1982,1500,E,,,,
39,148,Chad,1096,Horses,1982,173000,E,,,,
40,152,Chile,1096,Horses,1982,450000,A,,,,
41,156,"China, mainland",1096,Horses,1982,10972000,A,,,,
214,158,"China, Taiwan Province of",1096,Horses,1982,225,A,,,,
44,170,Colombia,1096,Horses,1982,1744000,X,,,,
46,178,Congo,1096,Horses,1982,81,A,,,,
250,180,Democratic Republic of the Congo,1096,Horses,1982,,A,,,,
47,184,Cook Islands,1096,Horses,1982,4400,E,,,,
48,188,Costa Rica,1096,Horses,1982,113000,E,,,,
49,192,Cuba,1096,Horses,1982,810200,A,,,,
53,204,Benin,1096,Horses,1982,5946,A,,,,
54,208,Denmark,1096,Horses,1982,35000,A,,,,
56,214,Dominican Republic,1096,Horses,1982,204000,X,,,,
58,218,Ecuador,1096,Horses,1982,322281,A,,,,
60,222,El Salvador,1096,Horses,1982,89000,E,,,,
66,242,Fiji,1096,Horses,1982,40000,E,,,,
67,246,Finland,1096,Horses,1982,34300,A,,,,
68,250,France,1096,Horses,1982,323000,A,,,,
70,258,French Polynesia,1096,Horses,1982,2050,E,,,,
75,270,Gambia,1096,Horses,1982,13500,E,,,,
79,276,Germany,1096,Horses,1982,439483,A,,,,
81,288,Ghana,1096,Horses,1982,3300,E,,,,
84,300,Greece,1096,Horses,1982,95022,A,,,,
86,308,Grenada,1096,Horses,1982,25,E,,,,
89,320,Guatemala,1096,Horses,1982,99800,E,,,,
90,324,Guinea,1096,Horses,1982,1000,E,,,,
91,328,Guyana,1096,Horses,1982,2400,E,,,,
93,332,Haiti,1096,Horses,1982,420000,E,,,,
95,340,Honduras,1096,Horses,1982,166000,E,,,,
96,344,"China, Hong Kong SAR",1096,Horses,1982,1090,A,,,,
97,348,Hungary,1096,Horses,1982,112000,A,,,,
99,352,Iceland,1096,Horses,1982,53650,A,,,,
100,356,India,1096,Horses,1982,899000,A,,,,
101,360,Indonesia,1096,Horses,1982,658000,A,,,,
102,364,Iran (Islamic Republic of),1096,Horses,1982,291000,A,,,,
103,368,Iraq,1096,Horses,1982,55000,A,,,,
104,372,Ireland,1096,Horses,1982,61500,A,,,,
105,376,Israel,1096,Horses,1982,4000,E,,,,
106,380,Italy,1096,Horses,1982,272300,A,,,,
109,388,Jamaica,1096,Horses,1982,3800,E,,,,
110,392,Japan,1096,Horses,1982,23200,A,,,,
112,400,Jordan,1096,Horses,1982,3067,A,,,,
114,404,Kenya,1096,Horses,1982,2000,E,,,,
116,408,Democratic People's Republic of Korea,1096,Horses,1982,40000,E,,,,
117,410,Republic of Korea,1096,Horses,1982,2973,A,,,,
118,414,Kuwait,1096,Horses,1982,,A,,,,
120,418,Lao People's Democratic Republic,1096,Horses,1982,36000,E,,,,
121,422,Lebanon,1096,Horses,1982,2200,A,,,,
122,426,Lesotho,1096,Horses,1982,104426,A,,,,
124,434,Libya,1096,Horses,1982,38000,A,,,,
129,450,Madagascar,1096,Horses,1982,829,A,,,,
130,454,Malawi,1096,Horses,1982,110,A,,,,
131,458,Malaysia,1096,Horses,1982,5000,E,,,,
133,466,Mali,1096,Horses,1982,77000,A,,,,
134,470,Malta,1096,Horses,1982,890,E,,,,
136,478,Mauritania,1096,Horses,1982,14000,E,,,,
137,480,Mauritius,1096,Horses,1982,150,E,,,,
138,484,Mexico,1096,Horses,1982,6134200,A,,,,
141,496,Mongolia,1096,Horses,1982,1991100,A,,,,
143,504,Morocco,1096,Horses,1982,171670,A,,,,
147,516,Namibia,1096,Horses,1982,46000,E,,,,
150,528,Netherlands (Kingdom of the),1096,Horses,1982,59309,A,,,,
153,540,New Caledonia,1096,Horses,1982,10000,E,,,,
155,548,Vanuatu,1096,Horses,1982,1030,E,,,,
156,554,New Zealand,1096,Horses,1982,90000,E,,,,
157,558,Nicaragua,1096,Horses,1982,270000,E,,,,
158,562,Niger,1096,Horses,1982,329445,A,,,,
159,566,Nigeria,1096,Horses,1982,224000,E,,,,
162,578,Norway,1096,Horses,1982,15400,A,,,,
165,586,Pakistan,1096,Horses,1982,447000,A,,,,
166,591,Panama,1096,Horses,1982,128000,E,,,,
168,598,Papua New Guinea,1096,Horses,1982,1282,A,,,,
169,600,Paraguay,1096,Horses,1982,311385,A,,,,
170,604,Peru,1096,Horses,1982,653000,X,,,,
171,608,Philippines,1096,Horses,1982,194000,A,,,,
173,616,Poland,1096,Horses,1982,1733643,A,,,,
174,620,Portugal,1096,Horses,1982,29000,X,,,,
175,624,Guinea-Bissau,1096,Horses,1982,850,E,,,,
176,626,Timor-Leste,1096,Horses,1982,60000,E,,,,
177,630,Puerto Rico,1096,Horses,1982,20000,E,,,,
179,634,Qatar,1096,Horses,1982,1197,A,,,,
183,642,Romania,1096,Horses,1982,598000,A,,,,
189,662,Saint Lucia,1096,Horses,1982,1000,E,,,,
193,678,Sao Tome and Principe,1096,Horses,1982,210,E,,,,
194,682,Saudi Arabia,1096,Horses,1982,3046,A,,,,
195,686,Senegal,1096,Horses,1982,204000,A,,,,
197,694,Sierra Leone,1096,Horses,1982,,M,,,,
237,704,Viet Nam,1096,Horses,1982,113200,A,,,,
201,706,Somalia,1096,Horses,1982,750,E,,,,
202,710,South Africa,1096,Horses,1982,225000,E,,,,
181,716,Zimbabwe,1096,Horses,1982,19500,E,,,,
203,724,Spain,1096,Horses,1982,251000,A,,,,
206,736,Sudan (former),1096,Horses,1982,20000,A,,,,
207,740,Suriname,1096,Horses,1982,92,A,,,,
209,748,Eswatini,1096,Horses,1982,1657,A,,,,
210,752,Sweden,1096,Horses,1982,57000,E,,,,
211,756,Switzerland,1096,Horses,1982,45000,A,,,,
212,760,Syrian Arab Republic,1096,Horses,1982,54519,A,,,,
216,764,Thailand,1096,Horses,1982,18834,A,,,,
217,768,Togo,1096,Horses,1982,621,A,,,,
219,776,Tonga,1096,Horses,1982,11480,A,,,,
220,780,Trinidad and Tobago,1096,Horses,1982,1000,E,,,,
225,784,United Arab Emirates,1096,Horses,1982,200,E,,,,
222,788,Tunisia,1096,Horses,1982,52000,E,,,,
223,792,Türkiye,1096,Horses,1982,772000,A,,,,
59,818,Egypt,1096,Horses,1982,9381,A,,,,
229,826,United Kingdom of Great Britain and Northern Ireland,1096,Horses,1982,155000,E,,,,
231,840,United States of America,1096,Horses,1982,5051000,E,,,,
233,854,Burkina Faso,1096,Horses,1982,20000,E,,,,
234,858,Uruguay,1096,Horses,1982,465236,A,,,,
236,862,Venezuela (Bolivarian Republic of),1096,Horses,1982,481000,X,,,,
244,882,Samoa,1096,Horses,1982,3000,A,,,,
249,887,Yemen,1096,Horses,1982,3000,E,,,,
15,58,Belgium-Luxembourg,1096,Horses,1983,84900,A,,,,
135,474,Martinique,1096,Horses,1983,2000,E,,,,
51,200,Czechoslovakia,1096,Horses,1983,43583,A,,,,
62,230,Ethiopia PDR,1096,Horses,1983,2259000,A,,,,
228,810,USSR,1096,Horses,1983,5601000,A,,,,
87,312,Guadeloupe,1096,Horses,1983,1200,E,,,,
248,890,Yugoslav SFR,1096,Horses,1983,505000,A,,,,
69,254,French Guiana,1096,Horses,1983,180,E,,,,
50,196,Cyprus,1096,Horses,1983,650,A,,,,
182,638,Réunion,1096,Horses,1983,300,A,,,,
2,4,Afghanistan,1096,Horses,1983,405000,E,,,,
3,8,Albania,1096,Horses,1983,60000,E,,,,
4,12,Algeria,1096,Horses,1983,165000,A,,,,
7,24,Angola,1096,Horses,1983,950,E,,,,
8,28,Antigua and Barbuda,1096,Horses,1983,540,E,,,,
9,32,Argentina,1096,Horses,1983,3050000,E,,,,
10,36,Australia,1096,Horses,1983,448916,A,,,,
11,40,Austria,1096,Horses,1983,40683,A,,,,
12,44,Bahamas,1096,Horses,1983,,A,,,,
14,52,Barbados,1096,Horses,1983,1000,E,,,,
18,64,Bhutan,1096,Horses,1983,16000,X,,,,
19,68,Bolivia (Plurinational State of),1096,Horses,1983,300000,E,,,,
20,72,Botswana,1096,Horses,1983,22400,A,,,,
21,76,Brazil,1096,Horses,1983,5288762,A,,,,
23,84,Belize,1096,Horses,1983,5000,E,,,,
25,90,Solomon Islands,1096,Horses,1983,100,E,,,,
27,100,Bulgaria,1096,Horses,1983,118559,A,,,,
28,104,Myanmar,1096,Horses,1983,121000,E,,,,
115,116,Cambodia,1096,Horses,1983,10000,E,,,,
32,120,Cameroon,1096,Horses,1983,20850,A,,,,
33,124,Canada,1096,Horses,1983,380000,E,,,,
35,132,Cabo Verde,1096,Horses,1983,800,E,,,,
38,144,Sri Lanka,1096,Horses,1983,1500,E,,,,
39,148,Chad,1096,Horses,1983,176000,A,,,,
40,152,Chile,1096,Horses,1983,470000,E,,,,
41,156,"China, mainland",1096,Horses,1983,10981000,A,,,,
214,158,"China, Taiwan Province of",1096,Horses,1983,184,A,,,,
44,170,Colombia,1096,Horses,1983,1779000,X,,,,
46,178,Congo,1096,Horses,1983,84,A,,,,
250,180,Democratic Republic of the Congo,1096,Horses,1983,,A,,,,
47,184,Cook Islands,1096,Horses,1983,3300,E,,,,
48,188,Costa Rica,1096,Horses,1983,113000,E,,,,
49,192,Cuba,1096,Horses,1983,790000,A,,,,
53,204,Benin,1096,Horses,1983,6075,A,,,,
54,208,Denmark,1096,Horses,1983,33119,A,,,,
56,214,Dominican Republic,1096,Horses,1983,204000,X,,,,
58,218,Ecuador,1096,Horses,1983,326728,A,,,,
60,222,El Salvador,1096,Horses,1983,90000,E,,,,
66,242,Fiji,1096,Horses,1983,40000,E,,,,
67,246,Finland,1096,Horses,1983,35500,A,,,,
68,250,France,1096,Horses,1983,306000,A,,,,
70,258,French Polynesia,1096,Horses,1983,2100,E,,,,
75,270,Gambia,1096,Horses,1983,14000,E,,,,
79,276,Germany,1096,Horses,1983,450537,A,,,,
81,288,Ghana,1096,Horses,1983,3000,E,,,,
84,300,Greece,1096,Horses,1983,86448,A,,,,
86,308,Grenada,1096,Horses,1983,25,A,,,,
89,320,Guatemala,1096,Horses,1983,99900,E,,,,
90,324,Guinea,1096,Horses,1983,1000,E,,,,
91,328,Guyana,1096,Horses,1983,2400,E,,,,
93,332,Haiti,1096,Horses,1983,425000,E,,,,
95,340,Honduras,1096,Horses,1983,167000,E,,,,
96,344,"China, Hong Kong SAR",1096,Horses,1983,1000,A,,,,
97,348,Hungary,1096,Horses,1983,111700,A,,,,
99,352,Iceland,1096,Horses,1983,52056,A,,,,
100,356,India,1096,Horses,1983,860000,E,,,,
101,360,Indonesia,1096,Horses,1983,527000,A,,,,
102,364,Iran (Islamic Republic of),1096,Horses,1983,288000,E,,,,
103,368,Iraq,1096,Horses,1983,55000,A,,,,
104,372,Ireland,1096,Horses,1983,60400,A,,,,
105,376,Israel,1096,Horses,1983,4000,E,,,,
106,380,Italy,1096,Horses,1983,255800,A,,,,
109,388,Jamaica,1096,Horses,1983,3800,E,,,,
110,392,Japan,1096,Horses,1983,24300,A,,,,
112,400,Jordan,1096,Horses,1983,7315,A,,,,
114,404,Kenya,1096,Horses,1983,2000,E,,,,
116,408,Democratic People's Republic of Korea,1096,Horses,1983,40000,E,,,,
117,410,Republic of Korea,1096,Horses,1983,2906,A,,,,
118,414,Kuwait,1096,Horses,1983,,A,,,,
120,418,Lao People's Democratic Republic,1096,Horses,1983,37000,E,,,,
121,422,Lebanon,1096,Horses,1983,2200,A,,,,
122,426,Lesotho,1096,Horses,1983,109194,A,,,,
124,434,Libya,1096,Horses,1983,40150,A,,,,
129,450,Madagascar,1096,Horses,1983,700,E,,,,
130,454,Malawi,1096,Horses,1983,77,A,,,,
131,458,Malaysia,1096,Horses,1983,5200,E,,,,
133,466,Mali,1096,Horses,1983,78500,A,,,,
134,470,Malta,1096,Horses,1983,942,A,,,,
136,478,Mauritania,1096,Horses,1983,15000,E,,,,
137,480,Mauritius,1096,Horses,1983,150,E,,,,
138,484,Mexico,1096,Horses,1983,6134300,A,,,,
141,496,Mongolia,1096,Horses,1983,2027900,A,,,,
143,504,Morocco,1096,Horses,1983,167389,A,,,,
147,516,Namibia,1096,Horses,1983,47000,E,,,,
150,528,Netherlands (Kingdom of the),1096,Horses,1983,60416,A,,,,
153,540,New Caledonia,1096,Horses,1983,8767,A,,,,
155,548,Vanuatu,1096,Horses,1983,1015,A,,,,
156,554,New Zealand,1096,Horses,1983,100167,A,,,,
157,558,Nicaragua,1096,Horses,1983,268000,E,,,,
158,562,Niger,1096,Horses,1983,338932,A,,,,
159,566,Nigeria,1096,Horses,1983,222000,E,,,,
162,578,Norway,1096,Horses,1983,14900,A,,,,
165,586,Pakistan,1096,Horses,1983,448000,A,,,,
166,591,Panama,1096,Horses,1983,131000,E,,,,
168,598,Papua New Guinea,1096,Horses,1983,1067,A,,,,
169,600,Paraguay,1096,Horses,1983,312689,A,,,,
170,604,Peru,1096,Horses,1983,653000,X,,,,
171,608,Philippines,1096,Horses,1983,187000,A,,,,
173,616,Poland,1096,Horses,1983,1600017,A,,,,
174,620,Portugal,1096,Horses,1983,28000,E,,,,
175,624,Guinea-Bissau,1096,Horses,1983,800,E,,,,
176,626,Timor-Leste,1096,Horses,1983,50000,E,,,,
177,630,Puerto Rico,1096,Horses,1983,21000,E,,,,
179,634,Qatar,1096,Horses,1983,1000,E,,,,
183,642,Romania,1096,Horses,1983,615000,E,,,,
189,662,Saint Lucia,1096,Horses,1983,1000,E,,,,
193,678,Sao Tome and Principe,1096,Horses,1983,210,E,,,,
194,682,Saudi Arabia,1096,Horses,1983,3100,E,,,,
195,686,Senegal,1096,Horses,1983,208000,A,,,,
197,694,Sierra Leone,1096,Horses,1983,,M,,,,
237,704,Viet Nam,1096,Horses,1983,122000,A,,,,
201,706,Somalia,1096,Horses,1983,800,E,,,,
202,710,South Africa,1096,Horses,1983,230000,E,,,,
181,716,Zimbabwe,1096,Horses,1983,20000,E,,,,
203,724,Spain,1096,Horses,1983,249000,A,,,,
206,736,Sudan (former),1096,Horses,1983,20000,A,,,,
207,740,Suriname,1096,Horses,1983,142,A,,,,
209,748,Eswatini,1096,Horses,1983,1629,A,,,,
210,752,Sweden,1096,Horses,1983,57000,E,,,,
211,756,Switzerland,1096,Horses,1983,46325,A,,,,
212,760,Syrian Arab Republic,1096,Horses,1983,50000,A,,,,
216,764,Thailand,1096,Horses,1983,19066,A,,,,
217,768,Togo,1096,Horses,1983,690,A,,,,
219,776,Tonga,1096,Horses,1983,8670,A,,,,
220,780,Trinidad and Tobago,1096,Horses,1983,1000,E,,,,
225,784,United Arab Emirates,1096,Horses,1983,200,E,,,,
222,788,Tunisia,1096,Horses,1983,53000,E,,,,
223,792,Türkiye,1096,Horses,1983,744000,A,,,,
59,818,Egypt,1096,Horses,1983,9000,A,,,,
229,826,United Kingdom of Great Britain and Northern Ireland,1096,Horses,1983,163000,A,,,,
231,840,United States of America,1096,Horses,1983,5079000,E,,,,
233,854,Burkina Faso,1096,Horses,1983,20000,E,,,,
234,858,Uruguay,1096,Horses,1983,453191,A,,,,
236,862,Venezuela (Bolivarian Republic of),1096,Horses,1983,412000,X,,,,
244,882,Samoa,1096,Horses,1983,3000,A,,,,
249,887,Yemen,1096,Horses,1983,3000,E,,,,
15,58,Belgium-Luxembourg,1096,Horses,1984,80800,A,,,,
62,230,Ethiopia PDR,1096,Horses,1984,2300000,E,,,,
50,196,Cyprus,1096,Horses,1984,650,A,,,,
228,810,USSR,1096,Horses,1984,5711000,A,,,,
87,312,Guadeloupe,1096,Horses,1984,1200,E,,,,
135,474,Martinique,1096,Horses,1984,2000,E,,,,
69,254,French Guiana,1096,Horses,1984,180,A,,,,
51,200,Czechoslovakia,1096,Horses,1984,44504,A,,,,
248,890,Yugoslav SFR,1096,Horses,1984,463000,A,,,,
182,638,Réunion,1096,Horses,1984,300,A,,,,
2,4,Afghanistan,1096,Horses,1984,410000,E,,,,
3,8,Albania,1096,Horses,1984,65000,E,,,,
4,12,Algeria,1096,Horses,1984,91980,A,,,,
7,24,Angola,1096,Horses,1984,900,E,,,,
8,28,Antigua and Barbuda,1096,Horses,1984,540,E,,,,
9,32,Argentina,1096,Horses,1984,2970000,X,,,,
10,36,Australia,1096,Horses,1984,428715,A,,,,
11,40,Austria,1096,Horses,1984,41725,A,,,,
12,44,Bahamas,1096,Horses,1984,,A,,,,
14,52,Barbados,1096,Horses,1984,1000,E,,,,
18,64,Bhutan,1096,Horses,1984,18500,E,,,,
19,68,Bolivia (Plurinational State of),1096,Horses,1984,292600,A,,,,
20,72,Botswana,1096,Horses,1984,22700,A,,,,
21,76,Brazil,1096,Horses,1984,5442283,A,,,,
23,84,Belize,1096,Horses,1984,5000,E,,,,
25,90,Solomon Islands,1096,Horses,1984,100,E,,,,
27,100,Bulgaria,1096,Horses,1984,118533,A,,,,
28,104,Myanmar,1096,Horses,1984,126000,E,,,,
115,116,Cambodia,1096,Horses,1984,11000,E,,,,
32,120,Cameroon,1096,Horses,1984,21430,A,,,,
33,124,Canada,1096,Horses,1984,380000,E,,,,
35,132,Cabo Verde,1096,Horses,1984,600,E,,,,
38,144,Sri Lanka,1096,Horses,1984,1500,E,,,,
39,148,Chad,1096,Horses,1984,175000,A,,,,
40,152,Chile,1096,Horses,1984,480000,E,,,,
41,156,"China, mainland",1096,Horses,1984,10806000,A,,,,
214,158,"China, Taiwan Province of",1096,Horses,1984,201,A,,,,
44,170,Colombia,1096,Horses,1984,1815000,X,,,,
46,178,Congo,1096,Horses,1984,85,E,,,,
250,180,Democratic Republic of the Congo,1096,Horses,1984,,A,,,,
47,184,Cook Islands,1096,Horses,1984,2000,E,,,,
48,188,Costa Rica,1096,Horses,1984,113000,E,,,,
49,192,Cuba,1096,Horses,1984,780700,A,,,,
53,204,Benin,1096,Horses,1984,6150,A,,,,
54,208,Denmark,1096,Horses,1984,33169,A,,,,
56,214,Dominican Republic,1096,Horses,1984,250000,E,,,,
58,218,Ecuador,1096,Horses,1984,331175,A,,,,
60,222,El Salvador,1096,Horses,1984,91000,E,,,,
66,242,Fiji,1096,Horses,1984,40000,E,,,,
67,246,Finland,1096,Horses,1984,34400,A,,,,
68,250,France,1096,Horses,1984,298000,A,,,,
70,258,French Polynesia,1096,Horses,1984,2150,E,,,,
75,270,Gambia,1096,Horses,1984,14500,E,,,,
79,276,Germany,1096,Horses,1984,441609,A,,,,
81,288,Ghana,1096,Horses,1984,2700,E,,,,
84,300,Greece,1096,Horses,1984,79999,A,,,,
86,308,Grenada,1096,Horses,1984,25,E,,,,
89,320,Guatemala,1096,Horses,1984,100000,E,,,,
90,324,Guinea,1096,Horses,1984,1100,E,,,,
91,328,Guyana,1096,Horses,1984,2400,E,,,,
93,332,Haiti,1096,Horses,1984,425000,E,,,,
95,340,Honduras,1096,Horses,1984,168000,E,,,,
96,344,"China, Hong Kong SAR",1096,Horses,1984,950,A,,,,
97,348,Hungary,1096,Horses,1984,110700,A,,,,
99,352,Iceland,1096,Horses,1984,52245,A,,,,
100,356,India,1096,Horses,1984,840000,E,,,,
101,360,Indonesia,1096,Horses,1984,659000,A,,,,
102,364,Iran (Islamic Republic of),1096,Horses,1984,285000,E,,,,
103,368,Iraq,1096,Horses,1984,53000,A,,,,
104,372,Ireland,1096,Horses,1984,57600,A,,,,
105,376,Israel,1096,Horses,1984,4000,E,,,,
106,380,Italy,1096,Horses,1984,253400,A,,,,
109,388,Jamaica,1096,Horses,1984,3800,E,,,,
110,392,Japan,1096,Horses,1984,24100,A,,,,
112,400,Jordan,1096,Horses,1984,12200,A,,,,
114,404,Kenya,1096,Horses,1984,2000,E,,,,
116,408,Democratic People's Republic of Korea,1096,Horses,1984,40000,E,,,,
117,410,Republic of Korea,1096,Horses,1984,2993,A,,,,
118,414,Kuwait,1096,Horses,1984,1877,A,,,,
120,418,Lao People's Democratic Republic,1096,Horses,1984,37000,E,,,,
121,422,Lebanon,1096,Horses,1984,2200,A,,,,
122,426,Lesotho,1096,Horses,1984,100875,A,,,,
124,434,Libya,1096,Horses,1984,40300,A,,,,
129,450,Madagascar,1096,Horses,1984,571,A,,,,
130,454,Malawi,1096,Horses,1984,77,A,,,,
131,458,Malaysia,1096,Horses,1984,5000,E,,,,
133,466,Mali,1096,Horses,1984,61200,A,,,,
134,470,Malta,1096,Horses,1984,940,E,,,,
136,478,Mauritania,1096,Horses,1984,16000,E,,,,
137,480,Mauritius,1096,Horses,1984,150,E,,,,
138,484,Mexico,1096,Horses,1984,6134400,A,,,,
141,496,Mongolia,1096,Horses,1984,1959500,A,,,,
143,504,Morocco,1096,Horses,1984,152500,A,,,,
147,516,Namibia,1096,Horses,1984,48000,E,,,,
150,528,Netherlands (Kingdom of the),1096,Horses,1984,64318,A,,,,
153,540,New Caledonia,1096,Horses,1984,8767,A,,,,
155,548,Vanuatu,1096,Horses,1984,1100,A,,,,
156,554,New Zealand,1096,Horses,1984,94595,A,,,,
157,558,Nicaragua,1096,Horses,1984,265000,E,,,,
158,562,Niger,1096,Horses,1984,202238,A,,,,
159,566,Nigeria,1096,Horses,1984,220000,E,,,,
162,578,Norway,1096,Horses,1984,15800,A,,,,
165,586,Pakistan,1096,Horses,1984,450000,A,,,,
166,591,Panama,1096,Horses,1984,133000,E,,,,
168,598,Papua New Guinea,1096,Horses,1984,1138,A,,,,
169,600,Paraguay,1096,Horses,1984,313118,A,,,,
170,604,Peru,1096,Horses,1984,655000,E,,,,
171,608,Philippines,1096,Horses,1984,189000,A,,,,
173,616,Poland,1096,Horses,1984,1537198,A,,,,
174,620,Portugal,1096,Horses,1984,28000,E,,,,
175,624,Guinea-Bissau,1096,Horses,1984,750,E,,,,
176,626,Timor-Leste,1096,Horses,1984,30000,E,,,,
177,630,Puerto Rico,1096,Horses,1984,21000,E,,,,
179,634,Qatar,1096,Horses,1984,850,E,,,,
183,642,Romania,1096,Horses,1984,635000,E,,,,
189,662,Saint Lucia,1096,Horses,1984,1000,E,,,,
193,678,Sao Tome and Principe,1096,Horses,1984,210,E,,,,
194,682,Saudi Arabia,1096,Horses,1984,3150,E,,,,
195,686,Senegal,1096,Horses,1984,208000,A,,,,
197,694,Sierra Leone,1096,Horses,1984,,M,,,,
237,704,Viet Nam,1096,Horses,1984,128800,A,,,,
201,706,Somalia,1096,Horses,1984,850,E,,,,
202,710,South Africa,1096,Horses,1984,230000,E,,,,
181,716,Zimbabwe,1096,Horses,1984,20500,E,,,,
203,724,Spain,1096,Horses,1984,252000,A,,,,
206,736,Sudan (former),1096,Horses,1984,22000,E,,,,
207,740,Suriname,1096,Horses,1984,150,A,,,,
209,748,Eswatini,1096,Horses,1984,1596,A,,,,
210,752,Sweden,1096,Horses,1984,57000,E,,,,
211,756,Switzerland,1096,Horses,1984,47880,A,,,,
212,760,Syrian Arab Republic,1096,Horses,1984,46000,A,,,,
216,764,Thailand,1096,Horses,1984,19730,A,,,,
217,768,Togo,1096,Horses,1984,1185,A,,,,
219,776,Tonga,1096,Horses,1984,8700,A,,,,
220,780,Trinidad and Tobago,1096,Horses,1984,1000,E,,,,
225,784,United Arab Emirates,1096,Horses,1984,220,E,,,,
222,788,Tunisia,1096,Horses,1984,55000,E,,,,
223,792,Türkiye,1096,Horses,1984,703000,A,,,,
59,818,Egypt,1096,Horses,1984,9000,A,,,,
229,826,United Kingdom of Great Britain and Northern Ireland,1096,Horses,1984,165000,E,,,,
231,840,United States of America,1096,Horses,1984,5108000,E,,,,
233,854,Burkina Faso,1096,Horses,1984,20000,E,,,,
234,858,Uruguay,1096,Horses,1984,468870,A,,,,
236,862,Venezuela (Bolivarian Republic of),1096,Horses,1984,491000,X,,,,
244,882,Samoa,1096,Horses,1984,3020,E,,,,
249,887,Yemen,1096,Horses,1984,3000,E,,,,
87,312,Guadeloupe,1096,Horses,1985,1200,E,,,,
135,474,Martinique,1096,Horses,1985,2000,E,,,,
50,196,Cyprus,1096,Horses,1985,650,A,,,,
69,254,French Guiana,1096,Horses,1985,180,A,,,,
51,200,Czechoslovakia,1096,Horses,1985,45726,A,,,,
15,58,Belgium-Luxembourg,1096,Horses,1985,78000,A,,,,
62,230,Ethiopia PDR,1096,Horses,1985,2400000,E,,,,
182,638,Réunion,1096,Horses,1985,300,A,,,,
228,810,USSR,1096,Horses,1985,5800000,A,,,,
248,890,Yugoslav SFR,1096,Horses,1985,437906,A,,,,
2,4,Afghanistan,1096,Horses,1985,410000,E,,,,
3,8,Albania,1096,Horses,1985,64000,E,,,,
4,12,Algeria,1096,Horses,1985,91000,A,,,,
7,24,Angola,1096,Horses,1985,950,E,,,,
8,28,Antigua and Barbuda,1096,Horses,1985,540,E,,,,
9,32,Argentina,1096,Horses,1985,3000000,X,,,,
10,36,Australia,1096,Horses,1985,416314,A,,,,
11,40,Austria,1096,Horses,1985,41366,A,,,,
12,44,Bahamas,1096,Horses,1985,,A,,,,
14,52,Barbados,1096,Horses,1985,1000,E,,,,
18,64,Bhutan,1096,Horses,1985,21000,E,,,,
19,68,Bolivia (Plurinational State of),1096,Horses,1985,310600,A,,,,
20,72,Botswana,1096,Horses,1985,23600,A,,,,
21,76,Brazil,1096,Horses,1985,5549995,A,,,,
23,84,Belize,1096,Horses,1985,5000,E,,,,
25,90,Solomon Islands,1096,Horses,1985,100,E,,,,
27,100,Bulgaria,1096,Horses,1985,118089,A,,,,
28,104,Myanmar,1096,Horses,1985,130000,E,,,,
115,116,Cambodia,1096,Horses,1985,12000,E,,,,
32,120,Cameroon,1096,Horses,1985,20000,E,,,,
33,124,Canada,1096,Horses,1985,393000,E,,,,
35,132,Cabo Verde,1096,Horses,1985,400,E,,,,
38,144,Sri Lanka,1096,Horses,1985,1500,E,,,,
39,148,Chad,1096,Horses,1985,178500,A,,,,
40,152,Chile,1096,Horses,1985,490000,E,,,,
41,156,"China, mainland",1096,Horses,1985,10978000,A,,,,
214,158,"China, Taiwan Province of",1096,Horses,1985,166,A,,,,
44,170,Colombia,1096,Horses,1985,1906000,X,,,,
46,178,Congo,1096,Horses,1985,87,E,,,,
250,180,Democratic Republic of the Congo,1096,Horses,1985,,A,,,,
47,184,Cook Islands,1096,Horses,1985,1000,E,,,,
48,188,Costa Rica,1096,Horses,1985,113000,E,,,,
49,192,Cuba,1096,Horses,1985,759100,A,,,,
53,204,Benin,1096,Horses,1985,6292,A,,,,
54,208,Denmark,1096,Horses,1985,32000,A,,,,
56,214,Dominican Republic,1096,Horses,1985,299890,E,,,,
58,218,Ecuador,1096,Horses,1985,337299,A,,,,
60,222,El Salvador,1096,Horses,1985,91500,E,,,,
66,242,Fiji,1096,Horses,1985,41000,E,,,,
67,246,Finland,1096,Horses,1985,37500,A,,,,
68,250,France,1096,Horses,1985,294000,A,,,,
70,258,French Polynesia,1096,Horses,1985,2200,E,,,,
75,270,Gambia,1096,Horses,1985,15000,E,,,,
79,276,Germany,1096,Horses,1985,471462,A,,,,
81,288,Ghana,1096,Horses,1985,2500,E,,,,
84,300,Greece,1096,Horses,1985,73857,A,,,,
86,308,Grenada,1096,Horses,1985,25,E,,,,
89,320,Guatemala,1096,Horses,1985,100000,E,,,,
90,324,Guinea,1096,Horses,1985,1200,E,,,,
91,328,Guyana,1096,Horses,1985,2400,E,,,,
93,332,Haiti,1096,Horses,1985,425000,E,,,,
95,340,Honduras,1096,Horses,1985,169000,E,,,,
96,344,"China, Hong Kong SAR",1096,Horses,1985,1000,A,,,,
97,348,Hungary,1096,Horses,1985,102000,A,,,,
99,352,Iceland,1096,Horses,1985,54131,A,,,,
100,356,India,1096,Horses,1985,820000,E,,,,
101,360,Indonesia,1096,Horses,1985,668000,A,,,,
102,364,Iran (Islamic Republic of),1096,Horses,1985,282000,E,,,,
103,368,Iraq,1096,Horses,1985,50000,E,,,,
104,372,Ireland,1096,Horses,1985,57700,A,,,,
105,376,Israel,1096,Horses,1985,4000,E,,,,
106,380,Italy,1096,Horses,1985,246300,A,,,,
109,388,Jamaica,1096,Horses,1985,3800,E,,,,
110,392,Japan,1096,Horses,1985,23000,A,,,,
112,400,Jordan,1096,Horses,1985,3220,A,,,,
114,404,Kenya,1096,Horses,1985,2000,E,,,,
116,408,Democratic People's Republic of Korea,1096,Horses,1985,40000,E,,,,
117,410,Republic of Korea,1096,Horses,1985,3009,A,,,,
118,414,Kuwait,1096,Horses,1985,3000,A,,,,
120,418,Lao People's Democratic Republic,1096,Horses,1985,40000,E,,,,
121,422,Lebanon,1096,Horses,1985,2500,E,,,,
122,426,Lesotho,1096,Horses,1985,110438,A,,,,
124,434,Libya,1096,Horses,1985,40500,A,,,,
129,450,Madagascar,1096,Horses,1985,307,A,,,,
130,454,Malawi,1096,Horses,1985,78,A,,,,
131,458,Malaysia,1096,Horses,1985,5000,E,,,,
133,466,Mali,1096,Horses,1985,54600,A,,,,
134,470,Malta,1096,Horses,1985,940,E,,,,
136,478,Mauritania,1096,Horses,1985,16100,E,,,,
137,480,Mauritius,1096,Horses,1985,150,E,,,,
138,484,Mexico,1096,Horses,1985,6135000,E,,,,
141,496,Mongolia,1096,Horses,1985,1960800,A,,,,
143,504,Morocco,1096,Horses,1985,173230,A,,,,
147,516,Namibia,1096,Horses,1985,49000,E,,,,
150,528,Netherlands (Kingdom of the),1096,Horses,1985,62075,A,,,,
153,540,New Caledonia,1096,Horses,1985,9000,E,,,,
155,548,Vanuatu,1096,Horses,1985,1800,E,,,,
156,554,New Zealand,1096,Horses,1985,99365,A,,,,
157,558,Nicaragua,1096,Horses,1985,263000,E,,,,
158,562,Niger,1096,Horses,1985,153080,A,,,,
159,566,Nigeria,1096,Horses,1985,218000,E,,,,
162,578,Norway,1096,Horses,1985,16200,A,,,,
165,586,Pakistan,1096,Horses,1985,451000,A,,,,
166,591,Panama,1096,Horses,1985,135000,E,,,,
168,598,Papua New Guinea,1096,Horses,1985,1182,A,,,,
169,600,Paraguay,1096,Horses,1985,314290,A,,,,
170,604,Peru,1096,Horses,1985,655000,E,,,,
171,608,Philippines,1096,Horses,1985,186000,A,,,,
173,616,Poland,1096,Horses,1985,1403556,A,,,,
174,620,Portugal,1096,Horses,1985,28000,E,,,,
175,624,Guinea-Bissau,1096,Horses,1985,700,E,,,,
176,626,Timor-Leste,1096,Horses,1985,23360,A,,,,
177,630,Puerto Rico,1096,Horses,1985,21000,E,,,,
179,634,Qatar,1096,Horses,1985,700,A,,,,
183,642,Romania,1096,Horses,1985,660000,E,,,,
189,662,Saint Lucia,1096,Horses,1985,1000,E,,,,
193,678,Sao Tome and Principe,1096,Horses,1985,210,E,,,,
194,682,Saudi Arabia,1096,Horses,1985,3150,E,,,,
195,686,Senegal,1096,Horses,1985,325000,A,,,,
197,694,Sierra Leone,1096,Horses,1985,,M,,,,
237,704,Viet Nam,1096,Horses,1985,132700,A,,,,
201,706,Somalia,1096,Horses,1985,870,E,,,,
202,710,South Africa,1096,Horses,1985,230000,E,,,,
181,716,Zimbabwe,1096,Horses,1985,21000,E,,,,
203,724,Spain,1096,Horses,1985,253000,A,,,,
206,736,Sudan (former),1096,Horses,1985,18000,E,,,,
207,740,Suriname,1096,Horses,1985,168,A,,,,
209,748,Eswatini,1096,Horses,1985,1855,A,,,,
210,752,Sweden,1096,Horses,1985,57000,E,,,,
211,756,Switzerland,1096,Horses,1985,46300,A,,,,
212,760,Syrian Arab Republic,1096,Horses,1985,44680,A,,,,
216,764,Thailand,1096,Horses,1985,21097,A,,,,
217,768,Togo,1096,Horses,1985,883,A,,,,
219,776,Tonga,1096,Horses,1985,10555,A,,,,
220,780,Trinidad and Tobago,1096,Horses,1985,1000,E,,,,
225,784,United Arab Emirates,1096,Horses,1985,250,E,,,,
222,788,Tunisia,1096,Horses,1985,55000,E,,,,
223,792,Türkiye,1096,Horses,1985,623000,A,,,,
59,818,Egypt,1096,Horses,1985,9000,A,,,,
229,826,United Kingdom of Great Britain and Northern Ireland,1096,Horses,1985,165000,E,,,,
231,840,United States of America,1096,Horses,1985,5151000,X,,,,
233,854,Burkina Faso,1096,Horses,1985,20000,A,,,,
234,858,Uruguay,1096,Horses,1985,464302,A,,,,
236,862,Venezuela (Bolivarian Republic of),1096,Horses,1985,495000,X,,,,
244,882,Samoa,1096,Horses,1985,3040,E,,,,
249,887,Yemen,1096,Horses,1985,3000,E,,,,
50,196,Cyprus,1096,Horses,1986,650,A,,,,
15,58,Belgium-Luxembourg,1096,Horses,1986,74000,A,,,,
62,230,Ethiopia PDR,1096,Horses,1986,2450000,E,,,,
228,810,USSR,1096,Horses,1986,5800000,A,,,,
135,474,Martinique,1096,Horses,1986,2000,E,,,,
182,638,Réunion,1096,Horses,1986,300,A,,,,
69,254,French Guiana,1096,Horses,1986,200,A,,,,
248,890,Yugoslav SFR,1096,Horses,1986,409000,A,,,,
51,200,Czechoslovakia,1096,Horses,1986,46270,A,,,,
87,312,Guadeloupe,1096,Horses,1986,1100,E,,,,
2,4,Afghanistan,1096,Horses,1986,410000,X,,,,
3,8,Albania,1096,Horses,1986,62000,E,,,,
4,12,Algeria,1096,Horses,1986,79830,A,,,,
7,24,Angola,1096,Horses,1986,900,E,,,,
8,28,Antigua and Barbuda,1096,Horses,1986,540,E,,,,
9,32,Argentina,1096,Horses,1986,3000000,X,,,,
10,36,Australia,1096,Horses,1986,346300,A,,,,
11,40,Austria,1096,Horses,1986,44621,A,,,,
12,44,Bahamas,1096,Horses,1986,,A,,,,
14,52,Barbados,1096,Horses,1986,1000,E,,,,
18,64,Bhutan,1096,Horses,1986,23600,A,,,,
19,68,Bolivia (Plurinational State of),1096,Horses,1986,310000,E,,,,
20,72,Botswana,1096,Horses,1986,24000,A,,,,
21,76,Brazil,1096,Horses,1986,5735208,A,,,,
23,84,Belize,1096,Horses,1986,5000,E,,,,
25,90,Solomon Islands,1096,Horses,1986,95,E,,,,
27,100,Bulgaria,1096,Horses,1986,119558,A,,,,
28,104,Myanmar,1096,Horses,1986,133431,A,,,,
115,116,Cambodia,1096,Horses,1986,13000,E,,,,
32,120,Cameroon,1096,Horses,1986,18000,E,,,,
33,124,Canada,1096,Horses,1986,390000,E,,,,
35,132,Cabo Verde,1096,Horses,1986,317,A,,,,
38,144,Sri Lanka,1096,Horses,1986,1500,E,,,,
39,148,Chad,1096,Horses,1986,182200,A,,,,
40,152,Chile,1096,Horses,1986,490000,E,,,,
41,156,"China, mainland",1096,Horses,1986,11081000,A,,,,
214,158,"China, Taiwan Province of",1096,Horses,1986,293,A,,,,
44,170,Colombia,1096,Horses,1986,1860040,A,,,,
46,178,Congo,1096,Horses,1986,90,A,,,,
250,180,Democratic Republic of the Congo,1096,Horses,1986,,A,,,,
47,184,Cook Islands,1096,Horses,1986,398,A,,,,
48,188,Costa Rica,1096,Horses,1986,114000,E,,,,
49,192,Cuba,1096,Horses,1986,740200,A,,,,
53,204,Benin,1096,Horses,1986,1048,A,,,,
54,208,Denmark,1096,Horses,1986,30000,A,,,,
56,214,Dominican Republic,1096,Horses,1986,300000,E,,,,
58,218,Ecuador,1096,Horses,1986,372000,A,,,,
60,222,El Salvador,1096,Horses,1986,92000,E,,,,
66,242,Fiji,1096,Horses,1986,41000,E,,,,
67,246,Finland,1096,Horses,1986,37200,A,,,,
68,250,France,1096,Horses,1986,271204,A,,,,
70,258,French Polynesia,1096,Horses,1986,2261,A,,,,
75,270,Gambia,1096,Horses,1986,16000,E,,,,
79,276,Germany,1096,Horses,1986,474759,A,,,,
81,288,Ghana,1096,Horses,1986,2211,A,,,,
84,300,Greece,1096,Horses,1986,67241,A,,,,
86,308,Grenada,1096,Horses,1986,25,E,,,,
89,320,Guatemala,1096,Horses,1986,100000,E,,,,
90,324,Guinea,1096,Horses,1986,1400,E,,,,
91,328,Guyana,1096,Horses,1986,2400,E,,,,
93,332,Haiti,1096,Horses,1986,420000,E,,,,
95,340,Honduras,1096,Horses,1986,170000,E,,,,
96,344,"China, Hong Kong SAR",1096,Horses,1986,1000,A,,,,
97,348,Hungary,1096,Horses,1986,98000,A,,,,
99,352,Iceland,1096,Horses,1986,56352,A,,,,
100,356,India,1096,Horses,1986,800000,E,,,,
101,360,Indonesia,1096,Horses,1986,715100,A,,,,
102,364,Iran (Islamic Republic of),1096,Horses,1986,279000,E,,,,
103,368,Iraq,1096,Horses,1986,53000,E,,,,
104,372,Ireland,1096,Horses,1986,55800,A,,,,
105,376,Israel,1096,Horses,1986,4000,E,,,,
106,380,Italy,1096,Horses,1986,248100,A,,,,
109,388,Jamaica,1096,Horses,1986,3800,E,,,,
110,392,Japan,1096,Horses,1986,22500,A,,,,
112,400,Jordan,1096,Horses,1986,3220,A,,,,
114,404,Kenya,1096,Horses,1986,2000,E,,,,
116,408,Democratic People's Republic of Korea,1096,Horses,1986,41000,E,,,,
117,410,Republic of Korea,1096,Horses,1986,2894,A,,,,
118,414,Kuwait,1096,Horses,1986,3100,E,,,,
120,418,Lao People's Democratic Republic,1096,Horses,1986,42000,E,,,,
121,422,Lebanon,1096,Horses,1986,3500,E,,,,
122,426,Lesotho,1096,Horses,1986,127395,A,,,,
124,434,Libya,1096,Horses,1986,30000,E,,,,
129,450,Madagascar,1096,Horses,1986,634,A,,,,
130,454,Malawi,1096,Horses,1986,57,A,,,,
131,458,Malaysia,1096,Horses,1986,5000,E,,,,
133,466,Mali,1096,Horses,1986,66900,A,,,,
134,470,Malta,1096,Horses,1986,940,E,,,,
136,478,Mauritania,1096,Horses,1986,16200,E,,,,
137,480,Mauritius,1096,Horses,1986,150,E,,,,
138,484,Mexico,1096,Horses,1986,6140000,E,,,,
141,496,Mongolia,1096,Horses,1986,1971000,A,,,,
143,504,Morocco,1096,Horses,1986,172347,A,,,,
147,516,Namibia,1096,Horses,1986,49000,E,,,,
150,528,Netherlands (Kingdom of the),1096,Horses,1986,63060,A,,,,
153,540,New Caledonia,1096,Horses,1986,9200,E,,,,
155,548,Vanuatu,1096,Horses,1986,2800,E,,,,
156,554,New Zealand,1096,Horses,1986,100000,A,,,,
157,558,Nicaragua,1096,Horses,1986,260000,E,,,,
158,562,Niger,1096,Horses,1986,190164,A,,,,
159,566,Nigeria,1096,Horses,1986,216000,E,,,,
162,578,Norway,1096,Horses,1986,16200,A,,,,
165,586,Pakistan,1096,Horses,1986,452000,A,,,,
166,591,Panama,1096,Horses,1986,138000,E,,,,
168,598,Papua New Guinea,1096,Horses,1986,1137,A,,,,
169,600,Paraguay,1096,Horses,1986,317370,A,,,,
170,604,Peru,1096,Horses,1986,655000,E,,,,
171,608,Philippines,1096,Horses,1986,195000,A,,,,
173,616,Poland,1096,Horses,1986,1272256,A,,,,
174,620,Portugal,1096,Horses,1986,26000,E,,,,
175,624,Guinea-Bissau,1096,Horses,1986,693,A,,,,
176,626,Timor-Leste,1096,Horses,1986,23452,A,,,,
177,630,Puerto Rico,1096,Horses,1986,21400,E,,,,
179,634,Qatar,1096,Horses,1986,735,A,,,,
183,642,Romania,1096,Horses,1986,671500,A,,,,
189,662,Saint Lucia,1096,Horses,1986,1000,E,,,,
193,678,Sao Tome and Principe,1096,Horses,1986,210,E,,,,
194,682,Saudi Arabia,1096,Horses,1986,3200,E,,,,
195,686,Senegal,1096,Horses,1986,314000,A,,,,
197,694,Sierra Leone,1096,Horses,1986,,M,,,,
237,704,Viet Nam,1096,Horses,1986,136600,A,,,,
201,706,Somalia,1096,Horses,1986,890,E,,,,
202,710,South Africa,1096,Horses,1986,230000,E,,,,
181,716,Zimbabwe,1096,Horses,1986,21500,X,,,,
203,724,Spain,1096,Horses,1986,248000,A,,,,
206,736,Sudan (former),1096,Horses,1986,20000,E,,,,
207,740,Suriname,1096,Horses,1986,341,A,,,,
209,748,Eswatini,1096,Horses,1986,1602,A,,,,
210,752,Sweden,1096,Horses,1986,57000,E,,,,
211,756,Switzerland,1096,Horses,1986,47900,A,,,,
212,760,Syrian Arab Republic,1096,Horses,1986,41714,A,,,,
216,764,Thailand,1096,Horses,1986,19437,A,,,,
217,768,Togo,1096,Horses,1986,1434,A,,,,
219,776,Tonga,1096,Horses,1986,11000,X,,,,
220,780,Trinidad and Tobago,1096,Horses,1986,1000,E,,,,
225,784,United Arab Emirates,1096,Horses,1986,255,E,,,,
222,788,Tunisia,1096,Horses,1986,55000,E,,,,
223,792,Türkiye,1096,Horses,1986,604000,A,,,,
59,818,Egypt,1096,Horses,1986,9000,A,,,,
229,826,United Kingdom of Great Britain and Northern Ireland,1096,Horses,1986,163000,E,,,,
231,840,United States of America,1096,Horses,1986,5151000,E,,,,
233,854,Burkina Faso,1096,Horses,1986,21000,A,,,,
234,858,Uruguay,1096,Horses,1986,469197,A,,,,
236,862,Venezuela (Bolivarian Republic of),1096,Horses,1986,495000,E,,,,
244,882,Samoa,1096,Horses,1986,3060,E,,,,
249,887,Yemen,1096,Horses,1986,3000,E,,,,
50,196,Cyprus,1096,Horses,1987,650,A,,,,
135,474,Martinique,1096,Horses,1987,2000,E,,,,
69,254,French Guiana,1096,Horses,1987,210,A,,,,
87,312,Guadeloupe,1096,Horses,1987,1100,E,,,,
15,58,Belgium-Luxembourg,1096,Horses,1987,73000,A,,,,
51,200,Czechoslovakia,1096,Horses,1987,45665,A,,,,
228,810,USSR,1096,Horses,1987,5900000,A,,,,
62,230,Ethiopia PDR,1096,Horses,1987,2500000,E,,,,
182,638,Réunion,1096,Horses,1987,300,A,,,,
248,890,Yugoslav SFR,1096,Horses,1987,383977,A,,,,
2,4,Afghanistan,1096,Horses,1987,400000,E,,,,
3,8,Albania,1096,Horses,1987,61100,E,,,,
4,12,Algeria,1096,Horses,1987,84000,A,,,,
7,24,Angola,1096,Horses,1987,900,E,,,,
8,28,Antigua and Barbuda,1096,Horses,1987,540,E,,,,
9,32,Argentina,1096,Horses,1987,3000000,X,,,,
10,36,Australia,1096,Horses,1987,312507,A,,,,
11,40,Austria,1096,Horses,1987,43567,A,,,,
12,44,Bahamas,1096,Horses,1987,,A,,,,
14,52,Barbados,1096,Horses,1987,1000,E,,,,
18,64,Bhutan,1096,Horses,1987,26000,A,,,,
19,68,Bolivia (Plurinational State of),1096,Horses,1987,315000,E,,,,
20,72,Botswana,1096,Horses,1987,24200,A,,,,
21,76,Brazil,1096,Horses,1987,5855273,A,,,,
23,84,Belize,1096,Horses,1987,5000,E,,,,
25,90,Solomon Islands,1096,Horses,1987,95,E,,,,
27,100,Bulgaria,1096,Horses,1987,121437,A,,,,
28,104,Myanmar,1096,Horses,1987,136138,A,,,,
115,116,Cambodia,1096,Horses,1987,14000,E,,,,
32,120,Cameroon,1096,Horses,1987,15445,A,,,,
33,124,Canada,1096,Horses,1987,455000,E,,,,
35,132,Cabo Verde,1096,Horses,1987,300,E,,,,
38,144,Sri Lanka,1096,Horses,1987,1500,E,,,,
39,148,Chad,1096,Horses,1987,185802,A,,,,
40,152,Chile,1096,Horses,1987,490000,E,,,,
41,156,"China, mainland",1096,Horses,1987,10988000,A,,,,
214,158,"China, Taiwan Province of",1096,Horses,1987,352,A,,,,
44,170,Colombia,1096,Horses,1987,1897615,A,,,,
46,178,Congo,1096,Horses,1987,75,A,,,,
250,180,Democratic Republic of the Congo,1096,Horses,1987,,A,,,,
47,184,Cook Islands,1096,Horses,1987,370,E,,,,
48,188,Costa Rica,1096,Horses,1987,114000,E,,,,
49,192,Cuba,1096,Horses,1987,717900,A,,,,
53,204,Benin,1096,Horses,1987,1065,A,,,,
54,208,Denmark,1096,Horses,1987,29000,A,,,,
56,214,Dominican Republic,1096,Horses,1987,300000,E,,,,
58,218,Ecuador,1096,Horses,1987,403800,A,,,,
60,222,El Salvador,1096,Horses,1987,92500,E,,,,
66,242,Fiji,1096,Horses,1987,41000,E,,,,
67,246,Finland,1096,Horses,1987,38900,A,,,,
68,250,France,1096,Horses,1987,267724,A,,,,
70,258,French Polynesia,1096,Horses,1987,2261,A,,,,
75,270,Gambia,1096,Horses,1987,17000,E,,,,
79,276,Germany,1096,Horses,1987,472457,A,,,,
81,288,Ghana,1096,Horses,1987,2136,A,,,,
84,300,Greece,1096,Horses,1987,73857,A,,,,
86,308,Grenada,1096,Horses,1987,27,E,,,,
89,320,Guatemala,1096,Horses,1987,110000,E,,,,
90,324,Guinea,1096,Horses,1987,1600,E,,,,
91,328,Guyana,1096,Horses,1987,2400,E,,,,
93,332,Haiti,1096,Horses,1987,420000,E,,,,
95,340,Honduras,1096,Horses,1987,170500,E,,,,
96,344,"China, Hong Kong SAR",1096,Horses,1987,1000,A,,,,
97,348,Hungary,1096,Horses,1987,94700,A,,,,
99,352,Iceland,1096,Horses,1987,59218,A,,,,
100,356,India,1096,Horses,1987,797000,A,,,,
101,360,Indonesia,1096,Horses,1987,657800,A,,,,
102,364,Iran (Islamic Republic of),1096,Horses,1987,276000,E,,,,
103,368,Iraq,1096,Horses,1987,55000,E,,,,
104,372,Ireland,1096,Horses,1987,54500,A,,,,
105,376,Israel,1096,Horses,1987,4000,E,,,,
106,380,Italy,1096,Horses,1987,253400,A,,,,
109,388,Jamaica,1096,Horses,1987,3800,E,,,,
110,392,Japan,1096,Horses,1987,21800,A,,,,
112,400,Jordan,1096,Horses,1987,2955,A,,,,
114,404,Kenya,1096,Horses,1987,2000,E,,,,
116,408,Democratic People's Republic of Korea,1096,Horses,1987,42000,E,,,,
117,410,Republic of Korea,1096,Horses,1987,3051,A,,,,
118,414,Kuwait,1096,Horses,1987,3200,E,,,,
120,418,Lao People's Democratic Republic,1096,Horses,1987,42000,E,,,,
121,422,Lebanon,1096,Horses,1987,4500,E,,,,
122,426,Lesotho,1096,Horses,1987,129415,A,,,,
124,434,Libya,1096,Horses,1987,20000,A,,,,
129,450,Madagascar,1096,Horses,1987,400,E,,,,
130,454,Malawi,1096,Horses,1987,50,A,,,,
131,458,Malaysia,1096,Horses,1987,5000,E,,,,
133,466,Mali,1096,Horses,1987,53894,A,,,,
134,470,Malta,1096,Horses,1987,940,E,,,,
136,478,Mauritania,1096,Horses,1987,16400,E,,,,
137,480,Mauritius,1096,Horses,1987,150,E,,,,
138,484,Mexico,1096,Horses,1987,6150000,E,,,,
141,496,Mongolia,1096,Horses,1987,2018400,A,,,,
143,504,Morocco,1096,Horses,1987,197602,A,,,,
147,516,Namibia,1096,Horses,1987,49000,E,,,,
150,528,Netherlands (Kingdom of the),1096,Horses,1987,64294,A,,,,
153,540,New Caledonia,1096,Horses,1987,9500,E,,,,
155,548,Vanuatu,1096,Horses,1987,3000,A,,,,
156,554,New Zealand,1096,Horses,1987,94292,A,,,,
157,558,Nicaragua,1096,Horses,1987,255000,E,,,,
158,562,Niger,1096,Horses,1987,192085,A,,,,
159,566,Nigeria,1096,Horses,1987,214000,E,,,,
162,578,Norway,1096,Horses,1987,16400,A,,,,
165,586,Pakistan,1096,Horses,1987,454000,A,,,,
166,591,Panama,1096,Horses,1987,141000,E,,,,
168,598,Papua New Guinea,1096,Horses,1987,1300,E,,,,
169,600,Paraguay,1096,Horses,1987,322800,A,,,,
170,604,Peru,1096,Horses,1987,655000,E,,,,
171,608,Philippines,1096,Horses,1987,195000,E,,,,
173,616,Poland,1096,Horses,1987,1140886,A,,,,
174,620,Portugal,1096,Horses,1987,26000,E,,,,
175,624,Guinea-Bissau,1096,Horses,1987,1000,E,,,,
176,626,Timor-Leste,1096,Horses,1987,23890,A,,,,
177,630,Puerto Rico,1096,Horses,1987,21800,E,,,,
179,634,Qatar,1096,Horses,1987,1031,A,,,,
183,642,Romania,1096,Horses,1987,686000,A,,,,
189,662,Saint Lucia,1096,Horses,1987,1000,E,,,,
193,678,Sao Tome and Principe,1096,Horses,1987,210,E,,,,
194,682,Saudi Arabia,1096,Horses,1987,3200,E,,,,
195,686,Senegal,1096,Horses,1987,338000,A,,,,
197,694,Sierra Leone,1096,Horses,1987,,M,,,,
237,704,Viet Nam,1096,Horses,1987,136000,A,,,,
201,706,Somalia,1096,Horses,1987,900,E,,,,
202,710,South Africa,1096,Horses,1987,230000,E,,,,
181,716,Zimbabwe,1096,Horses,1987,22000,E,,,,
203,724,Spain,1096,Horses,1987,248000,A,,,,
206,736,Sudan (former),1096,Horses,1987,20500,E,,,,
207,740,Suriname,1096,Horses,1987,305,A,,,,
209,748,Eswatini,1096,Horses,1987,1425,A,,,,
210,752,Sweden,1096,Horses,1987,57200,E,,,,
211,756,Switzerland,1096,Horses,1987,47700,A,,,,
212,760,Syrian Arab Republic,1096,Horses,1987,41000,A,,,,
216,764,Thailand,1096,Horses,1987,18974,A,,,,
217,768,Togo,1096,Horses,1987,1552,A,,,,
219,776,Tonga,1096,Horses,1987,11000,X,,,,
220,780,Trinidad and Tobago,1096,Horses,1987,1000,E,,,,
225,784,United Arab Emirates,1096,Horses,1987,260,E,,,,
222,788,Tunisia,1096,Horses,1987,55000,E,,,,
223,792,Türkiye,1096,Horses,1987,600000,A,,,,
59,818,Egypt,1096,Horses,1987,9000,E,,,,
229,826,United Kingdom of Great Britain and Northern Ireland,1096,Horses,1987,165000,E,,,,
231,840,United States of America,1096,Horses,1987,5048000,E,,,,
233,854,Burkina Faso,1096,Horses,1987,21000,A,,,,
234,858,Uruguay,1096,Horses,1987,437419,A,,,,
236,862,Venezuela (Bolivarian Republic of),1096,Horses,1987,495000,E,,,,
244,882,Samoa,1096,Horses,1987,3080,E,,,,
249,887,Yemen,1096,Horses,1987,3000,E,,,,
62,230,Ethiopia PDR,1096,Horses,1988,2550000,E,,,,
182,638,Réunion,1096,Horses,1988,300,A,,,,
228,810,USSR,1096,Horses,1988,5885000,A,,,,
51,200,Czechoslovakia,1096,Horses,1988,44926,A,,,,
87,312,Guadeloupe,1096,Horses,1988,1100,E,,,,
248,890,Yugoslav SFR,1096,Horses,1988,362000,A,,,,
50,196,Cyprus,1096,Horses,1988,650,A,,,,
135,474,Martinique,1096,Horses,1988,2050,E,,,,
69,254,French Guiana,1096,Horses,1988,250,A,,,,
15,58,Belgium-Luxembourg,1096,Horses,1988,71000,A,,,,
2,4,Afghanistan,1096,Horses,1988,387000,E,,,,
3,8,Albania,1096,Horses,1988,60100,E,,,,
4,12,Algeria,1096,Horses,1988,85030,A,,,,
7,24,Angola,1096,Horses,1988,850,E,,,,
8,28,Antigua and Barbuda,1096,Horses,1988,540,E,,,,
9,32,Argentina,1096,Horses,1988,2900000,X,,,,
10,36,Australia,1096,Horses,1988,334562,A,,,,
11,40,Austria,1096,Horses,1988,45179,A,,,,
12,44,Bahamas,1096,Horses,1988,,A,,,,
14,52,Barbados,1096,Horses,1988,1000,E,,,,
18,64,Bhutan,1096,Horses,1988,25700,A,,,,
19,68,Bolivia (Plurinational State of),1096,Horses,1988,315000,E,,,,
20,72,Botswana,1096,Horses,1988,28600,A,,,,
21,76,Brazil,1096,Horses,1988,5971494,A,,,,
23,84,Belize,1096,Horses,1988,5000,E,,,,
25,90,Solomon Islands,1096,Horses,1988,100,E,,,,
27,100,Bulgaria,1096,Horses,1988,122815,A,,,,
28,104,Myanmar,1096,Horses,1988,138384,A,,,,
115,116,Cambodia,1096,Horses,1988,15000,E,,,,
32,120,Cameroon,1096,Horses,1988,13334,A,,,,
33,124,Canada,1096,Horses,1988,550000,E,,,,
35,132,Cabo Verde,1096,Horses,1988,984,A,,,,
38,144,Sri Lanka,1096,Horses,1988,1500,E,,,,
39,148,Chad,1096,Horses,1988,187690,A,,,,
40,152,Chile,1096,Horses,1988,490000,E,,,,
41,156,"China, mainland",1096,Horses,1988,10691000,A,,,,
214,158,"China, Taiwan Province of",1096,Horses,1988,419,A,,,,
44,170,Colombia,1096,Horses,1988,1935560,A,,,,
46,178,Congo,1096,Horses,1988,75,E,,,,
250,180,Democratic Republic of the Congo,1096,Horses,1988,,A,,,,
47,184,Cook Islands,1096,Horses,1988,355,A,,,,
48,188,Costa Rica,1096,Horses,1988,114000,E,,,,
49,192,Cuba,1096,Horses,1988,702800,A,,,,
53,204,Benin,1096,Horses,1988,1181,A,,,,
54,208,Denmark,1096,Horses,1988,34268,A,,,,
56,214,Dominican Republic,1096,Horses,1988,310000,E,,,,
58,218,Ecuador,1096,Horses,1988,426800,A,,,,
60,222,El Salvador,1096,Horses,1988,93000,E,,,,
66,242,Fiji,1096,Horses,1988,41500,E,,,,
67,246,Finland,1096,Horses,1988,35600,A,,,,
68,250,France,1096,Horses,1988,266100,A,,,,
70,258,French Polynesia,1096,Horses,1988,2240,E,,,,
75,270,Gambia,1096,Horses,1988,17407,A,,,,
79,276,Germany,1096,Horses,1988,469000,A,,,,
81,288,Ghana,1096,Horses,1988,1854,A,,,,
84,300,Greece,1096,Horses,1988,56970,A,,,,
86,308,Grenada,1096,Horses,1988,27,E,,,,
89,320,Guatemala,1096,Horses,1988,112000,E,,,,
90,324,Guinea,1096,Horses,1988,1800,E,,,,
91,328,Guyana,1096,Horses,1988,2400,E,,,,
93,332,Haiti,1096,Horses,1988,430000,E,,,,
95,340,Honduras,1096,Horses,1988,170600,E,,,,
96,344,"China, Hong Kong SAR",1096,Horses,1988,995,A,,,,
97,348,Hungary,1096,Horses,1988,87700,A,,,,
99,352,Iceland,1096,Horses,1988,63531,A,,,,
100,356,India,1096,Horses,1988,840000,E,,,,
101,360,Indonesia,1096,Horses,1988,675000,A,,,,
102,364,Iran (Islamic Republic of),1096,Horses,1988,155000,A,,,,
103,368,Iraq,1096,Horses,1988,55000,E,,,,
104,372,Ireland,1096,Horses,1988,53100,A,,,,
105,376,Israel,1096,Horses,1988,4000,E,,,,
106,380,Italy,1096,Horses,1988,249900,A,,,,
109,388,Jamaica,1096,Horses,1988,3900,E,,,,
110,392,Japan,1096,Horses,1988,21500,A,,,,
112,400,Jordan,1096,Horses,1988,3000,A,,,,
114,404,Kenya,1096,Horses,1988,2000,E,,,,
116,408,Democratic People's Republic of Korea,1096,Horses,1988,43000,E,,,,
117,410,Republic of Korea,1096,Horses,1988,3558,A,,,,
118,414,Kuwait,1096,Horses,1988,3350,E,,,,
120,418,Lao People's Democratic Republic,1096,Horses,1988,42000,E,,,,
121,422,Lebanon,1096,Horses,1988,5000,E,,,,
122,426,Lesotho,1096,Horses,1988,115775,A,,,,
124,434,Libya,1096,Horses,1988,25000,A,,,,
129,450,Madagascar,1096,Horses,1988,420,E,,,,
130,454,Malawi,1096,Horses,1988,50,E,,,,
131,458,Malaysia,1096,Horses,1988,4800,E,,,,
133,466,Mali,1096,Horses,1988,56332,A,,,,
134,470,Malta,1096,Horses,1988,940,E,,,,
136,478,Mauritania,1096,Horses,1988,16600,E,,,,
137,480,Mauritius,1096,Horses,1988,150,E,,,,
138,484,Mexico,1096,Horses,1988,6160000,E,,,,
141,496,Mongolia,1096,Horses,1988,2047100,A,,,,
143,504,Morocco,1096,Horses,1988,197600,A,,,,
147,516,Namibia,1096,Horses,1988,50000,E,,,,
150,528,Netherlands (Kingdom of the),1096,Horses,1988,64300,E,,,,
153,540,New Caledonia,1096,Horses,1988,10000,E,,,,
155,548,Vanuatu,1096,Horses,1988,3000,E,,,,
156,554,New Zealand,1096,Horses,1988,96671,A,,,,
157,558,Nicaragua,1096,Horses,1988,250000,E,,,,
158,562,Niger,1096,Horses,1988,194025,A,,,,
159,566,Nigeria,1096,Horses,1988,212000,E,,,,
162,578,Norway,1096,Horses,1988,17200,A,,,,
165,586,Pakistan,1096,Horses,1988,378000,A,,,,
166,591,Panama,1096,Horses,1988,144000,E,,,,
168,598,Papua New Guinea,1096,Horses,1988,1300,E,,,,
169,600,Paraguay,1096,Horses,1988,328334,A,,,,
170,604,Peru,1096,Horses,1988,655000,E,,,,
171,608,Philippines,1096,Horses,1988,200000,E,,,,
173,616,Poland,1096,Horses,1988,1050972,A,,,,
174,620,Portugal,1096,Horses,1988,26000,E,,,,
175,624,Guinea-Bissau,1096,Horses,1988,1400,E,,,,
176,626,Timor-Leste,1096,Horses,1988,24117,A,,,,
177,630,Puerto Rico,1096,Horses,1988,22000,E,,,,
179,634,Qatar,1096,Horses,1988,1041,A,,,,
183,642,Romania,1096,Horses,1988,693000,A,,,,
189,662,Saint Lucia,1096,Horses,1988,1000,E,,,,
193,678,Sao Tome and Principe,1096,Horses,1988,210,E,,,,
194,682,Saudi Arabia,1096,Horses,1988,3200,E,,,,
195,686,Senegal,1096,Horses,1988,380000,A,,,,
197,694,Sierra Leone,1096,Horses,1988,,M,,,,
237,704,Viet Nam,1096,Horses,1988,133000,A,,,,
201,706,Somalia,1096,Horses,1988,910,E,,,,
202,710,South Africa,1096,Horses,1988,230000,E,,,,
181,716,Zimbabwe,1096,Horses,1988,22500,E,,,,
203,724,Spain,1096,Horses,1988,247000,E,,,,
206,736,Sudan (former),1096,Horses,1988,20000,E,,,,
207,740,Suriname,1096,Horses,1988,351,A,,,,
209,748,Eswatini,1096,Horses,1988,1280,A,,,,
210,752,Sweden,1096,Horses,1988,57500,E,,,,
211,756,Switzerland,1096,Horses,1988,49190,A,,,,
212,760,Syrian Arab Republic,1096,Horses,1988,40000,A,,,,
216,764,Thailand,1096,Horses,1988,18919,A,,,,
217,768,Togo,1096,Horses,1988,1600,E,,,,
219,776,Tonga,1096,Horses,1988,11000,A,,,,
220,780,Trinidad and Tobago,1096,Horses,1988,1000,E,,,,
225,784,United Arab Emirates,1096,Horses,1988,265,E,,,,
222,788,Tunisia,1096,Horses,1988,55000,E,,,,
223,792,Türkiye,1096,Horses,1988,590000,A,,,,
59,818,Egypt,1096,Horses,1988,9500,E,,,,
229,826,United Kingdom of Great Britain and Northern Ireland,1096,Horses,1988,168000,E,,,,
231,840,United States of America,1096,Horses,1988,5076000,E,,,,
233,854,Burkina Faso,1096,Horses,1988,22000,A,,,,
234,858,Uruguay,1096,Horses,1988,466259,A,,,,
236,862,Venezuela (Bolivarian Republic of),1096,Horses,1988,495000,E,,,,
244,882,Samoa,1096,Horses,1988,3100,E,,,,
249,887,Yemen,1096,Horses,1988,3000,E,,,,
15,58,Belgium-Luxembourg,1096,Horses,1989,68000,A,,,,
135,474,Martinique,1096,Horses,1989,2060,E,,,,
69,254,French Guiana,1096,Horses,1989,250,A,,,,
51,200,Czechoslovakia,1096,Horses,1989,43508,A,,,,
62,230,Ethiopia PDR,1096,Horses,1989,2600000,E,,,,
248,890,Yugoslav SFR,1096,Horses,1989,340000,A,,,,
87,312,Guadeloupe,1096,Horses,1989,1050,E,,,,
182,638,Réunion,1096,Horses,1989,300,A,,,,
228,810,USSR,1096,Horses,1989,5904000,A,,,,
50,196,Cyprus,1096,Horses,1989,650,A,,,,
2,4,Afghanistan,1096,Horses,1989,374000,E,,,,
3,8,Albania,1096,Horses,1989,58100,E,,,,
4,12,Algeria,1096,Horses,1989,86000,A,,,,
7,24,Angola,1096,Horses,1989,800,E,,,,
8,28,Antigua and Barbuda,1096,Horses,1989,540,E,,,,
9,32,Argentina,1096,Horses,1989,3200000,X,,,,
10,36,Australia,1096,Horses,1989,316614,A,,,,
11,40,Austria,1096,Horses,1989,44350,A,,,,
12,44,Bahamas,1096,Horses,1989,4,A,,,,
14,52,Barbados,1096,Horses,1989,1000,A,,,,
18,64,Bhutan,1096,Horses,1989,26100,A,,,,
19,68,Bolivia (Plurinational State of),1096,Horses,1989,320000,E,,,,
20,72,Botswana,1096,Horses,1989,32400,A,,,,
21,76,Brazil,1096,Horses,1989,6097785,A,,,,
23,84,Belize,1096,Horses,1989,5000,E,,,,
25,90,Solomon Islands,1096,Horses,1989,100,E,,,,
27,100,Bulgaria,1096,Horses,1989,121994,A,,,,
28,104,Myanmar,1096,Horses,1989,119131,A,,,,
115,116,Cambodia,1096,Horses,1989,16000,E,,,,
32,120,Cameroon,1096,Horses,1989,14000,E,,,,
33,124,Canada,1096,Horses,1989,415000,E,,,,
35,132,Cabo Verde,1096,Horses,1989,700,A,,,,
38,144,Sri Lanka,1096,Horses,1989,1500,E,,,,
39,148,Chad,1096,Horses,1989,191500,A,,,,
40,152,Chile,1096,Horses,1989,500000,E,,,,
41,156,"China, mainland",1096,Horses,1989,10540000,A,,,,
214,158,"China, Taiwan Province of",1096,Horses,1989,690,A,,,,
44,170,Colombia,1096,Horses,1989,1974270,A,,,,
46,178,Congo,1096,Horses,1989,75,E,,,,
250,180,Democratic Republic of the Congo,1096,Horses,1989,,A,,,,
47,184,Cook Islands,1096,Horses,1989,355,A,,,,
48,188,Costa Rica,1096,Horses,1989,114000,E,,,,
49,192,Cuba,1096,Horses,1989,630100,A,,,,
53,204,Benin,1096,Horses,1989,1272,A,,,,
54,208,Denmark,1096,Horses,1989,35446,A,,,,
56,214,Dominican Republic,1096,Horses,1989,310000,E,,,,
58,218,Ecuador,1096,Horses,1989,460160,A,,,,
60,222,El Salvador,1096,Horses,1989,93500,E,,,,
66,242,Fiji,1096,Horses,1989,42000,E,,,,
67,246,Finland,1096,Horses,1989,40100,A,,,,
68,250,France,1096,Horses,1989,268681,A,,,,
70,258,French Polynesia,1096,Horses,1989,2230,E,,,,
75,270,Gambia,1096,Horses,1989,17575,A,,,,
79,276,Germany,1096,Horses,1989,476851,A,,,,
81,288,Ghana,1096,Horses,1989,1593,A,,,,
84,300,Greece,1096,Horses,1989,52888,A,,,,
86,308,Grenada,1096,Horses,1989,27,E,,,,
89,320,Guatemala,1096,Horses,1989,112000,E,,,,
90,324,Guinea,1096,Horses,1989,1991,A,,,,
91,328,Guyana,1096,Horses,1989,2400,E,,,,
93,332,Haiti,1096,Horses,1989,432000,E,,,,
95,340,Honduras,1096,Horses,1989,171000,E,,,,
96,344,"China, Hong Kong SAR",1096,Horses,1989,990,A,,,,
97,348,Hungary,1096,Horses,1989,76300,A,,,,
99,352,Iceland,1096,Horses,1989,69238,A,,,,
100,356,India,1096,Horses,1989,830000,E,,,,
101,360,Indonesia,1096,Horses,1989,682800,A,,,,
102,364,Iran (Islamic Republic of),1096,Horses,1989,271114,A,,,,
103,368,Iraq,1096,Horses,1989,58000,E,,,,
104,372,Ireland,1096,Horses,1989,51700,A,,,,
105,376,Israel,1096,Horses,1989,4000,E,,,,
106,380,Italy,1096,Horses,1989,256000,A,,,,
109,388,Jamaica,1096,Horses,1989,3900,E,,,,
110,392,Japan,1096,Horses,1989,22200,A,,,,
112,400,Jordan,1096,Horses,1989,4276,A,,,,
114,404,Kenya,1096,Horses,1989,2000,E,,,,
116,408,Democratic People's Republic of Korea,1096,Horses,1989,43500,E,,,,
117,410,Republic of Korea,1096,Horses,1989,4560,A,,,,
118,414,Kuwait,1096,Horses,1989,3500,E,,,,
120,418,Lao People's Democratic Republic,1096,Horses,1989,43000,E,,,,
121,422,Lebanon,1096,Horses,1989,6000,E,,,,
122,426,Lesotho,1096,Horses,1989,103781,A,,,,
124,434,Libya,1096,Horses,1989,20000,A,,,,
129,450,Madagascar,1096,Horses,1989,400,E,,,,
130,454,Malawi,1096,Horses,1989,60,E,,,,
131,458,Malaysia,1096,Horses,1989,4600,E,,,,
133,466,Mali,1096,Horses,1989,54960,A,,,,
134,470,Malta,1096,Horses,1989,1000,A,,,,
136,478,Mauritania,1096,Horses,1989,17100,E,,,,
137,480,Mauritius,1096,Horses,1989,150,E,,,,
138,484,Mexico,1096,Horses,1989,6170000,E,,,,
141,496,Mongolia,1096,Horses,1989,2102900,A,,,,
143,504,Morocco,1096,Horses,1989,184082,A,,,,
147,516,Namibia,1096,Horses,1989,47423,A,,,,
150,528,Netherlands (Kingdom of the),1096,Horses,1989,67000,A,,,,
153,540,New Caledonia,1096,Horses,1989,10500,E,,,,
155,548,Vanuatu,1096,Horses,1989,3000,E,,,,
156,554,New Zealand,1096,Horses,1989,98120,A,,,,
157,558,Nicaragua,1096,Horses,1989,250000,E,,,,
158,562,Niger,1096,Horses,1989,195985,A,,,,
159,566,Nigeria,1096,Horses,1989,210000,E,,,,
162,578,Norway,1096,Horses,1989,17407,A,,,,
165,586,Pakistan,1096,Horses,1989,373000,A,,,,
166,591,Panama,1096,Horses,1989,147000,E,,,,
168,598,Papua New Guinea,1096,Horses,1989,1350,E,,,,
169,600,Paraguay,1096,Horses,1989,334100,A,,,,
170,604,Peru,1096,Horses,1989,660000,E,,,,
171,608,Philippines,1096,Horses,1989,200000,E,,,,
173,616,Poland,1096,Horses,1989,972749,A,,,,
174,620,Portugal,1096,Horses,1989,26000,E,,,,
175,624,Guinea-Bissau,1096,Horses,1989,1800,A,,,,
176,626,Timor-Leste,1096,Horses,1989,24535,A,,,,
177,630,Puerto Rico,1096,Horses,1989,22300,E,,,,
179,634,Qatar,1096,Horses,1989,1072,A,,,,
183,642,Romania,1096,Horses,1989,702000,A,,,,
189,662,Saint Lucia,1096,Horses,1989,1000,E,,,,
193,678,Sao Tome and Principe,1096,Horses,1989,220,E,,,,
194,682,Saudi Arabia,1096,Horses,1989,3250,E,,,,
195,686,Senegal,1096,Horses,1989,389000,A,,,,
197,694,Sierra Leone,1096,Horses,1989,,M,,,,
237,704,Viet Nam,1096,Horses,1989,142200,A,,,,
201,706,Somalia,1096,Horses,1989,920,E,,,,
202,710,South Africa,1096,Horses,1989,230000,E,,,,
181,716,Zimbabwe,1096,Horses,1989,23000,E,,,,
203,724,Spain,1096,Horses,1989,245000,E,,,,
206,736,Sudan (former),1096,Horses,1989,21000,E,,,,
207,740,Suriname,1096,Horses,1989,316,A,,,,
209,748,Eswatini,1096,Horses,1989,1120,A,,,,
210,752,Sweden,1096,Horses,1989,57800,E,,,,
211,756,Switzerland,1096,Horses,1989,48100,A,,,,
212,760,Syrian Arab Republic,1096,Horses,1989,43000,A,,,,
216,764,Thailand,1096,Horses,1989,18097,A,,,,
217,768,Togo,1096,Horses,1989,1600,E,,,,
219,776,Tonga,1096,Horses,1989,11484,A,,,,
220,780,Trinidad and Tobago,1096,Horses,1989,1000,E,,,,
225,784,United Arab Emirates,1096,Horses,1989,270,E,,,,
222,788,Tunisia,1096,Horses,1989,55200,E,,,,
223,792,Türkiye,1096,Horses,1989,557000,A,,,,
59,818,Egypt,1096,Horses,1989,9600,E,,,,
229,826,United Kingdom of Great Britain and Northern Ireland,1096,Horses,1989,168000,E,,,,
231,840,United States of America,1096,Horses,1989,5067000,E,,,,
233,854,Burkina Faso,1096,Horses,1989,22000,A,,,,
234,858,Uruguay,1096,Horses,1989,461971,A,,,,
236,862,Venezuela (Bolivarian Republic of),1096,Horses,1989,495000,E,,,,
244,882,Samoa,1096,Horses,1989,3114,A,,,,
249,887,Yemen,1096,Horses,1989,3000,E,,,,
69,254,French Guiana,1096,Horses,1990,250,A,,,,
50,196,Cyprus,1096,Horses,1990,650,E,,,,
87,312,Guadeloupe,1096,Horses,1990,1050,E,,,,
51,200,Czechoslovakia,1096,Horses,1990,42091,A,,,,
228,810,USSR,1096,Horses,1990,5920500,A,,,,
62,230,Ethiopia PDR,1096,Horses,1990,2650000,E,,,,
135,474,Martinique,1096,Horses,1990,2080,E,,,,
182,638,Réunion,1096,Horses,1990,320,A,,,,
15,58,Belgium-Luxembourg,1096,Horses,1990,66000,A,,,,
248,890,Yugoslav SFR,1096,Horses,1990,314000,A,,,,
2,4,Afghanistan,1096,Horses,1990,362000,E,,,,
3,8,Albania,1096,Horses,1990,57200,A,,,,
4,12,Algeria,1096,Horses,1990,81020,A,,,,
7,24,Angola,1096,Horses,1990,850,E,,,,
8,28,Antigua and Barbuda,1096,Horses,1990,500,E,,,,
9,32,Argentina,1096,Horses,1990,3400000,X,,,,
10,36,Australia,1096,Horses,1990,310418,A,,,,
11,40,Austria,1096,Horses,1990,47595,A,,,,
12,44,Bahamas,1096,Horses,1990,,A,,,,
14,52,Barbados,1096,Horses,1990,1000,E,,,,
18,64,Bhutan,1096,Horses,1990,25000,E,,,,
19,68,Bolivia (Plurinational State of),1096,Horses,1990,320000,E,,,,
20,72,Botswana,1096,Horses,1990,34200,A,,,,
21,76,Brazil,1096,Horses,1990,6121515,A,,,,
23,84,Belize,1096,Horses,1990,5000,E,,,,
25,90,Solomon Islands,1096,Horses,1990,100,E,,,,
27,100,Bulgaria,1096,Horses,1990,118902,A,,,,
28,104,Myanmar,1096,Horses,1990,120643,A,,,,
115,116,Cambodia,1096,Horses,1990,17000,E,,,,
32,120,Cameroon,1096,Horses,1990,14000,E,,,,
33,124,Canada,1096,Horses,1990,415000,E,,,,
35,132,Cabo Verde,1096,Horses,1990,500,E,,,,
38,144,Sri Lanka,1096,Horses,1990,1500,E,,,,
39,148,Chad,1096,Horses,1990,195300,A,,,,
40,152,Chile,1096,Horses,1990,345400,A,,,,
41,156,"China, mainland",1096,Horses,1990,10294000,A,,,,
214,158,"China, Taiwan Province of",1096,Horses,1990,687,A,,,,
44,170,Colombia,1096,Horses,1990,1975000,E,,,,
46,178,Congo,1096,Horses,1990,75,E,,,,
250,180,Democratic Republic of the Congo,1096,Horses,1990,,A,,,,
47,184,Cook Islands,1096,Horses,1990,360,A,,,,
48,188,Costa Rica,1096,Horses,1990,114000,E,,,,
49,192,Cuba,1096,Horses,1990,629200,A,,,,
53,204,Benin,1096,Horses,1990,1050,A,,,,
54,208,Denmark,1096,Horses,1990,38000,A,,,,
56,214,Dominican Republic,1096,Horses,1990,315000,E,,,,
58,218,Ecuador,1096,Horses,1990,491652,A,,,,
60,222,El Salvador,1096,Horses,1990,94000,E,,,,
66,242,Fiji,1096,Horses,1990,42500,E,,,,
67,246,Finland,1096,Horses,1990,43900,A,,,,
68,250,France,1096,Horses,1990,319046,A,,,,
70,258,French Polynesia,1096,Horses,1990,2200,A,,,,
75,270,Gambia,1096,Horses,1990,15559,A,,,,
79,276,Germany,1096,Horses,1990,483900,A,,,,
81,288,Ghana,1096,Horses,1990,1366,A,,,,
84,300,Greece,1096,Horses,1990,49318,A,,,,
86,308,Grenada,1096,Horses,1990,27,E,,,,
89,320,Guatemala,1096,Horses,1990,113000,E,,,,
90,324,Guinea,1096,Horses,1990,2000,E,,,,
91,328,Guyana,1096,Horses,1990,2400,E,,,,
93,332,Haiti,1096,Horses,1990,435000,E,,,,
95,340,Honduras,1096,Horses,1990,171000,E,,,,
96,344,"China, Hong Kong SAR",1096,Horses,1990,1048,A,,,,
97,348,Hungary,1096,Horses,1990,75000,A,,,,
99,352,Iceland,1096,Horses,1990,71693,A,,,,
100,356,India,1096,Horses,1990,820000,E,,,,
101,360,Indonesia,1096,Horses,1990,683426,A,,,,
102,364,Iran (Islamic Republic of),1096,Horses,1990,255352,A,,,,
103,368,Iraq,1096,Horses,1990,60000,E,,,,
104,372,Ireland,1096,Horses,1990,53500,A,,,,
105,376,Israel,1096,Horses,1990,4000,E,,,,
106,380,Italy,1096,Horses,1990,271000,A,,,,
109,388,Jamaica,1096,Horses,1990,3900,E,,,,
110,392,Japan,1096,Horses,1990,23100,A,,,,
112,400,Jordan,1096,Horses,1990,4000,E,,,,
114,404,Kenya,1096,Horses,1990,2000,E,,,,
116,408,Democratic People's Republic of Korea,1096,Horses,1990,44000,E,,,,
117,410,Republic of Korea,1096,Horses,1990,4937,A,,,,
118,414,Kuwait,1096,Horses,1990,2900,E,,,,
120,418,Lao People's Democratic Republic,1096,Horses,1990,44000,E,,,,
121,422,Lebanon,1096,Horses,1990,8250,E,,,,
122,426,Lesotho,1096,Horses,1990,100000,E,,,,
124,434,Libya,1096,Horses,1990,20000,A,,,,
129,450,Madagascar,1096,Horses,1990,420,E,,,,
130,454,Malawi,1096,Horses,1990,60,E,,,,
131,458,Malaysia,1096,Horses,1990,4500,E,,,,
133,466,Mali,1096,Horses,1990,77000,A,,,,
134,470,Malta,1096,Horses,1990,1000,E,,,,
136,478,Mauritania,1096,Horses,1990,17500,E,,,,
137,480,Mauritius,1096,Horses,1990,150,E,,,,
138,484,Mexico,1096,Horses,1990,6170000,E,,,,
141,496,Mongolia,1096,Horses,1990,2199600,A,,,,
143,504,Morocco,1096,Horses,1990,193545,A,,,,
147,516,Namibia,1096,Horses,1990,52054,A,,,,
150,528,Netherlands (Kingdom of the),1096,Horses,1990,70000,A,,,,
153,540,New Caledonia,1096,Horses,1990,11000,E,,,,
155,548,Vanuatu,1096,Horses,1990,3000,E,,,,
156,554,New Zealand,1096,Horses,1990,93980,A,,,,
157,558,Nicaragua,1096,Horses,1990,250000,E,,,,
158,562,Niger,1096,Horses,1990,197965,A,,,,
159,566,Nigeria,1096,Horses,1990,208000,A,,,,
162,578,Norway,1096,Horses,1990,18800,A,,,,
165,586,Pakistan,1096,Horses,1990,368000,A,,,,
166,591,Panama,1096,Horses,1990,151000,E,,,,
168,598,Papua New Guinea,1096,Horses,1990,1450,E,,,,
169,600,Paraguay,1096,Horses,1990,334600,A,,,,
170,604,Peru,1096,Horses,1990,660000,E,,,,
171,608,Philippines,1096,Horses,1990,200000,E,,,,
173,616,Poland,1096,Horses,1990,941157,A,,,,
174,620,Portugal,1096,Horses,1990,26000,E,,,,
175,624,Guinea-Bissau,1096,Horses,1990,1800,A,,,,
176,626,Timor-Leste,1096,Horses,1990,24920,A,,,,
177,630,Puerto Rico,1096,Horses,1990,22300,E,,,,
179,634,Qatar,1096,Horses,1990,1102,A,,,,
183,642,Romania,1096,Horses,1990,663000,A,,,,
189,662,Saint Lucia,1096,Horses,1990,1000,E,,,,
193,678,Sao Tome and Principe,1096,Horses,1990,220,E,,,,
194,682,Saudi Arabia,1096,Horses,1990,3000,A,,,,
195,686,Senegal,1096,Horses,1990,439700,A,,,,
197,694,Sierra Leone,1096,Horses,1990,250000,E,,,,
237,704,Viet Nam,1096,Horses,1990,141300,A,,,,
201,706,Somalia,1096,Horses,1990,920,E,,,,
202,710,South Africa,1096,Horses,1990,230000,E,,,,
181,716,Zimbabwe,1096,Horses,1990,23500,E,,,,
203,724,Spain,1096,Horses,1990,248000,A,,,,
206,736,Sudan (former),1096,Horses,1990,500000,E,,,,
207,740,Suriname,1096,Horses,1990,325,A,,,,
209,748,Eswatini,1096,Horses,1990,1214,A,,,,
210,752,Sweden,1096,Horses,1990,58000,E,,,,
211,756,Switzerland,1096,Horses,1990,45300,A,,,,
212,760,Syrian Arab Republic,1096,Horses,1990,41000,A,,,,
216,764,Thailand,1096,Horses,1990,19758,A,,,,
217,768,Togo,1096,Horses,1990,1600,E,,,,
219,776,Tonga,1096,Horses,1990,6000,X,,,,
220,780,Trinidad and Tobago,1096,Horses,1990,1000,E,,,,
225,784,United Arab Emirates,1096,Horses,1990,280,E,,,,
222,788,Tunisia,1096,Horses,1990,55400,E,,,,
223,792,Türkiye,1096,Horses,1990,545000,A,,,,
59,818,Egypt,1096,Horses,1990,20000,E,,,,
229,826,United Kingdom of Great Britain and Northern Ireland,1096,Horses,1990,169000,E,,,,
231,840,United States of America,1096,Horses,1990,5069000,E,,,,
233,854,Burkina Faso,1096,Horses,1990,22791,E,,,,
234,858,Uruguay,1096,Horses,1990,465000,E,,,,
236,862,Venezuela (Bolivarian Republic of),1096,Horses,1990,495000,E,,,,
244,882,Samoa,1096,Horses,1990,3000,E,,,,
249,887,Yemen,1096,Horses,1990,3000,E,,,,
51,200,Czechoslovakia,1096,Horses,1991,38862,A,,,,
182,638,Réunion,1096,Horses,1991,350,A,,,,
62,230,Ethiopia PDR,1096,Horses,1991,2700000,E,,,,
69,254,French Guiana,1096,Horses,1991,270,A,,,,
228,810,USSR,1096,Horses,1991,5919000,A,,,,
87,312,Guadeloupe,1096,Horses,1991,1000,E,,,,
135,474,Martinique,1096,Horses,1991,2100,E,,,,
15,58,Belgium-Luxembourg,1096,Horses,1991,65000,A,,,,
248,890,Yugoslav SFR,1096,Horses,1991,303358,A,,,,
2,4,Afghanistan,1096,Horses,1991,350000,A,,,,
3,8,Albania,1096,Horses,1991,55800,A,,,,
4,12,Algeria,1096,Horses,1991,82260,A,,,,
7,24,Angola,1096,Horses,1991,850,E,,,,
8,28,Antigua and Barbuda,1096,Horses,1991,520,E,,,,
9,32,Argentina,1096,Horses,1991,3400000,X,,,,
10,36,Australia,1096,Horses,1991,308044,A,,,,
11,40,Austria,1096,Horses,1991,49270,A,,,,
12,44,Bahamas,1096,Horses,1991,4,A,,,,
14,52,Barbados,1096,Horses,1991,1000,E,,,,
18,64,Bhutan,1096,Horses,1991,26600,E,,,,
19,68,Bolivia (Plurinational State of),1096,Horses,1991,320000,E,,,,
20,72,Botswana,1096,Horses,1991,33500,E,,,,
21,76,Brazil,1096,Horses,1991,6236607,A,,,,
23,84,Belize,1096,Horses,1991,5000,E,,,,
25,90,Solomon Islands,1096,Horses,1991,100,E,,,,
27,100,Bulgaria,1096,Horses,1991,115425,A,,,,
28,104,Myanmar,1096,Horses,1991,118092,A,,,,
115,116,Cambodia,1096,Horses,1991,18000,E,,,,
32,120,Cameroon,1096,Horses,1991,15000,E,,,,
33,124,Canada,1096,Horses,1991,419000,E,,,,
35,132,Cabo Verde,1096,Horses,1991,359,A,,,,
38,144,Sri Lanka,1096,Horses,1991,1500,E,,,,
39,148,Chad,1096,Horses,1991,201496,A,,,,
40,152,Chile,1096,Horses,1991,338790,A,,,,
41,156,"China, mainland",1096,Horses,1991,10174000,A,,,,
214,158,"China, Taiwan Province of",1096,Horses,1991,871,A,,,,
44,170,Colombia,1096,Horses,1991,1980000,E,,,,
46,178,Congo,1096,Horses,1991,70,E,,,,
250,180,Democratic Republic of the Congo,1096,Horses,1991,,A,,,,
47,184,Cook Islands,1096,Horses,1991,360,A,,,,
48,188,Costa Rica,1096,Horses,1991,114100,E,,,,
49,192,Cuba,1096,Horses,1991,600000,A,,,,
53,204,Benin,1096,Horses,1991,1055,A,,,,
54,208,Denmark,1096,Horses,1991,32000,A,,,,
56,214,Dominican Republic,1096,Horses,1991,320000,E,,,,
58,218,Ecuador,1096,Horses,1991,516000,A,,,,
60,222,El Salvador,1096,Horses,1991,94500,E,,,,
66,242,Fiji,1096,Horses,1991,42800,E,,,,
67,246,Finland,1096,Horses,1991,48100,A,,,,
68,250,France,1096,Horses,1991,334810,A,,,,
70,258,French Polynesia,1096,Horses,1991,2200,E,,,,
75,270,Gambia,1096,Horses,1991,16184,A,,,,
79,276,Germany,1096,Horses,1991,490954,A,,,,
81,288,Ghana,1096,Horses,1991,1302,A,,,,
84,300,Greece,1096,Horses,1991,45266,A,,,,
86,308,Grenada,1096,Horses,1991,27,E,,,,
89,320,Guatemala,1096,Horses,1991,113500,E,,,,
90,324,Guinea,1096,Horses,1991,2100,E,,,,
91,328,Guyana,1096,Horses,1991,2400,E,,,,
93,332,Haiti,1096,Horses,1991,430000,E,,,,
95,340,Honduras,1096,Horses,1991,171500,E,,,,
96,344,"China, Hong Kong SAR",1096,Horses,1991,1085,A,,,,
97,348,Hungary,1096,Horses,1991,76000,A,,,,
99,352,Iceland,1096,Horses,1991,74069,A,,,,
100,356,India,1096,Horses,1991,810000,E,,,,
101,360,Indonesia,1096,Horses,1991,694982,A,,,,
102,364,Iran (Islamic Republic of),1096,Horses,1991,255352,A,,,,
103,368,Iraq,1096,Horses,1991,50000,E,,,,
104,372,Ireland,1096,Horses,1991,63100,A,,,,
105,376,Israel,1096,Horses,1991,4000,E,,,,
106,380,Italy,1096,Horses,1991,287847,A,,,,
109,388,Jamaica,1096,Horses,1991,3900,E,,,,
110,392,Japan,1096,Horses,1991,24300,A,,,,
112,400,Jordan,1096,Horses,1991,4000,E,,,,
114,404,Kenya,1096,Horses,1991,2000,E,,,,
116,408,Democratic People's Republic of Korea,1096,Horses,1991,45000,E,,,,
117,410,Republic of Korea,1096,Horses,1991,5498,A,,,,
118,414,Kuwait,1096,Horses,1991,100,E,,,,
120,418,Lao People's Democratic Republic,1096,Horses,1991,36190,A,,,,
121,422,Lebanon,1096,Horses,1991,10440,A,,,,
122,426,Lesotho,1096,Horses,1991,97428,A,,,,
124,434,Libya,1096,Horses,1991,25000,E,,,,
129,450,Madagascar,1096,Horses,1991,400,E,,,,
130,454,Malawi,1096,Horses,1991,50,E,,,,
131,458,Malaysia,1096,Horses,1991,53,A,,,,
133,466,Mali,1096,Horses,1991,78816,A,,,,
134,470,Malta,1096,Horses,1991,1000,E,,,,
136,478,Mauritania,1096,Horses,1991,17800,E,,,,
137,480,Mauritius,1096,Horses,1991,150,E,,,,
138,484,Mexico,1096,Horses,1991,6175000,E,,,,
141,496,Mongolia,1096,Horses,1991,2262000,A,,,,
143,504,Morocco,1096,Horses,1991,191400,A,,,,
147,516,Namibia,1096,Horses,1991,51000,A,,,,
150,528,Netherlands (Kingdom of the),1096,Horses,1991,76000,A,,,,
153,540,New Caledonia,1096,Horses,1991,11425,A,,,,
155,548,Vanuatu,1096,Horses,1991,3000,E,,,,
156,554,New Zealand,1096,Horses,1991,91000,A,,,,
157,558,Nicaragua,1096,Horses,1991,250000,E,,,,
158,562,Niger,1096,Horses,1991,199964,A,,,,
159,566,Nigeria,1096,Horses,1991,206000,E,,,,
162,578,Norway,1096,Horses,1991,20700,A,,,,
165,586,Pakistan,1096,Horses,1991,363000,A,,,,
166,591,Panama,1096,Horses,1991,155506,A,,,,
168,598,Papua New Guinea,1096,Horses,1991,1500,E,,,,
169,600,Paraguay,1096,Horses,1991,319900,A,,,,
170,604,Peru,1096,Horses,1991,660000,E,,,,
171,608,Philippines,1096,Horses,1991,210000,E,,,,
173,616,Poland,1096,Horses,1991,938894,A,,,,
174,620,Portugal,1096,Horses,1991,41000,A,,,,
175,624,Guinea-Bissau,1096,Horses,1991,1860,A,,,,
176,626,Timor-Leste,1096,Horses,1991,26003,A,,,,
177,630,Puerto Rico,1096,Horses,1991,22600,E,,,,
179,634,Qatar,1096,Horses,1991,1150,A,,,,
183,642,Romania,1096,Horses,1991,670000,A,,,,
189,662,Saint Lucia,1096,Horses,1991,1000,E,,,,
193,678,Sao Tome and Principe,1096,Horses,1991,220,E,,,,
194,682,Saudi Arabia,1096,Horses,1991,3000,A,,,,
195,686,Senegal,1096,Horses,1991,454000,A,,,,
197,694,Sierra Leone,1096,Horses,1991,250000,E,,,,
237,704,Viet Nam,1096,Horses,1991,133700,A,,,,
201,706,Somalia,1096,Horses,1991,700,E,,,,
202,710,South Africa,1096,Horses,1991,230000,E,,,,
181,716,Zimbabwe,1096,Horses,1991,24000,E,,,,
203,724,Spain,1096,Horses,1991,248000,A,,,,
206,736,Sudan (former),1096,Horses,1991,510000,E,,,,
207,740,Suriname,1096,Horses,1991,330,E,,,,
209,748,Eswatini,1096,Horses,1991,1357,A,,,,
210,752,Sweden,1096,Horses,1991,76750,A,,,,
211,756,Switzerland,1096,Horses,1991,49000,A,,,,
212,760,Syrian Arab Republic,1096,Horses,1991,39000,A,,,,
216,764,Thailand,1096,Horses,1991,20331,A,,,,
217,768,Togo,1096,Horses,1991,1600,E,,,,
219,776,Tonga,1096,Horses,1991,6000,X,,,,
220,780,Trinidad and Tobago,1096,Horses,1991,1000,E,,,,
225,784,United Arab Emirates,1096,Horses,1991,290,E,,,,
222,788,Tunisia,1096,Horses,1991,55700,E,,,,
223,792,Türkiye,1096,Horses,1991,495543,A,,,,
59,818,Egypt,1096,Horses,1991,36000,A,,,,
229,826,United Kingdom of Great Britain and Northern Ireland,1096,Horses,1991,170000,E,,,,
231,840,United States of America,1096,Horses,1991,5100000,E,,,,
233,854,Burkina Faso,1096,Horses,1991,23610,E,,,,
234,858,Uruguay,1096,Horses,1991,470000,E,,,,
236,862,Venezuela (Bolivarian Republic of),1096,Horses,1991,495000,E,,,,
244,882,Samoa,1096,Horses,1991,2900,E,,,,
249,887,Yemen,1096,Horses,1991,3000,E,,,,
62,230,Ethiopia PDR,1096,Horses,1992,2750000,E,,,,
87,312,Guadeloupe,1096,Horses,1992,1000,E,,,,
208,762,Tajikistan,1096,Horses,1992,52600,A,,,,
119,428,Latvia,1096,Horses,1992,30000,A,,,,
98,191,Croatia,1096,Horses,1992,26000,A,,,,
63,233,Estonia,1096,Horses,1992,7756,A,,,,
69,254,French Guiana,1096,Horses,1992,250,A,,,,
80,70,Bosnia and Herzegovina,1096,Horses,1992,40000,E,,,,
154,807,North Macedonia,1096,Horses,1992,64576,A,,,,
1,51,Armenia,1096,Horses,1992,6548,A,,,,
113,417,Kyrgyzstan,1096,Horses,1992,320500,A,,,,
186,891,Serbia and Montenegro,1096,Horses,1992,89000,A,,,,
52,31,Azerbaijan,1096,Horses,1992,34600,A,,,,
57,112,Belarus,1096,Horses,1992,211800,A,,,,
108,398,Kazakhstan,1096,Horses,1992,1666400,A,,,,
213,795,Turkmenistan,1096,Horses,1992,25000,E,,,,
73,268,Georgia,1096,Horses,1992,16800,A,,,,
135,474,Martinique,1096,Horses,1992,2120,E,,,,
146,498,Republic of Moldova,1096,Horses,1992,48438,A,,,,
182,638,Réunion,1096,Horses,1992,350,A,,,,
126,440,Lithuania,1096,Horses,1992,82600,A,,,,
230,804,Ukraine,1096,Horses,1992,717100,A,,,,
235,860,Uzbekistan,1096,Horses,1992,112500,A,,,,
15,58,Belgium-Luxembourg,1096,Horses,1992,64000,A,,,,
51,200,Czechoslovakia,1096,Horses,1992,34288,A,,,,
198,705,Slovenia,1096,Horses,1992,10790,A,,,,
185,643,Russian Federation,1096,Horses,1992,2590000,A,,,,
2,4,Afghanistan,1096,Horses,1992,300000,E,,,,
3,8,Albania,1096,Horses,1992,44100,A,,,,
4,12,Algeria,1096,Horses,1992,76940,A,,,,
7,24,Angola,1096,Horses,1992,900,E,,,,
8,28,Antigua and Barbuda,1096,Horses,1992,520,E,,,,
9,32,Argentina,1096,Horses,1992,3300000,X,,,,
10,36,Australia,1096,Horses,1992,289346,A,,,,
11,40,Austria,1096,Horses,1992,57803,A,,,,
12,44,Bahamas,1096,Horses,1992,,A,,,,
14,52,Barbados,1096,Horses,1992,1000,E,,,,
18,64,Bhutan,1096,Horses,1992,28000,E,,,,
19,68,Bolivia (Plurinational State of),1096,Horses,1992,322000,E,,,,
20,72,Botswana,1096,Horses,1992,32000,E,,,,
21,76,Brazil,1096,Horses,1992,6329213,A,,,,
23,84,Belize,1096,Horses,1992,5000,E,,,,
25,90,Solomon Islands,1096,Horses,1992,100,E,,,,
27,100,Bulgaria,1096,Horses,1992,114267,A,,,,
28,104,Myanmar,1096,Horses,1992,115824,A,,,,
115,116,Cambodia,1096,Horses,1992,19000,E,,,,
32,120,Cameroon,1096,Horses,1992,15000,E,,,,
33,124,Canada,1096,Horses,1992,350000,E,,,,
35,132,Cabo Verde,1096,Horses,1992,370,E,,,,
38,144,Sri Lanka,1096,Horses,1992,1500,E,,,,
39,148,Chad,1096,Horses,1992,205525,A,,,,
40,152,Chile,1096,Horses,1992,331010,A,,,,
41,156,"China, mainland",1096,Horses,1992,10094000,A,,,,
214,158,"China, Taiwan Province of",1096,Horses,1992,750,A,,,,
44,170,Colombia,1096,Horses,1992,2100000,E,,,,
46,178,Congo,1096,Horses,1992,70,E,,,,
250,180,Democratic Republic of the Congo,1096,Horses,1992,,A,,,,
47,184,Cook Islands,1096,Horses,1992,250,A,,,,
48,188,Costa Rica,1096,Horses,1992,114200,E,,,,
49,192,Cuba,1096,Horses,1992,606800,A,,,,
53,204,Benin,1096,Horses,1992,1100,E,,,,
54,208,Denmark,1096,Horses,1992,28000,A,,,,
56,214,Dominican Republic,1096,Horses,1992,320000,E,,,,
58,218,Ecuador,1096,Horses,1992,512000,A,,,,
60,222,El Salvador,1096,Horses,1992,95000,E,,,,
66,242,Fiji,1096,Horses,1992,43000,E,,,,
67,246,Finland,1096,Horses,1992,49100,A,,,,
68,250,France,1096,Horses,1992,339171,A,,,,
70,258,French Polynesia,1096,Horses,1992,2200,E,,,,
75,270,Gambia,1096,Horses,1992,15684,A,,,,
79,276,Germany,1096,Horses,1992,491600,A,,,,
81,288,Ghana,1096,Horses,1992,1648,A,,,,
84,300,Greece,1096,Horses,1992,42098,A,,,,
86,308,Grenada,1096,Horses,1992,27,E,,,,
89,320,Guatemala,1096,Horses,1992,114000,E,,,,
90,324,Guinea,1096,Horses,1992,2200,E,,,,
91,328,Guyana,1096,Horses,1992,2400,E,,,,
93,332,Haiti,1096,Horses,1992,450000,E,,,,
95,340,Honduras,1096,Horses,1992,171500,E,,,,
96,344,"China, Hong Kong SAR",1096,Horses,1992,1271,A,,,,
97,348,Hungary,1096,Horses,1992,74654,A,,,,
99,352,Iceland,1096,Horses,1992,75171,A,,,,
100,356,India,1096,Horses,1992,817000,A,,,,
101,360,Indonesia,1096,Horses,1992,678000,A,,,,
102,364,Iran (Islamic Republic of),1096,Horses,1992,200000,E,,,,
103,368,Iraq,1096,Horses,1992,52000,E,,,,
104,372,Ireland,1096,Horses,1992,65100,A,,,,
105,376,Israel,1096,Horses,1992,4000,E,,,,
106,380,Italy,1096,Horses,1992,316425,A,,,,
109,388,Jamaica,1096,Horses,1992,4000,E,,,,
110,392,Japan,1096,Horses,1992,25800,A,,,,
112,400,Jordan,1096,Horses,1992,4000,E,,,,
114,404,Kenya,1096,Horses,1992,2000,E,,,,
116,408,Democratic People's Republic of Korea,1096,Horses,1992,46000,E,,,,
117,410,Republic of Korea,1096,Horses,1992,5474,A,,,,
118,414,Kuwait,1096,Horses,1992,200,E,,,,
120,418,Lao People's Democratic Republic,1096,Horses,1992,28579,A,,,,
121,422,Lebanon,1096,Horses,1992,9000,E,,,,
122,426,Lesotho,1096,Horses,1992,88589,A,,,,
124,434,Libya,1096,Horses,1992,28000,E,,,,
129,450,Madagascar,1096,Horses,1992,375,E,,,,
130,454,Malawi,1096,Horses,1992,45,E,,,,
131,458,Malaysia,1096,Horses,1992,2695,A,,,,
133,466,Mali,1096,Horses,1992,83486,A,,,,
134,470,Malta,1096,Horses,1992,1000,E,,,,
136,478,Mauritania,1096,Horses,1992,18100,E,,,,
137,480,Mauritius,1096,Horses,1992,150,E,,,,
138,484,Mexico,1096,Horses,1992,6180000,E,,,,
141,496,Mongolia,1096,Horses,1992,2259300,A,,,,
143,504,Morocco,1096,Horses,1992,185622,A,,,,
147,516,Namibia,1096,Horses,1992,54540,A,,,,
150,528,Netherlands (Kingdom of the),1096,Horses,1992,86000,A,,,,
153,540,New Caledonia,1096,Horses,1992,11500,E,,,,
155,548,Vanuatu,1096,Horses,1992,3000,E,,,,
156,554,New Zealand,1096,Horses,1992,87951,A,,,,
157,558,Nicaragua,1096,Horses,1992,250000,E,,,,
158,562,Niger,1096,Horses,1992,201984,A,,,,
159,566,Nigeria,1096,Horses,1992,205000,E,,,,
162,578,Norway,1096,Horses,1992,20600,A,,,,
165,586,Pakistan,1096,Horses,1992,358000,A,,,,
166,591,Panama,1096,Horses,1992,155000,E,,,,
168,598,Papua New Guinea,1096,Horses,1992,1500,E,,,,
169,600,Paraguay,1096,Horses,1992,327300,A,,,,
170,604,Peru,1096,Horses,1992,665000,E,,,,
171,608,Philippines,1096,Horses,1992,210000,E,,,,
173,616,Poland,1096,Horses,1992,899521,A,,,,
174,620,Portugal,1096,Horses,1992,42000,A,,,,
175,624,Guinea-Bissau,1096,Horses,1992,1850,A,,,,
176,626,Timor-Leste,1096,Horses,1992,26523,A,,,,
177,630,Puerto Rico,1096,Horses,1992,23000,E,,,,
179,634,Qatar,1096,Horses,1992,1150,A,,,,
183,642,Romania,1096,Horses,1992,749000,A,,,,
189,662,Saint Lucia,1096,Horses,1992,1000,E,,,,
193,678,Sao Tome and Principe,1096,Horses,1992,230,E,,,,
194,682,Saudi Arabia,1096,Horses,1992,3000,A,,,,
195,686,Senegal,1096,Horses,1992,430500,A,,,,
197,694,Sierra Leone,1096,Horses,1992,270000,E,,,,
237,704,Viet Nam,1096,Horses,1992,133100,A,,,,
201,706,Somalia,1096,Horses,1992,500,E,,,,
202,710,South Africa,1096,Horses,1992,230000,E,,,,
181,716,Zimbabwe,1096,Horses,1992,24000,E,,,,
203,724,Spain,1096,Horses,1992,248000,A,,,,
206,736,Sudan (former),1096,Horses,1992,510000,E,,,,
207,740,Suriname,1096,Horses,1992,330,E,,,,
209,748,Eswatini,1096,Horses,1992,1359,A,,,,
210,752,Sweden,1096,Horses,1992,77600,E,,,,
211,756,Switzerland,1096,Horses,1992,51700,A,,,,
212,760,Syrian Arab Republic,1096,Horses,1992,36747,A,,,,
216,764,Thailand,1096,Horses,1992,18852,A,,,,
217,768,Togo,1096,Horses,1992,1600,E,,,,
219,776,Tonga,1096,Horses,1992,11600,E,,,,
220,780,Trinidad and Tobago,1096,Horses,1992,1000,E,,,,
225,784,United Arab Emirates,1096,Horses,1992,300,E,,,,
222,788,Tunisia,1096,Horses,1992,56000,E,,,,
223,792,Türkiye,1096,Horses,1992,483290,A,,,,
59,818,Egypt,1096,Horses,1992,37000,A,,,,
229,826,United Kingdom of Great Britain and Northern Ireland,1096,Horses,1992,172000,E,,,,
231,840,United States of America,1096,Horses,1992,5121000,E,,,,
233,854,Burkina Faso,1096,Horses,1992,24458,E,,,,
234,858,Uruguay,1096,Horses,1992,475000,E,,,,
236,862,Venezuela (Bolivarian Republic of),1096,Horses,1992,495000,E,,,,
244,882,Samoa,1096,Horses,1992,2800,E,,,,
249,887,Yemen,1096,Horses,1992,3000,E,,,,
182,638,Réunion,1096,Horses,1993,350,E,,,,
15,58,Belgium-Luxembourg,1096,Horses,1993,65000,A,,,,
185,643,Russian Federation,1096,Horses,1993,2556000,A,,,,
186,891,Serbia and Montenegro,1096,Horses,1993,82000,A,,,,
63,233,Estonia,1096,Horses,1993,6616,A,,,,
167,203,Czechia,1096,Horses,1993,18792,A,,,,
235,860,Uzbekistan,1096,Horses,1993,122500,A,,,,
98,191,Croatia,1096,Horses,1993,22136,A,,,,
199,703,Slovakia,1096,Horses,1993,11652,A,,,,
80,70,Bosnia and Herzegovina,1096,Horses,1993,38000,E,,,,
69,254,French Guiana,1096,Horses,1993,250,A,,,,
154,807,North Macedonia,1096,Horses,1993,61748,A,,,,
57,112,Belarus,1096,Horses,1993,214500,A,,,,
126,440,Lithuania,1096,Horses,1993,79700,A,,,,
119,428,Latvia,1096,Horses,1993,28400,A,,,,
213,795,Turkmenistan,1096,Horses,1993,25000,E,,,,
238,231,Ethiopia,1096,Horses,1993,1150000,E,,,,
73,268,Georgia,1096,Horses,1993,19500,A,,,,
198,705,Slovenia,1096,Horses,1993,8898,A,,,,
208,762,Tajikistan,1096,Horses,1993,48600,A,,,,
113,417,Kyrgyzstan,1096,Horses,1993,313000,A,,,,
135,474,Martinique,1096,Horses,1993,2120,E,,,,
1,51,Armenia,1096,Horses,1993,8581,A,,,,
146,498,Republic of Moldova,1096,Horses,1993,51380,A,,,,
230,804,Ukraine,1096,Horses,1993,707100,A,,,,
87,312,Guadeloupe,1096,Horses,1993,950,E,,,,
108,398,Kazakhstan,1096,Horses,1993,1703500,A,,,,
52,31,Azerbaijan,1096,Horses,1993,34800,A,,,,
2,4,Afghanistan,1096,Horses,1993,200000,E,,,,
3,8,Albania,1096,Horses,1993,58200,A,,,,
4,12,Algeria,1096,Horses,1993,72800,A,,,,
7,24,Angola,1096,Horses,1993,900,E,,,,
8,28,Antigua and Barbuda,1096,Horses,1993,520,E,,,,
9,32,Argentina,1096,Horses,1993,3300000,X,,,,
10,36,Australia,1096,Horses,1993,272167,A,,,,
11,40,Austria,1096,Horses,1993,61390,A,,,,
12,44,Bahamas,1096,Horses,1993,,M,,,,
14,52,Barbados,1096,Horses,1993,1000,E,,,,
18,64,Bhutan,1096,Horses,1993,29100,E,,,,
19,68,Bolivia (Plurinational State of),1096,Horses,1993,322000,E,,,,
20,72,Botswana,1096,Horses,1993,31000,A,,,,
21,76,Brazil,1096,Horses,1993,6314130,A,,,,
23,84,Belize,1096,Horses,1993,5000,E,,,,
25,90,Solomon Islands,1096,Horses,1993,100,E,,,,
27,100,Bulgaria,1096,Horses,1993,113708,A,,,,
28,104,Myanmar,1096,Horses,1993,120164,A,,,,
115,116,Cambodia,1096,Horses,1993,20000,E,,,,
32,120,Cameroon,1096,Horses,1993,15000,E,,,,
33,124,Canada,1096,Horses,1993,370000,E,,,,
35,132,Cabo Verde,1096,Horses,1993,390,E,,,,
38,144,Sri Lanka,1096,Horses,1993,1500,E,,,,
39,148,Chad,1096,Horses,1993,209636,A,,,,
40,152,Chile,1096,Horses,1993,334710,A,,,,
41,156,"China, mainland",1096,Horses,1993,10017000,A,,,,
214,158,"China, Taiwan Province of",1096,Horses,1993,777,A,,,,
44,170,Colombia,1096,Horses,1993,2200000,E,,,,
46,178,Congo,1096,Horses,1993,70,E,,,,
250,180,Democratic Republic of the Congo,1096,Horses,1993,,M,,,,
47,184,Cook Islands,1096,Horses,1993,300,A,,,,
48,188,Costa Rica,1096,Horses,1993,114300,E,,,,
49,192,Cuba,1096,Horses,1993,607700,A,,,,
53,204,Benin,1096,Horses,1993,1100,E,,,,
54,208,Denmark,1096,Horses,1993,20000,A,,,,
56,214,Dominican Republic,1096,Horses,1993,329000,E,,,,
58,218,Ecuador,1096,Horses,1993,521000,A,,,,
60,222,El Salvador,1096,Horses,1993,95500,E,,,,
66,242,Fiji,1096,Horses,1993,43300,E,,,,
67,246,Finland,1096,Horses,1993,49000,A,,,,
68,250,France,1096,Horses,1993,347558,A,,,,
70,258,French Polynesia,1096,Horses,1993,2200,E,,,,
75,270,Gambia,1096,Horses,1993,16762,A,,,,
79,276,Germany,1096,Horses,1993,530957,A,,,,
81,288,Ghana,1096,Horses,1993,1622,A,,,,
84,300,Greece,1096,Horses,1993,39880,A,,,,
86,308,Grenada,1096,Horses,1993,28,E,,,,
89,320,Guatemala,1096,Horses,1993,115000,E,,,,
90,324,Guinea,1096,Horses,1993,2300,E,,,,
91,328,Guyana,1096,Horses,1993,2400,E,,,,
93,332,Haiti,1096,Horses,1993,460000,E,,,,
95,340,Honduras,1096,Horses,1993,172000,E,,,,
96,344,"China, Hong Kong SAR",1096,Horses,1993,1440,A,,,,
97,348,Hungary,1096,Horses,1993,73393,A,,,,
99,352,Iceland,1096,Horses,1993,76726,A,,,,
100,356,India,1096,Horses,1993,819000,E,,,,
101,360,Indonesia,1096,Horses,1993,582000,A,,,,
102,364,Iran (Islamic Republic of),1096,Horses,1993,133076,A,,,,
103,368,Iraq,1096,Horses,1993,51000,E,,,,
104,372,Ireland,1096,Horses,1993,66200,A,,,,
105,376,Israel,1096,Horses,1993,4000,E,,,,
106,380,Italy,1096,Horses,1993,315838,A,,,,
109,388,Jamaica,1096,Horses,1993,4000,E,,,,
110,392,Japan,1096,Horses,1993,26700,A,,,,
112,400,Jordan,1096,Horses,1993,4000,E,,,,
114,404,Kenya,1096,Horses,1993,2000,E,,,,
116,408,Democratic People's Republic of Korea,1096,Horses,1993,46400,E,,,,
117,410,Republic of Korea,1096,Horses,1993,5103,A,,,,
118,414,Kuwait,1096,Horses,1993,500,E,,,,
120,418,Lao People's Democratic Republic,1096,Horses,1993,28600,E,,,,
121,422,Lebanon,1096,Horses,1993,8000,E,,,,
122,426,Lesotho,1096,Horses,1993,106505,A,,,,
124,434,Libya,1096,Horses,1993,29000,E,,,,
129,450,Madagascar,1096,Horses,1993,355,E,,,,
130,454,Malawi,1096,Horses,1993,35,E,,,,
131,458,Malaysia,1096,Horses,1993,2772,A,,,,
133,466,Mali,1096,Horses,1993,92047,A,,,,
134,470,Malta,1096,Horses,1993,1000,E,,,,
136,478,Mauritania,1096,Horses,1993,18400,E,,,,
137,480,Mauritius,1096,Horses,1993,150,E,,,,
138,484,Mexico,1096,Horses,1993,6185000,E,,,,
141,496,Mongolia,1096,Horses,1993,2200200,A,,,,
143,504,Morocco,1096,Horses,1993,162300,A,,,,
147,516,Namibia,1096,Horses,1993,57391,A,,,,
150,528,Netherlands (Kingdom of the),1096,Horses,1993,92000,A,,,,
153,540,New Caledonia,1096,Horses,1993,11600,E,,,,
155,548,Vanuatu,1096,Horses,1993,3100,E,,,,
156,554,New Zealand,1096,Horses,1993,87206,A,,,,
157,558,Nicaragua,1096,Horses,1993,248000,E,,,,
158,562,Niger,1096,Horses,1993,204025,A,,,,
159,566,Nigeria,1096,Horses,1993,204000,E,,,,
162,578,Norway,1096,Horses,1993,20915,A,,,,
165,586,Pakistan,1096,Horses,1993,354000,A,,,,
166,591,Panama,1096,Horses,1993,156000,E,,,,
168,598,Papua New Guinea,1096,Horses,1993,1600,E,,,,
169,600,Paraguay,1096,Horses,1993,338818,A,,,,
170,604,Peru,1096,Horses,1993,665000,E,,,,
171,608,Philippines,1096,Horses,1993,210000,E,,,,
173,616,Poland,1096,Horses,1993,841267,A,,,,
174,620,Portugal,1096,Horses,1993,43000,A,,,,
175,624,Guinea-Bissau,1096,Horses,1993,1850,E,,,,
176,626,Timor-Leste,1096,Horses,1993,27053,A,,,,
177,630,Puerto Rico,1096,Horses,1993,23000,E,,,,
179,634,Qatar,1096,Horses,1993,1273,A,,,,
183,642,Romania,1096,Horses,1993,720927,A,,,,
189,662,Saint Lucia,1096,Horses,1993,1000,E,,,,
193,678,Sao Tome and Principe,1096,Horses,1993,230,E,,,,
194,682,Saudi Arabia,1096,Horses,1993,3000,A,,,,
195,686,Senegal,1096,Horses,1993,433000,A,,,,
197,694,Sierra Leone,1096,Horses,1993,280000,E,,,,
237,704,Viet Nam,1096,Horses,1993,132900,A,,,,
201,706,Somalia,1096,Horses,1993,600,E,,,,
202,710,South Africa,1096,Horses,1993,235000,E,,,,
181,716,Zimbabwe,1096,Horses,1993,23000,E,,,,
203,724,Spain,1096,Horses,1993,248000,A,,,,
206,736,Sudan (former),1096,Horses,1993,520000,E,,,,
207,740,Suriname,1096,Horses,1993,340,E,,,,
209,748,Eswatini,1096,Horses,1993,1360,A,,,,
210,752,Sweden,1096,Horses,1993,79300,E,,,,
211,756,Switzerland,1096,Horses,1993,54257,A,,,,
212,760,Syrian Arab Republic,1096,Horses,1993,27000,A,,,,
216,764,Thailand,1096,Horses,1993,18047,A,,,,
217,768,Togo,1096,Horses,1993,1600,E,,,,
219,776,Tonga,1096,Horses,1993,11400,E,,,,
220,780,Trinidad and Tobago,1096,Horses,1993,1000,E,,,,
225,784,United Arab Emirates,1096,Horses,1993,310,E,,,,
222,788,Tunisia,1096,Horses,1993,56200,E,,,,
223,792,Türkiye,1096,Horses,1993,450000,A,,,,
59,818,Egypt,1096,Horses,1993,37000,A,,,,
229,826,United Kingdom of Great Britain and Northern Ireland,1096,Horses,1993,173000,E,,,,
231,840,United States of America,1096,Horses,1993,5130000,E,,,,
233,854,Burkina Faso,1096,Horses,1993,25337,E,,,,
234,858,Uruguay,1096,Horses,1993,480000,E,,,,
236,862,Venezuela (Bolivarian Republic of),1096,Horses,1993,495000,E,,,,
244,882,Samoa,1096,Horses,1993,2700,E,,,,
249,887,Yemen,1096,Horses,1993,3000,E,,,,
57,112,Belarus,1096,Horses,1994,214600,A,,,,
73,268,Georgia,1096,Horses,1994,21400,A,,,,
238,231,Ethiopia,1096,Horses,1994,1150000,E,,,,
63,233,Estonia,1096,Horses,1994,5215,A,,,,
119,428,Latvia,1096,Horses,1994,26200,A,,,,
98,191,Croatia,1096,Horses,1994,21572,A,,,,
185,643,Russian Federation,1096,Horses,1994,2490100,A,,,,
199,703,Slovakia,1096,Horses,1994,11188,A,,,,
230,804,Ukraine,1096,Horses,1994,715700,A,,,,
69,254,French Guiana,1096,Horses,1994,250,E,,,,
167,203,Czechia,1096,Horses,1994,18131,A,,,,
108,398,Kazakhstan,1096,Horses,1994,1776600,A,,,,
182,638,Réunion,1096,Horses,1994,350,E,,,,
113,417,Kyrgyzstan,1096,Horses,1994,322000,A,,,,
154,807,North Macedonia,1096,Horses,1994,61797,A,,,,
135,474,Martinique,1096,Horses,1994,2120,E,,,,
186,891,Serbia and Montenegro,1096,Horses,1994,82000,A,,,,
208,762,Tajikistan,1096,Horses,1994,54900,A,,,,
213,795,Turkmenistan,1096,Horses,1994,25000,E,,,,
1,51,Armenia,1096,Horses,1994,10957,A,,,,
15,58,Belgium-Luxembourg,1096,Horses,1994,66000,A,,,,
80,70,Bosnia and Herzegovina,1096,Horses,1994,40000,E,,,,
87,312,Guadeloupe,1096,Horses,1994,950,E,,,,
126,440,Lithuania,1096,Horses,1994,81300,A,,,,
146,498,Republic of Moldova,1096,Horses,1994,52284,A,,,,
52,31,Azerbaijan,1096,Horses,1994,34800,A,,,,
198,705,Slovenia,1096,Horses,1994,8509,A,,,,
235,860,Uzbekistan,1096,Horses,1994,133800,A,,,,
2,4,Afghanistan,1096,Horses,1994,100000,E,,,,
3,8,Albania,1096,Horses,1994,62000,A,,,,
4,12,Algeria,1096,Horses,1994,66510,A,,,,
7,24,Angola,1096,Horses,1994,950,E,,,,
8,28,Antigua and Barbuda,1096,Horses,1994,520,E,,,,
9,32,Argentina,1096,Horses,1994,3300000,E,,,,
10,36,Australia,1096,Horses,1994,250000,E,,,,
11,40,Austria,1096,Horses,1994,64924,A,,,,
12,44,Bahamas,1096,Horses,1994,,M,,,,
14,52,Barbados,1096,Horses,1994,1000,E,,,,
18,64,Bhutan,1096,Horses,1994,29900,E,,,,
19,68,Bolivia (Plurinational State of),1096,Horses,1994,322000,E,,,,
20,72,Botswana,1096,Horses,1994,31300,A,,,,
21,76,Brazil,1096,Horses,1994,6355725,A,,,,
23,84,Belize,1096,Horses,1994,5000,E,,,,
25,90,Solomon Islands,1096,Horses,1994,100,E,,,,
27,100,Bulgaria,1096,Horses,1994,113180,A,,,,
28,104,Myanmar,1096,Horses,1994,120000,E,,,,
115,116,Cambodia,1096,Horses,1994,21000,E,,,,
32,120,Cameroon,1096,Horses,1994,15000,E,,,,
33,124,Canada,1096,Horses,1994,350000,E,,,,
35,132,Cabo Verde,1096,Horses,1994,410,E,,,,
38,144,Sri Lanka,1096,Horses,1994,1500,E,,,,
39,148,Chad,1096,Horses,1994,213829,A,,,,
40,152,Chile,1096,Horses,1994,348338,A,,,,
41,156,"China, mainland",1096,Horses,1994,9959000,A,,,,
214,158,"China, Taiwan Province of",1096,Horses,1994,788,A,,,,
44,170,Colombia,1096,Horses,1994,2300000,E,,,,
46,178,Congo,1096,Horses,1994,70,E,,,,
250,180,Democratic Republic of the Congo,1096,Horses,1994,,M,,,,
47,184,Cook Islands,1096,Horses,1994,300,A,,,,
48,188,Costa Rica,1096,Horses,1994,114400,E,,,,
49,192,Cuba,1096,Horses,1994,597200,A,,,,
53,204,Benin,1096,Horses,1994,1024,A,,,,
54,208,Denmark,1096,Horses,1994,18000,A,,,,
56,214,Dominican Republic,1096,Horses,1994,329000,E,,,,
58,218,Ecuador,1096,Horses,1994,540000,A,,,,
60,222,El Salvador,1096,Horses,1994,95600,E,,,,
66,242,Fiji,1096,Horses,1994,43500,E,,,,
67,246,Finland,1096,Horses,1994,48300,A,,,,
68,250,France,1096,Horses,1994,351951,A,,,,
70,258,French Polynesia,1096,Horses,1994,2200,E,,,,
75,270,Gambia,1096,Horses,1994,17556,A,,,,
79,276,Germany,1096,Horses,1994,598800,A,,,,
81,288,Ghana,1096,Horses,1994,1912,A,,,,
84,300,Greece,1096,Horses,1994,37999,A,,,,
86,308,Grenada,1096,Horses,1994,29,E,,,,
89,320,Guatemala,1096,Horses,1994,116000,E,,,,
90,324,Guinea,1096,Horses,1994,2400,E,,,,
91,328,Guyana,1096,Horses,1994,2400,E,,,,
93,332,Haiti,1096,Horses,1994,470000,E,,,,
95,340,Honduras,1096,Horses,1994,173000,E,,,,
96,344,"China, Hong Kong SAR",1096,Horses,1994,1455,A,,,,
97,348,Hungary,1096,Horses,1994,71502,A,,,,
99,352,Iceland,1096,Horses,1994,78517,A,,,,
100,356,India,1096,Horses,1994,821000,E,,,,
101,360,Indonesia,1096,Horses,1994,611000,A,,,,
102,364,Iran (Islamic Republic of),1096,Horses,1994,150000,E,,,,
103,368,Iraq,1096,Horses,1994,50630,E,,,,
104,372,Ireland,1096,Horses,1994,67000,A,,,,
105,376,Israel,1096,Horses,1994,4000,E,,,,
106,380,Italy,1096,Horses,1994,323305,A,,,,
109,388,Jamaica,1096,Horses,1994,4000,E,,,,
110,392,Japan,1096,Horses,1994,28000,A,,,,
112,400,Jordan,1096,Horses,1994,4000,E,,,,
114,404,Kenya,1096,Horses,1994,2000,E,,,,
116,408,Democratic People's Republic of Korea,1096,Horses,1994,46700,E,,,,
117,410,Republic of Korea,1096,Horses,1994,5648,A,,,,
118,414,Kuwait,1096,Horses,1994,900,E,,,,
120,418,Lao People's Democratic Republic,1096,Horses,1994,28600,E,,,,
121,422,Lebanon,1096,Horses,1994,6810,X,,,,
122,426,Lesotho,1096,Horses,1994,112930,A,,,,
124,434,Libya,1096,Horses,1994,30000,X,,,,
129,450,Madagascar,1096,Horses,1994,335,E,,,,
130,454,Malawi,1096,Horses,1994,35,E,,,,
131,458,Malaysia,1096,Horses,1994,2864,A,,,,
133,466,Mali,1096,Horses,1994,101252,A,,,,
134,470,Malta,1096,Horses,1994,1000,E,,,,
136,478,Mauritania,1096,Horses,1994,18610,X,,,,
137,480,Mauritius,1096,Horses,1994,150,E,,,,
138,484,Mexico,1096,Horses,1994,6190000,E,,,,
141,496,Mongolia,1096,Horses,1994,2190300,A,,,,
143,504,Morocco,1096,Horses,1994,165100,A,,,,
147,516,Namibia,1096,Horses,1994,58801,A,,,,
150,528,Netherlands (Kingdom of the),1096,Horses,1994,97000,A,,,,
153,540,New Caledonia,1096,Horses,1994,11700,E,,,,
155,548,Vanuatu,1096,Horses,1994,3100,E,,,,
156,554,New Zealand,1096,Horses,1994,67800,A,,,,
157,558,Nicaragua,1096,Horses,1994,247000,E,,,,
158,562,Niger,1096,Horses,1994,206085,A,,,,
159,566,Nigeria,1096,Horses,1994,204000,E,,,,
162,578,Norway,1096,Horses,1994,21752,A,,,,
165,586,Pakistan,1096,Horses,1994,350000,A,,,,
166,591,Panama,1096,Horses,1994,164220,X,,,,
168,598,Papua New Guinea,1096,Horses,1994,1650,E,,,,
169,600,Paraguay,1096,Horses,1994,370387,A,,,,
170,604,Peru,1096,Horses,1994,665000,E,,,,
171,608,Philippines,1096,Horses,1994,220000,E,,,,
173,616,Poland,1096,Horses,1994,622000,A,,,,
174,620,Portugal,1096,Horses,1994,48000,A,,,,
175,624,Guinea-Bissau,1096,Horses,1994,1850,E,,,,
176,626,Timor-Leste,1096,Horses,1994,49694,A,,,,
177,630,Puerto Rico,1096,Horses,1994,23500,E,,,,
179,634,Qatar,1096,Horses,1994,1436,A,,,,
183,642,Romania,1096,Horses,1994,751000,A,,,,
189,662,Saint Lucia,1096,Horses,1994,1000,E,,,,
193,678,Sao Tome and Principe,1096,Horses,1994,230,E,,,,
194,682,Saudi Arabia,1096,Horses,1994,3000,A,,,,
195,686,Senegal,1096,Horses,1994,434000,A,,,,
197,694,Sierra Leone,1096,Horses,1994,330000,E,,,,
237,704,Viet Nam,1096,Horses,1994,131100,A,,,,
201,706,Somalia,1096,Horses,1994,650,E,,,,
202,710,South Africa,1096,Horses,1994,240000,E,,,,
181,716,Zimbabwe,1096,Horses,1994,24000,E,,,,
203,724,Spain,1096,Horses,1994,248000,A,,,,
206,736,Sudan (former),1096,Horses,1994,520000,E,,,,
207,740,Suriname,1096,Horses,1994,350,E,,,,
209,748,Eswatini,1096,Horses,1994,1300,A,,,,
210,752,Sweden,1096,Horses,1994,85628,A,,,,
211,756,Switzerland,1096,Horses,1994,51400,E,,,,
212,760,Syrian Arab Republic,1096,Horses,1994,26948,A,,,,
216,764,Thailand,1096,Horses,1994,14032,A,,,,
217,768,Togo,1096,Horses,1994,1600,E,,,,
219,776,Tonga,1096,Horses,1994,11400,E,,,,
220,780,Trinidad and Tobago,1096,Horses,1994,1000,E,,,,
225,784,United Arab Emirates,1096,Horses,1994,315,E,,,,
222,788,Tunisia,1096,Horses,1994,56200,E,,,,
223,792,Türkiye,1096,Horses,1994,437000,A,,,,
59,818,Egypt,1096,Horses,1994,39000,X,,,,
229,826,United Kingdom of Great Britain and Northern Ireland,1096,Horses,1994,174000,E,,,,
231,840,United States of America,1096,Horses,1994,5110000,E,,,,
233,854,Burkina Faso,1096,Horses,1994,26248,E,,,,
234,858,Uruguay,1096,Horses,1994,480000,E,,,,
236,862,Venezuela (Bolivarian Republic of),1096,Horses,1994,495000,E,,,,
244,882,Samoa,1096,Horses,1994,2600,E,,,,
249,887,Yemen,1096,Horses,1994,3000,E,,,,
186,891,Serbia and Montenegro,1096,Horses,1995,96000,A,,,,
213,795,Turkmenistan,1096,Horses,1995,25000,E,,,,
235,860,Uzbekistan,1096,Horses,1995,144800,A,,,,
1,51,Armenia,1096,Horses,1995,12101,A,,,,
73,268,Georgia,1096,Horses,1995,23800,A,,,,
69,254,French Guiana,1096,Horses,1995,250,E,,,,
238,231,Ethiopia,1096,Horses,1995,1150000,E,,,,
113,417,Kyrgyzstan,1096,Horses,1995,299000,A,,,,
119,428,Latvia,1096,Horses,1995,26800,A,,,,
126,440,Lithuania,1096,Horses,1995,78200,A,,,,
57,112,Belarus,1096,Horses,1995,219600,A,,,,
63,233,Estonia,1096,Horses,1995,5000,A,,,,
208,762,Tajikistan,1096,Horses,1995,57600,A,,,,
108,398,Kazakhstan,1096,Horses,1995,1636000,A,,,,
198,705,Slovenia,1096,Horses,1995,7959,A,,,,
199,703,Slovakia,1096,Horses,1995,10000,A,,,,
80,70,Bosnia and Herzegovina,1096,Horses,1995,41000,E,,,,
98,191,Croatia,1096,Horses,1995,21000,A,,,,
230,804,Ukraine,1096,Horses,1995,736600,A,,,,
15,58,Belgium-Luxembourg,1096,Horses,1995,66000,A,,,,
87,312,Guadeloupe,1096,Horses,1995,950,E,,,,
146,498,Republic of Moldova,1096,Horses,1995,56185,A,,,,
135,474,Martinique,1096,Horses,1995,2100,E,,,,
167,203,Czechia,1096,Horses,1995,18039,A,,,,
182,638,Réunion,1096,Horses,1995,370,X,,,,
52,31,Azerbaijan,1096,Horses,1995,37900,A,,,,
154,807,North Macedonia,1096,Horses,1995,61733,A,,,,
185,643,Russian Federation,1096,Horses,1995,2431100,A,,,,
2,4,Afghanistan,1096,Horses,1995,100000,E,,,,
3,8,Albania,1096,Horses,1995,71000,A,,,,
4,12,Algeria,1096,Horses,1995,62160,A,,,,
7,24,Angola,1096,Horses,1995,1000,E,,,,
8,28,Antigua and Barbuda,1096,Horses,1995,460,E,,,,
9,32,Argentina,1096,Horses,1995,3300000,E,,,,
10,36,Australia,1096,Horses,1995,240000,E,,,,
11,40,Austria,1096,Horses,1995,66748,A,,,,
12,44,Bahamas,1096,Horses,1995,,M,,,,
14,52,Barbados,1096,Horses,1995,1000,E,,,,
18,64,Bhutan,1096,Horses,1995,30230,I,,,,
19,68,Bolivia (Plurinational State of),1096,Horses,1995,322000,E,,,,
20,72,Botswana,1096,Horses,1995,35000,A,,,,
21,76,Brazil,1096,Horses,1995,6394145,A,,,,
23,84,Belize,1096,Horses,1995,5000,E,,,,
25,90,Solomon Islands,1096,Horses,1995,100,E,,,,
27,100,Bulgaria,1096,Horses,1995,133045,A,,,,
28,104,Myanmar,1096,Horses,1995,120000,E,,,,
115,116,Cambodia,1096,Horses,1995,21000,E,,,,
32,120,Cameroon,1096,Horses,1995,15500,E,,,,
33,124,Canada,1096,Horses,1995,380000,E,,,,
35,132,Cabo Verde,1096,Horses,1995,427,A,,,,
38,144,Sri Lanka,1096,Horses,1995,1500,E,,,,
39,148,Chad,1096,Horses,1995,224200,A,,,,
40,152,Chile,1096,Horses,1995,330776,A,,,,
41,156,"China, mainland",1096,Horses,1995,10037300,A,,,,
214,158,"China, Taiwan Province of",1096,Horses,1995,811,A,,,,
44,170,Colombia,1096,Horses,1995,2450452,A,,,,
46,178,Congo,1096,Horses,1995,70,E,,,,
250,180,Democratic Republic of the Congo,1096,Horses,1995,,M,,,,
47,184,Cook Islands,1096,Horses,1995,309,I,,,,
48,188,Costa Rica,1096,Horses,1995,114500,E,,,,
49,192,Cuba,1096,Horses,1995,582900,A,,,,
53,204,Benin,1096,Horses,1995,499,A,,,,
54,208,Denmark,1096,Horses,1995,18000,A,,,,
56,214,Dominican Republic,1096,Horses,1995,329000,E,,,,
58,218,Ecuador,1096,Horses,1995,524000,A,,,,
60,222,El Salvador,1096,Horses,1995,95700,E,,,,
66,242,Fiji,1096,Horses,1995,43500,E,,,,
67,246,Finland,1096,Horses,1995,49900,A,,,,
68,250,France,1096,Horses,1995,362894,A,,,,
70,258,French Polynesia,1096,Horses,1995,2200,E,,,,
75,270,Gambia,1096,Horses,1995,17284,A,,,,
79,276,Germany,1096,Horses,1995,652400,A,,,,
81,288,Ghana,1096,Horses,1995,2200,E,,,,
84,300,Greece,1096,Horses,1995,36126,A,,,,
86,308,Grenada,1096,Horses,1995,30,E,,,,
89,320,Guatemala,1096,Horses,1995,117000,E,,,,
90,324,Guinea,1096,Horses,1995,2500,E,,,,
91,328,Guyana,1096,Horses,1995,2400,E,,,,
93,332,Haiti,1096,Horses,1995,480000,E,,,,
95,340,Honduras,1096,Horses,1995,174000,E,,,,
96,344,"China, Hong Kong SAR",1096,Horses,1995,1500,E,,,,
97,348,Hungary,1096,Horses,1995,78000,A,,,,
99,352,Iceland,1096,Horses,1995,78202,A,,,,
100,356,India,1096,Horses,1995,823000,E,,,,
101,360,Indonesia,1096,Horses,1995,609000,A,,,,
102,364,Iran (Islamic Republic of),1096,Horses,1995,150000,E,,,,
103,368,Iraq,1096,Horses,1995,46650,X,,,,
104,372,Ireland,1096,Horses,1995,68000,A,,,,
105,376,Israel,1096,Horses,1995,4000,E,,,,
106,380,Italy,1096,Horses,1995,323900,A,,,,
109,388,Jamaica,1096,Horses,1995,4000,E,,,,
110,392,Japan,1096,Horses,1995,29000,E,,,,
112,400,Jordan,1096,Horses,1995,4000,E,,,,
114,404,Kenya,1096,Horses,1995,2000,E,,,,
116,408,Democratic People's Republic of Korea,1096,Horses,1995,45000,E,,,,
117,410,Republic of Korea,1096,Horses,1995,6215,A,,,,
118,414,Kuwait,1096,Horses,1995,1000,E,,,,
120,418,Lao People's Democratic Republic,1096,Horses,1995,28600,E,,,,
121,422,Lebanon,1096,Horses,1995,5280,X,,,,
122,426,Lesotho,1096,Horses,1995,100300,A,,,,
124,434,Libya,1096,Horses,1995,35000,X,,,,
129,450,Madagascar,1096,Horses,1995,380,E,,,,
130,454,Malawi,1096,Horses,1995,37,A,,,,
131,458,Malaysia,1096,Horses,1995,2621,A,,,,
133,466,Mali,1096,Horses,1995,111999,A,,,,
134,470,Malta,1096,Horses,1995,1000,E,,,,
136,478,Mauritania,1096,Horses,1995,19050,X,,,,
137,480,Mauritius,1096,Horses,1995,150,E,,,,
138,484,Mexico,1096,Horses,1995,6200000,E,,,,
141,496,Mongolia,1096,Horses,1995,2408900,A,,,,
143,504,Morocco,1096,Horses,1995,161600,A,,,,
147,516,Namibia,1096,Horses,1995,57886,A,,,,
150,528,Netherlands (Kingdom of the),1096,Horses,1995,100004,A,,,,
153,540,New Caledonia,1096,Horses,1995,11800,E,,,,
155,548,Vanuatu,1096,Horses,1995,3100,E,,,,
156,554,New Zealand,1096,Horses,1995,68600,A,,,,
157,558,Nicaragua,1096,Horses,1995,246000,E,,,,
158,562,Niger,1096,Horses,1995,208167,A,,,,
159,566,Nigeria,1096,Horses,1995,204000,E,,,,
162,578,Norway,1096,Horses,1995,22353,A,,,,
165,586,Pakistan,1096,Horses,1995,346000,A,,,,
166,591,Panama,1096,Horses,1995,165000,E,,,,
168,598,Papua New Guinea,1096,Horses,1995,1650,E,,,,
169,600,Paraguay,1096,Horses,1995,368600,E,,,,
170,604,Peru,1096,Horses,1995,665000,E,,,,
171,608,Philippines,1096,Horses,1995,220000,E,,,,
173,616,Poland,1096,Horses,1995,636000,A,,,,
174,620,Portugal,1096,Horses,1995,52000,A,,,,
175,624,Guinea-Bissau,1096,Horses,1995,1850,E,,,,
176,626,Timor-Leste,1096,Horses,1995,31061,A,,,,
177,630,Puerto Rico,1096,Horses,1995,23500,E,,,,
179,634,Qatar,1096,Horses,1995,1436,A,,,,
183,642,Romania,1096,Horses,1995,784000,A,,,,
189,662,Saint Lucia,1096,Horses,1995,1000,E,,,,
193,678,Sao Tome and Principe,1096,Horses,1995,240,E,,,,
194,682,Saudi Arabia,1096,Horses,1995,3000,A,,,,
195,686,Senegal,1096,Horses,1995,434000,A,,,,
197,694,Sierra Leone,1096,Horses,1995,350000,E,,,,
237,704,Viet Nam,1096,Horses,1995,126800,A,,,,
201,706,Somalia,1096,Horses,1995,700,E,,,,
202,710,South Africa,1096,Horses,1995,245000,E,,,,
181,716,Zimbabwe,1096,Horses,1995,24500,E,,,,
203,724,Spain,1096,Horses,1995,248000,A,,,,
206,736,Sudan (former),1096,Horses,1995,530000,E,,,,
207,740,Suriname,1096,Horses,1995,360,E,,,,
209,748,Eswatini,1096,Horses,1995,1320,E,,,,
210,752,Sweden,1096,Horses,1995,84548,A,,,,
211,756,Switzerland,1096,Horses,1995,45800,E,,,,
212,760,Syrian Arab Republic,1096,Horses,1995,27000,A,,,,
216,764,Thailand,1096,Horses,1995,16875,A,,,,
217,768,Togo,1096,Horses,1995,1600,E,,,,
219,776,Tonga,1096,Horses,1995,11400,E,,,,
220,780,Trinidad and Tobago,1096,Horses,1995,1000,E,,,,
225,784,United Arab Emirates,1096,Horses,1995,315,E,,,,
222,788,Tunisia,1096,Horses,1995,56200,E,,,,
223,792,Türkiye,1096,Horses,1995,415000,A,,,,
59,818,Egypt,1096,Horses,1995,42000,X,,,,
229,826,United Kingdom of Great Britain and Northern Ireland,1096,Horses,1995,175000,E,,,,
231,840,United States of America,1096,Horses,1995,5130000,E,,,,
233,854,Burkina Faso,1096,Horses,1995,27191,E,,,,
234,858,Uruguay,1096,Horses,1995,470000,E,,,,
236,862,Venezuela (Bolivarian Republic of),1096,Horses,1995,500000,E,,,,
244,882,Samoa,1096,Horses,1995,2500,E,,,,
249,887,Yemen,1096,Horses,1995,3000,E,,,,
69,254,French Guiana,1096,Horses,1996,250,E,,,,
126,440,Lithuania,1096,Horses,1996,77600,A,,,,
154,807,North Macedonia,1096,Horses,1996,66479,A,,,,
63,233,Estonia,1096,Horses,1996,4600,A,,,,
198,705,Slovenia,1096,Horses,1996,7994,A,,,,
208,762,Tajikistan,1096,Horses,1996,61000,A,,,,
57,112,Belarus,1096,Horses,1996,228600,A,,,,
185,643,Russian Federation,1096,Horses,1996,2363000,A,,,,
199,703,Slovakia,1096,Horses,1996,10109,A,,,,
235,860,Uzbekistan,1096,Horses,1996,150000,A,,,,
213,795,Turkmenistan,1096,Horses,1996,25000,E,,,,
108,398,Kazakhstan,1096,Horses,1996,1556900,A,,,,
135,474,Martinique,1096,Horses,1996,2100,E,,,,
186,891,Serbia and Montenegro,1096,Horses,1996,93000,A,,,,
119,428,Latvia,1096,Horses,1996,27200,A,,,,
1,51,Armenia,1096,Horses,1996,12449,A,,,,
113,417,Kyrgyzstan,1096,Horses,1996,308100,A,,,,
182,638,Réunion,1096,Horses,1996,390,E,,,,
73,268,Georgia,1096,Horses,1996,26300,A,,,,
15,58,Belgium-Luxembourg,1096,Horses,1996,66000,A,,,,
52,31,Azerbaijan,1096,Horses,1996,43100,A,,,,
80,70,Bosnia and Herzegovina,1096,Horses,1996,42000,E,,,,
167,203,Czechia,1096,Horses,1996,19175,A,,,,
87,312,Guadeloupe,1096,Horses,1996,950,E,,,,
98,191,Croatia,1096,Horses,1996,21000,A,,,,
146,498,Republic of Moldova,1096,Horses,1996,57000,A,,,,
238,231,Ethiopia,1096,Horses,1996,1200000,E,,,,
230,804,Ukraine,1096,Horses,1996,755900,A,,,,
2,4,Afghanistan,1096,Horses,1996,100000,E,,,,
3,8,Albania,1096,Horses,1996,74000,A,,,,
4,12,Algeria,1096,Horses,1996,60000,A,,,,
7,24,Angola,1096,Horses,1996,1100,E,,,,
8,28,Antigua and Barbuda,1096,Horses,1996,460,E,,,,
9,32,Argentina,1096,Horses,1996,3300000,E,,,,
10,36,Australia,1096,Horses,1996,230000,E,,,,
11,40,Austria,1096,Horses,1996,72491,A,,,,
12,44,Bahamas,1096,Horses,1996,,M,,,,
14,52,Barbados,1096,Horses,1996,1000,E,,,,
18,64,Bhutan,1096,Horses,1996,30794,I,,,,
19,68,Bolivia (Plurinational State of),1096,Horses,1996,322000,E,,,,
20,72,Botswana,1096,Horses,1996,30000,E,,,,
21,76,Brazil,1096,Horses,1996,5705096,A,,,,
23,84,Belize,1096,Horses,1996,5000,E,,,,
25,90,Solomon Islands,1096,Horses,1996,100,E,,,,
27,100,Bulgaria,1096,Horses,1996,150521,A,,,,
28,104,Myanmar,1096,Horses,1996,120000,E,,,,
115,116,Cambodia,1096,Horses,1996,22000,E,,,,
32,120,Cameroon,1096,Horses,1996,15500,E,,,,
33,124,Canada,1096,Horses,1996,376000,E,,,,
35,132,Cabo Verde,1096,Horses,1996,450,E,,,,
38,144,Sri Lanka,1096,Horses,1996,1500,E,,,,
39,148,Chad,1096,Horses,1996,200147,A,,,,
40,152,Chile,1096,Horses,1996,345141,A,,,,
41,156,"China, mainland",1096,Horses,1996,10072000,A,,,,
214,158,"China, Taiwan Province of",1096,Horses,1996,690,A,,,,
44,170,Colombia,1096,Horses,1996,2450000,E,,,,
46,178,Congo,1096,Horses,1996,70,E,,,,
250,180,Democratic Republic of the Congo,1096,Horses,1996,,M,,,,
47,184,Cook Islands,1096,Horses,1996,309,I,,,,
48,188,Costa Rica,1096,Horses,1996,114500,E,,,,
49,192,Cuba,1096,Horses,1996,567600,A,,,,
53,204,Benin,1096,Horses,1996,500,A,,,,
54,208,Denmark,1096,Horses,1996,20000,A,,,,
56,214,Dominican Republic,1096,Horses,1996,329000,E,,,,
58,218,Ecuador,1096,Horses,1996,520000,E,,,,
60,222,El Salvador,1096,Horses,1996,95700,E,,,,
66,242,Fiji,1096,Horses,1996,43500,E,,,,
67,246,Finland,1096,Horses,1996,52000,A,,,,
68,250,France,1096,Horses,1996,371526,A,,,,
70,258,French Polynesia,1096,Horses,1996,2200,E,,,,
75,270,Gambia,1096,Horses,1996,12838,A,,,,
79,276,Germany,1096,Horses,1996,652000,A,,,,
81,288,Ghana,1096,Horses,1996,2768,A,,,,
84,300,Greece,1096,Horses,1996,34509,A,,,,
86,308,Grenada,1096,Horses,1996,30,E,,,,
89,320,Guatemala,1096,Horses,1996,118000,E,,,,
90,324,Guinea,1096,Horses,1996,2600,E,,,,
91,328,Guyana,1096,Horses,1996,2400,E,,,,
93,332,Haiti,1096,Horses,1996,490000,E,,,,
95,340,Honduras,1096,Horses,1996,175000,E,,,,
96,344,"China, Hong Kong SAR",1096,Horses,1996,1500,E,,,,
97,348,Hungary,1096,Horses,1996,71000,A,,,,
99,352,Iceland,1096,Horses,1996,80518,A,,,,
100,356,India,1096,Horses,1996,825000,E,,,,
101,360,Indonesia,1096,Horses,1996,579314,A,,,,
102,364,Iran (Islamic Republic of),1096,Horses,1996,150000,E,,,,
103,368,Iraq,1096,Horses,1996,45780,E,,,,
104,372,Ireland,1096,Horses,1996,69900,A,,,,
105,376,Israel,1096,Horses,1996,4000,E,,,,
106,380,Italy,1096,Horses,1996,315000,A,,,,
109,388,Jamaica,1096,Horses,1996,4000,E,,,,
110,392,Japan,1096,Horses,1996,26000,E,,,,
112,400,Jordan,1096,Horses,1996,4000,E,,,,
114,404,Kenya,1096,Horses,1996,2000,E,,,,
116,408,Democratic People's Republic of Korea,1096,Horses,1996,40000,E,,,,
117,410,Republic of Korea,1096,Horses,1996,6693,A,,,,
118,414,Kuwait,1096,Horses,1996,1050,E,,,,
120,418,Lao People's Democratic Republic,1096,Horses,1996,26000,E,,,,
121,422,Lebanon,1096,Horses,1996,4919,A,,,,
122,426,Lesotho,1096,Horses,1996,98100,A,,,,
124,434,Libya,1096,Horses,1996,40000,X,,,,
129,450,Madagascar,1096,Horses,1996,400,E,,,,
130,454,Malawi,1096,Horses,1996,40,E,,,,
131,458,Malaysia,1096,Horses,1996,3346,A,,,,
133,466,Mali,1096,Horses,1996,123120,A,,,,
134,470,Malta,1096,Horses,1996,1000,E,,,,
136,478,Mauritania,1096,Horses,1996,19360,X,,,,
137,480,Mauritius,1096,Horses,1996,150,E,,,,
138,484,Mexico,1096,Horses,1996,6250000,E,,,,
141,496,Mongolia,1096,Horses,1996,2648400,A,,,,
143,504,Morocco,1096,Horses,1996,155700,A,,,,
147,516,Namibia,1096,Horses,1996,56988,A,,,,
150,528,Netherlands (Kingdom of the),1096,Horses,1996,106705,A,,,,
153,540,New Caledonia,1096,Horses,1996,11585,I,,,,
155,548,Vanuatu,1096,Horses,1996,3100,E,,,,
156,554,New Zealand,1096,Horses,1996,67700,A,,,,
157,558,Nicaragua,1096,Horses,1996,245000,E,,,,
158,562,Niger,1096,Horses,1996,210270,A,,,,
159,566,Nigeria,1096,Horses,1996,204000,E,,,,
162,578,Norway,1096,Horses,1996,22736,A,,,,
165,586,Pakistan,1096,Horses,1996,334000,A,,,,
166,591,Panama,1096,Horses,1996,165000,E,,,,
168,598,Papua New Guinea,1096,Horses,1996,1600,E,,,,
169,600,Paraguay,1096,Horses,1996,366800,E,,,,
170,604,Peru,1096,Horses,1996,665000,E,,,,
171,608,Philippines,1096,Horses,1996,220000,E,,,,
173,616,Poland,1096,Horses,1996,569000,A,,,,
174,620,Portugal,1096,Horses,1996,55000,A,,,,
175,624,Guinea-Bissau,1096,Horses,1996,1850,E,,,,
176,626,Timor-Leste,1096,Horses,1996,31915,A,,,,
177,630,Puerto Rico,1096,Horses,1996,23500,E,,,,
179,634,Qatar,1096,Horses,1996,1451,A,,,,
183,642,Romania,1096,Horses,1996,806000,A,,,,
189,662,Saint Lucia,1096,Horses,1996,1000,E,,,,
193,678,Sao Tome and Principe,1096,Horses,1996,240,E,,,,
194,682,Saudi Arabia,1096,Horses,1996,3000,A,,,,
195,686,Senegal,1096,Horses,1996,436000,A,,,,
197,694,Sierra Leone,1096,Horses,1996,350000,E,,,,
237,704,Viet Nam,1096,Horses,1996,125799,A,,,,
201,706,Somalia,1096,Horses,1996,750,E,,,,
202,710,South Africa,1096,Horses,1996,250000,E,,,,
181,716,Zimbabwe,1096,Horses,1996,25000,E,,,,
203,724,Spain,1096,Horses,1996,248000,A,,,,
206,736,Sudan (former),1096,Horses,1996,530000,E,,,,
207,740,Suriname,1096,Horses,1996,360,E,,,,
209,748,Eswatini,1096,Horses,1996,1350,E,,,,
210,752,Sweden,1096,Horses,1996,85000,E,,,,
211,756,Switzerland,1096,Horses,1996,43021,A,,,,
212,760,Syrian Arab Republic,1096,Horses,1996,28203,A,,,,
216,764,Thailand,1096,Horses,1996,12003,A,,,,
217,768,Togo,1096,Horses,1996,1600,E,,,,
219,776,Tonga,1096,Horses,1996,11400,E,,,,
220,780,Trinidad and Tobago,1096,Horses,1996,1000,E,,,,
225,784,United Arab Emirates,1096,Horses,1996,318,E,,,,
222,788,Tunisia,1096,Horses,1996,56200,E,,,,
223,792,Türkiye,1096,Horses,1996,391000,A,,,,
59,818,Egypt,1096,Horses,1996,42000,A,,,,
229,826,United Kingdom of Great Britain and Northern Ireland,1096,Horses,1996,176000,E,,,,
231,840,United States of America,1096,Horses,1996,5150000,E,,,,
233,854,Burkina Faso,1096,Horses,1996,28169,E,,,,
234,858,Uruguay,1096,Horses,1996,480000,E,,,,
236,862,Venezuela (Bolivarian Republic of),1096,Horses,1996,500000,E,,,,
244,882,Samoa,1096,Horses,1996,2400,E,,,,
249,887,Yemen,1096,Horses,1996,3000,E,,,,
87,312,Guadeloupe,1096,Horses,1997,950,E,,,,
182,638,Réunion,1096,Horses,1997,400,E,,,,
198,705,Slovenia,1096,Horses,1997,8450,A,,,,
1,51,Armenia,1096,Horses,1997,13170,A,,,,
186,891,Serbia and Montenegro,1096,Horses,1997,90000,A,,,,
52,31,Azerbaijan,1096,Horses,1997,48600,A,,,,
213,795,Turkmenistan,1096,Horses,1997,25000,E,,,,
108,398,Kazakhstan,1096,Horses,1997,1310000,A,,,,
69,254,French Guiana,1096,Horses,1997,250,E,,,,
119,428,Latvia,1096,Horses,1997,25800,A,,,,
126,440,Lithuania,1096,Horses,1997,81400,A,,,,
167,203,Czechia,1096,Horses,1997,19059,A,,,,
235,860,Uzbekistan,1096,Horses,1997,147400,A,,,,
63,233,Estonia,1096,Horses,1997,4200,A,,,,
98,191,Croatia,1096,Horses,1997,19000,A,,,,
230,804,Ukraine,1096,Horses,1997,753500,A,,,,
113,417,Kyrgyzstan,1096,Horses,1997,314100,A,,,,
199,703,Slovakia,1096,Horses,1997,9722,A,,,,
73,268,Georgia,1096,Horses,1997,27800,A,,,,
15,58,Belgium-Luxembourg,1096,Horses,1997,67000,A,,,,
80,70,Bosnia and Herzegovina,1096,Horses,1997,44000,E,,,,
185,643,Russian Federation,1096,Horses,1997,2197200,A,,,,
208,762,Tajikistan,1096,Horses,1997,63900,A,,,,
135,474,Martinique,1096,Horses,1997,2000,E,,,,
57,112,Belarus,1096,Horses,1997,231500,A,,,,
238,231,Ethiopia,1096,Horses,1997,1220000,E,,,,
146,498,Republic of Moldova,1096,Horses,1997,58679,A,,,,
154,807,North Macedonia,1096,Horses,1997,65869,A,,,,
2,4,Afghanistan,1096,Horses,1997,100000,A,,,,
3,8,Albania,1096,Horses,1997,70000,A,,,,
4,12,Algeria,1096,Horses,1997,52370,A,,,,
7,24,Angola,1096,Horses,1997,1150,E,,,,
8,28,Antigua and Barbuda,1096,Horses,1997,460,E,,,,
9,32,Argentina,1096,Horses,1997,3300000,E,,,,
10,36,Australia,1096,Horses,1997,230000,E,,,,
11,40,Austria,1096,Horses,1997,73234,A,,,,
12,44,Bahamas,1096,Horses,1997,,M,,,,
14,52,Barbados,1096,Horses,1997,1000,E,,,,
18,64,Bhutan,1096,Horses,1997,32062,E,,,,
19,68,Bolivia (Plurinational State of),1096,Horses,1997,322000,E,,,,
20,72,Botswana,1096,Horses,1997,32500,E,,,,
21,76,Brazil,1096,Horses,1997,5831533,A,,,,
23,84,Belize,1096,Horses,1997,5000,E,,,,
25,90,Solomon Islands,1096,Horses,1997,100,E,,,,
27,100,Bulgaria,1096,Horses,1997,170469,A,,,,
28,104,Myanmar,1096,Horses,1997,120000,E,,,,
115,116,Cambodia,1096,Horses,1997,22000,E,,,,
32,120,Cameroon,1096,Horses,1997,16000,E,,,,
33,124,Canada,1096,Horses,1997,400000,E,,,,
35,132,Cabo Verde,1096,Horses,1997,470,E,,,,
38,144,Sri Lanka,1096,Horses,1997,1500,E,,,,
39,148,Chad,1096,Horses,1997,190414,A,,,,
40,152,Chile,1096,Horses,1997,439058,A,,,,
41,156,"China, mainland",1096,Horses,1997,8715000,A,,,,
214,158,"China, Taiwan Province of",1096,Horses,1997,626,A,,,,
44,170,Colombia,1096,Horses,1997,2450000,E,,,,
46,178,Congo,1096,Horses,1997,65,E,,,,
250,180,Democratic Republic of the Congo,1096,Horses,1997,,M,,,,
47,184,Cook Islands,1096,Horses,1997,308,I,,,,
48,188,Costa Rica,1096,Horses,1997,114500,E,,,,
49,192,Cuba,1096,Horses,1997,525300,A,,,,
53,204,Benin,1096,Horses,1997,500,E,,,,
54,208,Denmark,1096,Horses,1997,39000,A,,,,
56,214,Dominican Republic,1096,Horses,1997,329000,E,,,,
58,218,Ecuador,1096,Horses,1997,520000,E,,,,
60,222,El Salvador,1096,Horses,1997,95800,E,,,,
66,242,Fiji,1096,Horses,1997,43500,E,,,,
67,246,Finland,1096,Horses,1997,54600,A,,,,
68,250,France,1096,Horses,1997,383479,A,,,,
70,258,French Polynesia,1096,Horses,1997,2200,E,,,,
75,270,Gambia,1096,Horses,1997,16422,A,,,,
79,276,Germany,1096,Horses,1997,670000,A,,,,
81,288,Ghana,1096,Horses,1997,2800,E,,,,
84,300,Greece,1096,Horses,1997,32967,A,,,,
86,308,Grenada,1096,Horses,1997,30,E,,,,
89,320,Guatemala,1096,Horses,1997,118000,E,,,,
90,324,Guinea,1096,Horses,1997,2700,E,,,,
91,328,Guyana,1096,Horses,1997,2400,E,,,,
93,332,Haiti,1096,Horses,1997,490000,E,,,,
95,340,Honduras,1096,Horses,1997,176000,E,,,,
96,344,"China, Hong Kong SAR",1096,Horses,1997,1500,E,,,,
97,348,Hungary,1096,Horses,1997,78900,A,,,,
99,352,Iceland,1096,Horses,1997,79804,A,,,,
100,356,India,1096,Horses,1997,827000,A,,,,
101,360,Indonesia,1096,Horses,1997,582284,A,,,,
102,364,Iran (Islamic Republic of),1096,Horses,1997,150000,E,,,,
103,368,Iraq,1096,Horses,1997,47000,E,,,,
104,372,Ireland,1096,Horses,1997,71900,A,,,,
105,376,Israel,1096,Horses,1997,4000,E,,,,
106,380,Italy,1096,Horses,1997,305000,E,,,,
109,388,Jamaica,1096,Horses,1997,4000,E,,,,
110,392,Japan,1096,Horses,1997,27000,A,,,,
112,400,Jordan,1096,Horses,1997,4000,E,,,,
114,404,Kenya,1096,Horses,1997,2000,E,,,,
116,408,Democratic People's Republic of Korea,1096,Horses,1997,40000,E,,,,
117,410,Republic of Korea,1096,Horses,1997,7652,A,,,,
118,414,Kuwait,1096,Horses,1997,1100,E,,,,
120,418,Lao People's Democratic Republic,1096,Horses,1997,26000,E,,,,
121,422,Lebanon,1096,Horses,1997,5000,E,,,,
122,426,Lesotho,1096,Horses,1997,86980,A,,,,
124,434,Libya,1096,Horses,1997,40000,E,,,,
129,450,Madagascar,1096,Horses,1997,420,E,,,,
130,454,Malawi,1096,Horses,1997,42,E,,,,
131,458,Malaysia,1096,Horses,1997,3649,A,,,,
133,466,Mali,1096,Horses,1997,135700,A,,,,
134,470,Malta,1096,Horses,1997,1000,E,,,,
136,478,Mauritania,1096,Horses,1997,24860,E,,,,
137,480,Mauritius,1096,Horses,1997,150,E,,,,
138,484,Mexico,1096,Horses,1997,6250000,E,,,,
141,496,Mongolia,1096,Horses,1997,2770500,A,,,,
143,504,Morocco,1096,Horses,1997,145100,A,,,,
147,516,Namibia,1096,Horses,1997,57099,A,,,,
150,528,Netherlands (Kingdom of the),1096,Horses,1997,112336,A,,,,
153,540,New Caledonia,1096,Horses,1997,11800,E,,,,
155,548,Vanuatu,1096,Horses,1997,3100,E,,,,
156,554,New Zealand,1096,Horses,1997,75000,E,,,,
157,558,Nicaragua,1096,Horses,1997,245000,E,,,,
158,562,Niger,1096,Horses,1997,212394,A,,,,
159,566,Nigeria,1096,Horses,1997,204000,E,,,,
162,578,Norway,1096,Horses,1997,23737,A,,,,
165,586,Pakistan,1096,Horses,1997,331000,A,,,,
166,591,Panama,1096,Horses,1997,165000,E,,,,
168,598,Papua New Guinea,1096,Horses,1997,1700,E,,,,
169,600,Paraguay,1096,Horses,1997,365100,E,,,,
170,604,Peru,1096,Horses,1997,665000,E,,,,
171,608,Philippines,1096,Horses,1997,230000,E,,,,
173,616,Poland,1096,Horses,1997,558000,A,,,,
174,620,Portugal,1096,Horses,1997,57000,A,,,,
175,624,Guinea-Bissau,1096,Horses,1997,1850,E,,,,
176,626,Timor-Leste,1096,Horses,1997,32713,A,,,,
177,630,Puerto Rico,1096,Horses,1997,24000,E,,,,
179,634,Qatar,1096,Horses,1997,3608,A,,,,
183,642,Romania,1096,Horses,1997,816000,A,,,,
189,662,Saint Lucia,1096,Horses,1997,1000,E,,,,
193,678,Sao Tome and Principe,1096,Horses,1997,240,E,,,,
194,682,Saudi Arabia,1096,Horses,1997,3000,A,,,,
195,686,Senegal,1096,Horses,1997,444000,A,,,,
197,694,Sierra Leone,1096,Horses,1997,360000,E,,,,
237,704,Viet Nam,1096,Horses,1997,119801,A,,,,
201,706,Somalia,1096,Horses,1997,800,E,,,,
202,710,South Africa,1096,Horses,1997,255000,E,,,,
181,716,Zimbabwe,1096,Horses,1997,24500,E,,,,
203,724,Spain,1096,Horses,1997,248000,A,,,,
206,736,Sudan (former),1096,Horses,1997,540000,E,,,,
207,740,Suriname,1096,Horses,1997,360,E,,,,
209,748,Eswatini,1096,Horses,1997,1370,E,,,,
210,752,Sweden,1096,Horses,1997,87477,A,,,,
211,756,Switzerland,1096,Horses,1997,45799,A,,,,
212,760,Syrian Arab Republic,1096,Horses,1997,27488,A,,,,
216,764,Thailand,1096,Horses,1997,14672,A,,,,
217,768,Togo,1096,Horses,1997,1600,E,,,,
219,776,Tonga,1096,Horses,1997,11400,E,,,,
220,780,Trinidad and Tobago,1096,Horses,1997,1000,E,,,,
225,784,United Arab Emirates,1096,Horses,1997,320,E,,,,
222,788,Tunisia,1096,Horses,1997,56200,E,,,,
223,792,Türkiye,1096,Horses,1997,345000,A,,,,
59,818,Egypt,1096,Horses,1997,42000,A,,,,
229,826,United Kingdom of Great Britain and Northern Ireland,1096,Horses,1997,177000,E,,,,
231,840,United States of America,1096,Horses,1997,5170000,X,,,,
233,854,Burkina Faso,1096,Horses,1997,29181,E,,,,
234,858,Uruguay,1096,Horses,1997,500000,E,,,,
236,862,Venezuela (Bolivarian Republic of),1096,Horses,1997,500000,E,,,,
244,882,Samoa,1096,Horses,1997,2300,E,,,,
249,887,Yemen,1096,Horses,1997,3000,E,,,,
119,428,Latvia,1096,Horses,1998,23300,A,,,,
52,31,Azerbaijan,1096,Horses,1998,53000,A,,,,
238,231,Ethiopia,1096,Horses,1998,1230730,A,,,,
126,440,Lithuania,1096,Horses,1998,78500,A,,,,
154,807,North Macedonia,1096,Horses,1998,59847,A,,,,
73,268,Georgia,1096,Horses,1998,30300,A,,,,
135,474,Martinique,1096,Horses,1998,2000,E,,,,
80,70,Bosnia and Herzegovina,1096,Horses,1998,45000,E,,,,
182,638,Réunion,1096,Horses,1998,420,E,,,,
15,58,Belgium-Luxembourg,1096,Horses,1998,62000,E,,,,
98,191,Croatia,1096,Horses,1998,16000,A,,,,
213,795,Turkmenistan,1096,Horses,1998,25000,E,,,,
113,417,Kyrgyzstan,1096,Horses,1998,325400,A,,,,
57,112,Belarus,1096,Horses,1998,233200,A,,,,
167,203,Czechia,1096,Horses,1998,20718,A,,,,
87,312,Guadeloupe,1096,Horses,1998,950,E,,,,
186,891,Serbia and Montenegro,1096,Horses,1998,86000,A,,,,
108,398,Kazakhstan,1096,Horses,1998,1082700,A,,,,
1,51,Armenia,1096,Horses,1998,12742,A,,,,
63,233,Estonia,1096,Horses,1998,4200,A,,,,
69,254,French Guiana,1096,Horses,1998,250,E,,,,
198,705,Slovenia,1096,Horses,1998,9898,A,,,,
146,498,Republic of Moldova,1096,Horses,1998,60692,A,,,,
199,703,Slovakia,1096,Horses,1998,9533,A,,,,
208,762,Tajikistan,1096,Horses,1998,65800,A,,,,
230,804,Ukraine,1096,Horses,1998,736900,A,,,,
185,643,Russian Federation,1096,Horses,1998,2013400,A,,,,
235,860,Uzbekistan,1096,Horses,1998,148800,A,,,,
2,4,Afghanistan,1096,Horses,1998,100000,A,,,,
3,8,Albania,1096,Horses,1998,61000,A,,,,
4,12,Algeria,1096,Horses,1998,45990,A,,,,
7,24,Angola,1096,Horses,1998,1100,E,,,,
8,28,Antigua and Barbuda,1096,Horses,1998,460,E,,,,
9,32,Argentina,1096,Horses,1998,3300000,E,,,,
10,36,Australia,1096,Horses,1998,220000,E,,,,
11,40,Austria,1096,Horses,1998,74170,A,,,,
12,44,Bahamas,1096,Horses,1998,,M,,,,
14,52,Barbados,1096,Horses,1998,1000,E,,,,
18,64,Bhutan,1096,Horses,1998,32000,E,,,,
19,68,Bolivia (Plurinational State of),1096,Horses,1998,322000,E,,,,
20,72,Botswana,1096,Horses,1998,32000,E,,,,
21,76,Brazil,1096,Horses,1998,5866780,A,,,,
23,84,Belize,1096,Horses,1998,5000,E,,,,
25,90,Solomon Islands,1096,Horses,1998,100,E,,,,
27,100,Bulgaria,1096,Horses,1998,126204,A,,,,
28,104,Myanmar,1096,Horses,1998,120000,E,,,,
115,116,Cambodia,1096,Horses,1998,23000,E,,,,
32,120,Cameroon,1096,Horses,1998,16000,E,,,,
33,124,Canada,1096,Horses,1998,380000,E,,,,
35,132,Cabo Verde,1096,Horses,1998,480,E,,,,
38,144,Sri Lanka,1096,Horses,1998,1500,E,,,,
39,148,Chad,1096,Horses,1998,208240,A,,,,
40,152,Chile,1096,Horses,1998,445000,E,,,,
41,156,"China, mainland",1096,Horses,1998,8912000,A,,,,
214,158,"China, Taiwan Province of",1096,Horses,1998,675,A,,,,
44,170,Colombia,1096,Horses,1998,2450000,E,,,,
46,178,Congo,1096,Horses,1998,60,E,,,,
250,180,Democratic Republic of the Congo,1096,Horses,1998,,M,,,,
47,184,Cook Islands,1096,Horses,1998,307,I,,,,
48,188,Costa Rica,1096,Horses,1998,114500,E,,,,
49,192,Cuba,1096,Horses,1998,433600,A,,,,
53,204,Benin,1096,Horses,1998,500,E,,,,
54,208,Denmark,1096,Horses,1998,38200,A,,,,
56,214,Dominican Republic,1096,Horses,1998,330000,E,,,,
58,218,Ecuador,1096,Horses,1998,520000,E,,,,
60,222,El Salvador,1096,Horses,1998,95800,E,,,,
66,242,Fiji,1096,Horses,1998,43700,E,,,,
67,246,Finland,1096,Horses,1998,56100,A,,,,
68,250,France,1096,Horses,1998,390780,A,,,,
70,258,French Polynesia,1096,Horses,1998,2200,E,,,,
75,270,Gambia,1096,Horses,1998,16696,A,,,,
79,276,Germany,1096,Horses,1998,600000,A,,,,
81,288,Ghana,1096,Horses,1998,2900,E,,,,
84,300,Greece,1096,Horses,1998,31895,A,,,,
86,308,Grenada,1096,Horses,1998,30,E,,,,
89,320,Guatemala,1096,Horses,1998,118000,E,,,,
90,324,Guinea,1096,Horses,1998,2700,E,,,,
91,328,Guyana,1096,Horses,1998,2400,E,,,,
93,332,Haiti,1096,Horses,1998,490000,E,,,,
95,340,Honduras,1096,Horses,1998,177000,E,,,,
96,344,"China, Hong Kong SAR",1096,Horses,1998,1500,E,,,,
97,348,Hungary,1096,Horses,1998,72200,A,,,,
99,352,Iceland,1096,Horses,1998,78400,A,,,,
100,356,India,1096,Horses,1998,814000,A,,,,
101,360,Indonesia,1096,Horses,1998,566485,A,,,,
102,364,Iran (Islamic Republic of),1096,Horses,1998,130000,E,,,,
103,368,Iraq,1096,Horses,1998,48000,E,,,,
104,372,Ireland,1096,Horses,1998,72800,A,,,,
105,376,Israel,1096,Horses,1998,4000,E,,,,
106,380,Italy,1096,Horses,1998,290000,E,,,,
109,388,Jamaica,1096,Horses,1998,4000,E,,,,
110,392,Japan,1096,Horses,1998,26000,E,,,,
112,400,Jordan,1096,Horses,1998,4000,E,,,,
114,404,Kenya,1096,Horses,1998,2100,E,,,,
116,408,Democratic People's Republic of Korea,1096,Horses,1998,44000,E,,,,
117,410,Republic of Korea,1096,Horses,1998,8470,A,,,,
118,414,Kuwait,1096,Horses,1998,1120,E,,,,
120,418,Lao People's Democratic Republic,1096,Horses,1998,27000,E,,,,
121,422,Lebanon,1096,Horses,1998,4000,E,,,,
122,426,Lesotho,1096,Horses,1998,88440,A,,,,
124,434,Libya,1096,Horses,1998,40000,E,,,,
129,450,Madagascar,1096,Horses,1998,440,E,,,,
130,454,Malawi,1096,Horses,1998,40,E,,,,
131,458,Malaysia,1096,Horses,1998,3733,A,,,,
133,466,Mali,1096,Horses,1998,149500,A,,,,
134,470,Malta,1096,Horses,1998,1000,E,,,,
136,478,Mauritania,1096,Horses,1998,30360,E,,,,
137,480,Mauritius,1096,Horses,1998,150,E,,,,
138,484,Mexico,1096,Horses,1998,6250000,E,,,,
141,496,Mongolia,1096,Horses,1998,2893200,A,,,,
143,504,Morocco,1096,Horses,1998,147300,A,,,,
147,516,Namibia,1096,Horses,1998,53325,A,,,,
150,528,Netherlands (Kingdom of the),1096,Horses,1998,114000,A,,,,
153,540,New Caledonia,1096,Horses,1998,11800,E,,,,
155,548,Vanuatu,1096,Horses,1998,3100,E,,,,
156,554,New Zealand,1096,Horses,1998,75000,E,,,,
157,558,Nicaragua,1096,Horses,1998,245000,E,,,,
158,562,Niger,1096,Horses,1998,214539,A,,,,
159,566,Nigeria,1096,Horses,1998,204000,E,,,,
162,578,Norway,1096,Horses,1998,25651,A,,,,
165,586,Pakistan,1096,Horses,1998,327000,A,,,,
166,591,Panama,1096,Horses,1998,165000,E,,,,
168,598,Papua New Guinea,1096,Horses,1998,2000,X,,,,
169,600,Paraguay,1096,Horses,1998,363300,E,,,,
170,604,Peru,1096,Horses,1998,665000,E,,,,
171,608,Philippines,1096,Horses,1998,230000,E,,,,
173,616,Poland,1096,Horses,1998,561000,A,,,,
174,620,Portugal,1096,Horses,1998,58000,A,,,,
175,624,Guinea-Bissau,1096,Horses,1998,1850,E,,,,
176,626,Timor-Leste,1096,Horses,1998,33994,A,,,,
177,630,Puerto Rico,1096,Horses,1998,25000,E,,,,
179,634,Qatar,1096,Horses,1998,3650,E,,,,
183,642,Romania,1096,Horses,1998,822000,A,,,,
189,662,Saint Lucia,1096,Horses,1998,1000,E,,,,
193,678,Sao Tome and Principe,1096,Horses,1998,240,E,,,,
194,682,Saudi Arabia,1096,Horses,1998,3000,A,,,,
195,686,Senegal,1096,Horses,1998,445000,A,,,,
197,694,Sierra Leone,1096,Horses,1998,380000,E,,,,
237,704,Viet Nam,1096,Horses,1998,122800,A,,,,
201,706,Somalia,1096,Horses,1998,700,E,,,,
202,710,South Africa,1096,Horses,1998,260000,E,,,,
181,716,Zimbabwe,1096,Horses,1998,25000,E,,,,
203,724,Spain,1096,Horses,1998,248000,A,,,,
206,736,Sudan (former),1096,Horses,1998,540000,E,,,,
207,740,Suriname,1096,Horses,1998,360,E,,,,
209,748,Eswatini,1096,Horses,1998,1300,E,,,,
210,752,Sweden,1096,Horses,1998,80000,E,,,,
211,756,Switzerland,1096,Horses,1998,46297,A,,,,
212,760,Syrian Arab Republic,1096,Horses,1998,25638,A,,,,
216,764,Thailand,1096,Horses,1998,11322,A,,,,
217,768,Togo,1096,Horses,1998,1600,E,,,,
219,776,Tonga,1096,Horses,1998,11400,E,,,,
220,780,Trinidad and Tobago,1096,Horses,1998,1000,E,,,,
225,784,United Arab Emirates,1096,Horses,1998,325,E,,,,
222,788,Tunisia,1096,Horses,1998,56200,E,,,,
223,792,Türkiye,1096,Horses,1998,330000,A,,,,
59,818,Egypt,1096,Horses,1998,47000,A,,,,
229,826,United Kingdom of Great Britain and Northern Ireland,1096,Horses,1998,178000,E,,,,
231,840,United States of America,1096,Horses,1998,5237000,X,,,,
233,854,Burkina Faso,1096,Horses,1998,30230,E,,,,
234,858,Uruguay,1096,Horses,1998,500000,E,,,,
236,862,Venezuela (Bolivarian Republic of),1096,Horses,1998,500000,E,,,,
244,882,Samoa,1096,Horses,1998,2200,E,,,,
249,887,Yemen,1096,Horses,1998,3000,E,,,,
80,70,Bosnia and Herzegovina,1096,Horses,1999,43000,E,,,,
185,643,Russian Federation,1096,Horses,1999,1800200,A,,,,
69,254,French Guiana,1096,Horses,1999,250,E,,,,
108,398,Kazakhstan,1096,Horses,1999,986300,A,,,,
113,417,Kyrgyzstan,1096,Horses,1999,335200,A,,,,
119,428,Latvia,1096,Horses,1999,22000,A,,,,
238,231,Ethiopia,1096,Horses,1999,1206730,A,,,,
186,891,Serbia and Montenegro,1096,Horses,1999,76000,A,,,,
199,703,Slovakia,1096,Horses,1999,9550,A,,,,
57,112,Belarus,1096,Horses,1999,228700,A,,,,
87,312,Guadeloupe,1096,Horses,1999,950,E,,,,
98,191,Croatia,1096,Horses,1999,13000,A,,,,
63,233,Estonia,1096,Horses,1999,3900,A,,,,
126,440,Lithuania,1096,Horses,1999,74300,A,,,,
208,762,Tajikistan,1096,Horses,1999,67100,A,,,,
213,795,Turkmenistan,1096,Horses,1999,25000,E,,,,
154,807,North Macedonia,1096,Horses,1999,59847,A,,,,
1,51,Armenia,1096,Horses,1999,11959,A,,,,
52,31,Azerbaijan,1096,Horses,1999,55800,A,,,,
135,474,Martinique,1096,Horses,1999,2000,E,,,,
146,498,Republic of Moldova,1096,Horses,1999,64000,A,,,,
230,804,Ukraine,1096,Horses,1999,721300,A,,,,
198,705,Slovenia,1096,Horses,1999,12100,A,,,,
182,638,Réunion,1096,Horses,1999,440,A,,,,
15,58,Belgium-Luxembourg,1096,Horses,1999,60000,E,,,,
73,268,Georgia,1096,Horses,1999,34100,A,,,,
167,203,Czechia,1096,Horses,1999,22675,A,,,,
235,860,Uzbekistan,1096,Horses,1999,148500,A,,,,
2,4,Afghanistan,1096,Horses,1999,104000,A,,,,
3,8,Albania,1096,Horses,1999,63000,A,,,,
4,12,Algeria,1096,Horses,1999,45980,A,,,,
7,24,Angola,1096,Horses,1999,900,E,,,,
8,28,Antigua and Barbuda,1096,Horses,1999,460,E,,,,
9,32,Argentina,1096,Horses,1999,3600000,E,,,,
10,36,Australia,1096,Horses,1999,220000,E,,,,
11,40,Austria,1096,Horses,1999,75347,A,,,,
12,44,Bahamas,1096,Horses,1999,,M,,,,
14,52,Barbados,1096,Horses,1999,1000,E,,,,
18,64,Bhutan,1096,Horses,1999,31255,A,,,,
19,68,Bolivia (Plurinational State of),1096,Horses,1999,340000,E,,,,
20,72,Botswana,1096,Horses,1999,32500,E,,,,
21,76,Brazil,1096,Horses,1999,5831341,A,,,,
23,84,Belize,1096,Horses,1999,5000,E,,,,
25,90,Solomon Islands,1096,Horses,1999,120,E,,,,
27,100,Bulgaria,1096,Horses,1999,133370,A,,,,
28,104,Myanmar,1096,Horses,1999,120000,E,,,,
115,116,Cambodia,1096,Horses,1999,25000,E,,,,
32,120,Cameroon,1096,Horses,1999,16500,E,,,,
33,124,Canada,1096,Horses,1999,380000,E,,,,
35,132,Cabo Verde,1096,Horses,1999,490,E,,,,
38,144,Sri Lanka,1096,Horses,1999,1500,E,,,,
39,148,Chad,1096,Horses,1999,198101,A,,,,
40,152,Chile,1096,Horses,1999,435000,E,,,,
41,156,"China, mainland",1096,Horses,1999,8981000,A,,,,
214,158,"China, Taiwan Province of",1096,Horses,1999,624,A,,,,
44,170,Colombia,1096,Horses,1999,2500000,E,,,,
46,178,Congo,1096,Horses,1999,65,E,,,,
250,180,Democratic Republic of the Congo,1096,Horses,1999,,M,,,,
47,184,Cook Islands,1096,Horses,1999,307,I,,,,
48,188,Costa Rica,1096,Horses,1999,114500,E,,,,
49,192,Cuba,1096,Horses,1999,430400,A,,,,
53,204,Benin,1096,Horses,1999,389,A,,,,
54,208,Denmark,1096,Horses,1999,40485,A,,,,
56,214,Dominican Republic,1096,Horses,1999,330000,E,,,,
58,218,Ecuador,1096,Horses,1999,521000,E,,,,
60,222,El Salvador,1096,Horses,1999,95800,E,,,,
66,242,Fiji,1096,Horses,1999,43700,E,,,,
67,246,Finland,1096,Horses,1999,56200,A,,,,
68,250,France,1096,Horses,1999,393186,A,,,,
70,258,French Polynesia,1096,Horses,1999,2200,E,,,,
75,270,Gambia,1096,Horses,1999,21915,A,,,,
79,276,Germany,1096,Horses,1999,524000,A,,,,
81,288,Ghana,1096,Horses,1999,3000,E,,,,
84,300,Greece,1096,Horses,1999,30573,A,,,,
86,308,Grenada,1096,Horses,1999,30,E,,,,
89,320,Guatemala,1096,Horses,1999,119000,E,,,,
90,324,Guinea,1096,Horses,1999,2700,E,,,,
91,328,Guyana,1096,Horses,1999,2400,E,,,,
93,332,Haiti,1096,Horses,1999,490000,E,,,,
95,340,Honduras,1096,Horses,1999,178000,E,,,,
96,344,"China, Hong Kong SAR",1096,Horses,1999,1500,E,,,,
97,348,Hungary,1096,Horses,1999,69700,A,,,,
99,352,Iceland,1096,Horses,1999,77330,A,,,,
100,356,India,1096,Horses,1999,801000,A,,,,
101,360,Indonesia,1096,Horses,1999,484285,A,,,,
102,364,Iran (Islamic Republic of),1096,Horses,1999,120000,E,,,,
103,368,Iraq,1096,Horses,1999,46000,E,,,,
104,372,Ireland,1096,Horses,1999,75500,A,,,,
105,376,Israel,1096,Horses,1999,4000,E,,,,
106,380,Italy,1096,Horses,1999,288000,E,,,,
109,388,Jamaica,1096,Horses,1999,4000,E,,,,
110,392,Japan,1096,Horses,1999,25000,E,,,,
112,400,Jordan,1096,Horses,1999,3300,A,,,,
114,404,Kenya,1096,Horses,1999,2100,E,,,,
116,408,Democratic People's Republic of Korea,1096,Horses,1999,45000,E,,,,
117,410,Republic of Korea,1096,Horses,1999,8163,A,,,,
118,414,Kuwait,1096,Horses,1999,1150,E,,,,
120,418,Lao People's Democratic Republic,1096,Horses,1999,28000,E,,,,
121,422,Lebanon,1096,Horses,1999,4000,E,,,,
122,426,Lesotho,1096,Horses,1999,98933,A,,,,
124,434,Libya,1096,Horses,1999,40000,A,,,,
129,450,Madagascar,1096,Horses,1999,460,E,,,,
130,454,Malawi,1096,Horses,1999,42,E,,,,
131,458,Malaysia,1096,Horses,1999,3337,A,,,,
133,466,Mali,1096,Horses,1999,164774,A,,,,
134,470,Malta,1096,Horses,1999,1000,E,,,,
136,478,Mauritania,1096,Horses,1999,35860,E,,,,
137,480,Mauritius,1096,Horses,1999,150,E,,,,
138,484,Mexico,1096,Horses,1999,6250000,E,,,,
141,496,Mongolia,1096,Horses,1999,3059100,A,,,,
143,504,Morocco,1096,Horses,1999,149200,A,,,,
147,516,Namibia,1096,Horses,1999,66072,A,,,,
150,528,Netherlands (Kingdom of the),1096,Horses,1999,115166,A,,,,
153,540,New Caledonia,1096,Horses,1999,11500,E,,,,
155,548,Vanuatu,1096,Horses,1999,3100,E,,,,
156,554,New Zealand,1096,Horses,1999,70000,E,,,,
157,558,Nicaragua,1096,Horses,1999,245000,E,,,,
158,562,Niger,1096,Horses,1999,216706,A,,,,
159,566,Nigeria,1096,Horses,1999,204000,E,,,,
162,578,Norway,1096,Horses,1999,26959,A,,,,
165,586,Pakistan,1096,Horses,1999,325000,A,,,,
166,591,Panama,1096,Horses,1999,166000,E,,,,
168,598,Papua New Guinea,1096,Horses,1999,2000,X,,,,
169,600,Paraguay,1096,Horses,1999,361500,E,,,,
170,604,Peru,1096,Horses,1999,675000,E,,,,
171,608,Philippines,1096,Horses,1999,230000,E,,,,
173,616,Poland,1096,Horses,1999,551000,A,,,,
174,620,Portugal,1096,Horses,1999,58000,A,,,,
175,624,Guinea-Bissau,1096,Horses,1999,1850,E,,,,
176,626,Timor-Leste,1096,Horses,1999,38000,E,,,,
177,630,Puerto Rico,1096,Horses,1999,25000,E,,,,
179,634,Qatar,1096,Horses,1999,3680,E,,,,
183,642,Romania,1096,Horses,1999,839000,A,,,,
189,662,Saint Lucia,1096,Horses,1999,1000,E,,,,
193,678,Sao Tome and Principe,1096,Horses,1999,240,E,,,,
194,682,Saudi Arabia,1096,Horses,1999,3000,A,,,,
195,686,Senegal,1096,Horses,1999,446000,A,,,,
197,694,Sierra Leone,1096,Horses,1999,380000,E,,,,
237,704,Viet Nam,1096,Horses,1999,149600,A,,,,
201,706,Somalia,1096,Horses,1999,750,E,,,,
202,710,South Africa,1096,Horses,1999,258000,E,,,,
181,716,Zimbabwe,1096,Horses,1999,25500,E,,,,
203,724,Spain,1096,Horses,1999,248000,A,,,,
206,736,Sudan (former),1096,Horses,1999,550000,E,,,,
207,740,Suriname,1096,Horses,1999,360,E,,,,
209,748,Eswatini,1096,Horses,1999,1350,E,,,,
210,752,Sweden,1096,Horses,1999,79710,A,,,,
211,756,Switzerland,1096,Horses,1999,48509,A,,,,
212,760,Syrian Arab Republic,1096,Horses,1999,26576,A,,,,
216,764,Thailand,1096,Horses,1999,7350,A,,,,
217,768,Togo,1096,Horses,1999,1600,E,,,,
219,776,Tonga,1096,Horses,1999,11400,E,,,,
220,780,Trinidad and Tobago,1096,Horses,1999,1000,E,,,,
225,784,United Arab Emirates,1096,Horses,1999,330,E,,,,
222,788,Tunisia,1096,Horses,1999,57040,A,,,,
223,792,Türkiye,1096,Horses,1999,309000,A,,,,
59,818,Egypt,1096,Horses,1999,48000,A,,,,
229,826,United Kingdom of Great Britain and Northern Ireland,1096,Horses,1999,180000,E,,,,
231,840,United States of America,1096,Horses,1999,5170000,A,,,,
233,854,Burkina Faso,1096,Horses,1999,31316,E,,,,
234,858,Uruguay,1096,Horses,1999,500000,E,,,,
236,862,Venezuela (Bolivarian Republic of),1096,Horses,1999,500000,E,,,,
244,882,Samoa,1096,Horses,1999,1799,A,,,,
249,887,Yemen,1096,Horses,1999,3000,E,,,,
87,312,Guadeloupe,1096,Horses,2000,950,E,,,,
119,428,Latvia,1096,Horses,2000,19000,A,,,,
256,442,Luxembourg,1096,Horses,2000,3154,A,,,,
135,474,Martinique,1096,Horses,2000,829,A,,,,
235,860,Uzbekistan,1096,Horses,2000,148400,A,,,,
69,254,French Guiana,1096,Horses,2000,250,E,,,,
113,417,Kyrgyzstan,1096,Horses,2000,349800,A,,,,
1,51,Armenia,1096,Horses,2000,11502,A,,,,
213,795,Turkmenistan,1096,Horses,2000,25000,E,,,,
98,191,Croatia,1096,Horses,2000,11000,A,,,,
63,233,Estonia,1096,Horses,2000,3900,A,,,,
80,70,Bosnia and Herzegovina,1096,Horses,2000,40000,E,,,,
255,56,Belgium,1096,Horses,2000,31000,E,,,,
57,112,Belarus,1096,Horses,2000,221300,A,,,,
73,268,Georgia,1096,Horses,2000,35200,A,,,,
198,705,Slovenia,1096,Horses,2000,14407,A,,,,
52,31,Azerbaijan,1096,Horses,2000,60800,A,,,,
108,398,Kazakhstan,1096,Horses,2000,969600,A,,,,
186,891,Serbia and Montenegro,1096,Horses,2000,49000,A,,,,
230,804,Ukraine,1096,Horses,2000,698100,A,,,,
126,440,Lithuania,1096,Horses,2000,74900,A,,,,
154,807,North Macedonia,1096,Horses,2000,57152,A,,,,
199,703,Slovakia,1096,Horses,2000,9342,A,,,,
208,762,Tajikistan,1096,Horses,2000,72000,A,,,,
238,231,Ethiopia,1096,Horses,2000,1144290,A,,,,
146,498,Republic of Moldova,1096,Horses,2000,67200,A,,,,
185,643,Russian Federation,1096,Horses,2000,1682039,A,,,,
182,638,Réunion,1096,Horses,2000,456,A,,,,
167,203,Czechia,1096,Horses,2000,23835,A,,,,
2,4,Afghanistan,1096,Horses,2000,162000,A,,,,
3,8,Albania,1096,Horses,2000,63000,A,,,,
4,12,Algeria,1096,Horses,2000,43828,A,,,,
7,24,Angola,1096,Horses,2000,1000,E,,,,
8,28,Antigua and Barbuda,1096,Horses,2000,460,E,,,,
9,32,Argentina,1096,Horses,2000,3600000,E,,,,
10,36,Australia,1096,Horses,2000,220000,E,,,,
11,40,Austria,1096,Horses,2000,81600,A,,,,
12,44,Bahamas,1096,Horses,2000,,M,,,,
14,52,Barbados,1096,Horses,2000,1000,E,,,,
18,64,Bhutan,1096,Horses,2000,27887,A,,,,
19,68,Bolivia (Plurinational State of),1096,Horses,2000,360000,E,,,,
20,72,Botswana,1096,Horses,2000,33000,E,,,,
21,76,Brazil,1096,Horses,2000,5831817,A,,,,
23,84,Belize,1096,Horses,2000,5000,E,,,,
25,90,Solomon Islands,1096,Horses,2000,130,E,,,,
27,100,Bulgaria,1096,Horses,2000,141025,A,,,,
28,104,Myanmar,1096,Horses,2000,120000,E,,,,
115,116,Cambodia,1096,Horses,2000,26000,E,,,,
32,120,Cameroon,1096,Horses,2000,16500,E,,,,
33,124,Canada,1096,Horses,2000,385000,E,,,,
35,132,Cabo Verde,1096,Horses,2000,490,E,,,,
38,144,Sri Lanka,1096,Horses,2000,1500,E,,,,
39,148,Chad,1096,Horses,2000,202349,A,,,,
40,152,Chile,1096,Horses,2000,430000,E,,,,
41,156,"China, mainland",1096,Horses,2000,8914000,A,,,,
214,158,"China, Taiwan Province of",1096,Horses,2000,654,A,,,,
44,170,Colombia,1096,Horses,2000,2550000,E,,,,
46,178,Congo,1096,Horses,2000,65,E,,,,
250,180,Democratic Republic of the Congo,1096,Horses,2000,,M,,,,
47,184,Cook Islands,1096,Horses,2000,307,I,,,,
48,188,Costa Rica,1096,Horses,2000,114500,E,,,,
49,192,Cuba,1096,Horses,2000,414800,A,,,,
53,204,Benin,1096,Horses,2000,913,A,,,,
54,208,Denmark,1096,Horses,2000,39737,A,,,,
56,214,Dominican Republic,1096,Horses,2000,330000,E,,,,
58,218,Ecuador,1096,Horses,2000,375760,A,,,,
60,222,El Salvador,1096,Horses,2000,96000,E,,,,
66,242,Fiji,1096,Horses,2000,44000,E,,,,
67,246,Finland,1096,Horses,2000,57600,A,,,,
68,250,France,1096,Horses,2000,417016,A,,,,
70,258,French Polynesia,1096,Horses,2000,2200,E,,,,
75,270,Gambia,1096,Horses,2000,17000,E,,,,
79,276,Germany,1096,Horses,2000,476000,A,,,,
81,288,Ghana,1096,Horses,2000,2800,E,,,,
84,300,Greece,1096,Horses,2000,29612,A,,,,
86,308,Grenada,1096,Horses,2000,30,E,,,,
89,320,Guatemala,1096,Horses,2000,120000,E,,,,
90,324,Guinea,1096,Horses,2000,2750,E,,,,
91,328,Guyana,1096,Horses,2000,2400,E,,,,
93,332,Haiti,1096,Horses,2000,500000,E,,,,
95,340,Honduras,1096,Horses,2000,179000,E,,,,
96,344,"China, Hong Kong SAR",1096,Horses,2000,1500,E,,,,
97,348,Hungary,1096,Horses,2000,70100,A,,,,
99,352,Iceland,1096,Horses,2000,73995,A,,,,
100,356,India,1096,Horses,2000,788000,A,,,,
101,360,Indonesia,1096,Horses,2000,412384,A,,,,
102,364,Iran (Islamic Republic of),1096,Horses,2000,150000,E,,,,
103,368,Iraq,1096,Horses,2000,48000,A,,,,
104,372,Ireland,1096,Horses,2000,69900,A,,,,
105,376,Israel,1096,Horses,2000,4000,E,,,,
106,380,Italy,1096,Horses,2000,280000,E,,,,
109,388,Jamaica,1096,Horses,2000,4000,E,,,,
110,392,Japan,1096,Horses,2000,25000,E,,,,
112,400,Jordan,1096,Horses,2000,3300,A,,,,
114,404,Kenya,1096,Horses,2000,2000,E,,,,
116,408,Democratic People's Republic of Korea,1096,Horses,2000,46000,E,,,,
117,410,Republic of Korea,1096,Horses,2000,10597,A,,,,
118,414,Kuwait,1096,Horses,2000,1180,E,,,,
120,418,Lao People's Democratic Republic,1096,Horses,2000,29000,E,,,,
121,422,Lebanon,1096,Horses,2000,3580,X,,,,
122,426,Lesotho,1096,Horses,2000,96817,A,,,,
124,434,Libya,1096,Horses,2000,45000,X,,,,
129,450,Madagascar,1096,Horses,2000,480,E,,,,
130,454,Malawi,1096,Horses,2000,45,E,,,,
131,458,Malaysia,1096,Horses,2000,3051,A,,,,
133,466,Mali,1096,Horses,2000,165000,E,,,,
134,470,Malta,1096,Horses,2000,1000,E,,,,
136,478,Mauritania,1096,Horses,2000,41360,E,,,,
137,480,Mauritius,1096,Horses,2000,150,E,,,,
138,484,Mexico,1096,Horses,2000,6250000,E,,,,
141,496,Mongolia,1096,Horses,2000,3163500,A,,,,
143,504,Morocco,1096,Horses,2000,152000,A,,,,
147,516,Namibia,1096,Horses,2000,61885,A,,,,
150,528,Netherlands (Kingdom of the),1096,Horses,2000,118244,A,,,,
153,540,New Caledonia,1096,Horses,2000,11500,E,,,,
155,548,Vanuatu,1096,Horses,2000,3100,E,,,,
156,554,New Zealand,1096,Horses,2000,73000,E,,,,
157,558,Nicaragua,1096,Horses,2000,246000,E,,,,
158,562,Niger,1096,Horses,2000,218895,A,,,,
159,566,Nigeria,1096,Horses,2000,204000,E,,,,
162,578,Norway,1096,Horses,2000,28468,A,,,,
165,586,Pakistan,1096,Horses,2000,323000,A,,,,
166,591,Panama,1096,Horses,2000,161000,E,,,,
168,598,Papua New Guinea,1096,Horses,2000,2000,X,,,,
169,600,Paraguay,1096,Horses,2000,359800,E,,,,
170,604,Peru,1096,Horses,2000,690000,E,,,,
171,608,Philippines,1096,Horses,2000,230000,E,,,,
173,616,Poland,1096,Horses,2000,549707,A,,,,
174,620,Portugal,1096,Horses,2000,59000,A,,,,
175,624,Guinea-Bissau,1096,Horses,2000,1850,E,,,,
176,626,Timor-Leste,1096,Horses,2000,42000,E,,,,
177,630,Puerto Rico,1096,Horses,2000,26000,E,,,,
179,634,Qatar,1096,Horses,2000,2600,A,,,,
183,642,Romania,1096,Horses,2000,858000,A,,,,
189,662,Saint Lucia,1096,Horses,2000,1000,E,,,,
193,678,Sao Tome and Principe,1096,Horses,2000,240,E,,,,
194,682,Saudi Arabia,1096,Horses,2000,3000,A,,,,
195,686,Senegal,1096,Horses,2000,471000,A,,,,
197,694,Sierra Leone,1096,Horses,2000,380000,E,,,,
237,704,Viet Nam,1096,Horses,2000,126500,A,,,,
201,706,Somalia,1096,Horses,2000,800,E,,,,
202,710,South Africa,1096,Horses,2000,270000,X,,,,
181,716,Zimbabwe,1096,Horses,2000,26000,E,,,,
203,724,Spain,1096,Horses,2000,248000,A,,,,
206,736,Sudan (former),1096,Horses,2000,550000,E,,,,
207,740,Suriname,1096,Horses,2000,360,E,,,,
209,748,Eswatini,1096,Horses,2000,1400,E,,,,
210,752,Sweden,1096,Horses,2000,88621,A,,,,
211,756,Switzerland,1096,Horses,2000,50347,A,,,,
212,760,Syrian Arab Republic,1096,Horses,2000,27120,A,,,,
216,764,Thailand,1096,Horses,2000,8596,A,,,,
217,768,Togo,1096,Horses,2000,1600,E,,,,
219,776,Tonga,1096,Horses,2000,11400,E,,,,
220,780,Trinidad and Tobago,1096,Horses,2000,1000,E,,,,
225,784,United Arab Emirates,1096,Horses,2000,350,E,,,,
222,788,Tunisia,1096,Horses,2000,57040,A,,,,
223,792,Türkiye,1096,Horses,2000,271000,A,,,,
59,818,Egypt,1096,Horses,2000,45000,A,,,,
229,826,United Kingdom of Great Britain and Northern Ireland,1096,Horses,2000,300000,E,,,,
231,840,United States of America,1096,Horses,2000,5240000,A,,,,
233,854,Burkina Faso,1096,Horses,2000,32442,E,,,,
234,858,Uruguay,1096,Horses,2000,500500,E,,,,
236,862,Venezuela (Bolivarian Republic of),1096,Horses,2000,500000,E,,,,
244,882,Samoa,1096,Horses,2000,1800,E,,,,
249,887,Yemen,1096,Horses,2000,3000,A,,,,
98,191,Croatia,1096,Horses,2001,10000,A,,,,
1,51,Armenia,1096,Horses,2001,11428,A,,,,
113,417,Kyrgyzstan,1096,Horses,2001,353900,A,,,,
69,254,French Guiana,1096,Horses,2001,250,E,,,,
198,705,Slovenia,1096,Horses,2001,15025,A,,,,
73,268,Georgia,1096,Horses,2001,38571,A,,,,
208,762,Tajikistan,1096,Horses,2001,72000,A,,,,
146,498,Republic of Moldova,1096,Horses,2001,71100,A,,,,
186,891,Serbia and Montenegro,1096,Horses,2001,41000,A,,,,
213,795,Turkmenistan,1096,Horses,2001,25000,E,,,,
87,312,Guadeloupe,1096,Horses,2001,950,E,,,,
119,428,Latvia,1096,Horses,2001,19900,A,,,,
256,442,Luxembourg,1096,Horses,2001,3126,A,,,,
57,112,Belarus,1096,Horses,2001,216500,A,,,,
126,440,Lithuania,1096,Horses,2001,68400,A,,,,
182,638,Réunion,1096,Horses,2001,460,A,,,,
230,804,Ukraine,1096,Horses,2001,701200,A,,,,
255,56,Belgium,1096,Horses,2001,31163,A,,,,
80,70,Bosnia and Herzegovina,1096,Horses,2001,38000,E,,,,
63,233,Estonia,1096,Horses,2001,4200,A,,,,
108,398,Kazakhstan,1096,Horses,2001,976000,A,,,,
199,703,Slovakia,1096,Horses,2001,9516,A,,,,
185,643,Russian Federation,1096,Horses,2001,1622243,A,,,,
167,203,Czechia,1096,Horses,2001,25795,A,,,,
135,474,Martinique,1096,Horses,2001,839,A,,,,
235,860,Uzbekistan,1096,Horses,2001,146300,A,,,,
238,231,Ethiopia,1096,Horses,2001,1253950,A,,,,
52,31,Azerbaijan,1096,Horses,2001,63700,A,,,,
154,807,North Macedonia,1096,Horses,2001,53000,E,,,,
2,4,Afghanistan,1096,Horses,2001,162000,A,,,,
3,8,Albania,1096,Horses,2001,67000,A,,,,
4,12,Algeria,1096,Horses,2001,43570,A,,,,
7,24,Angola,1096,Horses,2001,1000,E,,,,
8,28,Antigua and Barbuda,1096,Horses,2001,465,E,,,,
9,32,Argentina,1096,Horses,2001,3600000,E,,,,
10,36,Australia,1096,Horses,2001,220000,E,,,,
11,40,Austria,1096,Horses,2001,63000,E,,,,
12,44,Bahamas,1096,Horses,2001,,M,,,,
14,52,Barbados,1096,Horses,2001,1000,E,,,,
18,64,Bhutan,1096,Horses,2001,21588,A,,,,
19,68,Bolivia (Plurinational State of),1096,Horses,2001,380000,E,,,,
20,72,Botswana,1096,Horses,2001,33000,E,,,,
21,76,Brazil,1096,Horses,2001,5801055,A,,,,
23,84,Belize,1096,Horses,2001,5050,E,,,,
25,90,Solomon Islands,1096,Horses,2001,140,E,,,,
27,100,Bulgaria,1096,Horses,2001,140311,A,,,,
28,104,Myanmar,1096,Horses,2001,120000,E,,,,
115,116,Cambodia,1096,Horses,2001,27000,E,,,,
32,120,Cameroon,1096,Horses,2001,16500,E,,,,
33,124,Canada,1096,Horses,2001,470000,E,,,,
35,132,Cabo Verde,1096,Horses,2001,490,E,,,,
38,144,Sri Lanka,1096,Horses,2001,1500,E,,,,
39,148,Chad,1096,Horses,2001,255000,X,,,,
40,152,Chile,1096,Horses,2001,445000,E,,,,
41,156,"China, mainland",1096,Horses,2001,8766000,A,,,,
214,158,"China, Taiwan Province of",1096,Horses,2001,780,A,,,,
44,170,Colombia,1096,Horses,2001,2600000,E,,,,
46,178,Congo,1096,Horses,2001,65,E,,,,
250,180,Democratic Republic of the Congo,1096,Horses,2001,,M,,,,
47,184,Cook Islands,1096,Horses,2001,307,I,,,,
48,188,Costa Rica,1096,Horses,2001,114500,E,,,,
49,192,Cuba,1096,Horses,2001,430900,A,,,,
53,204,Benin,1096,Horses,2001,1000,E,,,,
54,208,Denmark,1096,Horses,2001,43143,A,,,,
56,214,Dominican Republic,1096,Horses,2001,340000,E,,,,
58,218,Ecuador,1096,Horses,2001,525000,E,,,,
60,222,El Salvador,1096,Horses,2001,96000,E,,,,
66,242,Fiji,1096,Horses,2001,44000,E,,,,
67,246,Finland,1096,Horses,2001,58600,A,,,,
68,250,France,1096,Horses,2001,418135,A,,,,
70,258,French Polynesia,1096,Horses,2001,2200,E,,,,
75,270,Gambia,1096,Horses,2001,17000,E,,,,
79,276,Germany,1096,Horses,2001,491100,A,,,,
81,288,Ghana,1096,Horses,2001,2700,E,,,,
84,300,Greece,1096,Horses,2001,29208,A,,,,
86,308,Grenada,1096,Horses,2001,30,E,,,,
89,320,Guatemala,1096,Horses,2001,120000,E,,,,
90,324,Guinea,1096,Horses,2001,2750,E,,,,
91,328,Guyana,1096,Horses,2001,2400,E,,,,
93,332,Haiti,1096,Horses,2001,500500,E,,,,
95,340,Honduras,1096,Horses,2001,180000,E,,,,
96,344,"China, Hong Kong SAR",1096,Horses,2001,1500,E,,,,
97,348,Hungary,1096,Horses,2001,74000,A,,,,
99,352,Iceland,1096,Horses,2001,73809,A,,,,
100,356,India,1096,Horses,2001,776000,A,,,,
101,360,Indonesia,1096,Horses,2001,422191,A,,,,
102,364,Iran (Islamic Republic of),1096,Horses,2001,150000,E,,,,
103,368,Iraq,1096,Horses,2001,48000,A,,,,
104,372,Ireland,1096,Horses,2001,71000,A,,,,
105,376,Israel,1096,Horses,2001,4000,E,,,,
106,380,Italy,1096,Horses,2001,285000,E,,,,
109,388,Jamaica,1096,Horses,2001,4000,E,,,,
110,392,Japan,1096,Horses,2001,21000,E,,,,
112,400,Jordan,1096,Horses,2001,3300,A,,,,
114,404,Kenya,1096,Horses,2001,1800,E,,,,
116,408,Democratic People's Republic of Korea,1096,Horses,2001,47000,E,,,,
117,410,Republic of Korea,1096,Horses,2001,12538,A,,,,
118,414,Kuwait,1096,Horses,2001,1200,E,,,,
120,418,Lao People's Democratic Republic,1096,Horses,2001,29000,E,,,,
121,422,Lebanon,1096,Horses,2001,3580,X,,,,
122,426,Lesotho,1096,Horses,2001,90300,A,,,,
124,434,Libya,1096,Horses,2001,45000,X,,,,
129,450,Madagascar,1096,Horses,2001,470,E,,,,
130,454,Malawi,1096,Horses,2001,45,E,,,,
131,458,Malaysia,1096,Horses,2001,3284,A,,,,
133,466,Mali,1096,Horses,2001,200017,A,,,,
134,470,Malta,1096,Horses,2001,1000,E,,,,
136,478,Mauritania,1096,Horses,2001,46860,E,,,,
137,480,Mauritius,1096,Horses,2001,150,E,,,,
138,484,Mexico,1096,Horses,2001,6255000,E,,,,
141,496,Mongolia,1096,Horses,2001,2660700,A,,,,
143,504,Morocco,1096,Horses,2001,154400,A,,,,
147,516,Namibia,1096,Horses,2001,52502,A,,,,
150,528,Netherlands (Kingdom of the),1096,Horses,2001,120486,A,,,,
153,540,New Caledonia,1096,Horses,2001,11500,E,,,,
155,548,Vanuatu,1096,Horses,2001,3100,E,,,,
156,554,New Zealand,1096,Horses,2001,76500,A,,,,
157,558,Nicaragua,1096,Horses,2001,248000,E,,,,
158,562,Niger,1096,Horses,2001,221106,A,,,,
159,566,Nigeria,1096,Horses,2001,205000,E,,,,
162,578,Norway,1096,Horses,2001,28883,A,,,,
165,586,Pakistan,1096,Horses,2001,321000,A,,,,
166,591,Panama,1096,Horses,2001,134781,A,,,,
168,598,Papua New Guinea,1096,Horses,2001,2000,X,,,,
169,600,Paraguay,1096,Horses,2001,357985,A,,,,
170,604,Peru,1096,Horses,2001,700000,E,,,,
171,608,Philippines,1096,Horses,2001,230000,E,,,,
173,616,Poland,1096,Horses,2001,545720,A,,,,
174,620,Portugal,1096,Horses,2001,59000,A,,,,
175,624,Guinea-Bissau,1096,Horses,2001,1850,E,,,,
176,626,Timor-Leste,1096,Horses,2001,45158,A,,,,
177,630,Puerto Rico,1096,Horses,2001,26000,E,,,,
179,634,Qatar,1096,Horses,2001,1415,A,,,,
183,642,Romania,1096,Horses,2001,865000,A,,,,
189,662,Saint Lucia,1096,Horses,2001,1000,E,,,,
193,678,Sao Tome and Principe,1096,Horses,2001,240,E,,,,
194,682,Saudi Arabia,1096,Horses,2001,3000,A,,,,
195,686,Senegal,1096,Horses,2001,492000,A,,,,
197,694,Sierra Leone,1096,Horses,2001,400000,E,,,,
237,704,Viet Nam,1096,Horses,2001,113400,A,,,,
201,706,Somalia,1096,Horses,2001,810,E,,,,
202,710,South Africa,1096,Horses,2001,270000,E,,,,
181,716,Zimbabwe,1096,Horses,2001,27000,E,,,,
203,724,Spain,1096,Horses,2001,238000,A,,,,
206,736,Sudan (former),1096,Horses,2001,600000,E,,,,
207,740,Suriname,1096,Horses,2001,360,E,,,,
209,748,Eswatini,1096,Horses,2001,1400,E,,,,
210,752,Sweden,1096,Horses,2001,86000,E,,,,
211,756,Switzerland,1096,Horses,2001,50116,A,,,,
212,760,Syrian Arab Republic,1096,Horses,2001,18400,A,,,,
216,764,Thailand,1096,Horses,2001,8039,A,,,,
217,768,Togo,1096,Horses,2001,1600,E,,,,
219,776,Tonga,1096,Horses,2001,11400,E,,,,
220,780,Trinidad and Tobago,1096,Horses,2001,1000,E,,,,
225,784,United Arab Emirates,1096,Horses,2001,370,E,,,,
222,788,Tunisia,1096,Horses,2001,57040,A,,,,
223,792,Türkiye,1096,Horses,2001,271000,A,,,,
59,818,Egypt,1096,Horses,2001,53000,A,,,,
229,826,United Kingdom of Great Britain and Northern Ireland,1096,Horses,2001,310000,E,,,,
231,840,United States of America,1096,Horses,2001,5500000,E,,,,
233,854,Burkina Faso,1096,Horses,2001,28927,A,,,,
234,858,Uruguay,1096,Horses,2001,590000,E,,,,
236,862,Venezuela (Bolivarian Republic of),1096,Horses,2001,500000,E,,,,
244,882,Samoa,1096,Horses,2001,1800,E,,,,
249,887,Yemen,1096,Horses,2001,3000,A,,,,
73,268,Georgia,1096,Horses,2002,38600,A,,,,
87,312,Guadeloupe,1096,Horses,2002,500,E,,,,
255,56,Belgium,1096,Horses,2002,31229,A,,,,
1,51,Armenia,1096,Horses,2002,12086,A,,,,
186,891,Serbia and Montenegro,1096,Horses,2002,39000,A,,,,
199,703,Slovakia,1096,Horses,2002,7883,A,,,,
69,254,French Guiana,1096,Horses,2002,250,E,,,,
154,807,North Macedonia,1096,Horses,2002,48000,E,,,,
213,795,Turkmenistan,1096,Horses,2002,25000,E,,,,
185,643,Russian Federation,1096,Horses,2002,1581679,A,,,,
235,860,Uzbekistan,1096,Horses,2002,144700,A,,,,
57,112,Belarus,1096,Horses,2002,209400,A,,,,
182,638,Réunion,1096,Horses,2002,460,A,,,,
113,417,Kyrgyzstan,1096,Horses,2002,354400,A,,,,
146,498,Republic of Moldova,1096,Horses,2002,76600,A,,,,
108,398,Kazakhstan,1096,Horses,2002,989500,A,,,,
198,705,Slovenia,1096,Horses,2002,16952,A,,,,
63,233,Estonia,1096,Horses,2002,5500,A,,,,
256,442,Luxembourg,1096,Horses,2002,3117,A,,,,
167,203,Czechia,1096,Horses,2002,20891,A,,,,
126,440,Lithuania,1096,Horses,2002,64500,A,,,,
208,762,Tajikistan,1096,Horses,2002,71700,A,,,,
119,428,Latvia,1096,Horses,2002,19600,A,,,,
80,70,Bosnia and Herzegovina,1096,Horses,2002,35000,E,,,,
98,191,Croatia,1096,Horses,2002,8000,A,,,,
230,804,Ukraine,1096,Horses,2002,693400,A,,,,
52,31,Azerbaijan,1096,Horses,2002,65600,A,,,,
135,474,Martinique,1096,Horses,2002,840,A,,,,
238,231,Ethiopia,1096,Horses,2002,1483440,A,,,,
2,4,Afghanistan,1096,Horses,2002,141000,A,,,,
3,8,Albania,1096,Horses,2002,65000,A,,,,
4,12,Algeria,1096,Horses,2002,46430,A,,,,
7,24,Angola,1096,Horses,2002,1000,E,,,,
8,28,Antigua and Barbuda,1096,Horses,2002,470,E,,,,
9,32,Argentina,1096,Horses,2002,3650000,E,,,,
10,36,Australia,1096,Horses,2002,220000,E,,,,
11,40,Austria,1096,Horses,2002,60000,E,,,,
12,44,Bahamas,1096,Horses,2002,,M,,,,
14,52,Barbados,1096,Horses,2002,1050,E,,,,
18,64,Bhutan,1096,Horses,2002,21511,A,,,,
19,68,Bolivia (Plurinational State of),1096,Horses,2002,400000,E,,,,
20,72,Botswana,1096,Horses,2002,33000,E,,,,
21,76,Brazil,1096,Horses,2002,5774493,A,,,,
23,84,Belize,1096,Horses,2002,5100,E,,,,
25,90,Solomon Islands,1096,Horses,2002,140,E,,,,
27,100,Bulgaria,1096,Horses,2002,150690,A,,,,
28,104,Myanmar,1096,Horses,2002,130000,E,,,,
115,116,Cambodia,1096,Horses,2002,27000,E,,,,
32,120,Cameroon,1096,Horses,2002,17000,E,,,,
33,124,Canada,1096,Horses,2002,385000,E,,,,
35,132,Cabo Verde,1096,Horses,2002,490,E,,,,
38,144,Sri Lanka,1096,Horses,2002,1500,E,,,,
39,148,Chad,1096,Horses,2002,261000,X,,,,
40,152,Chile,1096,Horses,2002,400000,E,,,,
41,156,"China, mainland",1096,Horses,2002,8260000,A,,,,
214,158,"China, Taiwan Province of",1096,Horses,2002,805,A,,,,
44,170,Colombia,1096,Horses,2002,2600000,E,,,,
46,178,Congo,1096,Horses,2002,65,E,,,,
250,180,Democratic Republic of the Congo,1096,Horses,2002,,M,,,,
47,184,Cook Islands,1096,Horses,2002,306,I,,,,
48,188,Costa Rica,1096,Horses,2002,114500,E,,,,
49,192,Cuba,1096,Horses,2002,437500,A,,,,
53,204,Benin,1096,Horses,2002,1000,E,,,,
54,208,Denmark,1096,Horses,2002,38136,A,,,,
56,214,Dominican Republic,1096,Horses,2002,342000,E,,,,
58,218,Ecuador,1096,Horses,2002,391229,A,,,,
60,222,El Salvador,1096,Horses,2002,96000,E,,,,
66,242,Fiji,1096,Horses,2002,44000,E,,,,
67,246,Finland,1096,Horses,2002,59100,A,,,,
68,250,France,1096,Horses,2002,421268,A,,,,
70,258,French Polynesia,1096,Horses,2002,2200,E,,,,
75,270,Gambia,1096,Horses,2002,17000,E,,,,
79,276,Germany,1096,Horses,2002,506200,A,,,,
81,288,Ghana,1096,Horses,2002,2700,A,,,,
84,300,Greece,1096,Horses,2002,28822,A,,,,
86,308,Grenada,1096,Horses,2002,30,E,,,,
89,320,Guatemala,1096,Horses,2002,122000,E,,,,
90,324,Guinea,1096,Horses,2002,2800,E,,,,
91,328,Guyana,1096,Horses,2002,2400,E,,,,
93,332,Haiti,1096,Horses,2002,500500,E,,,,
95,340,Honduras,1096,Horses,2002,180000,E,,,,
96,344,"China, Hong Kong SAR",1096,Horses,2002,1500,E,,,,
97,348,Hungary,1096,Horses,2002,65300,A,,,,
99,352,Iceland,1096,Horses,2002,71267,A,,,,
100,356,India,1096,Horses,2002,763000,A,,,,
101,360,Indonesia,1096,Horses,2002,419036,A,,,,
102,364,Iran (Islamic Republic of),1096,Horses,2002,150000,E,,,,
103,368,Iraq,1096,Horses,2002,48000,E,,,,
104,372,Ireland,1096,Horses,2002,72600,A,,,,
105,376,Israel,1096,Horses,2002,4000,E,,,,
106,380,Italy,1096,Horses,2002,285000,E,,,,
109,388,Jamaica,1096,Horses,2002,4000,E,,,,
110,392,Japan,1096,Horses,2002,25000,A,,,,
112,400,Jordan,1096,Horses,2002,3200,E,,,,
114,404,Kenya,1096,Horses,2002,1800,E,,,,
116,408,Democratic People's Republic of Korea,1096,Horses,2002,48000,E,,,,
117,410,Republic of Korea,1096,Horses,2002,14261,A,,,,
118,414,Kuwait,1096,Horses,2002,1200,E,,,,
120,418,Lao People's Democratic Republic,1096,Horses,2002,30000,E,,,,
121,422,Lebanon,1096,Horses,2002,3580,X,,,,
122,426,Lesotho,1096,Horses,2002,77216,A,,,,
124,434,Libya,1096,Horses,2002,45000,X,,,,
129,450,Madagascar,1096,Horses,2002,470,E,,,,
130,454,Malawi,1096,Horses,2002,45,E,,,,
131,458,Malaysia,1096,Horses,2002,3464,A,,,,
133,466,Mali,1096,Horses,2002,200017,A,,,,
134,470,Malta,1096,Horses,2002,1000,E,,,,
136,478,Mauritania,1096,Horses,2002,52360,E,,,,
137,480,Mauritius,1096,Horses,2002,150,E,,,,
138,484,Mexico,1096,Horses,2002,6255000,E,,,,
141,496,Mongolia,1096,Horses,2002,2191800,A,,,,
143,504,Morocco,1096,Horses,2002,148100,A,,,,
147,516,Namibia,1096,Horses,2002,47542,A,,,,
150,528,Netherlands (Kingdom of the),1096,Horses,2002,121467,A,,,,
153,540,New Caledonia,1096,Horses,2002,11500,E,,,,
155,548,Vanuatu,1096,Horses,2002,3100,E,,,,
156,554,New Zealand,1096,Horses,2002,75856,A,,,,
157,558,Nicaragua,1096,Horses,2002,250000,E,,,,
158,562,Niger,1096,Horses,2002,223340,A,,,,
159,566,Nigeria,1096,Horses,2002,205000,E,,,,
162,578,Norway,1096,Horses,2002,29503,A,,,,
165,586,Pakistan,1096,Horses,2002,318000,A,,,,
166,591,Panama,1096,Horses,2002,153000,E,,,,
168,598,Papua New Guinea,1096,Horses,2002,2000,X,,,,
169,600,Paraguay,1096,Horses,2002,347400,E,,,,
170,604,Peru,1096,Horses,2002,710000,E,,,,
171,608,Philippines,1096,Horses,2002,230000,E,,,,
173,616,Poland,1096,Horses,2002,329533,A,,,,
174,620,Portugal,1096,Horses,2002,59000,A,,,,
175,624,Guinea-Bissau,1096,Horses,2002,1850,E,,,,
176,626,Timor-Leste,1096,Horses,2002,48000,E,,,,
177,630,Puerto Rico,1096,Horses,2002,26000,E,,,,
179,634,Qatar,1096,Horses,2002,1860,A,,,,
183,642,Romania,1096,Horses,2002,860000,A,,,,
189,662,Saint Lucia,1096,Horses,2002,1000,E,,,,
193,678,Sao Tome and Principe,1096,Horses,2002,245,E,,,,
194,682,Saudi Arabia,1096,Horses,2002,3000,A,,,,
195,686,Senegal,1096,Horses,2002,496095,A,,,,
197,694,Sierra Leone,1096,Horses,2002,400000,E,,,,
237,704,Viet Nam,1096,Horses,2002,110900,A,,,,
201,706,Somalia,1096,Horses,2002,810,E,,,,
202,710,South Africa,1096,Horses,2002,270000,E,,,,
181,716,Zimbabwe,1096,Horses,2002,27000,E,,,,
203,724,Spain,1096,Horses,2002,238000,E,,,,
206,736,Sudan (former),1096,Horses,2002,600000,E,,,,
207,740,Suriname,1096,Horses,2002,360,E,,,,
209,748,Eswatini,1096,Horses,2002,1400,E,,,,
210,752,Sweden,1096,Horses,2002,85000,E,,,,
211,756,Switzerland,1096,Horses,2002,51236,A,,,,
212,760,Syrian Arab Republic,1096,Horses,2002,16800,A,,,,
216,764,Thailand,1096,Horses,2002,8103,A,,,,
217,768,Togo,1096,Horses,2002,1600,E,,,,
219,776,Tonga,1096,Horses,2002,11400,E,,,,
220,780,Trinidad and Tobago,1096,Horses,2002,1100,E,,,,
225,784,United Arab Emirates,1096,Horses,2002,370,E,,,,
222,788,Tunisia,1096,Horses,2002,57000,E,,,,
223,792,Türkiye,1096,Horses,2002,248992,A,,,,
59,818,Egypt,1096,Horses,2002,62000,X,,,,
229,826,United Kingdom of Great Britain and Northern Ireland,1096,Horses,2002,320000,E,,,,
231,840,United States of America,1096,Horses,2002,6000000,E,,,,
233,854,Burkina Faso,1096,Horses,2002,31820,A,,,,
234,858,Uruguay,1096,Horses,2002,390000,E,,,,
236,862,Venezuela (Bolivarian Republic of),1096,Horses,2002,500000,E,,,,
244,882,Samoa,1096,Horses,2002,1800,E,,,,
249,887,Yemen,1096,Horses,2002,3100,A,,,,
1,51,Armenia,1096,Horses,2003,12145,A,,,,
167,203,Czechia,1096,Horses,2003,20140,A,,,,
63,233,Estonia,1096,Horses,2003,5300,A,,,,
119,428,Latvia,1096,Horses,2003,18500,A,,,,
73,268,Georgia,1096,Horses,2003,42500,A,,,,
256,442,Luxembourg,1096,Horses,2003,3449,A,,,,
213,795,Turkmenistan,1096,Horses,2003,25000,E,,,,
230,804,Ukraine,1096,Horses,2003,684300,A,,,,
208,762,Tajikistan,1096,Horses,2003,71200,A,,,,
69,254,French Guiana,1096,Horses,2003,250,E,,,,
108,398,Kazakhstan,1096,Horses,2003,1019300,A,,,,
146,498,Republic of Moldova,1096,Horses,2003,78200,A,,,,
154,807,North Macedonia,1096,Horses,2003,45000,E,,,,
238,231,Ethiopia,1096,Horses,2003,1500000,E,,,,
113,417,Kyrgyzstan,1096,Horses,2003,360700,A,,,,
185,643,Russian Federation,1096,Horses,2003,1540887,A,,,,
182,638,Réunion,1096,Horses,2003,434,A,,,,
52,31,Azerbaijan,1096,Horses,2003,67686,A,,,,
126,440,Lithuania,1096,Horses,2003,60656,A,,,,
255,56,Belgium,1096,Horses,2003,32093,A,,,,
198,705,Slovenia,1096,Horses,2003,16879,A,,,,
57,112,Belarus,1096,Horses,2003,201700,A,,,,
98,191,Croatia,1096,Horses,2003,9000,A,,,,
199,703,Slovakia,1096,Horses,2003,8122,A,,,,
135,474,Martinique,1096,Horses,2003,840,E,,,,
186,891,Serbia and Montenegro,1096,Horses,2003,34000,A,,,,
235,860,Uzbekistan,1096,Horses,2003,143400,A,,,,
80,70,Bosnia and Herzegovina,1096,Horses,2003,30000,E,,,,
87,312,Guadeloupe,1096,Horses,2003,250,A,,,,
2,4,Afghanistan,1096,Horses,2003,144000,A,,,,
3,8,Albania,1096,Horses,2003,63000,A,,,,
4,12,Algeria,1096,Horses,2003,47530,A,,,,
7,24,Angola,1096,Horses,2003,1000,E,,,,
8,28,Antigua and Barbuda,1096,Horses,2003,480,E,,,,
9,32,Argentina,1096,Horses,2003,3655000,E,,,,
10,36,Australia,1096,Horses,2003,220000,E,,,,
11,40,Austria,1096,Horses,2003,85000,E,,,,
12,44,Bahamas,1096,Horses,2003,,M,,,,
14,52,Barbados,1096,Horses,2003,1100,E,,,,
18,64,Bhutan,1096,Horses,2003,23448,A,,,,
19,68,Bolivia (Plurinational State of),1096,Horses,2003,428626,A,,,,
20,72,Botswana,1096,Horses,2003,33000,E,,,,
21,76,Brazil,1096,Horses,2003,5828376,A,,,,
23,84,Belize,1096,Horses,2003,5200,E,,,,
25,90,Solomon Islands,1096,Horses,2003,150,E,,,,
27,100,Bulgaria,1096,Horses,2003,126321,A,,,,
28,104,Myanmar,1096,Horses,2003,130000,E,,,,
115,116,Cambodia,1096,Horses,2003,28000,E,,,,
32,120,Cameroon,1096,Horses,2003,17000,E,,,,
33,124,Canada,1096,Horses,2003,385000,E,,,,
35,132,Cabo Verde,1096,Horses,2003,490,E,,,,
38,144,Sri Lanka,1096,Horses,2003,1500,E,,,,
39,148,Chad,1096,Horses,2003,267000,X,,,,
40,152,Chile,1096,Horses,2003,365000,E,,,,
41,156,"China, mainland",1096,Horses,2003,8088000,A,,,,
214,158,"China, Taiwan Province of",1096,Horses,2003,822,A,,,,
44,170,Colombia,1096,Horses,2003,2592062,A,,,,
46,178,Congo,1096,Horses,2003,65,E,,,,
250,180,Democratic Republic of the Congo,1096,Horses,2003,,M,,,,
47,184,Cook Islands,1096,Horses,2003,306,I,,,,
48,188,Costa Rica,1096,Horses,2003,115000,E,,,,
49,192,Cuba,1096,Horses,2003,451600,A,,,,
53,204,Benin,1096,Horses,2003,1000,E,,,,
54,208,Denmark,1096,Horses,2003,42707,A,,,,
56,214,Dominican Republic,1096,Horses,2003,342500,E,,,,
58,218,Ecuador,1096,Horses,2003,399851,A,,,,
60,222,El Salvador,1096,Horses,2003,96000,E,,,,
66,242,Fiji,1096,Horses,2003,44000,E,,,,
67,246,Finland,1096,Horses,2003,60200,A,,,,
68,250,France,1096,Horses,2003,419625,A,,,,
70,258,French Polynesia,1096,Horses,2003,2200,E,,,,
75,270,Gambia,1096,Horses,2003,17000,E,,,,
79,276,Germany,1096,Horses,2003,524800,A,,,,
81,288,Ghana,1096,Horses,2003,3000,E,,,,
84,300,Greece,1096,Horses,2003,27594,A,,,,
86,308,Grenada,1096,Horses,2003,30,E,,,,
89,320,Guatemala,1096,Horses,2003,124000,E,,,,
90,324,Guinea,1096,Horses,2003,2800,E,,,,
91,328,Guyana,1096,Horses,2003,2400,E,,,,
93,332,Haiti,1096,Horses,2003,501000,E,,,,
95,340,Honduras,1096,Horses,2003,181000,E,,,,
96,344,"China, Hong Kong SAR",1096,Horses,2003,1500,E,,,,
97,348,Hungary,1096,Horses,2003,63000,A,,,,
99,352,Iceland,1096,Horses,2003,71412,A,,,,
100,356,India,1096,Horses,2003,751000,A,,,,
101,360,Indonesia,1096,Horses,2003,412682,A,,,,
102,364,Iran (Islamic Republic of),1096,Horses,2003,150000,E,,,,
103,368,Iraq,1096,Horses,2003,47000,A,,,,
104,372,Ireland,1096,Horses,2003,70400,A,,,,
105,376,Israel,1096,Horses,2003,4000,E,,,,
106,380,Italy,1096,Horses,2003,290000,E,,,,
109,388,Jamaica,1096,Horses,2003,4000,E,,,,
110,392,Japan,1096,Horses,2003,25000,E,,,,
112,400,Jordan,1096,Horses,2003,3100,A,,,,
114,404,Kenya,1096,Horses,2003,1800,E,,,,
116,408,Democratic People's Republic of Korea,1096,Horses,2003,48000,E,,,,
117,410,Republic of Korea,1096,Horses,2003,16302,A,,,,
118,414,Kuwait,1096,Horses,2003,1200,E,,,,
120,418,Lao People's Democratic Republic,1096,Horses,2003,31000,E,,,,
121,422,Lebanon,1096,Horses,2003,3580,X,,,,
122,426,Lesotho,1096,Horses,2003,75895,A,,,,
124,434,Libya,1096,Horses,2003,45000,E,,,,
129,450,Madagascar,1096,Horses,2003,470,E,,,,
130,454,Malawi,1096,Horses,2003,45,E,,,,
131,458,Malaysia,1096,Horses,2003,2963,A,,,,
133,466,Mali,1096,Horses,2003,220399,A,,,,
134,470,Malta,1096,Horses,2003,1000,E,,,,
136,478,Mauritania,1096,Horses,2003,57860,E,,,,
137,480,Mauritius,1096,Horses,2003,150,E,,,,
138,484,Mexico,1096,Horses,2003,6260000,E,,,,
141,496,Mongolia,1096,Horses,2003,1988900,A,,,,
143,504,Morocco,1096,Horses,2003,156300,A,,,,
147,516,Namibia,1096,Horses,2003,50000,E,,,,
150,528,Netherlands (Kingdom of the),1096,Horses,2003,126292,A,,,,
153,540,New Caledonia,1096,Horses,2003,11500,E,,,,
155,548,Vanuatu,1096,Horses,2003,3100,E,,,,
156,554,New Zealand,1096,Horses,2003,80397,A,,,,
157,558,Nicaragua,1096,Horses,2003,260000,E,,,,
158,562,Niger,1096,Horses,2003,225595,A,,,,
159,566,Nigeria,1096,Horses,2003,205000,E,,,,
162,578,Norway,1096,Horses,2003,28531,A,,,,
165,586,Pakistan,1096,Horses,2003,317000,A,,,,
166,591,Panama,1096,Horses,2003,149000,E,,,,
168,598,Papua New Guinea,1096,Horses,2003,2000,X,,,,
169,600,Paraguay,1096,Horses,2003,336800,E,,,,
170,604,Peru,1096,Horses,2003,720000,E,,,,
171,608,Philippines,1096,Horses,2003,230000,E,,,,
173,616,Poland,1096,Horses,2003,333108,A,,,,
174,620,Portugal,1096,Horses,2003,59000,A,,,,
175,624,Guinea-Bissau,1096,Horses,2003,1850,E,,,,
176,626,Timor-Leste,1096,Horses,2003,48000,E,,,,
177,630,Puerto Rico,1096,Horses,2003,3838,A,,,,
179,634,Qatar,1096,Horses,2003,1897,A,,,,
183,642,Romania,1096,Horses,2003,879000,A,,,,
189,662,Saint Lucia,1096,Horses,2003,1000,E,,,,
193,678,Sao Tome and Principe,1096,Horses,2003,250,E,,,,
194,682,Saudi Arabia,1096,Horses,2003,5000,E,,,,
195,686,Senegal,1096,Horses,2003,500225,A,,,,
197,694,Sierra Leone,1096,Horses,2003,400000,E,,,,
237,704,Viet Nam,1096,Horses,2003,112497,A,,,,
201,706,Somalia,1096,Horses,2003,830,E,,,,
202,710,South Africa,1096,Horses,2003,270000,E,,,,
181,716,Zimbabwe,1096,Horses,2003,27500,E,,,,
203,724,Spain,1096,Horses,2003,238000,E,,,,
206,736,Sudan (former),1096,Horses,2003,650000,E,,,,
207,740,Suriname,1096,Horses,2003,360,E,,,,
209,748,Eswatini,1096,Horses,2003,1400,E,,,,
210,752,Sweden,1096,Horses,2003,95499,A,,,,
211,756,Switzerland,1096,Horses,2003,52672,A,,,,
212,760,Syrian Arab Republic,1096,Horses,2003,15000,A,,,,
216,764,Thailand,1096,Horses,2003,7137,A,,,,
217,768,Togo,1096,Horses,2003,1600,E,,,,
219,776,Tonga,1096,Horses,2003,11400,E,,,,
220,780,Trinidad and Tobago,1096,Horses,2003,1150,E,,,,
225,784,United Arab Emirates,1096,Horses,2003,380,E,,,,
222,788,Tunisia,1096,Horses,2003,57000,E,,,,
223,792,Türkiye,1096,Horses,2003,227399,A,,,,
59,818,Egypt,1096,Horses,2003,52000,A,,,,
229,826,United Kingdom of Great Britain and Northern Ireland,1096,Horses,2003,330000,E,,,,
231,840,United States of America,1096,Horses,2003,7000000,E,,,,
233,854,Burkina Faso,1096,Horses,2003,36067,A,,,,
234,858,Uruguay,1096,Horses,2003,437000,A,,,,
236,862,Venezuela (Bolivarian Republic of),1096,Horses,2003,500000,E,,,,
244,882,Samoa,1096,Horses,2003,1800,E,,,,
249,887,Yemen,1096,Horses,2003,3000,E,,,,
87,312,Guadeloupe,1096,Horses,2004,250,A,,,,
208,762,Tajikistan,1096,Horses,2004,72606,A,,,,
230,804,Ukraine,1096,Horses,2004,637100,A,,,,
57,112,Belarus,1096,Horses,2004,191800,A,,,,
238,231,Ethiopia,1096,Horses,2004,1517585,A,,,,
98,191,Croatia,1096,Horses,2004,10274,A,,,,
146,498,Republic of Moldova,1096,Horses,2004,77441,A,,,,
52,31,Azerbaijan,1096,Horses,2004,70994,A,,,,
154,807,North Macedonia,1096,Horses,2004,40391,A,,,,
185,643,Russian Federation,1096,Horses,2004,1497281,A,,,,
63,233,Estonia,1096,Horses,2004,5800,A,,,,
69,254,French Guiana,1096,Horses,2004,506,A,,,,
108,398,Kazakhstan,1096,Horses,2004,1064300,A,,,,
80,70,Bosnia and Herzegovina,1096,Horses,2004,27639,A,,,,
198,705,Slovenia,1096,Horses,2004,17500,X,,,,
182,638,Réunion,1096,Horses,2004,459,A,,,,
235,860,Uzbekistan,1096,Horses,2004,147500,A,,,,
1,51,Armenia,1096,Horses,2004,12170,A,,,,
135,474,Martinique,1096,Horses,2004,700,E,,,,
73,268,Georgia,1096,Horses,2004,43400,A,,,,
113,417,Kyrgyzstan,1096,Horses,2004,340505,A,,,,
119,428,Latvia,1096,Horses,2004,15400,A,,,,
255,56,Belgium,1096,Horses,2004,31945,A,,,,
126,440,Lithuania,1096,Horses,2004,63587,A,,,,
256,442,Luxembourg,1096,Horses,2004,3686,A,,,,
186,891,Serbia and Montenegro,1096,Horses,2004,35000,A,,,,
213,795,Turkmenistan,1096,Horses,2004,25000,E,,,,
167,203,Czechia,1096,Horses,2004,20371,A,,,,
199,703,Slovakia,1096,Horses,2004,8114,A,,,,
2,4,Afghanistan,1096,Horses,2004,155000,A,,,,
3,8,Albania,1096,Horses,2004,58000,A,,,,
4,12,Algeria,1096,Horses,2004,44590,A,,,,
7,24,Angola,1096,Horses,2004,1000,E,,,,
8,28,Antigua and Barbuda,1096,Horses,2004,490,E,,,,
9,32,Argentina,1096,Horses,2004,3655000,E,,,,
10,36,Australia,1096,Horses,2004,219147,A,,,,
11,40,Austria,1096,Horses,2004,80072,A,,,,
12,44,Bahamas,1096,Horses,2004,,M,,,,
14,52,Barbados,1096,Horses,2004,1150,E,,,,
18,64,Bhutan,1096,Horses,2004,24692,A,,,,
19,68,Bolivia (Plurinational State of),1096,Horses,2004,437460,A,,,,
20,72,Botswana,1096,Horses,2004,33000,E,,,,
21,76,Brazil,1096,Horses,2004,5787250,A,,,,
23,84,Belize,1096,Horses,2004,5250,E,,,,
25,90,Solomon Islands,1096,Horses,2004,150,E,,,,
27,100,Bulgaria,1096,Horses,2004,126321,A,,,,
28,104,Myanmar,1096,Horses,2004,130000,E,,,,
115,116,Cambodia,1096,Horses,2004,28000,E,,,,
32,120,Cameroon,1096,Horses,2004,9000,E,,,,
33,124,Canada,1096,Horses,2004,385000,E,,,,
35,132,Cabo Verde,1096,Horses,2004,500,E,,,,
38,144,Sri Lanka,1096,Horses,2004,1500,E,,,,
39,148,Chad,1096,Horses,2004,273000,E,,,,
40,152,Chile,1096,Horses,2004,350000,E,,,,
41,156,"China, mainland",1096,Horses,2004,7900000,A,,,,
214,158,"China, Taiwan Province of",1096,Horses,2004,810,A,,,,
44,170,Colombia,1096,Horses,2004,2590991,A,,,,
46,178,Congo,1096,Horses,2004,65,E,,,,
250,180,Democratic Republic of the Congo,1096,Horses,2004,,M,,,,
47,184,Cook Islands,1096,Horses,2004,300,E,,,,
48,188,Costa Rica,1096,Horses,2004,115000,E,,,,
49,192,Cuba,1096,Horses,2004,464000,A,,,,
53,204,Benin,1096,Horses,2004,1000,E,,,,
54,208,Denmark,1096,Horses,2004,39209,A,,,,
56,214,Dominican Republic,1096,Horses,2004,342500,E,,,,
58,218,Ecuador,1096,Horses,2004,411012,A,,,,
60,222,El Salvador,1096,Horses,2004,96000,E,,,,
66,242,Fiji,1096,Horses,2004,44000,E,,,,
67,246,Finland,1096,Horses,2004,61100,A,,,,
68,250,France,1096,Horses,2004,427079,A,,,,
70,258,French Polynesia,1096,Horses,2004,2200,E,,,,
75,270,Gambia,1096,Horses,2004,22000,E,,,,
79,276,Germany,1096,Horses,2004,525000,E,,,,
81,288,Ghana,1096,Horses,2004,3000,E,,,,
84,300,Greece,1096,Horses,2004,27031,A,,,,
86,308,Grenada,1096,Horses,2004,30,E,,,,
89,320,Guatemala,1096,Horses,2004,124000,E,,,,
90,324,Guinea,1096,Horses,2004,2950,E,,,,
91,328,Guyana,1096,Horses,2004,2400,E,,,,
93,332,Haiti,1096,Horses,2004,500000,E,,,,
95,340,Honduras,1096,Horses,2004,181000,E,,,,
96,344,"China, Hong Kong SAR",1096,Horses,2004,1500,E,,,,
97,348,Hungary,1096,Horses,2004,62000,A,,,,
99,352,Iceland,1096,Horses,2004,72222,A,,,,
100,356,India,1096,Horses,2004,714000,A,,,,
101,360,Indonesia,1096,Horses,2004,397299,A,,,,
102,364,Iran (Islamic Republic of),1096,Horses,2004,140000,E,,,,
103,368,Iraq,1096,Horses,2004,47000,E,,,,
104,372,Ireland,1096,Horses,2004,72800,A,,,,
105,376,Israel,1096,Horses,2004,4000,E,,,,
106,380,Italy,1096,Horses,2004,277767,A,,,,
109,388,Jamaica,1096,Horses,2004,4000,E,,,,
110,392,Japan,1096,Horses,2004,25000,E,,,,
112,400,Jordan,1096,Horses,2004,3000,A,,,,
114,404,Kenya,1096,Horses,2004,1800,E,,,,
116,408,Democratic People's Republic of Korea,1096,Horses,2004,48000,E,,,,
117,410,Republic of Korea,1096,Horses,2004,18539,A,,,,
118,414,Kuwait,1096,Horses,2004,1200,E,,,,
120,418,Lao People's Democratic Republic,1096,Horses,2004,31000,E,,,,
121,422,Lebanon,1096,Horses,2004,3580,X,,,,
122,426,Lesotho,1096,Horses,2004,80028,A,,,,
124,434,Libya,1096,Horses,2004,45000,E,,,,
129,450,Madagascar,1096,Horses,2004,470,E,,,,
130,454,Malawi,1096,Horses,2004,45,E,,,,
131,458,Malaysia,1096,Horses,2004,3008,A,,,,
133,466,Mali,1096,Horses,2004,242858,A,,,,
134,470,Malta,1096,Horses,2004,1000,E,,,,
136,478,Mauritania,1096,Horses,2004,63000,X,,,,
137,480,Mauritius,1096,Horses,2004,150,E,,,,
138,484,Mexico,1096,Horses,2004,6260000,E,,,,
141,496,Mongolia,1096,Horses,2004,1968900,A,,,,
143,504,Morocco,1096,Horses,2004,156600,A,,,,
147,516,Namibia,1096,Horses,2004,62726,A,,,,
150,528,Netherlands (Kingdom of the),1096,Horses,2004,128580,A,,,,
153,540,New Caledonia,1096,Horses,2004,11500,E,,,,
155,548,Vanuatu,1096,Horses,2004,3100,E,,,,
156,554,New Zealand,1096,Horses,2004,76918,A,,,,
157,558,Nicaragua,1096,Horses,2004,265000,E,,,,
158,562,Niger,1096,Horses,2004,227874,A,,,,
159,566,Nigeria,1096,Horses,2004,204426,I,,,,
162,578,Norway,1096,Horses,2004,29029,A,,,,
165,586,Pakistan,1096,Horses,2004,315000,A,,,,
166,591,Panama,1096,Horses,2004,145000,E,,,,
168,598,Papua New Guinea,1096,Horses,2004,2000,E,,,,
169,600,Paraguay,1096,Horses,2004,326200,E,,,,
170,604,Peru,1096,Horses,2004,725000,E,,,,
171,608,Philippines,1096,Horses,2004,230000,E,,,,
173,616,Poland,1096,Horses,2004,320952,A,,,,
174,620,Portugal,1096,Horses,2004,60000,A,,,,
175,624,Guinea-Bissau,1096,Horses,2004,1850,E,,,,
176,626,Timor-Leste,1096,Horses,2004,48000,E,,,,
177,630,Puerto Rico,1096,Horses,2004,5126,A,,,,
179,634,Qatar,1096,Horses,2004,1935,A,,,,
183,642,Romania,1096,Horses,2004,897000,A,,,,
189,662,Saint Lucia,1096,Horses,2004,1000,E,,,,
193,678,Sao Tome and Principe,1096,Horses,2004,250,E,,,,
194,682,Saudi Arabia,1096,Horses,2004,7100,E,,,,
195,686,Senegal,1096,Horses,2004,504010,A,,,,
197,694,Sierra Leone,1096,Horses,2004,410000,E,,,,
237,704,Viet Nam,1096,Horses,2004,113371,A,,,,
201,706,Somalia,1096,Horses,2004,850,E,,,,
202,710,South Africa,1096,Horses,2004,270000,E,,,,
181,716,Zimbabwe,1096,Horses,2004,27500,E,,,,
203,724,Spain,1096,Horses,2004,238000,E,,,,
206,736,Sudan (former),1096,Horses,2004,650000,E,,,,
207,740,Suriname,1096,Horses,2004,360,E,,,,
209,748,Eswatini,1096,Horses,2004,1400,E,,,,
210,752,Sweden,1096,Horses,2004,95660,A,,,,
211,756,Switzerland,1096,Horses,2004,53701,A,,,,
212,760,Syrian Arab Republic,1096,Horses,2004,15000,A,,,,
216,764,Thailand,1096,Horses,2004,3148,A,,,,
217,768,Togo,1096,Horses,2004,1600,E,,,,
219,776,Tonga,1096,Horses,2004,11400,E,,,,
220,780,Trinidad and Tobago,1096,Horses,2004,1200,E,,,,
225,784,United Arab Emirates,1096,Horses,2004,380,E,,,,
222,788,Tunisia,1096,Horses,2004,57000,E,,,,
223,792,Türkiye,1096,Horses,2004,212414,A,,,,
59,818,Egypt,1096,Horses,2004,48000,A,,,,
229,826,United Kingdom of Great Britain and Northern Ireland,1096,Horses,2004,350000,E,,,,
231,840,United States of America,1096,Horses,2004,9000000,X,,,,
233,854,Burkina Faso,1096,Horses,2004,36410,A,,,,
234,858,Uruguay,1096,Horses,2004,429000,A,,,,
236,862,Venezuela (Bolivarian Republic of),1096,Horses,2004,500000,E,,,,
244,882,Samoa,1096,Horses,2004,1800,E,,,,
249,887,Yemen,1096,Horses,2004,3000,E,,,,
69,254,French Guiana,1096,Horses,2005,505,E,,,,
73,268,Georgia,1096,Horses,2005,44400,A,,,,
126,440,Lithuania,1096,Horses,2005,63628,A,,,,
113,417,Kyrgyzstan,1096,Horses,2005,347178,A,,,,
255,56,Belgium,1096,Horses,2005,27985,A,,,,
119,428,Latvia,1096,Horses,2005,15500,A,,,,
154,807,North Macedonia,1096,Horses,2005,39651,A,,,,
230,804,Ukraine,1096,Horses,2005,590900,A,,,,
146,498,Republic of Moldova,1096,Horses,2005,72479,A,,,,
199,703,Slovakia,1096,Horses,2005,8209,A,,,,
52,31,Azerbaijan,1096,Horses,2005,69353,A,,,,
57,112,Belarus,1096,Horses,2005,180800,A,,,,
98,191,Croatia,1096,Horses,2005,9186,A,,,,
108,398,Kazakhstan,1096,Horses,2005,1120400,A,,,,
238,231,Ethiopia,1096,Horses,2005,1569350,A,,,,
182,638,Réunion,1096,Horses,2005,460,E,,,,
208,762,Tajikistan,1096,Horses,2005,73731,A,,,,
213,795,Turkmenistan,1096,Horses,2005,25000,E,,,,
1,51,Armenia,1096,Horses,2005,11945,A,,,,
80,70,Bosnia and Herzegovina,1096,Horses,2005,27140,A,,,,
185,643,Russian Federation,1096,Horses,2005,1407697,A,,,,
186,891,Serbia and Montenegro,1096,Horses,2005,32688,A,,,,
256,442,Luxembourg,1096,Horses,2005,4193,A,,,,
167,203,Czechia,1096,Horses,2005,20561,A,,,,
63,233,Estonia,1096,Horses,2005,5100,A,,,,
87,312,Guadeloupe,1096,Horses,2005,200,A,,,,
235,860,Uzbekistan,1096,Horses,2005,151500,A,,,,
135,474,Martinique,1096,Horses,2005,650,E,,,,
198,705,Slovenia,1096,Horses,2005,19249,A,,,,
2,4,Afghanistan,1096,Horses,2005,149000,A,,,,
3,8,Albania,1096,Horses,2005,53000,A,,,,
4,12,Algeria,1096,Horses,2005,42642,A,,,,
7,24,Angola,1096,Horses,2005,1000,E,,,,
8,28,Antigua and Barbuda,1096,Horses,2005,490,E,,,,
9,32,Argentina,1096,Horses,2005,3655000,E,,,,
10,36,Australia,1096,Horses,2005,221042,A,,,,
11,40,Austria,1096,Horses,2005,85000,E,,,,
12,44,Bahamas,1096,Horses,2005,,M,,,,
14,52,Barbados,1096,Horses,2005,1150,E,,,,
18,64,Bhutan,1096,Horses,2005,24608,A,,,,
19,68,Bolivia (Plurinational State of),1096,Horses,2005,447047,A,,,,
20,72,Botswana,1096,Horses,2005,33000,E,,,,
21,76,Brazil,1096,Horses,2005,5787249,A,,,,
23,84,Belize,1096,Horses,2005,5250,E,,,,
25,90,Solomon Islands,1096,Horses,2005,150,E,,,,
27,100,Bulgaria,1096,Horses,2005,135000,E,,,,
28,104,Myanmar,1096,Horses,2005,130000,E,,,,
115,116,Cambodia,1096,Horses,2005,28000,E,,,,
32,120,Cameroon,1096,Horses,2005,10248,A,,,,
33,124,Canada,1096,Horses,2005,385000,E,,,,
35,132,Cabo Verde,1096,Horses,2005,500,E,,,,
38,144,Sri Lanka,1096,Horses,2005,1500,E,,,,
39,148,Chad,1096,Horses,2005,275000,E,,,,
40,152,Chile,1096,Horses,2005,335000,E,,,,
41,156,"China, mainland",1096,Horses,2005,7639000,A,,,,
214,158,"China, Taiwan Province of",1096,Horses,2005,820,E,,,,
44,170,Colombia,1096,Horses,2005,2553621,A,,,,
46,178,Congo,1096,Horses,2005,65,E,,,,
250,180,Democratic Republic of the Congo,1096,Horses,2005,,M,,,,
47,184,Cook Islands,1096,Horses,2005,300,E,,,,
48,188,Costa Rica,1096,Horses,2005,115000,E,,,,
49,192,Cuba,1096,Horses,2005,469500,A,,,,
53,204,Benin,1096,Horses,2005,1000,E,,,,
54,208,Denmark,1096,Horses,2005,53512,A,,,,
56,214,Dominican Republic,1096,Horses,2005,345000,E,,,,
58,218,Ecuador,1096,Horses,2005,411158,A,,,,
60,222,El Salvador,1096,Horses,2005,96000,E,,,,
66,242,Fiji,1096,Horses,2005,44000,E,,,,
67,246,Finland,1096,Horses,2005,63770,A,,,,
68,250,France,1096,Horses,2005,426227,A,,,,
70,258,French Polynesia,1096,Horses,2005,2200,E,,,,
75,270,Gambia,1096,Horses,2005,27000,E,,,,
79,276,Germany,1096,Horses,2005,500400,A,,,,
81,288,Ghana,1096,Horses,2005,3000,E,,,,
84,300,Greece,1096,Horses,2005,27150,A,,,,
86,308,Grenada,1096,Horses,2005,30,E,,,,
89,320,Guatemala,1096,Horses,2005,124000,E,,,,
90,324,Guinea,1096,Horses,2005,3000,E,,,,
91,328,Guyana,1096,Horses,2005,2400,E,,,,
93,332,Haiti,1096,Horses,2005,502000,E,,,,
95,340,Honduras,1096,Horses,2005,181000,E,,,,
96,344,"China, Hong Kong SAR",1096,Horses,2005,1550,E,,,,
97,348,Hungary,1096,Horses,2005,67000,A,,,,
99,352,Iceland,1096,Horses,2005,74820,A,,,,
100,356,India,1096,Horses,2005,678000,A,,,,
101,360,Indonesia,1096,Horses,2005,386708,A,,,,
102,364,Iran (Islamic Republic of),1096,Horses,2005,140000,E,,,,
103,368,Iraq,1096,Horses,2005,47000,E,,,,
104,372,Ireland,1096,Horses,2005,79900,A,,,,
105,376,Israel,1096,Horses,2005,4000,E,,,,
106,380,Italy,1096,Horses,2005,200000,E,,,,
109,388,Jamaica,1096,Horses,2005,4000,E,,,,
110,392,Japan,1096,Horses,2005,25000,E,,,,
112,400,Jordan,1096,Horses,2005,2800,A,,,,
114,404,Kenya,1096,Horses,2005,1800,E,,,,
116,408,Democratic People's Republic of Korea,1096,Horses,2005,48000,E,,,,
117,410,Republic of Korea,1096,Horses,2005,20487,A,,,,
118,414,Kuwait,1096,Horses,2005,1200,E,,,,
120,418,Lao People's Democratic Republic,1096,Horses,2005,31000,E,,,,
121,422,Lebanon,1096,Horses,2005,3580,X,,,,
122,426,Lesotho,1096,Horses,2005,71026,A,,,,
124,434,Libya,1096,Horses,2005,45000,E,,,,
129,450,Madagascar,1096,Horses,2005,470,E,,,,
130,454,Malawi,1096,Horses,2005,45,E,,,,
131,458,Malaysia,1096,Horses,2005,2367,A,,,,
133,466,Mali,1096,Horses,2005,267605,A,,,,
134,470,Malta,1096,Horses,2005,1000,E,,,,
136,478,Mauritania,1096,Horses,2005,63000,X,,,,
137,480,Mauritius,1096,Horses,2005,150,E,,,,
138,484,Mexico,1096,Horses,2005,6260000,E,,,,
141,496,Mongolia,1096,Horses,2005,2029100,A,,,,
143,504,Morocco,1096,Horses,2005,159400,A,,,,
147,516,Namibia,1096,Horses,2005,47429,A,,,,
150,528,Netherlands (Kingdom of the),1096,Horses,2005,133321,A,,,,
153,540,New Caledonia,1096,Horses,2005,8500,A,,,,
155,548,Vanuatu,1096,Horses,2005,3100,E,,,,
156,554,New Zealand,1096,Horses,2005,72000,E,,,,
157,558,Nicaragua,1096,Horses,2005,268000,E,,,,
158,562,Niger,1096,Horses,2005,230176,A,,,,
159,566,Nigeria,1096,Horses,2005,203215,I,,,,
162,578,Norway,1096,Horses,2005,30019,A,,,,
165,586,Pakistan,1096,Horses,2005,313000,A,,,,
166,591,Panama,1096,Horses,2005,141000,E,,,,
168,598,Papua New Guinea,1096,Horses,2005,2000,E,,,,
169,600,Paraguay,1096,Horses,2005,315600,E,,,,
170,604,Peru,1096,Horses,2005,730000,E,,,,
171,608,Philippines,1096,Horses,2005,230000,E,,,,
173,616,Poland,1096,Horses,2005,312139,A,,,,
174,620,Portugal,1096,Horses,2005,61000,A,,,,
175,624,Guinea-Bissau,1096,Horses,2005,1900,E,,,,
176,626,Timor-Leste,1096,Horses,2005,63803,A,,,,
177,630,Puerto Rico,1096,Horses,2005,6415,A,,,,
179,634,Qatar,1096,Horses,2005,2000,A,,,,
183,642,Romania,1096,Horses,2005,840000,A,,,,
189,662,Saint Lucia,1096,Horses,2005,1000,E,,,,
193,678,Sao Tome and Principe,1096,Horses,2005,260,E,,,,
194,682,Saudi Arabia,1096,Horses,2005,9000,E,,,,
195,686,Senegal,1096,Horses,2005,513714,A,,,,
197,694,Sierra Leone,1096,Horses,2005,410000,E,,,,
237,704,Viet Nam,1096,Horses,2005,110500,A,,,,
201,706,Somalia,1096,Horses,2005,850,E,,,,
202,710,South Africa,1096,Horses,2005,270000,E,,,,
181,716,Zimbabwe,1096,Horses,2005,28000,E,,,,
203,724,Spain,1096,Horses,2005,240000,E,,,,
206,736,Sudan (former),1096,Horses,2005,700000,A,,,,
207,740,Suriname,1096,Horses,2005,360,E,,,,
209,748,Eswatini,1096,Horses,2005,1400,E,,,,
210,752,Sweden,1096,Horses,2005,95700,E,,,,
211,756,Switzerland,1096,Horses,2005,55126,A,,,,
212,760,Syrian Arab Republic,1096,Horses,2005,15000,A,,,,
216,764,Thailand,1096,Horses,2005,5575,A,,,,
217,768,Togo,1096,Horses,2005,1600,E,,,,
219,776,Tonga,1096,Horses,2005,11400,E,,,,
220,780,Trinidad and Tobago,1096,Horses,2005,1280,E,,,,
225,784,United Arab Emirates,1096,Horses,2005,380,E,,,,
222,788,Tunisia,1096,Horses,2005,57000,E,,,,
223,792,Türkiye,1096,Horses,2005,207808,A,,,,
59,818,Egypt,1096,Horses,2005,80000,A,,,,
229,826,United Kingdom of Great Britain and Northern Ireland,1096,Horses,2005,370000,E,,,,
231,840,United States of America,1096,Horses,2005,9200000,A,,,,
233,854,Burkina Faso,1096,Horses,2005,36757,A,,,,
234,858,Uruguay,1096,Horses,2005,432000,A,,,,
236,862,Venezuela (Bolivarian Republic of),1096,Horses,2005,500000,E,,,,
244,882,Samoa,1096,Horses,2005,1800,E,,,,
249,887,Yemen,1096,Horses,2005,3000,E,,,,
57,112,Belarus,1096,Horses,2006,167600,A,,,,
119,428,Latvia,1096,Horses,2006,13900,A,,,,
146,498,Republic of Moldova,1096,Horses,2006,69134,A,,,,
73,268,Georgia,1096,Horses,2006,42800,A,,,,
113,417,Kyrgyzstan,1096,Horses,2006,345174,A,,,,
235,860,Uzbekistan,1096,Horses,2006,158100,A,,,,
80,70,Bosnia and Herzegovina,1096,Horses,2006,25907,A,,,,
199,703,Slovakia,1096,Horses,2006,8328,A,,,,
1,51,Armenia,1096,Horses,2006,12262,A,,,,
135,474,Martinique,1096,Horses,2006,500,E,,,,
238,231,Ethiopia,1096,Horses,2006,1655383,A,,,,
69,254,French Guiana,1096,Horses,2006,505,E,,,,
154,807,North Macedonia,1096,Horses,2006,40553,A,,,,
185,643,Russian Federation,1096,Horses,2006,1316606,A,,,,
213,795,Turkmenistan,1096,Horses,2006,25000,E,,,,
255,56,Belgium,1096,Horses,2006,33186,A,,,,
108,398,Kazakhstan,1096,Horses,2006,1163500,A,,,,
182,638,Réunion,1096,Horses,2006,430,E,,,,
230,804,Ukraine,1096,Horses,2006,554800,A,,,,
273,499,Montenegro,1096,Horses,2006,6260,A,,,,
98,191,Croatia,1096,Horses,2006,9879,A,,,,
87,312,Guadeloupe,1096,Horses,2006,200,A,,,,
126,440,Lithuania,1096,Horses,2006,62605,A,,,,
198,705,Slovenia,1096,Horses,2006,19249,A,,,,
167,203,Czechia,1096,Horses,2006,22833,A,,,,
52,31,Azerbaijan,1096,Horses,2006,69984,A,,,,
63,233,Estonia,1096,Horses,2006,4800,A,,,,
208,762,Tajikistan,1096,Horses,2006,74604,A,,,,
256,442,Luxembourg,1096,Horses,2006,4336,A,,,,
272,688,Serbia,1096,Horses,2006,19742,A,,,,
2,4,Afghanistan,1096,Horses,2006,146000,A,,,,
3,8,Albania,1096,Horses,2006,51000,A,,,,
4,12,Algeria,1096,Horses,2006,43570,A,,,,
7,24,Angola,1096,Horses,2006,1000,E,,,,
8,28,Antigua and Barbuda,1096,Horses,2006,490,E,,,,
9,32,Argentina,1096,Horses,2006,3650000,E,,,,
10,36,Australia,1096,Horses,2006,257123,A,,,,
11,40,Austria,1096,Horses,2006,86000,E,,,,
12,44,Bahamas,1096,Horses,2006,,M,,,,
14,52,Barbados,1096,Horses,2006,1200,E,,,,
18,64,Bhutan,1096,Horses,2006,20127,A,,,,
19,68,Bolivia (Plurinational State of),1096,Horses,2006,455929,A,,,,
20,72,Botswana,1096,Horses,2006,33000,E,,,,
21,76,Brazil,1096,Horses,2006,5749117,A,,,,
23,84,Belize,1096,Horses,2006,5300,E,,,,
25,90,Solomon Islands,1096,Horses,2006,150,E,,,,
27,100,Bulgaria,1096,Horses,2006,148000,E,,,,
28,104,Myanmar,1096,Horses,2006,135000,E,,,,
115,116,Cambodia,1096,Horses,2006,28000,E,,,,
32,120,Cameroon,1096,Horses,2006,10796,A,,,,
33,124,Canada,1096,Horses,2006,385000,E,,,,
35,132,Cabo Verde,1096,Horses,2006,510,E,,,,
38,144,Sri Lanka,1096,Horses,2006,1500,E,,,,
39,148,Chad,1096,Horses,2006,277200,E,,,,
40,152,Chile,1096,Horses,2006,350000,E,,,,
41,156,"China, mainland",1096,Horses,2006,7399600,A,,,,
214,158,"China, Taiwan Province of",1096,Horses,2006,810,E,,,,
44,170,Colombia,1096,Horses,2006,2316770,A,,,,
46,178,Congo,1096,Horses,2006,65,E,,,,
250,180,Democratic Republic of the Congo,1096,Horses,2006,,M,,,,
47,184,Cook Islands,1096,Horses,2006,300,E,,,,
48,188,Costa Rica,1096,Horses,2006,115000,E,,,,
49,192,Cuba,1096,Horses,2006,482800,A,,,,
53,204,Benin,1096,Horses,2006,1000,E,,,,
54,208,Denmark,1096,Horses,2006,52882,A,,,,
56,214,Dominican Republic,1096,Horses,2006,347500,E,,,,
58,218,Ecuador,1096,Horses,2006,403146,A,,,,
60,222,El Salvador,1096,Horses,2006,96000,E,,,,
66,242,Fiji,1096,Horses,2006,45000,E,,,,
67,246,Finland,1096,Horses,2006,66050,A,,,,
68,250,France,1096,Horses,2006,422872,A,,,,
70,258,French Polynesia,1096,Horses,2006,2200,E,,,,
75,270,Gambia,1096,Horses,2006,32000,E,,,,
79,276,Germany,1096,Horses,2006,510000,E,,,,
81,288,Ghana,1096,Horses,2006,3000,E,,,,
84,300,Greece,1096,Horses,2006,27016,A,,,,
86,308,Grenada,1096,Horses,2006,30,E,,,,
89,320,Guatemala,1096,Horses,2006,124000,E,,,,
90,324,Guinea,1096,Horses,2006,3000,E,,,,
91,328,Guyana,1096,Horses,2006,2400,E,,,,
93,332,Haiti,1096,Horses,2006,500000,E,,,,
95,340,Honduras,1096,Horses,2006,181000,E,,,,
96,344,"China, Hong Kong SAR",1096,Horses,2006,1600,E,,,,
97,348,Hungary,1096,Horses,2006,71000,A,,,,
99,352,Iceland,1096,Horses,2006,75644,A,,,,
100,356,India,1096,Horses,2006,644000,A,,,,
101,360,Indonesia,1096,Horses,2006,397642,A,,,,
102,364,Iran (Islamic Republic of),1096,Horses,2006,140000,E,,,,
103,368,Iraq,1096,Horses,2006,47000,A,,,,
104,372,Ireland,1096,Horses,2006,86600,A,,,,
105,376,Israel,1096,Horses,2006,4000,E,,,,
106,380,Italy,1096,Horses,2006,290000,E,,,,
109,388,Jamaica,1096,Horses,2006,4000,E,,,,
110,392,Japan,1096,Horses,2006,20000,E,,,,
112,400,Jordan,1096,Horses,2006,2600,A,,,,
114,404,Kenya,1096,Horses,2006,1800,E,,,,
116,408,Democratic People's Republic of Korea,1096,Horses,2006,48000,E,,,,
117,410,Republic of Korea,1096,Horses,2006,22941,A,,,,
118,414,Kuwait,1096,Horses,2006,1200,E,,,,
120,418,Lao People's Democratic Republic,1096,Horses,2006,31000,E,,,,
121,422,Lebanon,1096,Horses,2006,3580,X,,,,
122,426,Lesotho,1096,Horses,2006,69029,A,,,,
124,434,Libya,1096,Horses,2006,45000,A,,,,
129,450,Madagascar,1096,Horses,2006,470,E,,,,
130,454,Malawi,1096,Horses,2006,45,E,,,,
131,458,Malaysia,1096,Horses,2006,3055,A,,,,
133,466,Mali,1096,Horses,2006,265000,A,,,,
134,470,Malta,1096,Horses,2006,1050,E,,,,
136,478,Mauritania,1096,Horses,2006,64000,X,,,,
137,480,Mauritius,1096,Horses,2006,150,E,,,,
138,484,Mexico,1096,Horses,2006,6300000,E,,,,
141,496,Mongolia,1096,Horses,2006,2114800,A,,,,
143,504,Morocco,1096,Horses,2006,160500,A,,,,
147,516,Namibia,1096,Horses,2006,46209,A,,,,
150,528,Netherlands (Kingdom of the),1096,Horses,2006,127743,A,,,,
153,540,New Caledonia,1096,Horses,2006,11500,E,,,,
155,548,Vanuatu,1096,Horses,2006,3100,E,,,,
156,554,New Zealand,1096,Horses,2006,68000,E,,,,
157,558,Nicaragua,1096,Horses,2006,268000,E,,,,
158,562,Niger,1096,Horses,2006,232478,A,,,,
159,566,Nigeria,1096,Horses,2006,160592,I,,,,
162,578,Norway,1096,Horses,2006,31154,A,,,,
165,586,Pakistan,1096,Horses,2006,344000,A,,,,
166,591,Panama,1096,Horses,2006,138000,E,,,,
168,598,Papua New Guinea,1096,Horses,2006,2000,E,,,,
169,600,Paraguay,1096,Horses,2006,305000,E,,,,
170,604,Peru,1096,Horses,2006,730000,E,,,,
171,608,Philippines,1096,Horses,2006,230000,E,,,,
173,616,Poland,1096,Horses,2006,306992,A,,,,
174,620,Portugal,1096,Horses,2006,64000,A,,,,
175,624,Guinea-Bissau,1096,Horses,2006,2000,E,,,,
176,626,Timor-Leste,1096,Horses,2006,63477,A,,,,
177,630,Puerto Rico,1096,Horses,2006,9039,I,,,,
179,634,Qatar,1096,Horses,2006,4759,A,,,,
183,642,Romania,1096,Horses,2006,834000,A,,,,
189,662,Saint Lucia,1096,Horses,2006,1000,E,,,,
193,678,Sao Tome and Principe,1096,Horses,2006,260,E,,,,
194,682,Saudi Arabia,1096,Horses,2006,11500,E,,,,
195,686,Senegal,1096,Horses,2006,517536,A,,,,
197,694,Sierra Leone,1096,Horses,2006,415000,E,,,,
237,704,Viet Nam,1096,Horses,2006,87300,A,,,,
201,706,Somalia,1096,Horses,2006,850,E,,,,
202,710,South Africa,1096,Horses,2006,280000,E,,,,
181,716,Zimbabwe,1096,Horses,2006,28000,E,,,,
203,724,Spain,1096,Horses,2006,245000,E,,,,
206,736,Sudan (former),1096,Horses,2006,746600,A,,,,
207,740,Suriname,1096,Horses,2006,190,A,,,,
209,748,Eswatini,1096,Horses,2006,1400,E,,,,
210,752,Sweden,1096,Horses,2006,96000,E,,,,
211,756,Switzerland,1096,Horses,2006,56400,A,,,,
212,760,Syrian Arab Republic,1096,Horses,2006,13900,A,,,,
216,764,Thailand,1096,Horses,2006,2327,A,,,,
217,768,Togo,1096,Horses,2006,1600,E,,,,
219,776,Tonga,1096,Horses,2006,11400,E,,,,
220,780,Trinidad and Tobago,1096,Horses,2006,1280,E,,,,
225,784,United Arab Emirates,1096,Horses,2006,400,E,,,,
222,788,Tunisia,1096,Horses,2006,57000,A,,,,
223,792,Türkiye,1096,Horses,2006,204352,A,,,,
59,818,Egypt,1096,Horses,2006,72000,A,,,,
229,826,United Kingdom of Great Britain and Northern Ireland,1096,Horses,2006,388000,A,,,,
231,840,United States of America,1096,Horses,2006,9200000,E,,,,
233,854,Burkina Faso,1096,Horses,2006,37106,A,,,,
234,858,Uruguay,1096,Horses,2006,525000,A,,,,
236,862,Venezuela (Bolivarian Republic of),1096,Horses,2006,500000,E,,,,
244,882,Samoa,1096,Horses,2006,1850,E,,,,
249,887,Yemen,1096,Horses,2006,3000,E,,,,
52,31,Azerbaijan,1096,Horses,2007,69922,A,,,,
154,807,North Macedonia,1096,Horses,2007,31066,A,,,,
235,860,Uzbekistan,1096,Horses,2007,162400,A,,,,
73,268,Georgia,1096,Horses,2007,42300,E,,,,
80,70,Bosnia and Herzegovina,1096,Horses,2007,25408,A,,,,
167,203,Czechia,1096,Horses,2007,24009,A,,,,
119,428,Latvia,1096,Horses,2007,13600,A,,,,
272,688,Serbia,1096,Horses,2007,18495,A,,,,
98,191,Croatia,1096,Horses,2007,14016,A,,,,
113,417,Kyrgyzstan,1096,Horses,2007,347526,A,,,,
213,795,Turkmenistan,1096,Horses,2007,25000,E,,,,
198,705,Slovenia,1096,Horses,2007,19000,E,,,,
57,112,Belarus,1096,Horses,2007,156200,A,,,,
208,762,Tajikistan,1096,Horses,2007,75408,A,,,,
238,231,Ethiopia,1096,Horses,2007,1762898,A,,,,
63,233,Estonia,1096,Horses,2007,4900,A,,,,
185,643,Russian Federation,1096,Horses,2007,1300575,A,,,,
126,440,Lithuania,1096,Horses,2007,60900,A,,,,
255,56,Belgium,1096,Horses,2007,33544,A,,,,
1,51,Armenia,1096,Horses,2007,12628,A,,,,
146,498,Republic of Moldova,1096,Horses,2007,66766,A,,,,
273,499,Montenegro,1096,Horses,2007,5463,A,,,,
108,398,Kazakhstan,1096,Horses,2007,1235600,A,,,,
199,703,Slovakia,1096,Horses,2007,8222,A,,,,
230,804,Ukraine,1096,Horses,2007,534300,A,,,,
256,442,Luxembourg,1096,Horses,2007,4334,A,,,,
2,4,Afghanistan,1096,Horses,2007,145000,A,,,,
3,8,Albania,1096,Horses,2007,46000,A,,,,
4,12,Algeria,1096,Horses,2007,47040,A,,,,
7,24,Angola,1096,Horses,2007,1000,E,,,,
8,28,Antigua and Barbuda,1096,Horses,2007,400,E,,,,
9,32,Argentina,1096,Horses,2007,3680000,E,,,,
10,36,Australia,1096,Horses,2007,264876,A,,,,
11,40,Austria,1096,Horses,2007,87000,E,,,,
12,44,Bahamas,1096,Horses,2007,,M,,,,
14,52,Barbados,1096,Horses,2007,1200,E,,,,
18,64,Bhutan,1096,Horses,2007,20967,A,,,,
19,68,Bolivia (Plurinational State of),1096,Horses,2007,465397,A,,,,
20,72,Botswana,1096,Horses,2007,29991,A,,,,
21,76,Brazil,1096,Horses,2007,5602053,A,,,,
23,84,Belize,1096,Horses,2007,5300,E,,,,
25,90,Solomon Islands,1096,Horses,2007,150,E,,,,
27,100,Bulgaria,1096,Horses,2007,155000,E,,,,
28,104,Myanmar,1096,Horses,2007,140000,E,,,,
115,116,Cambodia,1096,Horses,2007,28000,E,,,,
32,120,Cameroon,1096,Horses,2007,14500,E,,,,
33,124,Canada,1096,Horses,2007,385000,E,,,,
35,132,Cabo Verde,1096,Horses,2007,515,E,,,,
38,144,Sri Lanka,1096,Horses,2007,1500,E,,,,
39,148,Chad,1096,Horses,2007,390829,A,,,,
40,152,Chile,1096,Horses,2007,304252,A,,,,
41,156,"China, mainland",1096,Horses,2007,7195000,A,,,,
214,158,"China, Taiwan Province of",1096,Horses,2007,865,E,,,,
44,170,Colombia,1096,Horses,2007,2393883,A,,,,
46,178,Congo,1096,Horses,2007,65,E,,,,
250,180,Democratic Republic of the Congo,1096,Horses,2007,,M,,,,
47,184,Cook Islands,1096,Horses,2007,305,E,,,,
48,188,Costa Rica,1096,Horses,2007,120000,E,,,,
49,192,Cuba,1096,Horses,2007,506000,A,,,,
53,204,Benin,1096,Horses,2007,1050,E,,,,
54,208,Denmark,1096,Horses,2007,52702,A,,,,
56,214,Dominican Republic,1096,Horses,2007,350000,E,,,,
58,218,Ecuador,1096,Horses,2007,382741,A,,,,
60,222,El Salvador,1096,Horses,2007,96000,E,,,,
66,242,Fiji,1096,Horses,2007,46000,E,,,,
67,246,Finland,1096,Horses,2007,68000,A,,,,
68,250,France,1096,Horses,2007,423049,A,,,,
70,258,French Polynesia,1096,Horses,2007,2200,E,,,,
75,270,Gambia,1096,Horses,2007,37000,E,,,,
79,276,Germany,1096,Horses,2007,541890,A,,,,
81,288,Ghana,1096,Horses,2007,3050,E,,,,
84,300,Greece,1096,Horses,2007,27806,A,,,,
86,308,Grenada,1096,Horses,2007,30,E,,,,
89,320,Guatemala,1096,Horses,2007,125000,E,,,,
90,324,Guinea,1096,Horses,2007,3100,E,,,,
91,328,Guyana,1096,Horses,2007,2400,E,,,,
93,332,Haiti,1096,Horses,2007,500000,E,,,,
95,340,Honduras,1096,Horses,2007,181000,E,,,,
96,344,"China, Hong Kong SAR",1096,Horses,2007,1600,E,,,,
97,348,Hungary,1096,Horses,2007,60000,A,,,,
99,352,Iceland,1096,Horses,2007,76982,A,,,,
100,356,India,1096,Horses,2007,612000,A,,,,
101,360,Indonesia,1096,Horses,2007,401081,A,,,,
102,364,Iran (Islamic Republic of),1096,Horses,2007,140000,E,,,,
103,368,Iraq,1096,Horses,2007,47000,A,,,,
104,372,Ireland,1096,Horses,2007,89200,A,,,,
105,376,Israel,1096,Horses,2007,4000,E,,,,
106,380,Italy,1096,Horses,2007,300000,E,,,,
109,388,Jamaica,1096,Horses,2007,4000,E,,,,
110,392,Japan,1096,Horses,2007,18000,E,,,,
112,400,Jordan,1096,Horses,2007,2200,A,,,,
114,404,Kenya,1096,Horses,2007,1800,E,,,,
116,408,Democratic People's Republic of Korea,1096,Horses,2007,48000,E,,,,
117,410,Republic of Korea,1096,Horses,2007,24951,A,,,,
118,414,Kuwait,1096,Horses,2007,1200,E,,,,
120,418,Lao People's Democratic Republic,1096,Horses,2007,31000,E,,,,
121,422,Lebanon,1096,Horses,2007,3580,X,,,,
122,426,Lesotho,1096,Horses,2007,69031,A,,,,
124,434,Libya,1096,Horses,2007,45000,A,,,,
129,450,Madagascar,1096,Horses,2007,480,E,,,,
130,454,Malawi,1096,Horses,2007,46,E,,,,
131,458,Malaysia,1096,Horses,2007,3605,A,,,,
133,466,Mali,1096,Horses,2007,324922,A,,,,
134,470,Malta,1096,Horses,2007,1060,E,,,,
136,478,Mauritania,1096,Horses,2007,64000,X,,,,
137,480,Mauritius,1096,Horses,2007,150,E,,,,
138,484,Mexico,1096,Horses,2007,6350000,E,,,,
141,496,Mongolia,1096,Horses,2007,2239500,A,,,,
143,504,Morocco,1096,Horses,2007,151500,A,,,,
147,516,Namibia,1096,Horses,2007,45214,A,,,,
150,528,Netherlands (Kingdom of the),1096,Horses,2007,133524,A,,,,
153,540,New Caledonia,1096,Horses,2007,12000,E,,,,
155,548,Vanuatu,1096,Horses,2007,4000,E,,,,
156,554,New Zealand,1096,Horses,2007,66215,A,,,,
157,558,Nicaragua,1096,Horses,2007,268000,E,,,,
158,562,Niger,1096,Horses,2007,234803,A,,,,
159,566,Nigeria,1096,Horses,2007,147157,I,,,,
162,578,Norway,1096,Horses,2007,32946,A,,,,
165,586,Pakistan,1096,Horses,2007,346000,A,,,,
166,591,Panama,1096,Horses,2007,133000,E,,,,
168,598,Papua New Guinea,1096,Horses,2007,2000,E,,,,
169,600,Paraguay,1096,Horses,2007,350000,E,,,,
170,604,Peru,1096,Horses,2007,730000,E,,,,
171,608,Philippines,1096,Horses,2007,232000,E,,,,
173,616,Poland,1096,Horses,2007,329164,A,,,,
174,620,Portugal,1096,Horses,2007,69000,A,,,,
175,624,Guinea-Bissau,1096,Horses,2007,2050,E,,,,
176,626,Timor-Leste,1096,Horses,2007,64956,A,,,,
177,630,Puerto Rico,1096,Horses,2007,9261,I,,,,
179,634,Qatar,1096,Horses,2007,4800,A,,,,
183,642,Romania,1096,Horses,2007,805000,A,,,,
189,662,Saint Lucia,1096,Horses,2007,1100,E,,,,
193,678,Sao Tome and Principe,1096,Horses,2007,260,E,,,,
194,682,Saudi Arabia,1096,Horses,2007,16500,E,,,,
195,686,Senegal,1096,Horses,2007,518340,A,,,,
197,694,Sierra Leone,1096,Horses,2007,415000,E,,,,
237,704,Viet Nam,1096,Horses,2007,103500,A,,,,
201,706,Somalia,1096,Horses,2007,850,E,,,,
202,710,South Africa,1096,Horses,2007,290000,E,,,,
181,716,Zimbabwe,1096,Horses,2007,28000,E,,,,
203,724,Spain,1096,Horses,2007,250000,E,,,,
206,736,Sudan (former),1096,Horses,2007,754000,A,,,,
207,740,Suriname,1096,Horses,2007,178,A,,,,
209,748,Eswatini,1096,Horses,2007,1500,E,,,,
210,752,Sweden,1096,Horses,2007,95000,E,,,,
211,756,Switzerland,1096,Horses,2007,57720,A,,,,
212,760,Syrian Arab Republic,1096,Horses,2007,14000,A,,,,
216,764,Thailand,1096,Horses,2007,5629,A,,,,
217,768,Togo,1096,Horses,2007,1620,E,,,,
219,776,Tonga,1096,Horses,2007,11500,E,,,,
220,780,Trinidad and Tobago,1096,Horses,2007,1300,E,,,,
225,784,United Arab Emirates,1096,Horses,2007,410,E,,,,
222,788,Tunisia,1096,Horses,2007,57000,A,,,,
223,792,Türkiye,1096,Horses,2007,188640,A,,,,
59,818,Egypt,1096,Horses,2007,65714,A,,,,
229,826,United Kingdom of Great Britain and Northern Ireland,1096,Horses,2007,384000,A,,,,
231,840,United States of America,1096,Horses,2007,9200000,E,,,,
233,854,Burkina Faso,1096,Horses,2007,37456,A,,,,
234,858,Uruguay,1096,Horses,2007,427000,A,,,,
236,862,Venezuela (Bolivarian Republic of),1096,Horses,2007,510000,E,,,,
244,882,Samoa,1096,Horses,2007,1900,E,,,,
249,887,Yemen,1096,Horses,2007,2000,E,,,,
154,807,North Macedonia,1096,Horses,2008,30936,A,,,,
235,860,Uzbekistan,1096,Horses,2008,168300,A,,,,
108,398,Kazakhstan,1096,Horses,2008,1291100,A,,,,
256,442,Luxembourg,1096,Horses,2008,4536,A,,,,
113,417,Kyrgyzstan,1096,Horses,2008,355533,A,,,,
57,112,Belarus,1096,Horses,2008,147100,A,,,,
199,703,Slovakia,1096,Horses,2008,8017,A,,,,
238,231,Ethiopia,1096,Horses,2008,1786000,A,,,,
63,233,Estonia,1096,Horses,2008,5300,A,,,,
208,762,Tajikistan,1096,Horses,2008,76093,A,,,,
230,804,Ukraine,1096,Horses,2008,497500,A,,,,
273,499,Montenegro,1096,Horses,2008,5124,A,,,,
52,31,Azerbaijan,1096,Horses,2008,71892,A,,,,
272,688,Serbia,1096,Horses,2008,16831,A,,,,
198,705,Slovenia,1096,Horses,2008,19623,A,,,,
255,56,Belgium,1096,Horses,2008,33191,A,,,,
146,498,Republic of Moldova,1096,Horses,2008,58363,A,,,,
119,428,Latvia,1096,Horses,2008,13000,A,,,,
126,440,Lithuania,1096,Horses,2008,55900,A,,,,
213,795,Turkmenistan,1096,Horses,2008,26400,A,,,,
1,51,Armenia,1096,Horses,2008,11776,A,,,,
80,70,Bosnia and Herzegovina,1096,Horses,2008,22909,A,,,,
98,191,Croatia,1096,Horses,2008,16000,A,,,,
167,203,Czechia,1096,Horses,2008,27274,A,,,,
73,268,Georgia,1096,Horses,2008,42000,E,,,,
185,643,Russian Federation,1096,Horses,2008,1321344,A,,,,
2,4,Afghanistan,1096,Horses,2008,162000,A,,,,
3,8,Albania,1096,Horses,2008,43000,A,,,,
4,12,Algeria,1096,Horses,2008,45285,A,,,,
7,24,Angola,1096,Horses,2008,1000,E,,,,
8,28,Antigua and Barbuda,1096,Horses,2008,500,E,,,,
9,32,Argentina,1096,Horses,2008,3680000,E,,,,
10,36,Australia,1096,Horses,2008,260000,E,,,,
11,40,Austria,1096,Horses,2008,85000,E,,,,
12,44,Bahamas,1096,Horses,2008,,M,,,,
14,52,Barbados,1096,Horses,2008,1250,E,,,,
18,64,Bhutan,1096,Horses,2008,22257,A,,,,
19,68,Bolivia (Plurinational State of),1096,Horses,2008,470000,E,,,,
20,72,Botswana,1096,Horses,2008,38264,A,,,,
21,76,Brazil,1096,Horses,2008,5542182,A,,,,
23,84,Belize,1096,Horses,2008,5500,E,,,,
25,90,Solomon Islands,1096,Horses,2008,150,E,,,,
27,100,Bulgaria,1096,Horses,2008,168270,A,,,,
28,104,Myanmar,1096,Horses,2008,132000,E,,,,
115,116,Cambodia,1096,Horses,2008,28000,E,,,,
32,120,Cameroon,1096,Horses,2008,15000,A,,,,
33,124,Canada,1096,Horses,2008,390000,E,,,,
35,132,Cabo Verde,1096,Horses,2008,520,E,,,,
38,144,Sri Lanka,1096,Horses,2008,1500,E,,,,
39,148,Chad,1096,Horses,2008,400209,A,,,,
40,152,Chile,1096,Horses,2008,323000,X,,,,
41,156,"China, mainland",1096,Horses,2008,7028000,A,,,,
214,158,"China, Taiwan Province of",1096,Horses,2008,850,E,,,,
44,170,Colombia,1096,Horses,2008,2421310,A,,,,
46,178,Congo,1096,Horses,2008,65,E,,,,
250,180,Democratic Republic of the Congo,1096,Horses,2008,,M,,,,
47,184,Cook Islands,1096,Horses,2008,305,E,,,,
48,188,Costa Rica,1096,Horses,2008,122000,E,,,,
49,192,Cuba,1096,Horses,2008,534000,A,,,,
53,204,Benin,1096,Horses,2008,1050,E,,,,
54,208,Denmark,1096,Horses,2008,60029,A,,,,
56,214,Dominican Republic,1096,Horses,2008,350000,E,,,,
58,218,Ecuador,1096,Horses,2008,363886,A,,,,
60,222,El Salvador,1096,Horses,2008,95900,E,,,,
66,242,Fiji,1096,Horses,2008,46000,E,,,,
67,246,Finland,1096,Horses,2008,69350,A,,,,
68,250,France,1096,Horses,2008,421065,A,,,,
70,258,French Polynesia,1096,Horses,2008,2200,E,,,,
75,270,Gambia,1096,Horses,2008,41000,A,,,,
79,276,Germany,1096,Horses,2008,543000,E,,,,
81,288,Ghana,1096,Horses,2008,2597,A,,,,
84,300,Greece,1096,Horses,2008,28451,A,,,,
86,308,Grenada,1096,Horses,2008,30,E,,,,
89,320,Guatemala,1096,Horses,2008,125000,E,,,,
90,324,Guinea,1096,Horses,2008,3150,E,,,,
91,328,Guyana,1096,Horses,2008,2400,E,,,,
93,332,Haiti,1096,Horses,2008,500000,E,,,,
95,340,Honduras,1096,Horses,2008,181000,E,,,,
96,344,"China, Hong Kong SAR",1096,Horses,2008,1500,E,,,,
97,348,Hungary,1096,Horses,2008,60000,A,,,,
99,352,Iceland,1096,Horses,2008,77502,A,,,,
100,356,India,1096,Horses,2008,614000,X,,,,
101,360,Indonesia,1096,Horses,2008,392864,A,,,,
102,364,Iran (Islamic Republic of),1096,Horses,2008,140000,E,,,,
103,368,Iraq,1096,Horses,2008,47000,A,,,,
104,372,Ireland,1096,Horses,2008,95700,A,,,,
105,376,Israel,1096,Horses,2008,4000,E,,,,
106,380,Italy,1096,Horses,2008,300000,E,,,,
109,388,Jamaica,1096,Horses,2008,4000,E,,,,
110,392,Japan,1096,Horses,2008,18000,E,,,,
112,400,Jordan,1096,Horses,2008,2200,A,,,,
114,404,Kenya,1096,Horses,2008,1850,E,,,,
116,408,Democratic People's Republic of Korea,1096,Horses,2008,48000,E,,,,
117,410,Republic of Korea,1096,Horses,2008,27881,A,,,,
118,414,Kuwait,1096,Horses,2008,1200,E,,,,
120,418,Lao People's Democratic Republic,1096,Horses,2008,31000,E,,,,
121,422,Lebanon,1096,Horses,2008,3580,X,,,,
122,426,Lesotho,1096,Horses,2008,77808,A,,,,
124,434,Libya,1096,Horses,2008,45000,A,,,,
129,450,Madagascar,1096,Horses,2008,480,E,,,,
130,454,Malawi,1096,Horses,2008,40,E,,,,
131,458,Malaysia,1096,Horses,2008,5005,A,,,,
133,466,Mali,1096,Horses,2008,357414,A,,,,
134,470,Malta,1096,Horses,2008,1050,E,,,,
136,478,Mauritania,1096,Horses,2008,65000,X,,,,
137,480,Mauritius,1096,Horses,2008,150,E,,,,
138,484,Mexico,1096,Horses,2008,6350000,E,,,,
141,496,Mongolia,1096,Horses,2008,2186900,A,,,,
143,504,Morocco,1096,Horses,2008,158800,A,,,,
147,516,Namibia,1096,Horses,2008,45000,E,,,,
150,528,Netherlands (Kingdom of the),1096,Horses,2008,144078,A,,,,
153,540,New Caledonia,1096,Horses,2008,12000,E,,,,
155,548,Vanuatu,1096,Horses,2008,4500,E,,,,
156,554,New Zealand,1096,Horses,2008,62511,A,,,,
157,558,Nicaragua,1096,Horses,2008,268000,E,,,,
158,562,Niger,1096,Horses,2008,237151,A,,,,
159,566,Nigeria,1096,Horses,2008,104053,I,,,,
162,578,Norway,1096,Horses,2008,34387,A,,,,
165,586,Pakistan,1096,Horses,2008,348000,A,,,,
166,591,Panama,1096,Horses,2008,130000,E,,,,
168,598,Papua New Guinea,1096,Horses,2008,2000,E,,,,
169,600,Paraguay,1096,Horses,2008,283804,A,,,,
170,604,Peru,1096,Horses,2008,732000,E,,,,
171,608,Philippines,1096,Horses,2008,235000,E,,,,
173,616,Poland,1096,Horses,2008,325304,A,,,,
174,620,Portugal,1096,Horses,2008,80000,A,,,,
175,624,Guinea-Bissau,1096,Horses,2008,2100,E,,,,
176,626,Timor-Leste,1096,Horses,2008,65541,A,,,,
177,630,Puerto Rico,1096,Horses,2008,9113,I,,,,
179,634,Qatar,1096,Horses,2008,4800,A,,,,
183,642,Romania,1096,Horses,2008,862396,A,,,,
189,662,Saint Lucia,1096,Horses,2008,1100,E,,,,
193,678,Sao Tome and Principe,1096,Horses,2008,270,E,,,,
194,682,Saudi Arabia,1096,Horses,2008,20660,A,,,,
195,686,Senegal,1096,Horses,2008,523650,A,,,,
197,694,Sierra Leone,1096,Horses,2008,415000,E,,,,
237,704,Viet Nam,1096,Horses,2008,121000,A,,,,
201,706,Somalia,1096,Horses,2008,850,E,,,,
202,710,South Africa,1096,Horses,2008,298000,E,,,,
181,716,Zimbabwe,1096,Horses,2008,28000,E,,,,
203,724,Spain,1096,Horses,2008,248000,E,,,,
206,736,Sudan (former),1096,Horses,2008,769200,A,,,,
207,740,Suriname,1096,Horses,2008,156,A,,,,
209,748,Eswatini,1096,Horses,2008,1550,E,,,,
210,752,Sweden,1096,Horses,2008,95000,E,,,,
211,756,Switzerland,1096,Horses,2008,58969,A,,,,
212,760,Syrian Arab Republic,1096,Horses,2008,15303,A,,,,
216,764,Thailand,1096,Horses,2008,3779,A,,,,
217,768,Togo,1096,Horses,2008,1640,E,,,,
219,776,Tonga,1096,Horses,2008,11500,E,,,,
220,780,Trinidad and Tobago,1096,Horses,2008,1350,E,,,,
225,784,United Arab Emirates,1096,Horses,2008,410,E,,,,
222,788,Tunisia,1096,Horses,2008,57000,A,,,,
223,792,Türkiye,1096,Horses,2008,179855,A,,,,
59,818,Egypt,1096,Horses,2008,66137,A,,,,
229,826,United Kingdom of Great Britain and Northern Ireland,1096,Horses,2008,446915,I,,,,
231,840,United States of America,1096,Horses,2008,9106945,I,,,,
233,854,Burkina Faso,1096,Horses,2008,37810,A,,,,
234,858,Uruguay,1096,Horses,2008,402000,A,,,,
236,862,Venezuela (Bolivarian Republic of),1096,Horses,2008,510000,E,,,,
244,882,Samoa,1096,Horses,2008,1900,E,,,,
249,887,Yemen,1096,Horses,2008,1580,X,,,,
255,56,Belgium,1096,Horses,2009,36535,A,,,,
238,231,Ethiopia,1096,Horses,2009,1995306,A,,,,
256,442,Luxembourg,1096,Horses,2009,4562,A,,,,
113,417,Kyrgyzstan,1096,Horses,2009,372951,A,,,,
235,860,Uzbekistan,1096,Horses,2009,175800,A,,,,
146,498,Republic of Moldova,1096,Horses,2009,55487,A,,,,
63,233,Estonia,1096,Horses,2009,5300,A,,,,
198,705,Slovenia,1096,Horses,2009,20000,E,,,,
208,762,Tajikistan,1096,Horses,2009,78828,A,,,,
73,268,Georgia,1096,Horses,2009,40000,E,,,,
119,428,Latvia,1096,Horses,2009,13100,A,,,,
126,440,Lithuania,1096,Horses,2009,54400,A,,,,
199,703,Slovakia,1096,Horses,2009,8421,A,,,,
272,688,Serbia,1096,Horses,2009,14499,A,,,,
108,398,Kazakhstan,1096,Horses,2009,1370500,A,,,,
154,807,North Macedonia,1096,Horses,2009,29418,A,,,,
230,804,Ukraine,1096,Horses,2009,465800,A,,,,
52,31,Azerbaijan,1096,Horses,2009,73494,A,,,,
98,191,Croatia,1096,Horses,2009,17000,A,,,,
1,51,Armenia,1096,Horses,2009,11290,A,,,,
213,795,Turkmenistan,1096,Horses,2009,24700,A,,,,
57,112,Belarus,1096,Horses,2009,137000,A,,,,
185,643,Russian Federation,1096,Horses,2009,1353177,A,,,,
273,499,Montenegro,1096,Horses,2009,4951,A,,,,
80,70,Bosnia and Herzegovina,1096,Horses,2009,21185,A,,,,
167,203,Czechia,1096,Horses,2009,28030,A,,,,
2,4,Afghanistan,1096,Horses,2009,177000,A,,,,
3,8,Albania,1096,Horses,2009,38000,A,,,,
4,12,Algeria,1096,Horses,2009,44803,A,,,,
7,24,Angola,1096,Horses,2009,1000,E,,,,
8,28,Antigua and Barbuda,1096,Horses,2009,500,E,,,,
9,32,Argentina,1096,Horses,2009,3680000,E,,,,
10,36,Australia,1096,Horses,2009,256413,A,,,,
11,40,Austria,1096,Horses,2009,85000,E,,,,
12,44,Bahamas,1096,Horses,2009,,M,,,,
14,52,Barbados,1096,Horses,2009,1250,E,,,,
18,64,Bhutan,1096,Horses,2009,18237,A,,,,
19,68,Bolivia (Plurinational State of),1096,Horses,2009,475000,E,,,,
20,72,Botswana,1096,Horses,2009,42208,A,,,,
21,76,Brazil,1096,Horses,2009,5496817,A,,,,
23,84,Belize,1096,Horses,2009,5500,E,,,,
25,90,Solomon Islands,1096,Horses,2009,150,E,,,,
27,100,Bulgaria,1096,Horses,2009,175091,A,,,,
28,104,Myanmar,1096,Horses,2009,120000,E,,,,
115,116,Cambodia,1096,Horses,2009,28000,E,,,,
32,120,Cameroon,1096,Horses,2009,17000,E,,,,
33,124,Canada,1096,Horses,2009,390000,E,,,,
35,132,Cabo Verde,1096,Horses,2009,520,E,,,,
38,144,Sri Lanka,1096,Horses,2009,1500,E,,,,
39,148,Chad,1096,Horses,2009,409814,A,,,,
40,152,Chile,1096,Horses,2009,308300,X,,,,
41,156,"China, mainland",1096,Horses,2009,5622800,A,,,,
214,158,"China, Taiwan Province of",1096,Horses,2009,860,E,,,,
44,170,Colombia,1096,Horses,2009,2505579,A,,,,
46,178,Congo,1096,Horses,2009,70,E,,,,
250,180,Democratic Republic of the Congo,1096,Horses,2009,,M,,,,
47,184,Cook Islands,1096,Horses,2009,305,E,,,,
48,188,Costa Rica,1096,Horses,2009,123000,E,,,,
49,192,Cuba,1096,Horses,2009,573800,A,,,,
53,204,Benin,1096,Horses,2009,1100,E,,,,
54,208,Denmark,1096,Horses,2009,57981,A,,,,
56,214,Dominican Republic,1096,Horses,2009,350000,E,,,,
58,218,Ecuador,1096,Horses,2009,360279,A,,,,
60,222,El Salvador,1096,Horses,2009,95900,E,,,,
66,242,Fiji,1096,Horses,2009,46000,E,,,,
67,246,Finland,1096,Horses,2009,72300,A,,,,
68,250,France,1096,Horses,2009,422665,A,,,,
70,258,French Polynesia,1096,Horses,2009,2200,E,,,,
75,270,Gambia,1096,Horses,2009,37000,A,,,,
79,276,Germany,1096,Horses,2009,545000,E,,,,
81,288,Ghana,1096,Horses,2009,2625,A,,,,
84,300,Greece,1096,Horses,2009,29088,A,,,,
86,308,Grenada,1096,Horses,2009,30,E,,,,
89,320,Guatemala,1096,Horses,2009,126000,E,,,,
90,324,Guinea,1096,Horses,2009,3200,E,,,,
91,328,Guyana,1096,Horses,2009,2400,E,,,,
93,332,Haiti,1096,Horses,2009,500000,E,,,,
95,340,Honduras,1096,Horses,2009,181100,E,,,,
96,344,"China, Hong Kong SAR",1096,Horses,2009,1500,E,,,,
97,348,Hungary,1096,Horses,2009,58000,A,,,,
99,352,Iceland,1096,Horses,2009,77158,A,,,,
100,356,India,1096,Horses,2009,617000,X,,,,
101,360,Indonesia,1096,Horses,2009,398758,A,,,,
102,364,Iran (Islamic Republic of),1096,Horses,2009,140000,E,,,,
103,368,Iraq,1096,Horses,2009,48000,A,,,,
104,372,Ireland,1096,Horses,2009,98100,A,,,,
105,376,Israel,1096,Horses,2009,4000,E,,,,
106,380,Italy,1096,Horses,2009,300000,E,,,,
109,388,Jamaica,1096,Horses,2009,4000,E,,,,
110,392,Japan,1096,Horses,2009,18000,E,,,,
112,400,Jordan,1096,Horses,2009,2500,A,,,,
114,404,Kenya,1096,Horses,2009,1850,E,,,,
116,408,Democratic People's Republic of Korea,1096,Horses,2009,48000,E,,,,
117,410,Republic of Korea,1096,Horses,2009,28718,A,,,,
118,414,Kuwait,1096,Horses,2009,1200,E,,,,
120,418,Lao People's Democratic Republic,1096,Horses,2009,31000,E,,,,
121,422,Lebanon,1096,Horses,2009,3580,X,,,,
122,426,Lesotho,1096,Horses,2009,74172,A,,,,
124,434,Libya,1096,Horses,2009,45000,E,,,,
129,450,Madagascar,1096,Horses,2009,485,E,,,,
130,454,Malawi,1096,Horses,2009,30,A,,,,
131,458,Malaysia,1096,Horses,2009,4108,A,,,,
133,466,Mali,1096,Horses,2009,393834,A,,,,
134,470,Malta,1096,Horses,2009,1050,E,,,,
136,478,Mauritania,1096,Horses,2009,65000,X,,,,
137,480,Mauritius,1096,Horses,2009,150,E,,,,
138,484,Mexico,1096,Horses,2009,6350000,E,,,,
141,496,Mongolia,1096,Horses,2009,2221300,A,,,,
143,504,Morocco,1096,Horses,2009,147000,A,,,,
147,516,Namibia,1096,Horses,2009,46000,E,,,,
150,528,Netherlands (Kingdom of the),1096,Horses,2009,144924,A,,,,
153,540,New Caledonia,1096,Horses,2009,12000,E,,,,
155,548,Vanuatu,1096,Horses,2009,5800,E,,,,
156,554,New Zealand,1096,Horses,2009,65149,A,,,,
157,558,Nicaragua,1096,Horses,2009,268000,E,,,,
158,562,Niger,1096,Horses,2009,239522,A,,,,
159,566,Nigeria,1096,Horses,2009,102492,I,,,,
162,578,Norway,1096,Horses,2009,35625,A,,,,
165,586,Pakistan,1096,Horses,2009,350000,A,,,,
166,591,Panama,1096,Horses,2009,125000,E,,,,
168,598,Papua New Guinea,1096,Horses,2009,2000,E,,,,
169,600,Paraguay,1096,Horses,2009,283119,A,,,,
170,604,Peru,1096,Horses,2009,732000,E,,,,
171,608,Philippines,1096,Horses,2009,240000,E,,,,
173,616,Poland,1096,Horses,2009,297940,A,,,,
174,620,Portugal,1096,Horses,2009,97000,A,,,,
175,624,Guinea-Bissau,1096,Horses,2009,2150,E,,,,
176,626,Timor-Leste,1096,Horses,2009,66124,A,,,,
177,630,Puerto Rico,1096,Horses,2009,9256,I,,,,
179,634,Qatar,1096,Horses,2009,6103,A,,,,
183,642,Romania,1096,Horses,2009,820000,A,,,,
189,662,Saint Lucia,1096,Horses,2009,1100,E,,,,
193,678,Sao Tome and Principe,1096,Horses,2009,270,E,,,,
194,682,Saudi Arabia,1096,Horses,2009,20814,A,,,,
195,686,Senegal,1096,Horses,2009,517850,A,,,,
197,694,Sierra Leone,1096,Horses,2009,420000,E,,,,
237,704,Viet Nam,1096,Horses,2009,102219,A,,,,
201,706,Somalia,1096,Horses,2009,850,E,,,,
202,710,South Africa,1096,Horses,2009,300000,E,,,,
181,716,Zimbabwe,1096,Horses,2009,28000,E,,,,
203,724,Spain,1096,Horses,2009,250000,E,,,,
206,736,Sudan (former),1096,Horses,2009,784578,A,,,,
207,740,Suriname,1096,Horses,2009,187,A,,,,
209,748,Eswatini,1096,Horses,2009,1550,E,,,,
210,752,Sweden,1096,Horses,2009,95000,E,,,,
211,756,Switzerland,1096,Horses,2009,60156,A,,,,
212,760,Syrian Arab Republic,1096,Horses,2009,14699,A,,,,
216,764,Thailand,1096,Horses,2009,5443,A,,,,
217,768,Togo,1096,Horses,2009,1650,E,,,,
219,776,Tonga,1096,Horses,2009,11500,E,,,,
220,780,Trinidad and Tobago,1096,Horses,2009,1400,E,,,,
225,784,United Arab Emirates,1096,Horses,2009,415,E,,,,
222,788,Tunisia,1096,Horses,2009,57000,E,,,,
223,792,Türkiye,1096,Horses,2009,166753,A,,,,
59,818,Egypt,1096,Horses,2009,66215,A,,,,
229,826,United Kingdom of Great Britain and Northern Ireland,1096,Horses,2009,471895,I,,,,
231,840,United States of America,1096,Horses,2009,9004230,I,,,,
233,854,Burkina Faso,1096,Horses,2009,38168,A,,,,
234,858,Uruguay,1096,Horses,2009,393000,A,,,,
236,862,Venezuela (Bolivarian Republic of),1096,Horses,2009,510000,E,,,,
244,882,Samoa,1096,Horses,2009,1900,E,,,,
249,887,Yemen,1096,Horses,2009,1580,X,,,,
154,807,North Macedonia,1096,Horses,2010,26658,A,,,,
167,203,Czechia,1096,Horses,2010,29887,A,,,,
238,231,Ethiopia,1096,Horses,2010,2028233,A,,,,
1,51,Armenia,1096,Horses,2010,10777,A,,,,
98,191,Croatia,1096,Horses,2010,19000,A,,,,
185,643,Russian Federation,1096,Horses,2010,1374991,A,,,,
213,795,Turkmenistan,1096,Horses,2010,24600,A,,,,
57,112,Belarus,1096,Horses,2010,125600,A,,,,
126,440,Lithuania,1096,Horses,2010,49000,A,,,,
199,703,Slovakia,1096,Horses,2010,7199,A,,,,
273,499,Montenegro,1096,Horses,2010,4315,A,,,,
230,804,Ukraine,1096,Horses,2010,443400,A,,,,
208,762,Tajikistan,1096,Horses,2010,75796,A,,,,
80,70,Bosnia and Herzegovina,1096,Horses,2010,19261,A,,,,
119,428,Latvia,1096,Horses,2010,12600,A,,,,
146,498,Republic of Moldova,1096,Horses,2010,54413,A,,,,
52,31,Azerbaijan,1096,Horses,2010,76455,A,,,,
235,860,Uzbekistan,1096,Horses,2010,180600,A,,,,
63,233,Estonia,1096,Horses,2010,5400,A,,,,
108,398,Kazakhstan,1096,Horses,2010,1438700,A,,,,
272,688,Serbia,1096,Horses,2010,13721,A,,,,
113,417,Kyrgyzstan,1096,Horses,2010,378448,A,,,,
198,705,Slovenia,1096,Horses,2010,20000,E,,,,
255,56,Belgium,1096,Horses,2010,37000,A,,,,
256,442,Luxembourg,1096,Horses,2010,4601,A,,,,
73,268,Georgia,1096,Horses,2010,40000,E,,,,
2,4,Afghanistan,1096,Horses,2010,197000,A,,,,
3,8,Albania,1096,Horses,2010,35000,A,,,,
4,12,Algeria,1096,Horses,2010,43650,A,,,,
7,24,Angola,1096,Horses,2010,1000,E,,,,
8,28,Antigua and Barbuda,1096,Horses,2010,500,E,,,,
9,32,Argentina,1096,Horses,2010,3600000,E,,,,
10,36,Australia,1096,Horses,2010,258000,E,,,,
11,40,Austria,1096,Horses,2010,83000,E,,,,
12,44,Bahamas,1096,Horses,2010,,M,,,,
14,52,Barbados,1096,Horses,2010,1250,E,,,,
18,64,Bhutan,1096,Horses,2010,17996,A,,,,
19,68,Bolivia (Plurinational State of),1096,Horses,2010,478000,E,,,,
20,72,Botswana,1096,Horses,2010,41169,A,,,,
21,76,Brazil,1096,Horses,2010,5514253,A,,,,
23,84,Belize,1096,Horses,2010,5600,E,,,,
25,90,Solomon Islands,1096,Horses,2010,150,E,,,,
27,100,Bulgaria,1096,Horses,2010,69374,A,,,,
28,104,Myanmar,1096,Horses,2010,115000,E,,,,
115,116,Cambodia,1096,Horses,2010,28000,E,,,,
32,120,Cameroon,1096,Horses,2010,17300,E,,,,
33,124,Canada,1096,Horses,2010,400000,E,,,,
35,132,Cabo Verde,1096,Horses,2010,525,E,,,,
38,144,Sri Lanka,1096,Horses,2010,1500,E,,,,
39,148,Chad,1096,Horses,2010,420000,E,,,,
40,152,Chile,1096,Horses,2010,307560,X,,,,
41,156,"China, mainland",1096,Horses,2010,5299500,A,,,,
214,158,"China, Taiwan Province of",1096,Horses,2010,850,E,,,,
44,170,Colombia,1096,Horses,2010,2126109,A,,,,
46,178,Congo,1096,Horses,2010,70,E,,,,
250,180,Democratic Republic of the Congo,1096,Horses,2010,,M,,,,
47,184,Cook Islands,1096,Horses,2010,305,E,,,,
48,188,Costa Rica,1096,Horses,2010,124000,E,,,,
49,192,Cuba,1096,Horses,2010,613600,A,,,,
53,204,Benin,1096,Horses,2010,1100,E,,,,
54,208,Denmark,1096,Horses,2010,59735,A,,,,
56,214,Dominican Republic,1096,Horses,2010,350000,E,,,,
58,218,Ecuador,1096,Horses,2010,367248,A,,,,
60,222,El Salvador,1096,Horses,2010,96000,E,,,,
66,242,Fiji,1096,Horses,2010,46000,E,,,,
67,246,Finland,1096,Horses,2010,74300,A,,,,
68,250,France,1096,Horses,2010,422902,A,,,,
70,258,French Polynesia,1096,Horses,2010,2200,E,,,,
75,270,Gambia,1096,Horses,2010,38000,A,,,,
79,276,Germany,1096,Horses,2010,462000,A,,,,
81,288,Ghana,1096,Horses,2010,2653,A,,,,
84,300,Greece,1096,Horses,2010,29801,A,,,,
86,308,Grenada,1096,Horses,2010,30,E,,,,
89,320,Guatemala,1096,Horses,2010,127000,E,,,,
90,324,Guinea,1096,Horses,2010,3250,E,,,,
91,328,Guyana,1096,Horses,2010,2400,E,,,,
93,332,Haiti,1096,Horses,2010,500000,E,,,,
95,340,Honduras,1096,Horses,2010,181100,E,,,,
96,344,"China, Hong Kong SAR",1096,Horses,2010,1500,E,,,,
97,348,Hungary,1096,Horses,2010,61000,A,,,,
99,352,Iceland,1096,Horses,2010,77164,A,,,,
100,356,India,1096,Horses,2010,619000,X,,,,
101,360,Indonesia,1096,Horses,2010,418618,A,,,,
102,364,Iran (Islamic Republic of),1096,Horses,2010,140000,E,,,,
103,368,Iraq,1096,Horses,2010,48000,A,,,,
104,372,Ireland,1096,Horses,2010,106000,A,,,,
105,376,Israel,1096,Horses,2010,4000,E,,,,
106,380,Italy,1096,Horses,2010,373324,A,,,,
109,388,Jamaica,1096,Horses,2010,4000,E,,,,
110,392,Japan,1096,Horses,2010,17000,E,,,,
112,400,Jordan,1096,Horses,2010,2400,A,,,,
114,404,Kenya,1096,Horses,2010,1900,E,,,,
116,408,Democratic People's Republic of Korea,1096,Horses,2010,48000,E,,,,
117,410,Republic of Korea,1096,Horses,2010,30402,A,,,,
118,414,Kuwait,1096,Horses,2010,1150,E,,,,
120,418,Lao People's Democratic Republic,1096,Horses,2010,31000,E,,,,
121,422,Lebanon,1096,Horses,2010,3580,X,,,,
122,426,Lesotho,1096,Horses,2010,69843,A,,,,
124,434,Libya,1096,Horses,2010,45000,E,,,,
129,450,Madagascar,1096,Horses,2010,485,E,,,,
130,454,Malawi,1096,Horses,2010,61,A,,,,
131,458,Malaysia,1096,Horses,2010,3706,A,,,,
133,466,Mali,1096,Horses,2010,478187,A,,,,
134,470,Malta,1096,Horses,2010,1050,E,,,,
136,478,Mauritania,1096,Horses,2010,65000,X,,,,
137,480,Mauritius,1096,Horses,2010,150,E,,,,
138,484,Mexico,1096,Horses,2010,6355000,E,,,,
141,496,Mongolia,1096,Horses,2010,1920343,A,,,,
143,504,Morocco,1096,Horses,2010,155000,A,,,,
147,516,Namibia,1096,Horses,2010,46500,E,,,,
150,528,Netherlands (Kingdom of the),1096,Horses,2010,142531,A,,,,
153,540,New Caledonia,1096,Horses,2010,12000,E,,,,
155,548,Vanuatu,1096,Horses,2010,6000,E,,,,
156,554,New Zealand,1096,Horses,2010,64105,A,,,,
157,558,Nicaragua,1096,Horses,2010,268000,E,,,,
158,562,Niger,1096,Horses,2010,233816,A,,,,
159,566,Nigeria,1096,Horses,2010,101509,A,,,,
162,578,Norway,1096,Horses,2010,36712,A,,,,
165,586,Pakistan,1096,Horses,2010,352000,A,,,,
166,591,Panama,1096,Horses,2010,120000,E,,,,
168,598,Papua New Guinea,1096,Horses,2010,2000,E,,,,
169,600,Paraguay,1096,Horses,2010,281621,A,,,,
170,604,Peru,1096,Horses,2010,735000,E,,,,
171,608,Philippines,1096,Horses,2010,240000,E,,,,
173,616,Poland,1096,Horses,2010,256693,A,,,,
174,620,Portugal,1096,Horses,2010,97000,A,,,,
175,624,Guinea-Bissau,1096,Horses,2010,2200,E,,,,
176,626,Timor-Leste,1096,Horses,2010,57819,A,,,,
177,630,Puerto Rico,1096,Horses,2010,9408,I,,,,
179,634,Qatar,1096,Horses,2010,6000,A,,,,
183,642,Romania,1096,Horses,2010,763988,A,,,,
189,662,Saint Lucia,1096,Horses,2010,1100,E,,,,
193,678,Sao Tome and Principe,1096,Horses,2010,280,E,,,,
194,682,Saudi Arabia,1096,Horses,2010,22214,A,,,,
195,686,Senegal,1096,Horses,2010,523005,A,,,,
197,694,Sierra Leone,1096,Horses,2010,422000,E,,,,
237,704,Viet Nam,1096,Horses,2010,93125,A,,,,
201,706,Somalia,1096,Horses,2010,850,E,,,,
202,710,South Africa,1096,Horses,2010,300000,E,,,,
181,716,Zimbabwe,1096,Horses,2010,28000,E,,,,
203,724,Spain,1096,Horses,2010,250000,E,,,,
206,736,Sudan (former),1096,Horses,2010,785148,A,,,,
207,740,Suriname,1096,Horses,2010,162,A,,,,
209,748,Eswatini,1096,Horses,2010,1600,E,,,,
210,752,Sweden,1096,Horses,2010,96000,E,,,,
211,756,Switzerland,1096,Horses,2010,62113,A,,,,
212,760,Syrian Arab Republic,1096,Horses,2010,14165,A,,,,
216,764,Thailand,1096,Horses,2010,5525,A,,,,
217,768,Togo,1096,Horses,2010,1655,E,,,,
219,776,Tonga,1096,Horses,2010,11500,E,,,,
220,780,Trinidad and Tobago,1096,Horses,2010,1400,E,,,,
225,784,United Arab Emirates,1096,Horses,2010,420,E,,,,
222,788,Tunisia,1096,Horses,2010,57100,E,,,,
223,792,Türkiye,1096,Horses,2010,154702,A,,,,
59,818,Egypt,1096,Horses,2010,65965,A,,,,
229,826,United Kingdom of Great Britain and Northern Ireland,1096,Horses,2010,497016,I,,,,
231,840,United States of America,1096,Horses,2010,8888898,I,,,,
233,854,Burkina Faso,1096,Horses,2010,38531,A,,,,
234,858,Uruguay,1096,Horses,2010,399000,A,,,,
236,862,Venezuela (Bolivarian Republic of),1096,Horses,2010,515000,E,,,,
244,882,Samoa,1096,Horses,2010,1900,E,,,,
249,887,Yemen,1096,Horses,2010,1760,X,,,,
63,233,Estonia,1096,Horses,2011,6500,A,,,,
154,807,North Macedonia,1096,Horses,2011,25415,A,,,,
272,688,Serbia,1096,Horses,2011,11576,A,,,,
255,56,Belgium,1096,Horses,2011,34215,A,,,,
146,498,Republic of Moldova,1096,Horses,2011,52152,A,,,,
119,428,Latvia,1096,Horses,2011,12000,A,,,,
73,268,Georgia,1096,Horses,2011,40000,E,,,,
235,860,Uzbekistan,1096,Horses,2011,187400,A,,,,
52,31,Azerbaijan,1096,Horses,2011,77157,A,,,,
256,442,Luxembourg,1096,Horses,2011,4594,A,,,,
198,705,Slovenia,1096,Horses,2011,22673,A,,,,
230,804,Ukraine,1096,Horses,2011,414200,A,,,,
273,499,Montenegro,1096,Horses,2011,4035,A,,,,
80,70,Bosnia and Herzegovina,1096,Horses,2011,19149,A,,,,
126,440,Lithuania,1096,Horses,2011,44700,A,,,,
208,762,Tajikistan,1096,Horses,2011,76420,A,,,,
185,643,Russian Federation,1096,Horses,2011,1340601,A,,,,
199,703,Slovakia,1096,Horses,2011,7111,A,,,,
213,795,Turkmenistan,1096,Horses,2011,24900,A,,,,
238,231,Ethiopia,1096,Horses,2011,1961949,A,,,,
108,398,Kazakhstan,1096,Horses,2011,1528300,A,,,,
1,51,Armenia,1096,Horses,2011,10042,A,,,,
113,417,Kyrgyzstan,1096,Horses,2011,388971,A,,,,
167,203,Czechia,1096,Horses,2011,31068,A,,,,
57,112,Belarus,1096,Horses,2011,113000,A,,,,
98,191,Croatia,1096,Horses,2011,20000,A,,,,
2,4,Afghanistan,1096,Horses,2011,181000,A,,,,
3,8,Albania,1096,Horses,2011,28400,A,,,,
4,12,Algeria,1096,Horses,2011,44200,A,,,,
7,24,Angola,1096,Horses,2011,1000,E,,,,
8,28,Antigua and Barbuda,1096,Horses,2011,500,E,,,,
9,32,Argentina,1096,Horses,2011,3590000,E,,,,
10,36,Australia,1096,Horses,2011,259467,A,,,,
11,40,Austria,1096,Horses,2011,86000,E,,,,
12,44,Bahamas,1096,Horses,2011,,M,,,,
14,52,Barbados,1096,Horses,2011,1250,E,,,,
18,64,Bhutan,1096,Horses,2011,17665,A,,,,
19,68,Bolivia (Plurinational State of),1096,Horses,2011,483000,E,,,,
20,72,Botswana,1096,Horses,2011,40436,A,,,,
21,76,Brazil,1096,Horses,2011,5510601,A,,,,
23,84,Belize,1096,Horses,2011,5600,E,,,,
25,90,Solomon Islands,1096,Horses,2011,150,E,,,,
27,100,Bulgaria,1096,Horses,2011,69462,A,,,,
28,104,Myanmar,1096,Horses,2011,114000,E,,,,
115,116,Cambodia,1096,Horses,2011,28500,E,,,,
32,120,Cameroon,1096,Horses,2011,17500,E,,,,
33,124,Canada,1096,Horses,2011,405000,E,,,,
35,132,Cabo Verde,1096,Horses,2011,529,E,,,,
38,144,Sri Lanka,1096,Horses,2011,1450,E,,,,
39,148,Chad,1096,Horses,2011,426000,E,,,,
40,152,Chile,1096,Horses,2011,309700,X,,,,
41,156,"China, mainland",1096,Horses,2011,5153900,A,,,,
214,158,"China, Taiwan Province of",1096,Horses,2011,845,E,,,,
44,170,Colombia,1096,Horses,2011,1963000,E,,,,
46,178,Congo,1096,Horses,2011,75,E,,,,
250,180,Democratic Republic of the Congo,1096,Horses,2011,,M,,,,
47,184,Cook Islands,1096,Horses,2011,305,E,,,,
48,188,Costa Rica,1096,Horses,2011,125000,E,,,,
49,192,Cuba,1096,Horses,2011,642700,A,,,,
53,204,Benin,1096,Horses,2011,1150,E,,,,
54,208,Denmark,1096,Horses,2011,61476,A,,,,
56,214,Dominican Republic,1096,Horses,2011,350000,E,,,,
58,218,Ecuador,1096,Horses,2011,343820,A,,,,
60,222,El Salvador,1096,Horses,2011,96000,E,,,,
66,242,Fiji,1096,Horses,2011,46000,E,,,,
67,246,Finland,1096,Horses,2011,75500,A,,,,
68,250,France,1096,Horses,2011,424590,A,,,,
70,258,French Polynesia,1096,Horses,2011,2200,E,,,,
75,270,Gambia,1096,Horses,2011,28000,E,,,,
79,276,Germany,1096,Horses,2011,545000,E,,,,
81,288,Ghana,1096,Horses,2011,2680,E,,,,
84,300,Greece,1096,Horses,2011,31067,A,,,,
86,308,Grenada,1096,Horses,2011,30,E,,,,
89,320,Guatemala,1096,Horses,2011,128000,E,,,,
90,324,Guinea,1096,Horses,2011,3300,E,,,,
91,328,Guyana,1096,Horses,2011,2400,E,,,,
93,332,Haiti,1096,Horses,2011,500000,E,,,,
95,340,Honduras,1096,Horses,2011,181200,E,,,,
96,344,"China, Hong Kong SAR",1096,Horses,2011,1400,E,,,,
97,348,Hungary,1096,Horses,2011,65000,A,,,,
99,352,Iceland,1096,Horses,2011,78272,A,,,,
100,356,India,1096,Horses,2011,622000,X,,,,
101,360,Indonesia,1096,Horses,2011,408665,A,,,,
102,364,Iran (Islamic Republic of),1096,Horses,2011,140000,E,,,,
103,368,Iraq,1096,Horses,2011,48500,A,,,,
104,372,Ireland,1096,Horses,2011,106000,A,,,,
105,376,Israel,1096,Horses,2011,4000,E,,,,
106,380,Italy,1096,Horses,2011,373327,A,,,,
109,388,Jamaica,1096,Horses,2011,4000,E,,,,
110,392,Japan,1096,Horses,2011,16000,E,,,,
112,400,Jordan,1096,Horses,2011,2400,A,,,,
114,404,Kenya,1096,Horses,2011,1900,E,,,,
116,408,Democratic People's Republic of Korea,1096,Horses,2011,48000,E,,,,
117,410,Republic of Korea,1096,Horses,2011,30058,A,,,,
118,414,Kuwait,1096,Horses,2011,1100,E,,,,
120,418,Lao People's Democratic Republic,1096,Horses,2011,32000,E,,,,
121,422,Lebanon,1096,Horses,2011,2634,A,,,,
122,426,Lesotho,1096,Horses,2011,68500,E,,,,
124,434,Libya,1096,Horses,2011,45500,E,,,,
129,450,Madagascar,1096,Horses,2011,490,E,,,,
130,454,Malawi,1096,Horses,2011,48,A,,,,
131,458,Malaysia,1096,Horses,2011,3903,A,,,,
133,466,Mali,1096,Horses,2011,487751,A,,,,
134,470,Malta,1096,Horses,2011,1080,E,,,,
136,478,Mauritania,1096,Horses,2011,65000,X,,,,
137,480,Mauritius,1096,Horses,2011,150,E,,,,
138,484,Mexico,1096,Horses,2011,6355000,E,,,,
141,496,Mongolia,1096,Horses,2011,2112927,A,,,,
143,504,Morocco,1096,Horses,2011,139950,A,,,,
147,516,Namibia,1096,Horses,2011,47000,E,,,,
150,528,Netherlands (Kingdom of the),1096,Horses,2011,137226,A,,,,
153,540,New Caledonia,1096,Horses,2011,12000,E,,,,
155,548,Vanuatu,1096,Horses,2011,6000,E,,,,
156,554,New Zealand,1096,Horses,2011,56505,A,,,,
157,558,Nicaragua,1096,Horses,2011,268100,E,,,,
158,562,Niger,1096,Horses,2011,236154,A,,,,
159,566,Nigeria,1096,Horses,2011,101611,A,,,,
162,578,Norway,1096,Horses,2011,36424,A,,,,
165,586,Pakistan,1096,Horses,2011,354000,A,,,,
166,591,Panama,1096,Horses,2011,114395,A,,,,
168,598,Papua New Guinea,1096,Horses,2011,2050,E,,,,
169,600,Paraguay,1096,Horses,2011,280245,A,,,,
170,604,Peru,1096,Horses,2011,740000,E,,,,
171,608,Philippines,1096,Horses,2011,240000,E,,,,
173,616,Poland,1096,Horses,2011,254439,A,,,,
174,620,Portugal,1096,Horses,2011,97000,A,,,,
175,624,Guinea-Bissau,1096,Horses,2011,2250,E,,,,
176,626,Timor-Leste,1096,Horses,2011,55738,A,,,,
177,630,Puerto Rico,1096,Horses,2011,9553,I,,,,
179,634,Qatar,1096,Horses,2011,5800,E,,,,
183,642,Romania,1096,Horses,2011,610857,A,,,,
189,662,Saint Lucia,1096,Horses,2011,1100,E,,,,
193,678,Sao Tome and Principe,1096,Horses,2011,280,E,,,,
194,682,Saudi Arabia,1096,Horses,2011,25214,A,,,,
195,686,Senegal,1096,Horses,2011,520360,A,,,,
197,694,Sierra Leone,1096,Horses,2011,425000,E,,,,
237,704,Viet Nam,1096,Horses,2011,88100,A,,,,
201,706,Somalia,1096,Horses,2011,850,E,,,,
202,710,South Africa,1096,Horses,2011,305000,E,,,,
181,716,Zimbabwe,1096,Horses,2011,28000,E,,,,
203,724,Spain,1096,Horses,2011,250000,E,,,,
206,736,Sudan (former),1096,Horses,2011,785363,A,,,,
207,740,Suriname,1096,Horses,2011,134,A,,,,
209,748,Eswatini,1096,Horses,2011,1600,E,,,,
210,752,Sweden,1096,Horses,2011,98000,E,,,,
211,756,Switzerland,1096,Horses,2011,57246,A,,,,
212,760,Syrian Arab Republic,1096,Horses,2011,15181,A,,,,
216,764,Thailand,1096,Horses,2011,6503,A,,,,
217,768,Togo,1096,Horses,2011,1680,E,,,,
219,776,Tonga,1096,Horses,2011,11500,E,,,,
220,780,Trinidad and Tobago,1096,Horses,2011,1400,E,,,,
225,784,United Arab Emirates,1096,Horses,2011,420,E,,,,
222,788,Tunisia,1096,Horses,2011,57100,E,,,,
223,792,Türkiye,1096,Horses,2011,151230,A,,,,
59,818,Egypt,1096,Horses,2011,71087,A,,,,
229,826,United Kingdom of Great Britain and Northern Ireland,1096,Horses,2011,522285,I,,,,
231,840,United States of America,1096,Horses,2011,8375298,I,,,,
233,854,Burkina Faso,1096,Horses,2011,38897,A,,,,
234,858,Uruguay,1096,Horses,2011,405000,E,,,,
236,862,Venezuela (Bolivarian Republic of),1096,Horses,2011,518000,E,,,,
244,882,Samoa,1096,Horses,2011,1900,E,,,,
249,887,Yemen,1096,Horses,2011,1800,A,,,,
52,31,Azerbaijan,1096,Horses,2012,77208,A,,,,
126,440,Lithuania,1096,Horses,2012,36400,A,,,,
154,807,North Macedonia,1096,Horses,2012,21676,A,,,,
73,268,Georgia,1096,Horses,2012,40000,E,,,,
119,428,Latvia,1096,Horses,2012,11500,A,,,,
272,688,Serbia,1096,Horses,2012,16908,A,,,,
208,762,Tajikistan,1096,Horses,2012,76523,A,,,,
113,417,Kyrgyzstan,1096,Horses,2012,398796,A,,,,
80,70,Bosnia and Herzegovina,1096,Horses,2012,18411,A,,,,
146,498,Republic of Moldova,1096,Horses,2012,49633,A,,,,
167,203,Czechia,1096,Horses,2012,33175,A,,,,
63,233,Estonia,1096,Horses,2012,6500,A,,,,
98,191,Croatia,1096,Horses,2012,20335,A,,,,
256,442,Luxembourg,1096,Horses,2012,4887,A,,,,
276,729,Sudan,1096,Horses,2012,786934,A,,,,
213,795,Turkmenistan,1096,Horses,2012,25500,A,,,,
230,804,Ukraine,1096,Horses,2012,395700,A,,,,
57,112,Belarus,1096,Horses,2012,92000,A,,,,
198,705,Slovenia,1096,Horses,2012,23200,E,,,,
255,56,Belgium,1096,Horses,2012,36777,A,,,,
235,860,Uzbekistan,1096,Horses,2012,195200,A,,,,
1,51,Armenia,1096,Horses,2012,9912,A,,,,
199,703,Slovakia,1096,Horses,2012,6937,A,,,,
185,643,Russian Federation,1096,Horses,2012,1362133,A,,,,
238,231,Ethiopia,1096,Horses,2012,1907047,A,,,,
108,398,Kazakhstan,1096,Horses,2012,1607400,A,,,,
273,499,Montenegro,1096,Horses,2012,3905,A,,,,
2,4,Afghanistan,1096,Horses,2012,178000,A,,,,
3,8,Albania,1096,Horses,2012,33986,A,,,,
4,12,Algeria,1096,Horses,2012,46235,A,,,,
7,24,Angola,1096,Horses,2012,1000,E,,,,
8,28,Antigua and Barbuda,1096,Horses,2012,500,E,,,,
9,32,Argentina,1096,Horses,2012,3650000,E,,,,
10,36,Australia,1096,Horses,2012,265000,E,,,,
11,40,Austria,1096,Horses,2012,86500,E,,,,
12,44,Bahamas,1096,Horses,2012,,M,,,,
14,52,Barbados,1096,Horses,2012,1250,E,,,,
18,64,Bhutan,1096,Horses,2012,16794,A,,,,
19,68,Bolivia (Plurinational State of),1096,Horses,2012,487000,E,,,,
20,72,Botswana,1096,Horses,2012,36033,A,,,,
21,76,Brazil,1096,Horses,2012,5363185,A,,,,
23,84,Belize,1096,Horses,2012,5800,E,,,,
25,90,Solomon Islands,1096,Horses,2012,150,E,,,,
27,100,Bulgaria,1096,Horses,2012,60000,E,,,,
28,104,Myanmar,1096,Horses,2012,115000,E,,,,
115,116,Cambodia,1096,Horses,2012,29000,E,,,,
32,120,Cameroon,1096,Horses,2012,18000,E,,,,
33,124,Canada,1096,Horses,2012,407000,E,,,,
35,132,Cabo Verde,1096,Horses,2012,530,E,,,,
38,144,Sri Lanka,1096,Horses,2012,1400,E,,,,
39,148,Chad,1096,Horses,2012,432000,E,,,,
40,152,Chile,1096,Horses,2012,310500,E,,,,
41,156,"China, mainland",1096,Horses,2012,4652400,A,,,,
214,158,"China, Taiwan Province of",1096,Horses,2012,850,E,,,,
44,170,Colombia,1096,Horses,2012,899813,A,,,,
46,178,Congo,1096,Horses,2012,75,E,,,,
250,180,Democratic Republic of the Congo,1096,Horses,2012,,M,,,,
47,184,Cook Islands,1096,Horses,2012,305,E,,,,
48,188,Costa Rica,1096,Horses,2012,125800,E,,,,
49,192,Cuba,1096,Horses,2012,681900,A,,,,
53,204,Benin,1096,Horses,2012,1150,E,,,,
54,208,Denmark,1096,Horses,2012,68467,A,,,,
56,214,Dominican Republic,1096,Horses,2012,352000,E,,,,
58,218,Ecuador,1096,Horses,2012,337565,A,,,,
60,222,El Salvador,1096,Horses,2012,98000,E,,,,
66,242,Fiji,1096,Horses,2012,46500,E,,,,
67,246,Finland,1096,Horses,2012,75400,A,,,,
68,250,France,1096,Horses,2012,414284,A,,,,
70,258,French Polynesia,1096,Horses,2012,2200,E,,,,
75,270,Gambia,1096,Horses,2012,18504,A,,,,
79,276,Germany,1096,Horses,2012,500000,E,,,,
81,288,Ghana,1096,Horses,2012,2700,E,,,,
84,300,Greece,1096,Horses,2012,31786,A,,,,
86,308,Grenada,1096,Horses,2012,30,E,,,,
89,320,Guatemala,1096,Horses,2012,130000,E,,,,
90,324,Guinea,1096,Horses,2012,3320,E,,,,
91,328,Guyana,1096,Horses,2012,2450,E,,,,
93,332,Haiti,1096,Horses,2012,500000,E,,,,
95,340,Honduras,1096,Horses,2012,181500,E,,,,
96,344,"China, Hong Kong SAR",1096,Horses,2012,1500,E,,,,
97,348,Hungary,1096,Horses,2012,74000,A,,,,
99,352,Iceland,1096,Horses,2012,76343,A,,,,
100,356,India,1096,Horses,2012,624732,A,,,,
101,360,Indonesia,1096,Horses,2012,437383,A,,,,
102,364,Iran (Islamic Republic of),1096,Horses,2012,140000,E,,,,
103,368,Iraq,1096,Horses,2012,50000,E,,,,
104,372,Ireland,1096,Horses,2012,111100,A,,,,
105,376,Israel,1096,Horses,2012,4000,E,,,,
106,380,Italy,1096,Horses,2012,395913,A,,,,
109,388,Jamaica,1096,Horses,2012,4000,E,,,,
110,392,Japan,1096,Horses,2012,15500,E,,,,
112,400,Jordan,1096,Horses,2012,2400,A,,,,
114,404,Kenya,1096,Horses,2012,2000,E,,,,
116,408,Democratic People's Republic of Korea,1096,Horses,2012,48000,E,,,,
117,410,Republic of Korea,1096,Horses,2012,29698,A,,,,
118,414,Kuwait,1096,Horses,2012,1100,E,,,,
120,418,Lao People's Democratic Republic,1096,Horses,2012,32000,E,,,,
121,422,Lebanon,1096,Horses,2012,3650,E,,,,
122,426,Lesotho,1096,Horses,2012,69000,E,,,,
124,434,Libya,1096,Horses,2012,46000,E,,,,
129,450,Madagascar,1096,Horses,2012,490,E,,,,
130,454,Malawi,1096,Horses,2012,77,A,,,,
131,458,Malaysia,1096,Horses,2012,4101,A,,,,
133,466,Mali,1096,Horses,2012,497506,A,,,,
134,470,Malta,1096,Horses,2012,1100,E,,,,
136,478,Mauritania,1096,Horses,2012,65000,X,,,,
137,480,Mauritius,1096,Horses,2012,150,E,,,,
138,484,Mexico,1096,Horses,2012,6356000,E,,,,
141,496,Mongolia,1096,Horses,2012,2330428,A,,,,
143,504,Morocco,1096,Horses,2012,138150,A,,,,
147,516,Namibia,1096,Horses,2012,46643,A,,,,
150,528,Netherlands (Kingdom of the),1096,Horses,2012,132411,A,,,,
153,540,New Caledonia,1096,Horses,2012,12000,E,,,,
155,548,Vanuatu,1096,Horses,2012,6000,E,,,,
156,554,New Zealand,1096,Horses,2012,56878,A,,,,
157,558,Nicaragua,1096,Horses,2012,269000,E,,,,
158,562,Niger,1096,Horses,2012,238516,A,,,,
159,566,Nigeria,1096,Horses,2012,101713,A,,,,
162,578,Norway,1096,Horses,2012,36340,A,,,,
165,586,Pakistan,1096,Horses,2012,356000,A,,,,
166,591,Panama,1096,Horses,2012,115000,E,,,,
168,598,Papua New Guinea,1096,Horses,2012,2000,E,,,,
169,600,Paraguay,1096,Horses,2012,278848,A,,,,
170,604,Peru,1096,Horses,2012,742000,E,,,,
171,608,Philippines,1096,Horses,2012,242000,E,,,,
173,616,Poland,1096,Horses,2012,222210,A,,,,
174,620,Portugal,1096,Horses,2012,88000,A,,,,
175,624,Guinea-Bissau,1096,Horses,2012,2200,E,,,,
176,626,Timor-Leste,1096,Horses,2012,53731,A,,,,
177,630,Puerto Rico,1096,Horses,2012,10307,A,,,,
179,634,Qatar,1096,Horses,2012,3674,A,,,,
183,642,Romania,1096,Horses,2012,596380,A,,,,
189,662,Saint Lucia,1096,Horses,2012,1100,E,,,,
193,678,Sao Tome and Principe,1096,Horses,2012,290,E,,,,
194,682,Saudi Arabia,1096,Horses,2012,27000,E,,,,
195,686,Senegal,1096,Horses,2012,534124,A,,,,
197,694,Sierra Leone,1096,Horses,2012,427000,E,,,,
237,704,Viet Nam,1096,Horses,2012,83760,A,,,,
201,706,Somalia,1096,Horses,2012,850,E,,,,
202,710,South Africa,1096,Horses,2012,308000,E,,,,
181,716,Zimbabwe,1096,Horses,2012,28000,E,,,,
203,724,Spain,1096,Horses,2012,250000,E,,,,
207,740,Suriname,1096,Horses,2012,142,A,,,,
209,748,Eswatini,1096,Horses,2012,1620,E,,,,
210,752,Sweden,1096,Horses,2012,97000,E,,,,
211,756,Switzerland,1096,Horses,2012,58031,A,,,,
212,760,Syrian Arab Republic,1096,Horses,2012,15678,A,,,,
216,764,Thailand,1096,Horses,2012,7565,A,,,,
217,768,Togo,1096,Horses,2012,1700,E,,,,
219,776,Tonga,1096,Horses,2012,11500,E,,,,
220,780,Trinidad and Tobago,1096,Horses,2012,1400,E,,,,
225,784,United Arab Emirates,1096,Horses,2012,420,E,,,,
222,788,Tunisia,1096,Horses,2012,57200,E,,,,
223,792,Türkiye,1096,Horses,2012,141422,A,,,,
59,818,Egypt,1096,Horses,2012,74042,A,,,,
229,826,United Kingdom of Great Britain and Northern Ireland,1096,Horses,2012,547708,I,,,,
231,840,United States of America,1096,Horses,2012,8148859,I,,,,
233,854,Burkina Faso,1096,Horses,2012,39266,A,,,,
234,858,Uruguay,1096,Horses,2012,407000,E,,,,
236,862,Venezuela (Bolivarian Republic of),1096,Horses,2012,520000,E,,,,
244,882,Samoa,1096,Horses,2012,1900,E,,,,
249,887,Yemen,1096,Horses,2012,1917,A,,,,
52,31,Azerbaijan,1096,Horses,2013,76552,A,,,,
98,191,Croatia,1096,Horses,2013,21467,A,,,,
208,762,Tajikistan,1096,Horses,2013,76907,A,,,,
273,499,Montenegro,1096,Horses,2013,4858,A,,,,
80,70,Bosnia and Herzegovina,1096,Horses,2013,17683,A,,,,
108,398,Kazakhstan,1096,Horses,2013,1686200,A,,,,
167,203,Czechia,1096,Horses,2013,34281,A,,,,
113,417,Kyrgyzstan,1096,Horses,2013,407381,A,,,,
185,643,Russian Federation,1096,Horses,2013,1378471,A,,,,
63,233,Estonia,1096,Horses,2013,6200,A,,,,
256,442,Luxembourg,1096,Horses,2013,4682,A,,,,
73,268,Georgia,1096,Horses,2013,40000,E,,,,
238,231,Ethiopia,1096,Horses,2013,1963010,A,,,,
126,440,Lithuania,1096,Horses,2013,29646,A,,,,
199,703,Slovakia,1096,Horses,2013,7249,A,,,,
146,498,Republic of Moldova,1096,Horses,2013,46385,A,,,,
235,860,Uzbekistan,1096,Horses,2013,202200,A,,,,
272,688,Serbia,1096,Horses,2013,15605,A,,,,
154,807,North Macedonia,1096,Horses,2013,20682,A,,,,
213,795,Turkmenistan,1096,Horses,2013,26000,E,,,,
1,51,Armenia,1096,Horses,2013,10777,A,,,,
198,705,Slovenia,1096,Horses,2013,19000,E,,,,
230,804,Ukraine,1096,Horses,2013,376600,A,,,,
57,112,Belarus,1096,Horses,2013,82200,A,,,,
276,729,Sudan,1096,Horses,2013,787721,A,,,,
255,56,Belgium,1096,Horses,2013,33417,A,,,,
119,428,Latvia,1096,Horses,2013,10900,A,,,,
2,4,Afghanistan,1096,Horses,2013,171000,A,,,,
3,8,Albania,1096,Horses,2013,31580,A,,,,
4,12,Algeria,1096,Horses,2013,45035,A,,,,
7,24,Angola,1096,Horses,2013,1000,E,,,,
8,28,Antigua and Barbuda,1096,Horses,2013,500,E,,,,
9,32,Argentina,1096,Horses,2013,3620000,E,,,,
10,36,Australia,1096,Horses,2013,267000,E,,,,
11,40,Austria,1096,Horses,2013,86500,E,,,,
12,44,Bahamas,1096,Horses,2013,,M,,,,
14,52,Barbados,1096,Horses,2013,1250,E,,,,
18,64,Bhutan,1096,Horses,2013,22692,A,,,,
19,68,Bolivia (Plurinational State of),1096,Horses,2013,488000,E,,,,
20,72,Botswana,1096,Horses,2013,36906,A,,,,
21,76,Brazil,1096,Horses,2013,5312076,A,,,,
23,84,Belize,1096,Horses,2013,5800,E,,,,
25,90,Solomon Islands,1096,Horses,2013,150,E,,,,
27,100,Bulgaria,1096,Horses,2013,58000,E,,,,
28,104,Myanmar,1096,Horses,2013,115500,E,,,,
115,116,Cambodia,1096,Horses,2013,30000,E,,,,
32,120,Cameroon,1096,Horses,2013,18300,E,,,,
33,124,Canada,1096,Horses,2013,407000,E,,,,
35,132,Cabo Verde,1096,Horses,2013,530,E,,,,
38,144,Sri Lanka,1096,Horses,2013,1390,E,,,,
39,148,Chad,1096,Horses,2013,435000,E,,,,
40,152,Chile,1096,Horses,2013,310500,E,,,,
41,156,"China, mainland",1096,Horses,2013,4316800,A,,,,
214,158,"China, Taiwan Province of",1096,Horses,2013,855,E,,,,
44,170,Colombia,1096,Horses,2013,839182,A,,,,
46,178,Congo,1096,Horses,2013,75,E,,,,
250,180,Democratic Republic of the Congo,1096,Horses,2013,,M,,,,
47,184,Cook Islands,1096,Horses,2013,305,E,,,,
48,188,Costa Rica,1096,Horses,2013,126000,E,,,,
49,192,Cuba,1096,Horses,2013,723700,A,,,,
53,204,Benin,1096,Horses,2013,1200,E,,,,
54,208,Denmark,1096,Horses,2013,57249,A,,,,
56,214,Dominican Republic,1096,Horses,2013,355000,E,,,,
58,218,Ecuador,1096,Horses,2013,307911,A,,,,
60,222,El Salvador,1096,Horses,2013,98000,E,,,,
66,242,Fiji,1096,Horses,2013,47000,E,,,,
67,246,Finland,1096,Horses,2013,75000,A,,,,
68,250,France,1096,Horses,2013,408028,A,,,,
70,258,French Polynesia,1096,Horses,2013,2200,E,,,,
75,270,Gambia,1096,Horses,2013,4515,A,,,,
79,276,Germany,1096,Horses,2013,461300,A,,,,
81,288,Ghana,1096,Horses,2013,2900,E,,,,
84,300,Greece,1096,Horses,2013,31406,A,,,,
86,308,Grenada,1096,Horses,2013,30,E,,,,
89,320,Guatemala,1096,Horses,2013,130000,E,,,,
90,324,Guinea,1096,Horses,2013,3350,E,,,,
91,328,Guyana,1096,Horses,2013,2450,E,,,,
93,332,Haiti,1096,Horses,2013,500000,E,,,,
95,340,Honduras,1096,Horses,2013,181500,E,,,,
96,344,"China, Hong Kong SAR",1096,Horses,2013,1525,E,,,,
97,348,Hungary,1096,Horses,2013,76000,A,,,,
99,352,Iceland,1096,Horses,2013,74000,A,,,,
100,356,India,1096,Horses,2013,628000,E,,,,
101,360,Indonesia,1096,Horses,2013,434206,A,,,,
102,364,Iran (Islamic Republic of),1096,Horses,2013,140000,E,,,,
103,368,Iraq,1096,Horses,2013,52000,E,,,,
104,372,Ireland,1096,Horses,2013,101600,A,,,,
105,376,Israel,1096,Horses,2013,4000,E,,,,
106,380,Italy,1096,Horses,2013,393915,A,,,,
109,388,Jamaica,1096,Horses,2013,4000,E,,,,
110,392,Japan,1096,Horses,2013,15800,E,,,,
112,400,Jordan,1096,Horses,2013,2400,E,,,,
114,404,Kenya,1096,Horses,2013,2050,E,,,,
116,408,Democratic People's Republic of Korea,1096,Horses,2013,48000,E,,,,
117,410,Republic of Korea,1096,Horses,2013,29342,A,,,,
118,414,Kuwait,1096,Horses,2013,1080,E,,,,
120,418,Lao People's Democratic Republic,1096,Horses,2013,32500,E,,,,
121,422,Lebanon,1096,Horses,2013,3800,E,,,,
122,426,Lesotho,1096,Horses,2013,59731,A,,,,
124,434,Libya,1096,Horses,2013,46300,E,,,,
129,450,Madagascar,1096,Horses,2013,485,E,,,,
130,454,Malawi,1096,Horses,2013,115,A,,,,
131,458,Malaysia,1096,Horses,2013,3676,A,,,,
133,466,Mali,1096,Horses,2013,507456,A,,,,
134,470,Malta,1096,Horses,2013,1050,E,,,,
136,478,Mauritania,1096,Horses,2013,65000,X,,,,
137,480,Mauritius,1096,Horses,2013,150,E,,,,
138,484,Mexico,1096,Horses,2013,6356000,E,,,,
141,496,Mongolia,1096,Horses,2013,2619377,A,,,,
143,504,Morocco,1096,Horses,2013,139210,A,,,,
147,516,Namibia,1096,Horses,2013,40265,A,,,,
150,528,Netherlands (Kingdom of the),1096,Horses,2013,130540,A,,,,
153,540,New Caledonia,1096,Horses,2013,10000,A,,,,
155,548,Vanuatu,1096,Horses,2013,6200,E,,,,
156,554,New Zealand,1096,Horses,2013,57427,A,,,,
157,558,Nicaragua,1096,Horses,2013,269000,E,,,,
158,562,Niger,1096,Horses,2013,240902,A,,,,
159,566,Nigeria,1096,Horses,2013,101715,A,,,,
162,578,Norway,1096,Horses,2013,34452,A,,,,
165,586,Pakistan,1096,Horses,2013,358000,A,,,,
166,591,Panama,1096,Horses,2013,115000,E,,,,
168,598,Papua New Guinea,1096,Horses,2013,2050,E,,,,
169,600,Paraguay,1096,Horses,2013,277848,A,,,,
170,604,Peru,1096,Horses,2013,742500,E,,,,
171,608,Philippines,1096,Horses,2013,240000,E,,,,
173,616,Poland,1096,Horses,2013,207065,A,,,,
174,620,Portugal,1096,Horses,2013,78000,A,,,,
175,624,Guinea-Bissau,1096,Horses,2013,2300,E,,,,
176,626,Timor-Leste,1096,Horses,2013,51797,A,,,,
177,630,Puerto Rico,1096,Horses,2013,8906,I,,,,
179,634,Qatar,1096,Horses,2013,5287,A,,,,
183,642,Romania,1096,Horses,2013,574627,A,,,,
189,662,Saint Lucia,1096,Horses,2013,1100,E,,,,
193,678,Sao Tome and Principe,1096,Horses,2013,290,E,,,,
194,682,Saudi Arabia,1096,Horses,2013,27500,E,,,,
195,686,Senegal,1096,Horses,2013,539309,A,,,,
197,694,Sierra Leone,1096,Horses,2013,427500,E,,,,
237,704,Viet Nam,1096,Horses,2013,79010,A,,,,
201,706,Somalia,1096,Horses,2013,850,E,,,,
202,710,South Africa,1096,Horses,2013,310000,E,,,,
181,716,Zimbabwe,1096,Horses,2013,28000,E,,,,
203,724,Spain,1096,Horses,2013,250000,E,,,,
207,740,Suriname,1096,Horses,2013,159,A,,,,
209,748,Eswatini,1096,Horses,2013,1650,E,,,,
210,752,Sweden,1096,Horses,2013,95000,E,,,,
211,756,Switzerland,1096,Horses,2013,57243,A,,,,
212,760,Syrian Arab Republic,1096,Horses,2013,15095,A,,,,
216,764,Thailand,1096,Horses,2013,5191,A,,,,
217,768,Togo,1096,Horses,2013,1850,E,,,,
219,776,Tonga,1096,Horses,2013,11000,E,,,,
220,780,Trinidad and Tobago,1096,Horses,2013,1400,E,,,,
225,784,United Arab Emirates,1096,Horses,2013,420,E,,,,
222,788,Tunisia,1096,Horses,2013,57200,E,,,,
223,792,Türkiye,1096,Horses,2013,136209,A,,,,
59,818,Egypt,1096,Horses,2013,71346,A,,,,
229,826,United Kingdom of Great Britain and Northern Ireland,1096,Horses,2013,573293,I,,,,
231,840,United States of America,1096,Horses,2013,7922540,I,,,,
233,854,Burkina Faso,1096,Horses,2013,40468,A,,,,
234,858,Uruguay,1096,Horses,2013,380000,A,,,,
236,862,Venezuela (Bolivarian Republic of),1096,Horses,2013,522000,E,,,,
244,882,Samoa,1096,Horses,2013,1900,E,,,,
249,887,Yemen,1096,Horses,2013,1978,A,,,,
146,498,Republic of Moldova,1096,Horses,2014,45020,A,,,,
167,203,Czechia,1096,Horses,2014,32925,A,,,,
256,442,Luxembourg,1096,Horses,2014,4724,A,,,,
276,729,Sudan,1096,Horses,2014,788509,A,,,,
208,762,Tajikistan,1096,Horses,2014,77560,A,,,,
73,268,Georgia,1096,Horses,2014,40000,E,,,,
255,56,Belgium,1096,Horses,2014,33000,E,,,,
185,643,Russian Federation,1096,Horses,2014,1374847,A,,,,
198,705,Slovenia,1096,Horses,2014,21832,A,,,,
273,499,Montenegro,1096,Horses,2014,4968,A,,,,
52,31,Azerbaijan,1096,Horses,2014,75428,A,,,,
126,440,Lithuania,1096,Horses,2014,22178,A,,,,
119,428,Latvia,1096,Horses,2014,10700,A,,,,
108,398,Kazakhstan,1096,Horses,2014,1784500,A,,,,
199,703,Slovakia,1096,Horses,2014,7161,A,,,,
272,688,Serbia,1096,Horses,2014,15606,A,,,,
213,795,Turkmenistan,1096,Horses,2014,26000,E,,,,
98,191,Croatia,1096,Horses,2014,21144,A,,,,
230,804,Ukraine,1096,Horses,2014,350400,A,,,,
1,51,Armenia,1096,Horses,2014,11686,A,,,,
63,233,Estonia,1096,Horses,2014,6300,A,,,,
57,112,Belarus,1096,Horses,2014,73200,A,,,,
113,417,Kyrgyzstan,1096,Horses,2014,432972,A,,,,
80,70,Bosnia and Herzegovina,1096,Horses,2014,17000,A,,,,
154,807,North Macedonia,1096,Horses,2014,19371,A,,,,
235,860,Uzbekistan,1096,Horses,2014,207685,I,,,,
238,231,Ethiopia,1096,Horses,2014,2033115,A,,,,
2,4,Afghanistan,1096,Horses,2014,171000,A,,,,
3,8,Albania,1096,Horses,2014,31727,A,,,,
4,12,Algeria,1096,Horses,2014,42010,A,,,,
7,24,Angola,1096,Horses,2014,1000,E,,,,
8,28,Antigua and Barbuda,1096,Horses,2014,500,E,,,,
9,32,Argentina,1096,Horses,2014,3600000,E,,,,
10,36,Australia,1096,Horses,2014,270000,E,,,,
11,40,Austria,1096,Horses,2014,87000,E,,,,
12,44,Bahamas,1096,Horses,2014,,M,,,,
14,52,Barbados,1096,Horses,2014,1240,E,,,,
18,64,Bhutan,1096,Horses,2014,21221,A,,,,
19,68,Bolivia (Plurinational State of),1096,Horses,2014,490000,E,,,,
20,72,Botswana,1096,Horses,2014,26827,A,,,,
21,76,Brazil,1096,Horses,2014,5450601,A,,,,
23,84,Belize,1096,Horses,2014,5750,E,,,,
25,90,Solomon Islands,1096,Horses,2014,150,E,,,,
27,100,Bulgaria,1096,Horses,2014,42141,A,,,,
28,104,Myanmar,1096,Horses,2014,115363,I,,,,
115,116,Cambodia,1096,Horses,2014,30000,E,,,,
32,120,Cameroon,1096,Horses,2014,18500,E,,,,
33,124,Canada,1096,Horses,2014,408000,E,,,,
35,132,Cabo Verde,1096,Horses,2014,540,E,,,,
38,144,Sri Lanka,1096,Horses,2014,1380,E,,,,
39,148,Chad,1096,Horses,2014,446757,A,,,,
40,152,Chile,1096,Horses,2014,310700,E,,,,
41,156,"China, mainland",1096,Horses,2014,4316800,A,,,,
214,158,"China, Taiwan Province of",1096,Horses,2014,855,E,,,,
44,170,Colombia,1096,Horses,2014,814608,A,,,,
46,178,Congo,1096,Horses,2014,75,E,,,,
250,180,Democratic Republic of the Congo,1096,Horses,2014,,M,,,,
47,184,Cook Islands,1096,Horses,2014,305,E,,,,
48,188,Costa Rica,1096,Horses,2014,66942,A,,,,
49,192,Cuba,1096,Horses,2014,773900,A,,,,
53,204,Benin,1096,Horses,2014,1200,E,,,,
54,208,Denmark,1096,Horses,2014,48684,A,,,,
56,214,Dominican Republic,1096,Horses,2014,355000,E,,,,
58,218,Ecuador,1096,Horses,2014,283714,A,,,,
60,222,El Salvador,1096,Horses,2014,98100,E,,,,
66,242,Fiji,1096,Horses,2014,47000,E,,,,
67,246,Finland,1096,Horses,2014,74600,A,,,,
68,250,France,1096,Horses,2014,405649,A,,,,
70,258,French Polynesia,1096,Horses,2014,2200,E,,,,
75,270,Gambia,1096,Horses,2014,4593,A,,,,
79,276,Germany,1096,Horses,2014,372000,E,,,,
81,288,Ghana,1096,Horses,2014,3000,E,,,,
84,300,Greece,1096,Horses,2014,24036,A,,,,
86,308,Grenada,1096,Horses,2014,30,E,,,,
89,320,Guatemala,1096,Horses,2014,129500,E,,,,
90,324,Guinea,1096,Horses,2014,3350,E,,,,
91,328,Guyana,1096,Horses,2014,2400,E,,,,
93,332,Haiti,1096,Horses,2014,500000,E,,,,
95,340,Honduras,1096,Horses,2014,182000,E,,,,
96,344,"China, Hong Kong SAR",1096,Horses,2014,1525,E,,,,
97,348,Hungary,1096,Horses,2014,62000,A,,,,
99,352,Iceland,1096,Horses,2014,74000,A,,,,
100,356,India,1096,Horses,2014,630000,E,,,,
101,360,Indonesia,1096,Horses,2014,428052,A,,,,
102,364,Iran (Islamic Republic of),1096,Horses,2014,140000,E,,,,
103,368,Iraq,1096,Horses,2014,53000,E,,,,
104,372,Ireland,1096,Horses,2014,95000,A,,,,
105,376,Israel,1096,Horses,2014,4000,E,,,,
106,380,Italy,1096,Horses,2014,390886,A,,,,
109,388,Jamaica,1096,Horses,2014,4000,E,,,,
110,392,Japan,1096,Horses,2014,16000,E,,,,
112,400,Jordan,1096,Horses,2014,2430,E,,,,
114,404,Kenya,1096,Horses,2014,2050,E,,,,
116,408,Democratic People's Republic of Korea,1096,Horses,2014,48000,E,,,,
117,410,Republic of Korea,1096,Horses,2014,25824,A,,,,
118,414,Kuwait,1096,Horses,2014,1080,E,,,,
120,418,Lao People's Democratic Republic,1096,Horses,2014,32500,E,,,,
121,422,Lebanon,1096,Horses,2014,4000,X,,,,
122,426,Lesotho,1096,Horses,2014,55397,A,,,,
124,434,Libya,1096,Horses,2014,46500,E,,,,
129,450,Madagascar,1096,Horses,2014,490,E,,,,
130,454,Malawi,1096,Horses,2014,107,A,,,,
131,458,Malaysia,1096,Horses,2014,3660,A,,,,
133,466,Mali,1096,Horses,2014,517605,A,,,,
134,470,Malta,1096,Horses,2014,1050,E,,,,
136,478,Mauritania,1096,Horses,2014,65000,X,,,,
137,480,Mauritius,1096,Horses,2014,150,E,,,,
138,484,Mexico,1096,Horses,2014,6355000,E,,,,
141,496,Mongolia,1096,Horses,2014,2995754,A,,,,
143,504,Morocco,1096,Horses,2014,140000,E,,,,
147,516,Namibia,1096,Horses,2014,55241,A,,,,
150,528,Netherlands (Kingdom of the),1096,Horses,2014,126586,A,,,,
153,540,New Caledonia,1096,Horses,2014,10000,A,,,,
155,548,Vanuatu,1096,Horses,2014,6500,E,,,,
156,554,New Zealand,1096,Horses,2014,51611,A,,,,
157,558,Nicaragua,1096,Horses,2014,269100,E,,,,
158,562,Niger,1096,Horses,2014,243310,A,,,,
159,566,Nigeria,1096,Horses,2014,101862,A,,,,
162,578,Norway,1096,Horses,2014,38794,A,,,,
165,586,Pakistan,1096,Horses,2014,360000,A,,,,
166,591,Panama,1096,Horses,2014,116000,E,,,,
168,598,Papua New Guinea,1096,Horses,2014,2050,E,,,,
169,600,Paraguay,1096,Horses,2014,276825,A,,,,
170,604,Peru,1096,Horses,2014,743000,E,,,,
171,608,Philippines,1096,Horses,2014,240000,E,,,,
173,616,Poland,1096,Horses,2014,207065,A,,,,
174,620,Portugal,1096,Horses,2014,83000,A,,,,
175,624,Guinea-Bissau,1096,Horses,2014,2300,E,,,,
176,626,Timor-Leste,1096,Horses,2014,52266,A,,,,
177,630,Puerto Rico,1096,Horses,2014,8037,I,,,,
179,634,Qatar,1096,Horses,2014,2006,A,,,,
183,642,Romania,1096,Horses,2014,548245,A,,,,
189,662,Saint Lucia,1096,Horses,2014,1100,E,,,,
193,678,Sao Tome and Principe,1096,Horses,2014,290,E,,,,
194,682,Saudi Arabia,1096,Horses,2014,28000,E,,,,
195,686,Senegal,1096,Horses,2014,545242,A,,,,
197,694,Sierra Leone,1096,Horses,2014,428000,E,,,,
237,704,Viet Nam,1096,Horses,2014,66924,A,,,,
201,706,Somalia,1096,Horses,2014,850,E,,,,
202,710,South Africa,1096,Horses,2014,312000,E,,,,
181,716,Zimbabwe,1096,Horses,2014,28000,E,,,,
203,724,Spain,1096,Horses,2014,250000,E,,,,
207,740,Suriname,1096,Horses,2014,156,A,,,,
209,748,Eswatini,1096,Horses,2014,1650,E,,,,
210,752,Sweden,1096,Horses,2014,95000,E,,,,
211,756,Switzerland,1096,Horses,2014,57200,A,,,,
212,760,Syrian Arab Republic,1096,Horses,2014,16469,A,,,,
216,764,Thailand,1096,Horses,2014,6353,A,,,,
217,768,Togo,1096,Horses,2014,1850,E,,,,
219,776,Tonga,1096,Horses,2014,11000,E,,,,
220,780,Trinidad and Tobago,1096,Horses,2014,1400,E,,,,
225,784,United Arab Emirates,1096,Horses,2014,420,E,,,,
222,788,Tunisia,1096,Horses,2014,57100,E,,,,
223,792,Türkiye,1096,Horses,2014,131480,A,,,,
59,818,Egypt,1096,Horses,2014,74616,A,,,,
229,826,United Kingdom of Great Britain and Northern Ireland,1096,Horses,2014,598879,I,,,,
231,840,United States of America,1096,Horses,2014,7699622,I,,,,
233,854,Burkina Faso,1096,Horses,2014,40014,A,,,,
234,858,Uruguay,1096,Horses,2014,412960,A,,,,
236,862,Venezuela (Bolivarian Republic of),1096,Horses,2014,522000,E,,,,
244,882,Samoa,1096,Horses,2014,1900,E,,,,
249,887,Yemen,1096,Horses,2014,2040,A,,,,
63,233,Estonia,1096,Horses,2015,6300,A,,,,
154,807,North Macedonia,1096,Horses,2015,18784,A,,,,
108,398,Kazakhstan,1096,Horses,2015,2070273,A,,,,
113,417,Kyrgyzstan,1096,Horses,2015,449614,A,,,,
167,203,Czechia,1096,Horses,2015,33716,A,,,,
73,268,Georgia,1096,Horses,2015,40140,I,,,,
52,31,Azerbaijan,1096,Horses,2015,73741,A,,,,
230,804,Ukraine,1096,Horses,2015,316800,A,,,,
80,70,Bosnia and Herzegovina,1096,Horses,2015,16604,A,,,,
57,112,Belarus,1096,Horses,2015,63600,A,,,,
198,705,Slovenia,1096,Horses,2015,20905,I,,,,
276,729,Sudan,1096,Horses,2015,789297,A,,,,
1,51,Armenia,1096,Horses,2015,11430,A,,,,
238,231,Ethiopia,1096,Horses,2015,2082203,A,,,,
213,795,Turkmenistan,1096,Horses,2015,26007,I,,,,
146,498,Republic of Moldova,1096,Horses,2015,41943,A,,,,
208,762,Tajikistan,1096,Horses,2015,78303,A,,,,
256,442,Luxembourg,1096,Horses,2015,4717,A,,,,
199,703,Slovakia,1096,Horses,2015,6828,A,,,,
235,860,Uzbekistan,1096,Horses,2015,213400,A,,,,
272,688,Serbia,1096,Horses,2015,15222,A,,,,
273,499,Montenegro,1096,Horses,2015,4927,A,,,,
126,440,Lithuania,1096,Horses,2015,18193,A,,,,
98,191,Croatia,1096,Horses,2015,21868,A,,,,
119,428,Latvia,1096,Horses,2015,10068,A,,,,
185,643,Russian Federation,1096,Horses,2015,1373260,A,,,,
255,56,Belgium,1096,Horses,2015,31662,I,,,,
2,4,Afghanistan,1096,Horses,2015,173000,A,,,,
3,8,Albania,1096,Horses,2015,31000,A,,,,
4,12,Algeria,1096,Horses,2015,42366,A,,,,
7,24,Angola,1096,Horses,2015,1005,I,,,,
8,28,Antigua and Barbuda,1096,Horses,2015,493,I,,,,
9,32,Argentina,1096,Horses,2015,2447307,A,,,,
10,36,Australia,1096,Horses,2015,271702,I,,,,
11,40,Austria,1096,Horses,2015,88597,I,,,,
12,44,Bahamas,1096,Horses,2015,,M,,,,
14,52,Barbados,1096,Horses,2015,1239,I,,,,
18,64,Bhutan,1096,Horses,2015,14798,A,,,,
19,68,Bolivia (Plurinational State of),1096,Horses,2015,491965,I,,,,
20,72,Botswana,1096,Horses,2015,32337,A,,,,
21,76,Brazil,1096,Horses,2015,5551288,A,,,,
23,84,Belize,1096,Horses,2015,5804,I,,,,
25,90,Solomon Islands,1096,Horses,2015,150,I,,,,
27,100,Bulgaria,1096,Horses,2015,42000,E,,,,
28,104,Myanmar,1096,Horses,2015,107051,I,,,,
115,116,Cambodia,1096,Horses,2015,30000,E,,,,
32,120,Cameroon,1096,Horses,2015,18308,I,,,,
33,124,Canada,1096,Horses,2015,400053,I,,,,
35,132,Cabo Verde,1096,Horses,2015,550,I,,,,
38,144,Sri Lanka,1096,Horses,2015,1368,I,,,,
39,148,Chad,1096,Horses,2015,1073498,A,,,,
40,152,Chile,1096,Horses,2015,310903,I,,,,
41,156,"China, mainland",1096,Horses,2015,4157500,A,,,,
214,158,"China, Taiwan Province of",1096,Horses,2015,853,I,,,,
44,170,Colombia,1096,Horses,2015,812629,A,,,,
46,178,Congo,1096,Horses,2015,75,I,,,,
250,180,Democratic Republic of the Congo,1096,Horses,2015,,M,,,,
47,184,Cook Islands,1096,Horses,2015,303,I,,,,
48,188,Costa Rica,1096,Horses,2015,126015,I,,,,
49,192,Cuba,1096,Horses,2015,814200,A,,,,
53,204,Benin,1096,Horses,2015,1156,I,,,,
54,208,Denmark,1096,Horses,2015,57720,A,,,,
56,214,Dominican Republic,1096,Horses,2015,356441,I,,,,
58,218,Ecuador,1096,Horses,2015,223352,A,,,,
60,222,El Salvador,1096,Horses,2015,98043,I,,,,
66,242,Fiji,1096,Horses,2015,47015,I,,,,
67,246,Finland,1096,Horses,2015,74200,A,,,,
68,250,France,1096,Horses,2015,398055,A,,,,
70,258,French Polynesia,1096,Horses,2015,2200,I,,,,
75,270,Gambia,1096,Horses,2015,5908,I,,,,
79,276,Germany,1096,Horses,2015,422657,I,,,,
81,288,Ghana,1096,Horses,2015,3063,I,,,,
84,300,Greece,1096,Horses,2015,14887,A,,,,
86,308,Grenada,1096,Horses,2015,30,I,,,,
89,320,Guatemala,1096,Horses,2015,129430,I,,,,
90,324,Guinea,1096,Horses,2015,3370,I,,,,
91,328,Guyana,1096,Horses,2015,2380,I,,,,
93,332,Haiti,1096,Horses,2015,501296,I,,,,
95,340,Honduras,1096,Horses,2015,182046,I,,,,
96,344,"China, Hong Kong SAR",1096,Horses,2015,1534,I,,,,
97,348,Hungary,1096,Horses,2015,61000,A,,,,
99,352,Iceland,1096,Horses,2015,74000,A,,,,
100,356,India,1096,Horses,2015,566042,I,,,,
101,360,Indonesia,1096,Horses,2015,430404,A,,,,
102,364,Iran (Islamic Republic of),1096,Horses,2015,138611,I,,,,
103,368,Iraq,1096,Horses,2015,51072,I,,,,
104,372,Ireland,1096,Horses,2015,93100,A,,,,
105,376,Israel,1096,Horses,2015,4000,I,,,,
106,380,Italy,1096,Horses,2015,384767,A,,,,
109,388,Jamaica,1096,Horses,2015,4003,I,,,,
110,392,Japan,1096,Horses,2015,15736,I,,,,
112,400,Jordan,1096,Horses,2015,2439,I,,,,
114,404,Kenya,1096,Horses,2015,2053,I,,,,
116,408,Democratic People's Republic of Korea,1096,Horses,2015,48007,I,,,,
117,410,Republic of Korea,1096,Horses,2015,16859,A,,,,
118,414,Kuwait,1096,Horses,2015,1180,I,,,,
120,418,Lao People's Democratic Republic,1096,Horses,2015,32500,E,,,,
121,422,Lebanon,1096,Horses,2015,3612,I,,,,
122,426,Lesotho,1096,Horses,2015,59704,A,,,,
124,434,Libya,1096,Horses,2015,46587,I,,,,
129,450,Madagascar,1096,Horses,2015,494,I,,,,
130,454,Malawi,1096,Horses,2015,99,A,,,,
131,458,Malaysia,1096,Horses,2015,3608,A,,,,
133,466,Mali,1096,Horses,2015,527957,A,,,,
134,470,Malta,1096,Horses,2015,1049,I,,,,
136,478,Mauritania,1096,Horses,2015,65008,I,,,,
137,480,Mauritius,1096,Horses,2015,150,I,,,,
138,484,Mexico,1096,Horses,2015,6364160,I,,,,
141,496,Mongolia,1096,Horses,2015,3295336,A,,,,
143,504,Morocco,1096,Horses,2015,162000,A,,,,
147,516,Namibia,1096,Horses,2015,47151,A,,,,
150,528,Netherlands (Kingdom of the),1096,Horses,2015,118385,A,,,,
153,540,New Caledonia,1096,Horses,2015,10986,I,,,,
155,548,Vanuatu,1096,Horses,2015,6646,I,,,,
156,554,New Zealand,1096,Horses,2015,40935,A,,,,
157,558,Nicaragua,1096,Horses,2015,269113,I,,,,
158,562,Niger,1096,Horses,2015,245743,A,,,,
159,566,Nigeria,1096,Horses,2015,102147,A,,,,
162,578,Norway,1096,Horses,2015,37005,A,,,,
165,586,Pakistan,1096,Horses,2015,362000,A,,,,
166,591,Panama,1096,Horses,2015,112028,I,,,,
168,598,Papua New Guinea,1096,Horses,2015,2042,I,,,,
169,600,Paraguay,1096,Horses,2015,275922,A,,,,
170,604,Peru,1096,Horses,2015,743424,I,,,,
171,608,Philippines,1096,Horses,2015,242222,I,,,,
173,616,Poland,1096,Horses,2015,207065,A,,,,
174,620,Portugal,1096,Horses,2015,74000,A,,,,
175,624,Guinea-Bissau,1096,Horses,2015,2318,I,,,,
176,626,Timor-Leste,1096,Horses,2015,50751,A,,,,
177,630,Puerto Rico,1096,Horses,2015,7136,I,,,,
179,634,Qatar,1096,Horses,2015,8349,A,,,,
183,642,Romania,1096,Horses,2015,524741,A,,,,
189,662,Saint Lucia,1096,Horses,2015,1104,I,,,,
193,678,Sao Tome and Principe,1096,Horses,2015,292,I,,,,
194,682,Saudi Arabia,1096,Horses,2015,28000,E,,,,
195,686,Senegal,1096,Horses,2015,551089,I,,,,
197,694,Sierra Leone,1096,Horses,2015,429807,I,,,,
237,704,Viet Nam,1096,Horses,2015,65739,A,,,,
201,706,Somalia,1096,Horses,2015,855,I,,,,
202,710,South Africa,1096,Horses,2015,315774,I,,,,
181,716,Zimbabwe,1096,Horses,2015,28082,I,,,,
203,724,Spain,1096,Horses,2015,318000,A,,,,
207,740,Suriname,1096,Horses,2015,261,A,,,,
209,748,Eswatini,1096,Horses,2015,1659,I,,,,
210,752,Sweden,1096,Horses,2015,98476,I,,,,
211,756,Switzerland,1096,Horses,2015,55479,A,,,,
212,760,Syrian Arab Republic,1096,Horses,2015,16511,A,,,,
216,764,Thailand,1096,Horses,2015,6046,I,,,,
217,768,Togo,1096,Horses,2015,1859,I,,,,
219,776,Tonga,1096,Horses,2015,11327,I,,,,
220,780,Trinidad and Tobago,1096,Horses,2015,1401,I,,,,
225,784,United Arab Emirates,1096,Horses,2015,421,I,,,,
222,788,Tunisia,1096,Horses,2015,57069,I,,,,
223,792,Türkiye,1096,Horses,2015,122704,A,,,,
59,818,Egypt,1096,Horses,2015,72709,A,,,,
229,826,United Kingdom of Great Britain and Northern Ireland,1096,Horses,2015,625993,I,,,,
231,840,United States of America,1096,Horses,2015,7463255,I,,,,
233,854,Burkina Faso,1096,Horses,2015,40395,A,,,,
234,858,Uruguay,1096,Horses,2015,410990,A,,,,
236,862,Venezuela (Bolivarian Republic of),1096,Horses,2015,521938,I,,,,
244,882,Samoa,1096,Horses,2015,1901,I,,,,
249,887,Yemen,1096,Horses,2015,1975,A,,,,
198,705,Slovenia,1096,Horses,2016,19453,A,,,,
235,860,Uzbekistan,1096,Horses,2016,221410,A,,,,
185,643,Russian Federation,1096,Horses,2016,1240589,A,,,,
276,729,Sudan,1096,Horses,2016,790087,A,,,,
1,51,Armenia,1096,Horses,2016,11402,A,,,,
273,499,Montenegro,1096,Horses,2016,3947,A,,,,
80,70,Bosnia and Herzegovina,1096,Horses,2016,16288,A,,,,
98,191,Croatia,1096,Horses,2016,22775,A,,,,
63,233,Estonia,1096,Horses,2016,5700,A,,,,
238,231,Ethiopia,1096,Horses,2016,2158176,A,,,,
146,498,Republic of Moldova,1096,Horses,2016,39429,A,,,,
230,804,Ukraine,1096,Horses,2016,305800,A,,,,
52,31,Azerbaijan,1096,Horses,2016,71606,A,,,,
213,795,Turkmenistan,1096,Horses,2016,23758,A,,,,
119,428,Latvia,1096,Horses,2016,9598,A,,,,
108,398,Kazakhstan,1096,Horses,2016,2259218,A,,,,
167,203,Czechia,1096,Horses,2016,32133,A,,,,
57,112,Belarus,1096,Horses,2016,55300,A,,,,
126,440,Lithuania,1096,Horses,2016,17321,A,,,,
256,442,Luxembourg,1096,Horses,2016,4540,A,,,,
208,762,Tajikistan,1096,Horses,2016,79700,A,,,,
113,417,Kyrgyzstan,1096,Horses,2016,467249,A,,,,
255,56,Belgium,1096,Horses,2016,28060,A,,,,
272,688,Serbia,1096,Horses,2016,15337,A,,,,
154,807,North Macedonia,1096,Horses,2016,19263,A,,,,
199,703,Slovakia,1096,Horses,2016,6866,A,,,,
73,268,Georgia,1096,Horses,2016,40772,I,,,,
2,4,Afghanistan,1096,Horses,2016,171200,A,,,,
3,8,Albania,1096,Horses,2016,31729,A,,,,
4,12,Algeria,1096,Horses,2016,44991,A,,,,
7,24,Angola,1096,Horses,2016,1011,I,,,,
8,28,Antigua and Barbuda,1096,Horses,2016,490,I,,,,
9,32,Argentina,1096,Horses,2016,2447582,A,,,,
10,36,Australia,1096,Horses,2016,272113,I,,,,
11,40,Austria,1096,Horses,2016,88288,A,,,,
12,44,Bahamas,1096,Horses,2016,,M,,,,
14,52,Barbados,1096,Horses,2016,1242,I,,,,
18,64,Bhutan,1096,Horses,2016,13914,A,,,,
19,68,Bolivia (Plurinational State of),1096,Horses,2016,493625,I,,,,
20,72,Botswana,1096,Horses,2016,27471,I,,,,
21,76,Brazil,1096,Horses,2016,5576136,A,,,,
23,84,Belize,1096,Horses,2016,5858,I,,,,
25,90,Solomon Islands,1096,Horses,2016,150,I,,,,
27,100,Bulgaria,1096,Horses,2016,42000,E,,,,
28,104,Myanmar,1096,Horses,2016,112638,E,,,,
115,116,Cambodia,1096,Horses,2016,30023,I,,,,
32,120,Cameroon,1096,Horses,2016,17960,I,,,,
33,124,Canada,1096,Horses,2016,398716,I,,,,
35,132,Cabo Verde,1096,Horses,2016,556,I,,,,
38,144,Sri Lanka,1096,Horses,2016,1356,I,,,,
39,148,Chad,1096,Horses,2016,1119229,A,,,,
40,152,Chile,1096,Horses,2016,310000,E,,,,
41,156,"China, mainland",1096,Horses,2016,3975000,A,,,,
214,158,"China, Taiwan Province of",1096,Horses,2016,856,I,,,,
44,170,Colombia,1096,Horses,2016,1071934,A,,,,
46,178,Congo,1096,Horses,2016,75,I,,,,
250,180,Democratic Republic of the Congo,1096,Horses,2016,,M,,,,
47,184,Cook Islands,1096,Horses,2016,302,I,,,,
48,188,Costa Rica,1096,Horses,2016,126030,I,,,,
49,192,Cuba,1096,Horses,2016,860800,A,,,,
53,204,Benin,1096,Horses,2016,1132,I,,,,
54,208,Denmark,1096,Horses,2016,51282,A,,,,
56,214,Dominican Republic,1096,Horses,2016,358085,I,,,,
58,218,Ecuador,1096,Horses,2016,219134,A,,,,
60,222,El Salvador,1096,Horses,2016,97963,I,,,,
66,242,Fiji,1096,Horses,2016,47063,I,,,,
67,246,Finland,1096,Horses,2016,74200,A,,,,
68,250,France,1096,Horses,2016,379410,A,,,,
70,258,French Polynesia,1096,Horses,2016,2200,I,,,,
75,270,Gambia,1096,Horses,2016,9897,I,,,,
79,276,Germany,1096,Horses,2016,441954,A,,,,
81,288,Ghana,1096,Horses,2016,3102,I,,,,
84,300,Greece,1096,Horses,2016,14370,A,,,,
86,308,Grenada,1096,Horses,2016,30,I,,,,
89,320,Guatemala,1096,Horses,2016,129700,I,,,,
90,324,Guinea,1096,Horses,2016,3400,E,,,,
91,328,Guyana,1096,Horses,2016,2371,I,,,,
93,332,Haiti,1096,Horses,2016,501727,I,,,,
95,340,Honduras,1096,Horses,2016,182044,I,,,,
96,344,"China, Hong Kong SAR",1096,Horses,2016,1542,I,,,,
97,348,Hungary,1096,Horses,2016,60000,A,,,,
99,352,Iceland,1096,Horses,2016,72000,A,,,,
100,356,India,1096,Horses,2016,502507,I,,,,
101,360,Indonesia,1096,Horses,2016,424268,A,,,,
102,364,Iran (Islamic Republic of),1096,Horses,2016,135310,I,,,,
103,368,Iraq,1096,Horses,2016,50192,I,,,,
104,372,Ireland,1096,Horses,2016,92200,A,,,,
105,376,Israel,1096,Horses,2016,4000,I,,,,
106,380,Italy,1096,Horses,2016,388324,A,,,,
109,388,Jamaica,1096,Horses,2016,4006,I,,,,
110,392,Japan,1096,Horses,2016,15304,I,,,,
112,400,Jordan,1096,Horses,2016,2411,I,,,,
114,404,Kenya,1096,Horses,2016,2056,I,,,,
116,408,Democratic People's Republic of Korea,1096,Horses,2016,48028,I,,,,
117,410,Republic of Korea,1096,Horses,2016,27676,A,,,,
118,414,Kuwait,1096,Horses,2016,1113,E,,,,
120,418,Lao People's Democratic Republic,1096,Horses,2016,32550,E,,,,
121,422,Lebanon,1096,Horses,2016,3804,E,,,,
122,426,Lesotho,1096,Horses,2016,59875,A,,,,
124,434,Libya,1096,Horses,2016,46620,I,,,,
129,450,Madagascar,1096,Horses,2016,497,I,,,,
130,454,Malawi,1096,Horses,2016,49,A,,,,
131,458,Malaysia,1096,Horses,2016,4145,A,,,,
133,466,Mali,1096,Horses,2016,549316,A,,,,
134,470,Malta,1096,Horses,2016,1068,I,,,,
136,478,Mauritania,1096,Horses,2016,65016,I,,,,
137,480,Mauritius,1096,Horses,2016,150,I,,,,
138,484,Mexico,1096,Horses,2016,6373622,I,,,,
141,496,Mongolia,1096,Horses,2016,3635489,A,,,,
143,504,Morocco,1096,Horses,2016,180000,A,,,,
147,516,Namibia,1096,Horses,2016,40693,A,,,,
150,528,Netherlands (Kingdom of the),1096,Horses,2016,82313,A,,,,
153,540,New Caledonia,1096,Horses,2016,10329,E,,,,
155,548,Vanuatu,1096,Horses,2016,5929,I,,,,
156,554,New Zealand,1096,Horses,2016,48801,A,,,,
157,558,Nicaragua,1096,Horses,2016,269051,I,,,,
158,562,Niger,1096,Horses,2016,248200,A,,,,
159,566,Nigeria,1096,Horses,2016,102120,A,,,,
162,578,Norway,1096,Horses,2016,34996,A,,,,
165,586,Pakistan,1096,Horses,2016,364000,A,,,,
166,591,Panama,1096,Horses,2016,114343,E,,,,
168,598,Papua New Guinea,1096,Horses,2016,2037,I,,,,
169,600,Paraguay,1096,Horses,2016,275371,A,,,,
170,604,Peru,1096,Horses,2016,743757,I,,,,
171,608,Philippines,1096,Horses,2016,243525,I,,,,
173,616,Poland,1096,Horses,2016,185494,A,,,,
174,620,Portugal,1096,Horses,2016,66000,A,,,,
175,624,Guinea-Bissau,1096,Horses,2016,2329,I,,,,
176,626,Timor-Leste,1096,Horses,2016,50008,I,,,,
177,630,Puerto Rico,1096,Horses,2016,6212,I,,,,
179,634,Qatar,1096,Horses,2016,8697,A,,,,
183,642,Romania,1096,Horses,2016,503466,A,,,,
189,662,Saint Lucia,1096,Horses,2016,1109,I,,,,
193,678,Sao Tome and Principe,1096,Horses,2016,295,I,,,,
194,682,Saudi Arabia,1096,Horses,2016,28000,E,,,,
195,686,Senegal,1096,Horses,2016,556948,I,,,,
197,694,Sierra Leone,1096,Horses,2016,431520,I,,,,
237,704,Viet Nam,1096,Horses,2016,54117,A,,,,
201,706,Somalia,1096,Horses,2016,862,I,,,,
202,710,South Africa,1096,Horses,2016,319430,I,,,,
181,716,Zimbabwe,1096,Horses,2016,28146,I,,,,
203,724,Spain,1096,Horses,2016,312725,A,,,,
207,740,Suriname,1096,Horses,2016,279,A,,,,
209,748,Eswatini,1096,Horses,2016,1672,I,,,,
210,752,Sweden,1096,Horses,2016,101247,A,,,,
211,756,Switzerland,1096,Horses,2016,55662,A,,,,
212,760,Syrian Arab Republic,1096,Horses,2016,15889,A,,,,
216,764,Thailand,1096,Horses,2016,6250,I,,,,
217,768,Togo,1096,Horses,2016,1869,I,,,,
219,776,Tonga,1096,Horses,2016,11600,I,,,,
220,780,Trinidad and Tobago,1096,Horses,2016,1402,I,,,,
225,784,United Arab Emirates,1096,Horses,2016,423,I,,,,
222,788,Tunisia,1096,Horses,2016,57060,I,,,,
223,792,Türkiye,1096,Horses,2016,120040,A,,,,
59,818,Egypt,1096,Horses,2016,71968,A,,,,
229,826,United Kingdom of Great Britain and Northern Ireland,1096,Horses,2016,652237,I,,,,
231,840,United States of America,1096,Horses,2016,7247000,X,,,,
233,854,Burkina Faso,1096,Horses,2016,40777,A,,,,
234,858,Uruguay,1096,Horses,2016,415000,A,,,,
236,862,Venezuela (Bolivarian Republic of),1096,Horses,2016,522000,E,,,,
244,882,Samoa,1096,Horses,2016,1907,I,,,,
249,887,Yemen,1096,Horses,2016,1911,A,,,,
235,860,Uzbekistan,1096,Horses,2017,230593,A,,,,
238,231,Ethiopia,1096,Horses,2017,2007829,A,,,,
272,688,Serbia,1096,Horses,2017,16560,A,,,,
255,56,Belgium,1096,Horses,2017,29437,I,,,,
185,643,Russian Federation,1096,Horses,2017,1216414,A,,,,
199,703,Slovakia,1096,Horses,2017,6145,A,,,,
198,705,Slovenia,1096,Horses,2017,19453,A,,,,
108,398,Kazakhstan,1096,Horses,2017,2415654,A,,,,
230,804,Ukraine,1096,Horses,2017,291500,A,,,,
208,762,Tajikistan,1096,Horses,2017,80174,A,,,,
1,51,Armenia,1096,Horses,2017,10631,A,,,,
119,428,Latvia,1096,Horses,2017,9278,A,,,,
276,729,Sudan,1096,Horses,2017,790877,A,,,,
146,498,Republic of Moldova,1096,Horses,2017,36750,A,,,,
57,112,Belarus,1096,Horses,2017,49000,A,,,,
98,191,Croatia,1096,Horses,2017,23209,A,,,,
113,417,Kyrgyzstan,1096,Horses,2017,481329,A,,,,
126,440,Lithuania,1096,Horses,2017,16324,A,,,,
213,795,Turkmenistan,1096,Horses,2017,23779,A,,,,
167,203,Czechia,1096,Horses,2017,34548,A,,,,
273,499,Montenegro,1096,Horses,2017,4071,A,,,,
256,442,Luxembourg,1096,Horses,2017,4692,A,,,,
80,70,Bosnia and Herzegovina,1096,Horses,2017,15599,A,,,,
63,233,Estonia,1096,Horses,2017,5700,A,,,,
52,31,Azerbaijan,1096,Horses,2017,68520,A,,,,
73,268,Georgia,1096,Horses,2017,41216,I,,,,
154,807,North Macedonia,1096,Horses,2017,17951,A,,,,
2,4,Afghanistan,1096,Horses,2017,175000,A,,,,
3,8,Albania,1096,Horses,2017,32258,A,,,,
4,12,Algeria,1096,Horses,2017,46841,A,,,,
7,24,Angola,1096,Horses,2017,1017,I,,,,
8,28,Antigua and Barbuda,1096,Horses,2017,489,I,,,,
9,32,Argentina,1096,Horses,2017,2495378,A,,,,
10,36,Australia,1096,Horses,2017,270675,I,,,,
11,40,Austria,1096,Horses,2017,90428,I,,,,
12,44,Bahamas,1096,Horses,2017,,M,,,,
14,52,Barbados,1096,Horses,2017,1244,I,,,,
18,64,Bhutan,1096,Horses,2017,13322,A,,,,
19,68,Bolivia (Plurinational State of),1096,Horses,2017,495534,I,,,,
20,72,Botswana,1096,Horses,2017,15402,A,,,,
21,76,Brazil,1096,Horses,2017,5512009,A,,,,
23,84,Belize,1096,Horses,2017,5904,I,,,,
25,90,Solomon Islands,1096,Horses,2017,150,I,,,,
27,100,Bulgaria,1096,Horses,2017,42000,E,,,,
28,104,Myanmar,1096,Horses,2017,114096,I,,,,
115,116,Cambodia,1096,Horses,2017,30084,I,,,,
32,120,Cameroon,1096,Horses,2017,17517,I,,,,
33,124,Canada,1096,Horses,2017,399345,I,,,,
35,132,Cabo Verde,1096,Horses,2017,561,I,,,,
38,144,Sri Lanka,1096,Horses,2017,1344,I,,,,
39,148,Chad,1096,Horses,2017,1166908,A,,,,
40,152,Chile,1096,Horses,2017,300000,E,,,,
41,156,"China, mainland",1096,Horses,2017,3436422,A,,,,
214,158,"China, Taiwan Province of",1096,Horses,2017,858,I,,,,
44,170,Colombia,1096,Horses,2017,1030940,A,,,,
46,178,Congo,1096,Horses,2017,75,I,,,,
250,180,Democratic Republic of the Congo,1096,Horses,2017,,M,,,,
47,184,Cook Islands,1096,Horses,2017,302,I,,,,
48,188,Costa Rica,1096,Horses,2017,119532,I,,,,
49,192,Cuba,1096,Horses,2017,888800,A,,,,
53,204,Benin,1096,Horses,2017,1118,I,,,,
54,208,Denmark,1096,Horses,2017,51586,A,,,,
56,214,Dominican Republic,1096,Horses,2017,359718,I,,,,
58,218,Ecuador,1096,Horses,2017,209990,A,,,,
60,222,El Salvador,1096,Horses,2017,97996,I,,,,
66,242,Fiji,1096,Horses,2017,47127,I,,,,
67,246,Finland,1096,Horses,2017,74400,A,,,,
68,250,France,1096,Horses,2017,375266,A,,,,
70,258,French Polynesia,1096,Horses,2017,2200,I,,,,
75,270,Gambia,1096,Horses,2017,14794,I,,,,
79,276,Germany,1096,Horses,2017,442000,E,,,,
81,288,Ghana,1096,Horses,2017,3147,I,,,,
84,300,Greece,1096,Horses,2017,8607,A,,,,
86,308,Grenada,1096,Horses,2017,30,I,,,,
89,320,Guatemala,1096,Horses,2017,130120,I,,,,
90,324,Guinea,1096,Horses,2017,3450,E,,,,
91,328,Guyana,1096,Horses,2017,2367,I,,,,
93,332,Haiti,1096,Horses,2017,502443,I,,,,
95,340,Honduras,1096,Horses,2017,182020,I,,,,
96,344,"China, Hong Kong SAR",1096,Horses,2017,1549,I,,,,
97,348,Hungary,1096,Horses,2017,53000,A,,,,
99,352,Iceland,1096,Horses,2017,64679,A,,,,
100,356,India,1096,Horses,2017,447572,I,,,,
101,360,Indonesia,1096,Horses,2017,409122,A,,,,
102,364,Iran (Islamic Republic of),1096,Horses,2017,132086,I,,,,
103,368,Iraq,1096,Horses,2017,49716,I,,,,
104,372,Ireland,1096,Horses,2017,84876,A,,,,
105,376,Israel,1096,Horses,2017,4000,I,,,,
106,380,Italy,1096,Horses,2017,367561,A,,,,
109,388,Jamaica,1096,Horses,2017,4008,I,,,,
110,392,Japan,1096,Horses,2017,14919,I,,,,
112,400,Jordan,1096,Horses,2017,2378,I,,,,
114,404,Kenya,1096,Horses,2017,2060,I,,,,
116,408,Democratic People's Republic of Korea,1096,Horses,2017,48079,I,,,,
117,410,Republic of Korea,1096,Horses,2017,28108,I,,,,
118,414,Kuwait,1096,Horses,2017,1178,I,,,,
120,418,Lao People's Democratic Republic,1096,Horses,2017,32550,E,,,,
121,422,Lebanon,1096,Horses,2017,3576,I,,,,
122,426,Lesotho,1096,Horses,2017,64410,A,,,,
124,434,Libya,1096,Horses,2017,46573,I,,,,
129,450,Madagascar,1096,Horses,2017,503,I,,,,
130,454,Malawi,1096,Horses,2017,87,A,,,,
131,458,Malaysia,1096,Horses,2017,4306,A,,,,
133,466,Mali,1096,Horses,2017,561500,A,,,,
134,470,Malta,1096,Horses,2017,1070,I,,,,
136,478,Mauritania,1096,Horses,2017,65029,I,,,,
137,480,Mauritius,1096,Horses,2017,140,I,,,,
138,484,Mexico,1096,Horses,2017,6383724,I,,,,
141,496,Mongolia,1096,Horses,2017,3939813,A,,,,
143,504,Morocco,1096,Horses,2017,188000,A,,,,
147,516,Namibia,1096,Horses,2017,41786,I,,,,
150,528,Netherlands (Kingdom of the),1096,Horses,2017,85574,A,,,,
153,540,New Caledonia,1096,Horses,2017,10745,I,,,,
155,548,Vanuatu,1096,Horses,2017,5726,I,,,,
156,554,New Zealand,1096,Horses,2017,43684,A,,,,
157,558,Nicaragua,1096,Horses,2017,268971,I,,,,
158,562,Niger,1096,Horses,2017,250683,A,,,,
159,566,Nigeria,1096,Horses,2017,102222,A,,,,
162,578,Norway,1096,Horses,2017,33239,A,,,,
165,586,Pakistan,1096,Horses,2017,367000,A,,,,
166,591,Panama,1096,Horses,2017,111491,I,,,,
168,598,Papua New Guinea,1096,Horses,2017,2031,I,,,,
169,600,Paraguay,1096,Horses,2017,238879,A,,,,
170,604,Peru,1096,Horses,2017,744120,I,,,,
171,608,Philippines,1096,Horses,2017,244074,I,,,,
173,616,Poland,1096,Horses,2017,185494,A,,,,
174,620,Portugal,1096,Horses,2017,77000,A,,,,
175,624,Guinea-Bissau,1096,Horses,2017,2337,I,,,,
176,626,Timor-Leste,1096,Horses,2017,47997,I,,,,
177,630,Puerto Rico,1096,Horses,2017,5275,I,,,,
179,634,Qatar,1096,Horses,2017,7333,A,,,,
183,642,Romania,1096,Horses,2017,519906,A,,,,
189,662,Saint Lucia,1096,Horses,2017,1111,I,,,,
193,678,Sao Tome and Principe,1096,Horses,2017,299,I,,,,
194,682,Saudi Arabia,1096,Horses,2017,25039,I,,,,
195,686,Senegal,1096,Horses,2017,564000,A,,,,
197,694,Sierra Leone,1096,Horses,2017,433100,I,,,,
237,704,Viet Nam,1096,Horses,2017,86759,A,,,,
201,706,Somalia,1096,Horses,2017,872,I,,,,
202,710,South Africa,1096,Horses,2017,323099,I,,,,
181,716,Zimbabwe,1096,Horses,2017,28160,I,,,,
203,724,Spain,1096,Horses,2017,307441,I,,,,
207,740,Suriname,1096,Horses,2017,290,A,,,,
209,748,Eswatini,1096,Horses,2017,1680,I,,,,
210,752,Sweden,1096,Horses,2017,102319,I,,,,
211,756,Switzerland,1096,Horses,2017,55535,A,,,,
212,760,Syrian Arab Republic,1096,Horses,2017,14516,A,,,,
216,764,Thailand,1096,Horses,2017,6500,E,,,,
217,768,Togo,1096,Horses,2017,1891,I,,,,
219,776,Tonga,1096,Horses,2017,11816,I,,,,
220,780,Trinidad and Tobago,1096,Horses,2017,1403,I,,,,
225,784,United Arab Emirates,1096,Horses,2017,426,I,,,,
222,788,Tunisia,1096,Horses,2017,57062,I,,,,
223,792,Türkiye,1096,Horses,2017,114047,A,,,,
59,818,Egypt,1096,Horses,2017,75446,A,,,,
229,826,United Kingdom of Great Britain and Northern Ireland,1096,Horses,2017,678676,I,,,,
231,840,United States of America,1096,Horses,2017,7117918,I,,,,
233,854,Burkina Faso,1096,Horses,2017,41163,A,,,,
234,858,Uruguay,1096,Horses,2017,420618,A,,,,
236,862,Venezuela (Bolivarian Republic of),1096,Horses,2017,522000,E,,,,
244,882,Samoa,1096,Horses,2017,1913,I,,,,
249,887,Yemen,1096,Horses,2017,1864,I,,,,
273,499,Montenegro,1096,Horses,2018,4005,A,,,,
185,643,Russian Federation,1096,Horses,2018,1238587,A,,,,
208,762,Tajikistan,1096,Horses,2018,80791,A,,,,
213,795,Turkmenistan,1096,Horses,2018,24050,A,,,,
230,804,Ukraine,1096,Horses,2018,264900,A,,,,
235,860,Uzbekistan,1096,Horses,2018,242470,A,,,,
108,398,Kazakhstan,1096,Horses,2018,2646535,A,,,,
119,428,Latvia,1096,Horses,2018,8870,A,,,,
52,31,Azerbaijan,1096,Horses,2018,65211,A,,,,
98,191,Croatia,1096,Horses,2018,23649,A,,,,
63,233,Estonia,1096,Horses,2018,5700,A,,,,
146,498,Republic of Moldova,1096,Horses,2018,33579,A,,,,
126,440,Lithuania,1096,Horses,2018,14961,A,,,,
57,112,Belarus,1096,Horses,2018,43300,A,,,,
80,70,Bosnia and Herzegovina,1096,Horses,2018,14402,A,,,,
167,203,Czechia,1096,Horses,2018,30813,A,,,,
256,442,Luxembourg,1096,Horses,2018,4662,A,,,,
272,688,Serbia,1096,Horses,2018,14973,A,,,,
154,807,North Macedonia,1096,Horses,2018,10041,A,,,,
1,51,Armenia,1096,Horses,2018,10049,A,,,,
238,231,Ethiopia,1096,Horses,2018,1930808,A,,,,
73,268,Georgia,1096,Horses,2018,41403,I,,,,
113,417,Kyrgyzstan,1096,Horses,2018,498684,A,,,,
199,703,Slovakia,1096,Horses,2018,7102,A,,,,
276,729,Sudan,1096,Horses,2018,791668,A,,,,
2,4,Afghanistan,1096,Horses,2018,175825,I,,,,
3,8,Albania,1096,Horses,2018,31905,A,,,,
4,12,Algeria,1096,Horses,2018,46356,A,,,,
7,24,Angola,1096,Horses,2018,1021,I,,,,
8,28,Antigua and Barbuda,1096,Horses,2018,489,I,,,,
9,32,Argentina,1096,Horses,2018,2505271,A,,,,
10,36,Australia,1096,Horses,2018,269544,I,,,,
12,44,Bahamas,1096,Horses,2018,,M,,,,
14,52,Barbados,1096,Horses,2018,1246,I,,,,
18,64,Bhutan,1096,Horses,2018,17103,A,,,,
19,68,Bolivia (Plurinational State of),1096,Horses,2018,497548,I,,,,
20,72,Botswana,1096,Horses,2018,15941,I,,,,
21,76,Brazil,1096,Horses,2018,5749822,A,,,,
23,84,Belize,1096,Horses,2018,5942,I,,,,
25,90,Solomon Islands,1096,Horses,2018,150,I,,,,
28,104,Myanmar,1096,Horses,2018,115277,I,,,,
115,116,Cambodia,1096,Horses,2018,30178,I,,,,
32,120,Cameroon,1096,Horses,2018,17834,E,,,,
33,124,Canada,1096,Horses,2018,399757,I,,,,
35,132,Cabo Verde,1096,Horses,2018,566,I,,,,
38,144,Sri Lanka,1096,Horses,2018,1331,I,,,,
39,148,Chad,1096,Horses,2018,1216772,A,,,,
40,152,Chile,1096,Horses,2018,293516,I,,,,
41,156,"China, mainland",1096,Horses,2018,3473096,A,,,,
214,158,"China, Taiwan Province of",1096,Horses,2018,860,I,,,,
44,170,Colombia,1096,Horses,2018,992498,A,,,,
46,178,Congo,1096,Horses,2018,75,I,,,,
250,180,Democratic Republic of the Congo,1096,Horses,2018,,M,,,,
47,184,Cook Islands,1096,Horses,2018,302,I,,,,
48,188,Costa Rica,1096,Horses,2018,117299,I,,,,
49,192,Cuba,1096,Horses,2018,915800,A,,,,
53,204,Benin,1096,Horses,2018,1117,I,,,,
54,208,Denmark,1096,Horses,2018,45996,A,,,,
56,214,Dominican Republic,1096,Horses,2018,361246,I,,,,
58,218,Ecuador,1096,Horses,2018,192833,A,,,,
60,222,El Salvador,1096,Horses,2018,98037,I,,,,
66,242,Fiji,1096,Horses,2018,47203,I,,,,
67,246,Finland,1096,Horses,2018,74400,A,,,,
68,250,France,1096,Horses,2018,370881,A,,,,
70,258,French Polynesia,1096,Horses,2018,2200,I,,,,
75,270,Gambia,1096,Horses,2018,18052,I,,,,
81,288,Ghana,1096,Horses,2018,3193,I,,,,
84,300,Greece,1096,Horses,2018,5902,A,,,,
86,308,Grenada,1096,Horses,2018,30,I,,,,
89,320,Guatemala,1096,Horses,2018,130655,I,,,,
90,324,Guinea,1096,Horses,2018,3492,I,,,,
91,328,Guyana,1096,Horses,2018,2365,I,,,,
93,332,Haiti,1096,Horses,2018,502934,I,,,,
95,340,Honduras,1096,Horses,2018,181946,I,,,,
96,344,"China, Hong Kong SAR",1096,Horses,2018,1556,I,,,,
97,348,Hungary,1096,Horses,2018,53000,A,,,,
99,352,Iceland,1096,Horses,2018,68000,A,,,,
100,356,India,1096,Horses,2018,393174,I,,,,
101,360,Indonesia,1096,Horses,2018,377929,A,,,,
102,364,Iran (Islamic Republic of),1096,Horses,2018,129492,I,,,,
103,368,Iraq,1096,Horses,2018,49629,I,,,,
104,372,Ireland,1096,Horses,2018,84334,A,,,,
105,376,Israel,1096,Horses,2018,4000,I,,,,
109,388,Jamaica,1096,Horses,2018,4008,I,,,,
110,392,Japan,1096,Horses,2018,14519,I,,,,
112,400,Jordan,1096,Horses,2018,2324,I,,,,
114,404,Kenya,1096,Horses,2018,2067,I,,,,
116,408,Democratic People's Republic of Korea,1096,Horses,2018,48144,I,,,,
117,410,Republic of Korea,1096,Horses,2018,28720,I,,,,
118,414,Kuwait,1096,Horses,2018,1160,A,,,,
120,418,Lao People's Democratic Republic,1096,Horses,2018,32540,I,,,,
121,422,Lebanon,1096,Horses,2018,3250,I,,,,
122,426,Lesotho,1096,Horses,2018,59875,I,,,,
124,434,Libya,1096,Horses,2018,45670,A,,,,
129,450,Madagascar,1096,Horses,2018,508,I,,,,
130,454,Malawi,1096,Horses,2018,65,A,,,,
131,458,Malaysia,1096,Horses,2018,4204,A,,,,
133,466,Mali,1096,Horses,2018,572730,A,,,,
136,478,Mauritania,1096,Horses,2018,65063,I,,,,
137,480,Mauritius,1096,Horses,2018,143,I,,,,
138,484,Mexico,1096,Horses,2018,6393530,I,,,,
141,496,Mongolia,1096,Horses,2018,3940092,A,,,,
143,504,Morocco,1096,Horses,2018,190000,A,,,,
147,516,Namibia,1096,Horses,2018,42776,I,,,,
150,528,Netherlands (Kingdom of the),1096,Horses,2018,87590,A,,,,
153,540,New Caledonia,1096,Horses,2018,10807,I,,,,
155,548,Vanuatu,1096,Horses,2018,5328,I,,,,
156,554,New Zealand,1096,Horses,2018,40525,A,,,,
157,558,Nicaragua,1096,Horses,2018,268867,I,,,,
158,562,Niger,1096,Horses,2018,253189,A,,,,
159,566,Nigeria,1096,Horses,2018,102200,E,,,,
162,578,Norway,1096,Horses,2018,34069,A,,,,
165,586,Pakistan,1096,Horses,2018,369000,A,,,,
166,591,Panama,1096,Horses,2018,108471,I,,,,
168,598,Papua New Guinea,1096,Horses,2018,2027,I,,,,
169,600,Paraguay,1096,Horses,2018,221096,A,,,,
170,604,Peru,1096,Horses,2018,744465,I,,,,
171,608,Philippines,1096,Horses,2018,245350,I,,,,
173,616,Poland,1096,Horses,2018,185494,A,,,,
174,620,Portugal,1096,Horses,2018,82000,A,,,,
175,624,Guinea-Bissau,1096,Horses,2018,2345,I,,,,
176,626,Timor-Leste,1096,Horses,2018,45001,I,,,,
177,630,Puerto Rico,1096,Horses,2018,4345,A,,,,
179,634,Qatar,1096,Horses,2018,8325,A,,,,
183,642,Romania,1096,Horses,2018,480740,A,,,,
189,662,Saint Lucia,1096,Horses,2018,1111,I,,,,
193,678,Sao Tome and Principe,1096,Horses,2018,302,I,,,,
194,682,Saudi Arabia,1096,Horses,2018,20014,I,,,,
195,686,Senegal,1096,Horses,2018,568261,A,,,,
197,694,Sierra Leone,1096,Horses,2018,434703,I,,,,
237,704,Viet Nam,1096,Horses,2018,53473,A,,,,
201,706,Somalia,1096,Horses,2018,881,I,,,,
202,710,South Africa,1096,Horses,2018,326965,I,,,,
181,716,Zimbabwe,1096,Horses,2018,28151,I,,,,
207,740,Suriname,1096,Horses,2018,254,A,,,,
209,748,Eswatini,1096,Horses,2018,1695,I,,,,
211,756,Switzerland,1096,Horses,2018,45906,A,,,,
212,760,Syrian Arab Republic,1096,Horses,2018,14696,A,,,,
216,764,Thailand,1096,Horses,2018,6777,I,,,,
217,768,Togo,1096,Horses,2018,1913,I,,,,
219,776,Tonga,1096,Horses,2018,11839,I,,,,
220,780,Trinidad and Tobago,1096,Horses,2018,1405,I,,,,
225,784,United Arab Emirates,1096,Horses,2018,440,A,,,,
222,788,Tunisia,1096,Horses,2018,57076,I,,,,
223,792,Türkiye,1096,Horses,2018,108076,A,,,,
59,818,Egypt,1096,Horses,2018,81408,A,,,,
229,826,United Kingdom of Great Britain and Northern Ireland,1096,Horses,2018,705320,I,,,,
231,840,United States of America,1096,Horses,2018,6976673,I,,,,
233,854,Burkina Faso,1096,Horses,2018,42000,A,,,,
234,858,Uruguay,1096,Horses,2018,408881,A,,,,
236,862,Venezuela (Bolivarian Republic of),1096,Horses,2018,522621,I,,,,
244,882,Samoa,1096,Horses,2018,1920,I,,,,
249,887,Yemen,1096,Horses,2018,1826,I,,,,
119,428,Latvia,1096,Horses,2019,8400,A,,,,
154,807,North Macedonia,1096,Horses,2019,8952,A,,,,
52,31,Azerbaijan,1096,Horses,2019,62726,A,,,,
57,112,Belarus,1096,Horses,2019,38100,A,,,,
276,729,Sudan,1096,Horses,2019,792459,A,,,,
272,688,Serbia,1096,Horses,2019,13721,A,,,,
235,860,Uzbekistan,1096,Horses,2019,247071,A,,,,
1,51,Armenia,1096,Horses,2019,10748,A,,,,
146,498,Republic of Moldova,1096,Horses,2019,29966,A,,,,
185,643,Russian Federation,1096,Horses,2019,1282964,A,,,,
213,795,Turkmenistan,1096,Horses,2019,24384,A,,,,
256,442,Luxembourg,1096,Horses,2019,4669,A,,,,
73,268,Georgia,1096,Horses,2019,41666,I,,,,
238,231,Ethiopia,1096,Horses,2019,2111134,A,,,,
167,203,Czechia,1096,Horses,2019,31964,A,,,,
108,398,Kazakhstan,1096,Horses,2019,2852256,A,,,,
113,417,Kyrgyzstan,1096,Horses,2019,522611,A,,,,
126,440,Lithuania,1096,Horses,2019,12934,A,,,,
199,703,Slovakia,1096,Horses,2019,6960,A,,,,
80,70,Bosnia and Herzegovina,1096,Horses,2019,14292,A,,,,
208,762,Tajikistan,1096,Horses,2019,81307,A,,,,
230,804,Ukraine,1096,Horses,2019,244000,A,,,,
273,499,Montenegro,1096,Horses,2019,4008,A,,,,
2,4,Afghanistan,1096,Horses,2019,173373,I,,,,
3,8,Albania,1096,Horses,2019,31649,A,,,,
4,12,Algeria,1096,Horses,2019,49911,A,,,,
7,24,Angola,1096,Horses,2019,1023,I,,,,
8,28,Antigua and Barbuda,1096,Horses,2019,489,I,,,,
9,32,Argentina,1096,Horses,2019,2543908,A,,,,
10,36,Australia,1096,Horses,2019,268872,I,,,,
12,44,Bahamas,1096,Horses,2019,,M,,,,
14,52,Barbados,1096,Horses,2019,1246,I,,,,
18,64,Bhutan,1096,Horses,2019,16792,A,,,,
19,68,Bolivia (Plurinational State of),1096,Horses,2019,499457,I,,,,
20,72,Botswana,1096,Horses,2019,15019,I,,,,
21,76,Brazil,1096,Horses,2019,5851318,A,,,,
23,84,Belize,1096,Horses,2019,5966,I,,,,
25,90,Solomon Islands,1096,Horses,2019,150,I,,,,
28,104,Myanmar,1096,Horses,2019,116452,I,,,,
115,116,Cambodia,1096,Horses,2019,30280,I,,,,
32,120,Cameroon,1096,Horses,2019,17442,I,,,,
33,124,Canada,1096,Horses,2019,400093,I,,,,
35,132,Cabo Verde,1096,Horses,2019,571,I,,,,
38,144,Sri Lanka,1096,Horses,2019,1318,I,,,,
39,148,Chad,1096,Horses,2019,1268660,A,,,,
40,152,Chile,1096,Horses,2019,289269,I,,,,
41,156,"China, mainland",1096,Horses,2019,3670999,A,,,,
214,158,"China, Taiwan Province of",1096,Horses,2019,864,I,,,,
44,170,Colombia,1096,Horses,2019,1144651,A,,,,
46,178,Congo,1096,Horses,2019,75,I,,,,
250,180,Democratic Republic of the Congo,1096,Horses,2019,,M,,,,
47,184,Cook Islands,1096,Horses,2019,301,I,,,,
48,188,Costa Rica,1096,Horses,2019,116978,I,,,,
49,192,Cuba,1096,Horses,2019,910500,A,,,,
53,204,Benin,1096,Horses,2019,1126,I,,,,
54,208,Denmark,1096,Horses,2019,41860,A,,,,
56,214,Dominican Republic,1096,Horses,2019,362907,I,,,,
58,218,Ecuador,1096,Horses,2019,196886,A,,,,
60,222,El Salvador,1096,Horses,2019,98084,I,,,,
66,242,Fiji,1096,Horses,2019,47283,I,,,,
68,250,France,1096,Horses,2019,367174,A,,,,
70,258,French Polynesia,1096,Horses,2019,2200,I,,,,
75,270,Gambia,1096,Horses,2019,21047,I,,,,
81,288,Ghana,1096,Horses,2019,3245,I,,,,
84,300,Greece,1096,Horses,2019,5506,A,,,,
86,308,Grenada,1096,Horses,2019,30,I,,,,
89,320,Guatemala,1096,Horses,2019,131312,I,,,,
90,324,Guinea,1096,Horses,2019,3535,I,,,,
91,328,Guyana,1096,Horses,2019,2366,I,,,,
93,332,Haiti,1096,Horses,2019,502544,I,,,,
95,340,Honduras,1096,Horses,2019,181864,I,,,,
96,344,"China, Hong Kong SAR",1096,Horses,2019,1562,I,,,,
97,348,Hungary,1096,Horses,2019,52000,A,,,,
99,352,Iceland,1096,Horses,2019,67000,A,,,,
100,356,India,1096,Horses,2019,342226,A,,,,
101,360,Indonesia,1096,Horses,2019,374566,A,,,,
102,364,Iran (Islamic Republic of),1096,Horses,2019,127344,I,,,,
103,368,Iraq,1096,Horses,2019,49513,I,,,,
104,372,Ireland,1096,Horses,2019,82010,A,,,,
105,376,Israel,1096,Horses,2019,4000,I,,,,
109,388,Jamaica,1096,Horses,2019,4008,I,,,,
110,392,Japan,1096,Horses,2019,14131,I,,,,
112,400,Jordan,1096,Horses,2019,2269,I,,,,
114,404,Kenya,1096,Horses,2019,2072,I,,,,
116,408,Democratic People's Republic of Korea,1096,Horses,2019,48229,I,,,,
117,410,Republic of Korea,1096,Horses,2019,28901,I,,,,
118,414,Kuwait,1096,Horses,2019,1160,A,,,,
120,418,Lao People's Democratic Republic,1096,Horses,2019,32368,I,,,,
121,422,Lebanon,1096,Horses,2019,3282,I,,,,
122,426,Lesotho,1096,Horses,2019,50402,A,,,,
124,434,Libya,1096,Horses,2019,45700,A,,,,
129,450,Madagascar,1096,Horses,2019,512,I,,,,
130,454,Malawi,1096,Horses,2019,90,A,,,,
131,458,Malaysia,1096,Horses,2019,3095,A,,,,
133,466,Mali,1096,Horses,2019,584184,A,,,,
136,478,Mauritania,1096,Horses,2019,65110,I,,,,
137,480,Mauritius,1096,Horses,2019,146,I,,,,
138,484,Mexico,1096,Horses,2019,6402371,I,,,,
141,496,Mongolia,1096,Horses,2019,4214818,A,,,,
143,504,Morocco,1096,Horses,2019,191000,A,,,,
147,516,Namibia,1096,Horses,2019,42822,I,,,,
150,528,Netherlands (Kingdom of the),1096,Horses,2019,87568,A,,,,
153,540,New Caledonia,1096,Horses,2019,10770,I,,,,
155,548,Vanuatu,1096,Horses,2019,4782,I,,,,
156,554,New Zealand,1096,Horses,2019,38445,A,,,,
157,558,Nicaragua,1096,Horses,2019,268749,I,,,,
158,562,Niger,1096,Horses,2019,255721,A,,,,
159,566,Nigeria,1096,Horses,2019,102319,I,,,,
162,578,Norway,1096,Horses,2019,34387,A,,,,
165,586,Pakistan,1096,Horses,2019,371000,A,,,,
166,591,Panama,1096,Horses,2019,105654,I,,,,
168,598,Papua New Guinea,1096,Horses,2019,2024,I,,,,
169,600,Paraguay,1096,Horses,2019,219108,A,,,,
170,604,Peru,1096,Horses,2019,744730,I,,,,
171,608,Philippines,1096,Horses,2019,246496,I,,,,
173,616,Poland,1096,Horses,2019,185494,A,,,,
174,620,Portugal,1096,Horses,2019,87000,A,,,,
175,624,Guinea-Bissau,1096,Horses,2019,2346,I,,,,
176,626,Timor-Leste,1096,Horses,2019,39171,A,,,,
177,630,Puerto Rico,1096,Horses,2019,4415,I,,,,
179,634,Qatar,1096,Horses,2019,9731,A,,,,
183,642,Romania,1096,Horses,2019,447791,A,,,,
189,662,Saint Lucia,1096,Horses,2019,1111,I,,,,
193,678,Sao Tome and Principe,1096,Horses,2019,305,I,,,,
194,682,Saudi Arabia,1096,Horses,2019,13779,I,,,,
195,686,Senegal,1096,Horses,2019,572575,A,,,,
197,694,Sierra Leone,1096,Horses,2019,435987,I,,,,
237,704,Viet Nam,1096,Horses,2019,50692,A,,,,
201,706,Somalia,1096,Horses,2019,890,I,,,,
202,710,South Africa,1096,Horses,2019,330783,I,,,,
181,716,Zimbabwe,1096,Horses,2019,28133,I,,,,
207,740,Suriname,1096,Horses,2019,278,A,,,,
209,748,Eswatini,1096,Horses,2019,1704,I,,,,
211,756,Switzerland,1096,Horses,2019,47076,A,,,,
212,760,Syrian Arab Republic,1096,Horses,2019,12757,A,,,,
216,764,Thailand,1096,Horses,2019,6561,I,,,,
217,768,Togo,1096,Horses,2019,1929,I,,,,
219,776,Tonga,1096,Horses,2019,11887,I,,,,
220,780,Trinidad and Tobago,1096,Horses,2019,1405,I,,,,
225,784,United Arab Emirates,1096,Horses,2019,450,A,,,,
222,788,Tunisia,1096,Horses,2019,57102,I,,,,
223,792,Türkiye,1096,Horses,2019,102467,A,,,,
59,818,Egypt,1096,Horses,2019,83394,I,,,,
229,826,United Kingdom of Great Britain and Northern Ireland,1096,Horses,2019,732180,I,,,,
231,840,United States of America,1096,Horses,2019,6851059,I,,,,
233,854,Burkina Faso,1096,Horses,2019,42000,A,,,,
234,858,Uruguay,1096,Horses,2019,409365,A,,,,
236,862,Venezuela (Bolivarian Republic of),1096,Horses,2019,523220,I,,,,
244,882,Samoa,1096,Horses,2019,1927,I,,,,
249,887,Yemen,1096,Horses,2019,1793,I,,,,
146,498,Republic of Moldova,1096,Horses,2020,22600,A,,,,
238,231,Ethiopia,1096,Horses,2020,2148492,A,,,,
213,795,Turkmenistan,1096,Horses,2020,27295,A,,,,
113,417,Kyrgyzstan,1096,Horses,2020,539644,A,,,,
185,643,Russian Federation,1096,Horses,2020,1310885,A,,,,
52,31,Azerbaijan,1096,Horses,2020,60405,A,,,,
273,499,Montenegro,1096,Horses,2020,3889,A,,,,
276,729,Sudan,1096,Horses,2020,793251,A,,,,
154,807,North Macedonia,1096,Horses,2020,9154,A,,,,
57,112,Belarus,1096,Horses,2020,29100,A,,,,
126,440,Lithuania,1096,Horses,2020,12773,A,,,,
208,762,Tajikistan,1096,Horses,2020,83000,A,,,,
73,268,Georgia,1096,Horses,2020,41909,I,,,,
119,428,Latvia,1096,Horses,2020,8300,A,,,,
108,398,Kazakhstan,1096,Horses,2020,3139831,A,,,,
256,442,Luxembourg,1096,Horses,2020,4443,A,,,,
230,804,Ukraine,1096,Horses,2020,224400,A,,,,
235,860,Uzbekistan,1096,Horses,2020,253625,A,,,,
1,51,Armenia,1096,Horses,2020,11367,A,,,,
272,688,Serbia,1096,Horses,2020,13091,A,,,,
80,70,Bosnia and Herzegovina,1096,Horses,2020,13694,A,,,,
167,203,Czechia,1096,Horses,2020,38087,A,,,,
2,4,Afghanistan,1096,Horses,2020,164473,I,,,,
3,8,Albania,1096,Horses,2020,30000,A,,,,
4,12,Algeria,1096,Horses,2020,48147,A,,,,
7,24,Angola,1096,Horses,2020,1022,I,,,,
8,28,Antigua and Barbuda,1096,Horses,2020,490,I,,,,
9,32,Argentina,1096,Horses,2020,2586855,A,,,,
10,36,Australia,1096,Horses,2020,266476,I,,,,
12,44,Bahamas,1096,Horses,2020,,M,,,,
14,52,Barbados,1096,Horses,2020,1245,I,,,,
18,64,Bhutan,1096,Horses,2020,14649,A,,,,
19,68,Bolivia (Plurinational State of),1096,Horses,2020,501384,I,,,,
20,72,Botswana,1096,Horses,2020,12874,I,,,,
21,76,Brazil,1096,Horses,2020,5959922,A,,,,
23,84,Belize,1096,Horses,2020,5980,I,,,,
25,90,Solomon Islands,1096,Horses,2020,150,I,,,,
28,104,Myanmar,1096,Horses,2020,117175,I,,,,
115,116,Cambodia,1096,Horses,2020,30386,I,,,,
32,120,Cameroon,1096,Horses,2020,17072,I,,,,
33,124,Canada,1096,Horses,2020,400523,I,,,,
35,132,Cabo Verde,1096,Horses,2020,576,I,,,,
38,144,Sri Lanka,1096,Horses,2020,1305,I,,,,
39,148,Chad,1096,Horses,2020,1322760,A,,,,
40,152,Chile,1096,Horses,2020,290346,I,,,,
41,156,"China, mainland",1096,Horses,2020,3671600,A,,,,
214,158,"China, Taiwan Province of",1096,Horses,2020,866,I,,,,
44,170,Colombia,1096,Horses,2020,1684630,A,,,,
46,178,Congo,1096,Horses,2020,75,I,,,,
250,180,Democratic Republic of the Congo,1096,Horses,2020,,M,,,,
47,184,Cook Islands,1096,Horses,2020,301,I,,,,
48,188,Costa Rica,1096,Horses,2020,117270,I,,,,
49,192,Cuba,1096,Horses,2020,915100,A,,,,
53,204,Benin,1096,Horses,2020,1139,I,,,,
54,208,Denmark,1096,Horses,2020,42970,A,,,,
56,214,Dominican Republic,1096,Horses,2020,364119,I,,,,
58,218,Ecuador,1096,Horses,2020,172574,A,,,,
60,222,El Salvador,1096,Horses,2020,98117,I,,,,
66,242,Fiji,1096,Horses,2020,47377,I,,,,
68,250,France,1096,Horses,2020,290857,A,,,,
70,258,French Polynesia,1096,Horses,2020,2200,I,,,,
75,270,Gambia,1096,Horses,2020,23913,A,,,,
79,276,Germany,1096,Horses,2020,453662,A,,,,
81,288,Ghana,1096,Horses,2020,3298,I,,,,
84,300,Greece,1096,Horses,2020,5604,A,,,,
86,308,Grenada,1096,Horses,2020,30,I,,,,
89,320,Guatemala,1096,Horses,2020,131951,I,,,,
90,324,Guinea,1096,Horses,2020,3575,I,,,,
91,328,Guyana,1096,Horses,2020,2368,I,,,,
93,332,Haiti,1096,Horses,2020,503030,I,,,,
95,340,Honduras,1096,Horses,2020,181777,I,,,,
96,344,"China, Hong Kong SAR",1096,Horses,2020,1566,I,,,,
97,348,Hungary,1096,Horses,2020,36000,A,,,,
99,352,Iceland,1096,Horses,2020,58466,A,,,,
100,356,India,1096,Horses,2020,340000,E,,,,
101,360,Indonesia,1096,Horses,2020,384109,A,,,,
102,364,Iran (Islamic Republic of),1096,Horses,2020,126043,I,,,,
103,368,Iraq,1096,Horses,2020,49466,I,,,,
104,372,Ireland,1096,Horses,2020,88300,A,,,,
105,376,Israel,1096,Horses,2020,4000,I,,,,
109,388,Jamaica,1096,Horses,2020,4008,I,,,,
110,392,Japan,1096,Horses,2020,13718,I,,,,
112,400,Jordan,1096,Horses,2020,2221,I,,,,
114,404,Kenya,1096,Horses,2020,2075,I,,,,
116,408,Democratic People's Republic of Korea,1096,Horses,2020,48318,I,,,,
117,410,Republic of Korea,1096,Horses,2020,28397,I,,,,
118,414,Kuwait,1096,Horses,2020,1160,A,,,,
120,418,Lao People's Democratic Republic,1096,Horses,2020,32209,I,,,,
121,422,Lebanon,1096,Horses,2020,3426,I,,,,
122,426,Lesotho,1096,Horses,2020,43000,A,,,,
124,434,Libya,1096,Horses,2020,46930,A,,,,
129,450,Madagascar,1096,Horses,2020,516,I,,,,
130,454,Malawi,1096,Horses,2020,844,A,,,,
131,458,Malaysia,1096,Horses,2020,4069,A,,,,
133,466,Mali,1096,Horses,2020,595893,A,,,,
136,478,Mauritania,1096,Horses,2020,65156,I,,,,
137,480,Mauritius,1096,Horses,2020,147,I,,,,
138,484,Mexico,1096,Horses,2020,6410593,I,,,,
141,496,Mongolia,1096,Horses,2020,4093861,A,,,,
143,504,Morocco,1096,Horses,2020,190000,A,,,,
147,516,Namibia,1096,Horses,2020,42291,I,,,,
150,528,Netherlands (Kingdom of the),1096,Horses,2020,90390,A,,,,
153,540,New Caledonia,1096,Horses,2020,10823,I,,,,
155,548,Vanuatu,1096,Horses,2020,4007,I,,,,
156,554,New Zealand,1096,Horses,2020,38647,A,,,,
157,558,Nicaragua,1096,Horses,2020,268651,I,,,,
158,562,Niger,1096,Horses,2020,258279,A,,,,
159,566,Nigeria,1096,Horses,2020,102529,A,,,,
162,578,Norway,1096,Horses,2020,34249,A,,,,
165,586,Pakistan,1096,Horses,2020,373000,A,,,,
166,591,Panama,1096,Horses,2020,103697,I,,,,
168,598,Papua New Guinea,1096,Horses,2020,2025,I,,,,
169,600,Paraguay,1096,Horses,2020,228438,A,,,,
170,604,Peru,1096,Horses,2020,744936,I,,,,
171,608,Philippines,1096,Horses,2020,246699,I,,,,
173,616,Poland,1096,Horses,2020,185494,A,,,,
174,620,Portugal,1096,Horses,2020,85000,A,,,,
175,624,Guinea-Bissau,1096,Horses,2020,2349,I,,,,
176,626,Timor-Leste,1096,Horses,2020,37813,I,,,,
177,630,Puerto Rico,1096,Horses,2020,5028,I,,,,
179,634,Qatar,1096,Horses,2020,10936,A,,,,
183,642,Romania,1096,Horses,2020,408000,A,,,,
189,662,Saint Lucia,1096,Horses,2020,1109,I,,,,
193,678,Sao Tome and Principe,1096,Horses,2020,307,I,,,,
194,682,Saudi Arabia,1096,Horses,2020,31862,I,,,,
195,686,Senegal,1096,Horses,2020,578873,A,,,,
197,694,Sierra Leone,1096,Horses,2020,437054,I,,,,
237,704,Viet Nam,1096,Horses,2020,50941,A,,,,
201,706,Somalia,1096,Horses,2020,898,I,,,,
202,710,South Africa,1096,Horses,2020,334519,I,,,,
181,716,Zimbabwe,1096,Horses,2020,28117,I,,,,
207,740,Suriname,1096,Horses,2020,311,A,,,,
209,748,Eswatini,1096,Horses,2020,1712,I,,,,
211,756,Switzerland,1096,Horses,2020,46980,A,,,,
212,760,Syrian Arab Republic,1096,Horses,2020,10327,A,,,,
216,764,Thailand,1096,Horses,2020,5664,I,,,,
217,768,Togo,1096,Horses,2020,1943,I,,,,
219,776,Tonga,1096,Horses,2020,11898,I,,,,
220,780,Trinidad and Tobago,1096,Horses,2020,1405,I,,,,
225,784,United Arab Emirates,1096,Horses,2020,440,A,,,,
222,788,Tunisia,1096,Horses,2020,57136,I,,,,
223,792,Türkiye,1096,Horses,2020,90007,A,,,,
59,818,Egypt,1096,Horses,2020,84351,I,,,,
229,826,United Kingdom of Great Britain and Northern Ireland,1096,Horses,2020,705392,E,,,,
231,840,United States of America,1096,Horses,2020,6726401,I,,,,
233,854,Burkina Faso,1096,Horses,2020,19000,A,,,,
234,858,Uruguay,1096,Horses,2020,426257,A,,,,
236,862,Venezuela (Bolivarian Republic of),1096,Horses,2020,523560,I,,,,
244,882,Samoa,1096,Horses,2020,1934,I,,,,
249,887,Yemen,1096,Horses,2020,1759,I,,,,
146,498,Republic of Moldova,1096,Horses,2021,19581,A,,,,
272,688,Serbia,1096,Horses,2021,12725,A,,,,
57,112,Belarus,1096,Horses,2021,25600,A,,,,
276,729,Sudan,1096,Horses,2021,794045,A,,,,
73,268,Georgia,1096,Horses,2021,42733,I,,,,
230,804,Ukraine,1096,Horses,2021,202000,A,,,,
213,795,Turkmenistan,1096,Horses,2021,27493,A,,,,
256,442,Luxembourg,1096,Horses,2021,4254,A,,,,
167,203,Czechia,1096,Horses,2021,33213,A,,,,
108,398,Kazakhstan,1096,Horses,2021,3489777,A,,,,
154,807,North Macedonia,1096,Horses,2021,11140,A,,,,
1,51,Armenia,1096,Horses,2021,13092,A,,,,
235,860,Uzbekistan,1096,Horses,2021,260393,A,,,,
119,428,Latvia,1096,Horses,2021,8400,A,,,,
208,762,Tajikistan,1096,Horses,2021,84000,A,,,,
80,70,Bosnia and Herzegovina,1096,Horses,2021,3960,A,,,,
113,417,Kyrgyzstan,1096,Horses,2021,547253,A,,,,
52,31,Azerbaijan,1096,Horses,2021,58396,A,,,,
126,440,Lithuania,1096,Horses,2021,12809,A,,,,
185,643,Russian Federation,1096,Horses,2021,1302916,A,,,,
273,499,Montenegro,1096,Horses,2021,3618,A,,,,
238,231,Ethiopia,1096,Horses,2021,2151106,I,,,,
2,4,Afghanistan,1096,Horses,2021,88208,I,,,,
3,8,Albania,1096,Horses,2021,29000,A,,,,
4,12,Algeria,1096,Horses,2021,50231,A,,,,
7,24,Angola,1096,Horses,2021,1018,I,,,,
8,28,Antigua and Barbuda,1096,Horses,2021,491,I,,,,
9,32,Argentina,1096,Horses,2021,2500499,A,,,,
10,36,Australia,1096,Horses,2021,263849,E,,,,
12,44,Bahamas,1096,Horses,2021,,M,,,,
14,52,Barbados,1096,Horses,2021,1236,I,,,,
18,64,Bhutan,1096,Horses,2021,12418,A,,,,
19,68,Bolivia (Plurinational State of),1096,Horses,2021,508165,I,,,,
20,72,Botswana,1096,Horses,2021,8627,I,,,,
21,76,Brazil,1096,Horses,2021,5780423,A,,,,
23,84,Belize,1096,Horses,2021,6024,I,,,,
25,90,Solomon Islands,1096,Horses,2021,151,I,,,,
28,104,Myanmar,1096,Horses,2021,116458,I,,,,
115,116,Cambodia,1096,Horses,2021,30869,I,,,,
32,120,Cameroon,1096,Horses,2021,17283,E,,,,
33,124,Canada,1096,Horses,2021,400453,I,,,,
35,132,Cabo Verde,1096,Horses,2021,586,I,,,,
38,144,Sri Lanka,1096,Horses,2021,1295,I,,,,
39,148,Chad,1096,Horses,2021,1379167,A,,,,
40,152,Chile,1096,Horses,2021,296744,I,,,,
41,156,"China, mainland",1096,Horses,2021,3724900,A,,,,
214,158,"China, Taiwan Province of",1096,Horses,2021,870,I,,,,
44,170,Colombia,1096,Horses,2021,1600415,A,,,,
46,178,Congo,1096,Horses,2021,75,I,,,,
250,180,Democratic Republic of the Congo,1096,Horses,2021,,M,,,,
47,184,Cook Islands,1096,Horses,2021,301,I,,,,
48,188,Costa Rica,1096,Horses,2021,117275,I,,,,
49,192,Cuba,1096,Horses,2021,911900,A,,,,
53,204,Benin,1096,Horses,2021,1161,I,,,,
54,208,Denmark,1096,Horses,2021,42782,A,,,,
56,214,Dominican Republic,1096,Horses,2021,365033,I,,,,
58,218,Ecuador,1096,Horses,2021,192187,A,,,,
60,222,El Salvador,1096,Horses,2021,98138,I,,,,
66,242,Fiji,1096,Horses,2021,47541,I,,,,
68,250,France,1096,Horses,2021,291165,A,,,,
70,258,French Polynesia,1096,Horses,2021,2200,I,,,,
75,270,Gambia,1096,Horses,2021,23635,A,,,,
81,288,Ghana,1096,Horses,2021,3350,I,,,,
84,300,Greece,1096,Horses,2021,5501,A,,,,
86,308,Grenada,1096,Horses,2021,30,I,,,,
89,320,Guatemala,1096,Horses,2021,132367,I,,,,
90,324,Guinea,1096,Horses,2021,3590,I,,,,
91,328,Guyana,1096,Horses,2021,2363,I,,,,
93,332,Haiti,1096,Horses,2021,504040,I,,,,
95,340,Honduras,1096,Horses,2021,182179,I,,,,
96,344,"China, Hong Kong SAR",1096,Horses,2021,1562,I,,,,
97,348,Hungary,1096,Horses,2021,35000,A,,,,
99,352,Iceland,1096,Horses,2021,54069,A,,,,
100,356,India,1096,Horses,2021,336910,I,,,,
101,360,Indonesia,1096,Horses,2021,382014,A,,,,
102,364,Iran (Islamic Republic of),1096,Horses,2021,128184,I,,,,
103,368,Iraq,1096,Horses,2021,49540,I,,,,
104,372,Ireland,1096,Horses,2021,82900,A,,,,
105,376,Israel,1096,Horses,2021,4000,I,,,,
109,388,Jamaica,1096,Horses,2021,4009,I,,,,
110,392,Japan,1096,Horses,2021,13801,I,,,,
112,400,Jordan,1096,Horses,2021,2231,I,,,,
114,404,Kenya,1096,Horses,2021,2047,I,,,,
116,408,Democratic People's Republic of Korea,1096,Horses,2021,48418,I,,,,
117,410,Republic of Korea,1096,Horses,2021,27724,I,,,,
118,414,Kuwait,1096,Horses,2021,1160,A,,,,
120,418,Lao People's Democratic Republic,1096,Horses,2021,32138,I,,,,
121,422,Lebanon,1096,Horses,2021,3536,I,,,,
122,426,Lesotho,1096,Horses,2021,56331,A,,,,
124,434,Libya,1096,Horses,2021,45710,A,,,,
129,450,Madagascar,1096,Horses,2021,518,I,,,,
130,454,Malawi,1096,Horses,2021,534,I,,,,
131,458,Malaysia,1096,Horses,2021,4111,A,,,,
133,466,Mali,1096,Horses,2021,607786,A,,,,
136,478,Mauritania,1096,Horses,2021,66023,I,,,,
137,480,Mauritius,1096,Horses,2021,145,I,,,,
138,484,Mexico,1096,Horses,2021,6411365,I,,,,
141,496,Mongolia,1096,Horses,2021,4324444,A,,,,
143,504,Morocco,1096,Horses,2021,173300,A,,,,
147,516,Namibia,1096,Horses,2021,42010,I,,,,
150,528,Netherlands (Kingdom of the),1096,Horses,2021,97602,A,,,,
153,540,New Caledonia,1096,Horses,2021,10820,I,,,,
155,548,Vanuatu,1096,Horses,2021,3172,I,,,,
156,554,New Zealand,1096,Horses,2021,40276,A,,,,
157,558,Nicaragua,1096,Horses,2021,269077,I,,,,
158,562,Niger,1096,Horses,2021,260861,A,,,,
159,566,Nigeria,1096,Horses,2021,102631,A,,,,
162,578,Norway,1096,Horses,2021,36133,A,,,,
165,586,Pakistan,1096,Horses,2021,375000,A,,,,
166,591,Panama,1096,Horses,2021,105335,I,,,,
168,598,Papua New Guinea,1096,Horses,2021,2035,I,,,,
169,600,Paraguay,1096,Horses,2021,220083,A,,,,
170,604,Peru,1096,Horses,2021,748731,I,,,,
171,608,Philippines,1096,Horses,2021,246955,I,,,,
173,616,Poland,1096,Horses,2021,156519,A,,,,
174,620,Portugal,1096,Horses,2021,88000,A,,,,
175,624,Guinea-Bissau,1096,Horses,2021,2376,I,,,,
176,626,Timor-Leste,1096,Horses,2021,41520,I,,,,
177,630,Puerto Rico,1096,Horses,2021,5536,I,,,,
179,634,Qatar,1096,Horses,2021,11968,A,,,,
183,642,Romania,1096,Horses,2021,374000,A,,,,
189,662,Saint Lucia,1096,Horses,2021,1113,I,,,,
193,678,Sao Tome and Principe,1096,Horses,2021,308,I,,,,
194,682,Saudi Arabia,1096,Horses,2021,63374,A,,,,
195,686,Senegal,1096,Horses,2021,582927,A,,,,
197,694,Sierra Leone,1096,Horses,2021,440280,I,,,,
237,704,Viet Nam,1096,Horses,2021,51656,I,,,,
201,706,Somalia,1096,Horses,2021,902,I,,,,
202,710,South Africa,1096,Horses,2021,337738,I,,,,
181,716,Zimbabwe,1096,Horses,2021,28167,I,,,,
207,740,Suriname,1096,Horses,2021,332,A,,,,
209,748,Eswatini,1096,Horses,2021,1728,I,,,,
211,756,Switzerland,1096,Horses,2021,47121,A,,,,
212,760,Syrian Arab Republic,1096,Horses,2021,9460,A,,,,
216,764,Thailand,1096,Horses,2021,5345,I,,,,
217,768,Togo,1096,Horses,2021,2012,I,,,,
219,776,Tonga,1096,Horses,2021,11936,I,,,,
220,780,Trinidad and Tobago,1096,Horses,2021,1409,I,,,,
225,784,United Arab Emirates,1096,Horses,2021,431,I,,,,
222,788,Tunisia,1096,Horses,2021,57184,I,,,,
223,792,Türkiye,1096,Horses,2021,83718,A,,,,
59,818,Egypt,1096,Horses,2021,86578,I,,,,
229,826,United Kingdom of Great Britain and Northern Ireland,1096,Horses,2021,714298,E,,,,
231,840,United States of America,1096,Horses,2021,6595281,I,,,,
233,854,Burkina Faso,1096,Horses,2021,14229,A,,,,
234,858,Uruguay,1096,Horses,2021,416271,A,,,,
236,862,Venezuela (Bolivarian Republic of),1096,Horses,2021,523516,I,,,,
244,882,Samoa,1096,Horses,2021,1936,I,,,,
249,887,Yemen,1096,Horses,2021,1743,I,,,,
208,762,Tajikistan,1096,Horses,2022,85600,A,,,,
167,203,Czechia,1096,Horses,2022,37087,A,,,,
273,499,Montenegro,1096,Horses,2022,3942,A,,,,
126,440,Lithuania,1096,Horses,2022,12502,A,,,,
276,729,Sudan,1096,Horses,2022,794839,I,,,,
57,112,Belarus,1096,Horses,2022,22700,A,,,,
154,807,North Macedonia,1096,Horses,2022,10659,A,,,,
1,51,Armenia,1096,Horses,2022,13888,A,,,,
256,442,Luxembourg,1096,Horses,2022,4098,A,,,,
238,231,Ethiopia,1096,Horses,2022,2138928,A,,,,
73,268,Georgia,1096,Horses,2022,42868,I,,,,
113,417,Kyrgyzstan,1096,Horses,2022,533979,A,,,,
80,70,Bosnia and Herzegovina,1096,Horses,2022,3840,A,,,,
108,398,Kazakhstan,1096,Horses,2022,3790173,A,,,,
213,795,Turkmenistan,1096,Horses,2022,27596,A,,,,
235,860,Uzbekistan,1096,Horses,2022,269002,A,,,,
52,31,Azerbaijan,1096,Horses,2022,56576,A,,,,
185,643,Russian Federation,1096,Horses,2022,1298630,A,,,,
272,688,Serbia,1096,Horses,2022,12332,A,,,,
230,804,Ukraine,1096,Horses,2022,180800,A,,,,
119,428,Latvia,1096,Horses,2022,8700,A,,,,
146,498,Republic of Moldova,1096,Horses,2022,17715,A,,,,
2,4,Afghanistan,1096,Horses,2022,35777,I,,,,
3,8,Albania,1096,Horses,2022,26000,A,,,,
4,12,Algeria,1096,Horses,2022,51441,I,,,,
7,24,Angola,1096,Horses,2022,1012,I,,,,
8,28,Antigua and Barbuda,1096,Horses,2022,492,I,,,,
9,32,Argentina,1096,Horses,2022,2462982,A,,,,
10,36,Australia,1096,Horses,2022,254901,E,,,,
12,44,Bahamas,1096,Horses,2022,,M,,,,
14,52,Barbados,1096,Horses,2022,1234,I,,,,
18,64,Bhutan,1096,Horses,2022,11665,A,,,,
19,68,Bolivia (Plurinational State of),1096,Horses,2022,510823,I,,,,
20,72,Botswana,1096,Horses,2022,5169,I,,,,
21,76,Brazil,1096,Horses,2022,5834752,A,,,,
23,84,Belize,1096,Horses,2022,6057,I,,,,
25,90,Solomon Islands,1096,Horses,2022,151,I,,,,
28,104,Myanmar,1096,Horses,2022,116832,I,,,,
115,116,Cambodia,1096,Horses,2022,31000,I,,,,
32,120,Cameroon,1096,Horses,2022,17006,E,,,,
33,124,Canada,1096,Horses,2022,399549,I,,,,
35,132,Cabo Verde,1096,Horses,2022,587,I,,,,
38,144,Sri Lanka,1096,Horses,2022,1282,I,,,,
39,148,Chad,1096,Horses,2022,1437980,A,,,,
40,152,Chile,1096,Horses,2022,296393,I,,,,
41,156,"China, mainland",1096,Horses,2022,3666800,A,,,,
214,158,"China, Taiwan Province of",1096,Horses,2022,868,I,,,,
44,170,Colombia,1096,Horses,2022,1575512,A,,,,
46,178,Congo,1096,Horses,2022,75,I,,,,
250,180,Democratic Republic of the Congo,1096,Horses,2022,,M,,,,
47,184,Cook Islands,1096,Horses,2022,301,I,,,,
48,188,Costa Rica,1096,Horses,2022,117427,I,,,,
49,192,Cuba,1096,Horses,2022,907800,A,,,,
53,204,Benin,1096,Horses,2022,1162,I,,,,
54,208,Denmark,1096,Horses,2022,46012,A,,,,
56,214,Dominican Republic,1096,Horses,2022,365510,I,,,,
58,218,Ecuador,1096,Horses,2022,155407,A,,,,
60,222,El Salvador,1096,Horses,2022,98170,I,,,,
66,242,Fiji,1096,Horses,2022,47571,I,,,,
68,250,France,1096,Horses,2022,289607,A,,,,
70,258,French Polynesia,1096,Horses,2022,2200,I,,,,
75,270,Gambia,1096,Horses,2022,23961,A,,,,
81,288,Ghana,1096,Horses,2022,3387,I,,,,
84,300,Greece,1096,Horses,2022,4012,A,,,,
86,308,Grenada,1096,Horses,2022,30,I,,,,
89,320,Guatemala,1096,Horses,2022,132498,I,,,,
90,324,Guinea,1096,Horses,2022,3616,I,,,,
91,328,Guyana,1096,Horses,2022,2352,I,,,,
93,332,Haiti,1096,Horses,2022,504271,I,,,,
95,340,Honduras,1096,Horses,2022,182239,I,,,,
96,344,"China, Hong Kong SAR",1096,Horses,2022,1559,I,,,,
97,348,Hungary,1096,Horses,2022,40000,A,,,,
99,352,Iceland,1096,Horses,2022,51865,A,,,,
100,356,India,1096,Horses,2022,257962,I,,,,
101,360,Indonesia,1096,Horses,2022,367302,A,,,,
102,364,Iran (Islamic Republic of),1096,Horses,2022,128429,I,,,,
103,368,Iraq,1096,Horses,2022,49628,I,,,,
104,372,Ireland,1096,Horses,2022,93500,A,,,,
105,376,Israel,1096,Horses,2022,4000,I,,,,
106,380,Italy,1096,Horses,2022,365414,A,,,,
109,388,Jamaica,1096,Horses,2022,4007,I,,,,
110,392,Japan,1096,Horses,2022,13617,I,,,,
112,400,Jordan,1096,Horses,2022,2233,I,,,,
114,404,Kenya,1096,Horses,2022,2042,I,,,,
116,408,Democratic People's Republic of Korea,1096,Horses,2022,48307,I,,,,
117,410,Republic of Korea,1096,Horses,2022,27462,I,,,,
118,414,Kuwait,1096,Horses,2022,1196,I,,,,
120,418,Lao People's Democratic Republic,1096,Horses,2022,32069,I,,,,
121,422,Lebanon,1096,Horses,2022,3563,I,,,,
122,426,Lesotho,1096,Horses,2022,88237,A,,,,
124,434,Libya,1096,Horses,2022,44988,I,,,,
129,450,Madagascar,1096,Horses,2022,518,I,,,,
130,454,Malawi,1096,Horses,2022,187,I,,,,
131,458,Malaysia,1096,Horses,2022,4089,A,,,,
133,466,Mali,1096,Horses,2022,619943,A,,,,
136,478,Mauritania,1096,Horses,2022,66068,I,,,,
137,480,Mauritius,1096,Horses,2022,145,I,,,,
138,484,Mexico,1096,Horses,2022,6412688,I,,,,
141,496,Mongolia,1096,Horses,2022,4821066,A,,,,
143,504,Morocco,1096,Horses,2022,173300,A,,,,
147,516,Namibia,1096,Horses,2022,41590,I,,,,
153,540,New Caledonia,1096,Horses,2022,10795,I,,,,
155,548,Vanuatu,1096,Horses,2022,2234,A,,,,
156,554,New Zealand,1096,Horses,2022,33531,A,,,,
157,558,Nicaragua,1096,Horses,2022,269035,I,,,,
158,562,Niger,1096,Horses,2022,263469,A,,,,
159,566,Nigeria,1096,Horses,2022,102758,I,,,,
162,578,Norway,1096,Horses,2022,35800,A,,,,
165,586,Pakistan,1096,Horses,2022,377000,A,,,,
166,591,Panama,1096,Horses,2022,104424,I,,,,
168,598,Papua New Guinea,1096,Horses,2022,2031,I,,,,
169,600,Paraguay,1096,Horses,2022,225439,A,,,,
170,604,Peru,1096,Horses,2022,749311,I,,,,
171,608,Philippines,1096,Horses,2022,247220,I,,,,
173,616,Poland,1096,Horses,2022,156519,A,,,,
174,620,Portugal,1096,Horses,2022,90000,A,,,,
175,624,Guinea-Bissau,1096,Horses,2022,2386,I,,,,
176,626,Timor-Leste,1096,Horses,2022,38615,I,,,,
177,630,Puerto Rico,1096,Horses,2022,6798,A,,,,
179,634,Qatar,1096,Horses,2022,13368,A,,,,
183,642,Romania,1096,Horses,2022,323362,A,,,,
189,662,Saint Lucia,1096,Horses,2022,1112,I,,,,
193,678,Sao Tome and Principe,1096,Horses,2022,310,I,,,,
194,682,Saudi Arabia,1096,Horses,2022,4200,A,,,,
195,686,Senegal,1096,Horses,2022,591678,A,,,,
197,694,Sierra Leone,1096,Horses,2022,441639,I,,,,
237,704,Viet Nam,1096,Horses,2022,52475,I,,,,
201,706,Somalia,1096,Horses,2022,897,I,,,,
202,710,South Africa,1096,Horses,2022,339488,I,,,,
181,716,Zimbabwe,1096,Horses,2022,28142,I,,,,
207,740,Suriname,1096,Horses,2022,339,A,,,,
209,748,Eswatini,1096,Horses,2022,1734,I,,,,
211,756,Switzerland,1096,Horses,2022,47564,A,,,,
212,760,Syrian Arab Republic,1096,Horses,2022,10044,A,,,,
216,764,Thailand,1096,Horses,2022,5374,I,,,,
217,768,Togo,1096,Horses,2022,2045,I,,,,
219,776,Tonga,1096,Horses,2022,11835,I,,,,
220,780,Trinidad and Tobago,1096,Horses,2022,1407,I,,,,
225,784,United Arab Emirates,1096,Horses,2022,446,I,,,,
222,788,Tunisia,1096,Horses,2022,57178,I,,,,
223,792,Türkiye,1096,Horses,2022,74359,A,,,,
59,818,Egypt,1096,Horses,2022,86152,I,,,,
229,826,United Kingdom of Great Britain and Northern Ireland,1096,Horses,2022,717290,E,,,,
231,840,United States of America,1096,Horses,2022,6460341,X,,,,
233,854,Burkina Faso,1096,Horses,2022,10897,I,,,,
234,858,Uruguay,1096,Horses,2022,410948,A,,,,
236,862,Venezuela (Bolivarian Republic of),1096,Horses,2022,523664,I,,,,
244,882,Samoa,1096,Horses,2022,1943,I,,,,
249,887,Yemen,1096,Horses,2022,1732,I,,,,
238,231,Ethiopia,1096,Horses,2023,2164102,I,,,,
276,729,Sudan,1096,Horses,2023,795634,I,,,,
108,398,Kazakhstan,1096,Horses,2023,3851185,A,,,,
146,498,Republic of Moldova,1096,Horses,2023,16268,A,,,,
272,688,Serbia,1096,Horses,2023,14520,A,,,,
235,860,Uzbekistan,1096,Horses,2023,275900,A,,,,
154,807,North Macedonia,1096,Horses,2023,10104,A,,,,
1,51,Armenia,1096,Horses,2023,13168,A,,,,
213,795,Turkmenistan,1096,Horses,2023,27949,A,,,,
273,499,Montenegro,1096,Horses,2023,3688,A,,,,
208,762,Tajikistan,1096,Horses,2023,88500,A,,,,
52,31,Azerbaijan,1096,Horses,2023,53076,A,,,,
80,70,Bosnia and Herzegovina,1096,Horses,2023,2937,A,,,,
73,268,Georgia,1096,Horses,2023,43180,I,,,,
230,804,Ukraine,1096,Horses,2023,159100,A,,,,
256,442,Luxembourg,1096,Horses,2023,4181,A,,,,
57,112,Belarus,1096,Horses,2023,20200,A,,,,
119,428,Latvia,1096,Horses,2023,9000,A,,,,
126,440,Lithuania,1096,Horses,2023,12301,A,,,,
185,643,Russian Federation,1096,Horses,2023,1310500,A,,,,
113,417,Kyrgyzstan,1096,Horses,2023,542527,A,,,,
2,4,Afghanistan,1096,Horses,2023,8216,I,,,,
3,8,Albania,1096,Horses,2023,27290,A,,,,
4,12,Algeria,1096,Horses,2023,50907,I,,,,
7,24,Angola,1096,Horses,2023,1012,I,,,,
8,28,Antigua and Barbuda,1096,Horses,2023,493,I,,,,
9,32,Argentina,1096,Horses,2023,2512900,A,,,,
10,36,Australia,1096,Horses,2023,242892,E,,,,
12,44,Bahamas,1096,Horses,2023,,M,,,,
14,52,Barbados,1096,Horses,2023,1232,I,,,,
18,64,Bhutan,1096,Horses,2023,10117,A,,,,
19,68,Bolivia (Plurinational State of),1096,Horses,2023,513546,I,,,,
20,72,Botswana,1096,Horses,2023,2700,I,,,,
21,76,Brazil,1096,Horses,2023,5798080,A,,,,
23,84,Belize,1096,Horses,2023,6090,I,,,,
25,90,Solomon Islands,1096,Horses,2023,151,I,,,,
28,104,Myanmar,1096,Horses,2023,117239,I,,,,
115,116,Cambodia,1096,Horses,2023,31165,I,,,,
32,120,Cameroon,1096,Horses,2023,16620,E,,,,
33,124,Canada,1096,Horses,2023,399927,I,,,,
35,132,Cabo Verde,1096,Horses,2023,592,I,,,,
38,144,Sri Lanka,1096,Horses,2023,1269,I,,,,
39,148,Chad,1096,Horses,2023,1499301,A,,,,
40,152,Chile,1096,Horses,2023,296024,I,,,,
41,156,"China, mainland",1096,Horses,2023,3590600,A,,,,
214,158,"China, Taiwan Province of",1096,Horses,2023,871,I,,,,
44,170,Colombia,1096,Horses,2023,1482286,A,,,,
46,178,Congo,1096,Horses,2023,75,I,,,,
250,180,Democratic Republic of the Congo,1096,Horses,2023,,M,,,,
47,184,Cook Islands,1096,Horses,2023,301,I,,,,
48,188,Costa Rica,1096,Horses,2023,117499,I,,,,
49,192,Cuba,1096,Horses,2023,725300,A,,,,
53,204,Benin,1096,Horses,2023,1167,I,,,,
54,208,Denmark,1096,Horses,2023,45382,A,,,,
56,214,Dominican Republic,1096,Horses,2023,366547,I,,,,
58,218,Ecuador,1096,Horses,2023,143391,A,,,,
60,222,El Salvador,1096,Horses,2023,98215,I,,,,
66,242,Fiji,1096,Horses,2023,47639,I,,,,
68,250,France,1096,Horses,2023,291286,A,,,,
70,258,French Polynesia,1096,Horses,2023,2200,I,,,,
75,270,Gambia,1096,Horses,2023,28862,A,,,,
79,276,Germany,1096,Horses,2023,486500,A,,,,
81,288,Ghana,1096,Horses,2023,3427,I,,,,
84,300,Greece,1096,Horses,2023,3482,A,,,,
86,308,Grenada,1096,Horses,2023,30,I,,,,
89,320,Guatemala,1096,Horses,2023,132847,I,,,,
90,324,Guinea,1096,Horses,2023,3647,I,,,,
91,328,Guyana,1096,Horses,2023,2346,I,,,,
93,332,Haiti,1096,Horses,2023,504611,I,,,,
95,340,Honduras,1096,Horses,2023,182309,I,,,,
96,344,"China, Hong Kong SAR",1096,Horses,2023,1560,I,,,,
97,348,Hungary,1096,Horses,2023,37000,A,,,,
99,352,Iceland,1096,Horses,2023,49659,A,,,,
100,356,India,1096,Horses,2023,214825,I,,,,
101,360,Indonesia,1096,Horses,2023,353294,I,,,,
102,364,Iran (Islamic Republic of),1096,Horses,2023,128090,I,,,,
103,368,Iraq,1096,Horses,2023,49623,I,,,,
104,372,Ireland,1096,Horses,2023,97100,A,,,,
105,376,Israel,1096,Horses,2023,4000,I,,,,
109,388,Jamaica,1096,Horses,2023,4008,I,,,,
110,392,Japan,1096,Horses,2023,13424,I,,,,
112,400,Jordan,1096,Horses,2023,2219,I,,,,
114,404,Kenya,1096,Horses,2023,2036,I,,,,
116,408,Democratic People's Republic of Korea,1096,Horses,2023,48329,I,,,,
117,410,Republic of Korea,1096,Horses,2023,27395,I,,,,
118,414,Kuwait,1096,Horses,2023,1211,I,,,,
120,418,Lao People's Democratic Republic,1096,Horses,2023,32000,E,,,,
121,422,Lebanon,1096,Horses,2023,3552,I,,,,
122,426,Lesotho,1096,Horses,2023,77337,A,,,,
124,434,Libya,1096,Horses,2023,46630,I,,,,
129,450,Madagascar,1096,Horses,2023,519,I,,,,
130,454,Malawi,1096,Horses,2023,223,I,,,,
131,458,Malaysia,1096,Horses,2023,4326,A,,,,
133,466,Mali,1096,Horses,2023,632341,A,,,,
136,478,Mauritania,1096,Horses,2023,66213,I,,,,
137,480,Mauritius,1096,Horses,2023,144,I,,,,
138,484,Mexico,1096,Horses,2023,6416882,I,,,,
141,496,Mongolia,1096,Horses,2023,4829688,A,,,,
143,504,Morocco,1096,Horses,2023,163340,A,,,,
147,516,Namibia,1096,Horses,2023,41176,I,,,,
150,528,Netherlands (Kingdom of the),1096,Horses,2023,97301,A,,,,
153,540,New Caledonia,1096,Horses,2023,10760,I,,,,
155,548,Vanuatu,1096,Horses,2023,1426,I,,,,
156,554,New Zealand,1096,Horses,2023,31184,A,,,,
157,558,Nicaragua,1096,Horses,2023,269058,I,,,,
158,562,Niger,1096,Horses,2023,266105,A,,,,
159,566,Nigeria,1096,Horses,2023,103523,I,,,,
162,578,Norway,1096,Horses,2023,37700,A,,,,
165,586,Pakistan,1096,Horses,2023,379000,A,,,,
166,591,Panama,1096,Horses,2023,103442,I,,,,
168,598,Papua New Guinea,1096,Horses,2023,2032,I,,,,
169,600,Paraguay,1096,Horses,2023,222403,I,,,,
170,604,Peru,1096,Horses,2023,750176,I,,,,
171,608,Philippines,1096,Horses,2023,247769,I,,,,
173,616,Poland,1096,Horses,2023,156519,A,,,,
174,620,Portugal,1096,Horses,2023,100000,A,,,,
175,624,Guinea-Bissau,1096,Horses,2023,2396,I,,,,
176,626,Timor-Leste,1096,Horses,2023,36915,I,,,,
177,630,Puerto Rico,1096,Horses,2023,6240,I,,,,
179,634,Qatar,1096,Horses,2023,15961,A,,,,
183,642,Romania,1096,Horses,2023,290246,A,,,,
189,662,Saint Lucia,1096,Horses,2023,1112,I,,,,
193,678,Sao Tome and Principe,1096,Horses,2023,312,I,,,,
194,682,Saudi Arabia,1096,Horses,2023,60000,A,,,,
195,686,Senegal,1096,Horses,2023,596396,I,,,,
197,694,Sierra Leone,1096,Horses,2023,443274,I,,,,
237,704,Viet Nam,1096,Horses,2023,49167,I,,,,
201,706,Somalia,1096,Horses,2023,901,I,,,,
202,710,South Africa,1096,Horses,2023,342524,I,,,,
181,716,Zimbabwe,1096,Horses,2023,28151,I,,,,
207,740,Suriname,1096,Horses,2023,344,I,,,,
209,748,Eswatini,1096,Horses,2023,1745,I,,,,
211,756,Switzerland,1096,Horses,2023,48088,A,,,,
212,760,Syrian Arab Republic,1096,Horses,2023,8315,A,,,,
216,764,Thailand,1096,Horses,2023,5345,I,,,,
217,768,Togo,1096,Horses,2023,2075,I,,,,
219,776,Tonga,1096,Horses,2023,11868,I,,,,
220,780,Trinidad and Tobago,1096,Horses,2023,1407,I,,,,
225,784,United Arab Emirates,1096,Horses,2023,446,I,,,,
222,788,Tunisia,1096,Horses,2023,57187,I,,,,
223,792,Türkiye,1096,Horses,2023,66431,A,,,,
59,818,Egypt,1096,Horses,2023,87625,I,,,,
229,826,United Kingdom of Great Britain and Northern Ireland,1096,Horses,2023,850000,X,,,,
231,840,United States of America,1096,Horses,2023,6331293,I,,,,
233,854,Burkina Faso,1096,Horses,2023,22095,I,,,,
234,858,Uruguay,1096,Horses,2023,403822,A,,,,
236,862,Venezuela (Bolivarian Republic of),1096,Horses,2023,523901,I,,,,
244,882,Samoa,1096,Horses,2023,1948,I,,,,
249,887,Yemen,1096,Horses,2023,1714,I,,,,
108,398,Kazakhstan,1096,Horses,2024,4353028,A,,,,
80,70,Bosnia and Herzegovina,1096,Horses,2024,5380,A,,,,
208,762,Tajikistan,1096,Horses,2024,91626,A,,,,
113,417,Kyrgyzstan,1096,Horses,2024,553516,A,,,,
146,498,Republic of Moldova,1096,Horses,2024,14849,A,,,,
185,643,Russian Federation,1096,Horses,2024,1322642,I,,,,
213,795,Turkmenistan,1096,Horses,2024,27624,A,,,,
230,804,Ukraine,1096,Horses,2024,144800,A,,,,
57,112,Belarus,1096,Horses,2024,18100,A,,,,
256,442,Luxembourg,1096,Horses,2024,4054,A,,,,
154,807,North Macedonia,1096,Horses,2024,7815,A,,,,
276,729,Sudan,1096,Horses,2024,796418,I,,,,
119,428,Latvia,1096,Horses,2024,9100,A,,,,
273,499,Montenegro,1096,Horses,2024,4253,A,,,,
1,51,Armenia,1096,Horses,2024,14100,A,,,,
52,31,Azerbaijan,1096,Horses,2024,49583,I,,,,
235,860,Uzbekistan,1096,Horses,2024,282793,A,,,,
238,231,Ethiopia,1096,Horses,2024,2293260,I,,,,
126,440,Lithuania,1096,Horses,2024,12827,A,,,,
73,268,Georgia,1096,Horses,2024,43491,I,,,,
272,688,Serbia,1096,Horses,2024,14897,A,,,,
2,4,Afghanistan,1096,Horses,2024,8262,I,,,,
3,8,Albania,1096,Horses,2024,24199,A,,,,
4,12,Algeria,1096,Horses,2024,50860,E,,,,
7,24,Angola,1096,Horses,2024,1012,I,,,,
8,28,Antigua and Barbuda,1096,Horses,2024,493,I,,,,
9,32,Argentina,1096,Horses,2024,2588704,A,,,,
10,36,Australia,1096,Horses,2024,228204,E,,,,
12,44,Bahamas,1096,Horses,2024,,M,,,,
14,52,Barbados,1096,Horses,2024,1230,I,,,,
18,64,Bhutan,1096,Horses,2024,10499,A,,,,
19,68,Bolivia (Plurinational State of),1096,Horses,2024,516249,I,,,,
20,72,Botswana,1096,Horses,2024,2572,I,,,,
21,76,Brazil,1096,Horses,2024,5702612,A,,,,
23,84,Belize,1096,Horses,2024,6122,I,,,,
25,90,Solomon Islands,1096,Horses,2024,151,I,,,,
28,104,Myanmar,1096,Horses,2024,117653,I,,,,
115,116,Cambodia,1096,Horses,2024,31330,I,,,,
32,120,Cameroon,1096,Horses,2024,16274,E,,,,
33,124,Canada,1096,Horses,2024,400306,I,,,,
35,132,Cabo Verde,1096,Horses,2024,597,I,,,,
38,144,Sri Lanka,1096,Horses,2024,1256,I,,,,
39,148,Chad,1096,Horses,2024,1550515,I,,,,
40,152,Chile,1096,Horses,2024,295656,I,,,,
41,156,"China, mainland",1096,Horses,2024,3521000,A,,,,
214,158,"China, Taiwan Province of",1096,Horses,2024,873,I,,,,
44,170,Colombia,1096,Horses,2024,964426,A,,,,
46,178,Congo,1096,Horses,2024,75,I,,,,
250,180,Democratic Republic of the Congo,1096,Horses,2024,,M,,,,
47,184,Cook Islands,1096,Horses,2024,300,I,,,,
48,188,Costa Rica,1096,Horses,2024,117571,I,,,,
49,192,Cuba,1096,Horses,2024,570114,I,,,,
53,204,Benin,1096,Horses,2024,1173,I,,,,
54,208,Denmark,1096,Horses,2024,45382,A,,,,
56,214,Dominican Republic,1096,Horses,2024,367585,I,,,,
58,218,Ecuador,1096,Horses,2024,153173,A,,,,
60,222,El Salvador,1096,Horses,2024,98260,I,,,,
66,242,Fiji,1096,Horses,2024,47707,I,,,,
68,250,France,1096,Horses,2024,289788,A,,,,
70,258,French Polynesia,1096,Horses,2024,2200,I,,,,
75,270,Gambia,1096,Horses,2024,28573,A,,,,
81,288,Ghana,1096,Horses,2024,3468,I,,,,
86,308,Grenada,1096,Horses,2024,30,I,,,,
89,320,Guatemala,1096,Horses,2024,133195,I,,,,
90,324,Guinea,1096,Horses,2024,3678,I,,,,
91,328,Guyana,1096,Horses,2024,2340,I,,,,
93,332,Haiti,1096,Horses,2024,504950,I,,,,
95,340,Honduras,1096,Horses,2024,182378,I,,,,
96,344,"China, Hong Kong SAR",1096,Horses,2024,1561,I,,,,
97,348,Hungary,1096,Horses,2024,40000,A,,,,
99,352,Iceland,1096,Horses,2024,50000,A,,,,
100,356,India,1096,Horses,2024,174515,I,,,,
101,360,Indonesia,1096,Horses,2024,350930,I,,,,
102,364,Iran (Islamic Republic of),1096,Horses,2024,127751,I,,,,
103,368,Iraq,1096,Horses,2024,49640,I,,,,
104,372,Ireland,1096,Horses,2024,94100,A,,,,
105,376,Israel,1096,Horses,2024,4000,I,,,,
109,388,Jamaica,1096,Horses,2024,4008,I,,,,
110,392,Japan,1096,Horses,2024,13230,I,,,,
112,400,Jordan,1096,Horses,2024,2205,I,,,,
114,404,Kenya,1096,Horses,2024,2036,I,,,,
116,408,Democratic People's Republic of Korea,1096,Horses,2024,48351,I,,,,
117,410,Republic of Korea,1096,Horses,2024,27329,I,,,,
118,414,Kuwait,1096,Horses,2024,1159,I,,,,
120,418,Lao People's Democratic Republic,1096,Horses,2024,31957,I,,,,
121,422,Lebanon,1096,Horses,2024,3541,I,,,,
122,426,Lesotho,1096,Horses,2024,73968,E,,,,
124,434,Libya,1096,Horses,2024,46676,I,,,,
129,450,Madagascar,1096,Horses,2024,520,I,,,,
130,454,Malawi,1096,Horses,2024,235,I,,,,
131,458,Malaysia,1096,Horses,2024,4437,A,,,,
133,466,Mali,1096,Horses,2024,644989,A,,,,
136,478,Mauritania,1096,Horses,2024,66358,I,,,,
137,480,Mauritius,1096,Horses,2024,144,I,,,,
138,484,Mexico,1096,Horses,2024,6421075,I,,,,
141,496,Mongolia,1096,Horses,2024,4683233,A,,,,
143,504,Morocco,1096,Horses,2024,158195,A,,,,
147,516,Namibia,1096,Horses,2024,40718,I,,,,
150,528,Netherlands (Kingdom of the),1096,Horses,2024,102143,A,,,,
153,540,New Caledonia,1096,Horses,2024,10725,I,,,,
155,548,Vanuatu,1096,Horses,2024,2416,I,,,,
156,554,New Zealand,1096,Horses,2024,31184,A,,,,
158,562,Niger,1096,Horses,2024,268765,A,,,,
159,566,Nigeria,1096,Horses,2024,104092,I,,,,
162,578,Norway,1096,Horses,2024,35980,A,,,,
165,586,Pakistan,1096,Horses,2024,382000,A,,,,
166,591,Panama,1096,Horses,2024,102460,I,,,,
168,598,Papua New Guinea,1096,Horses,2024,2033,I,,,,
169,600,Paraguay,1096,Horses,2024,223392,E,,,,
170,604,Peru,1096,Horses,2024,751041,I,,,,
171,608,Philippines,1096,Horses,2024,248273,I,,,,
173,616,Poland,1096,Horses,2024,157620,A,,,,
174,620,Portugal,1096,Horses,2024,103000,A,,,,
175,624,Guinea-Bissau,1096,Horses,2024,2406,I,,,,
176,626,Timor-Leste,1096,Horses,2024,35215,I,,,,
177,630,Puerto Rico,1096,Horses,2024,4285,I,,,,
179,634,Qatar,1096,Horses,2024,15744,I,,,,
189,662,Saint Lucia,1096,Horses,2024,1113,I,,,,
193,678,Sao Tome and Principe,1096,Horses,2024,314,I,,,,
194,682,Saudi Arabia,1096,Horses,2024,40470,I,,,,
195,686,Senegal,1096,Horses,2024,598995,I,,,,
197,694,Sierra Leone,1096,Horses,2024,444910,I,,,,
237,704,Viet Nam,1096,Horses,2024,46406,I,,,,
201,706,Somalia,1096,Horses,2024,905,I,,,,
202,710,South Africa,1096,Horses,2024,339966,E,,,,
181,716,Zimbabwe,1096,Horses,2024,28160,I,,,,
207,740,Suriname,1096,Horses,2024,344,I,,,,
209,748,Eswatini,1096,Horses,2024,1756,I,,,,
211,756,Switzerland,1096,Horses,2024,48006,A,,,,
212,760,Syrian Arab Republic,1096,Horses,2024,6600,A,,,,
216,764,Thailand,1096,Horses,2024,5316,I,,,,
217,768,Togo,1096,Horses,2024,2105,I,,,,
219,776,Tonga,1096,Horses,2024,11900,I,,,,
220,780,Trinidad and Tobago,1096,Horses,2024,1407,I,,,,
225,784,United Arab Emirates,1096,Horses,2024,448,I,,,,
222,788,Tunisia,1096,Horses,2024,57197,I,,,,
223,792,Türkiye,1096,Horses,2024,70360,A,,,,
59,818,Egypt,1096,Horses,2024,89098,I,,,,
229,826,United Kingdom of Great Britain and Northern Ireland,1096,Horses,2024,760529,E,,,,
231,840,United States of America,1096,Horses,2024,6215569,I,,,,
233,854,Burkina Faso,1096,Horses,2024,20683,I,,,,
234,858,Uruguay,1096,Horses,2024,410347,E,,,,
236,862,Venezuela (Bolivarian Republic of),1096,Horses,2024,524139,I,,,,
244,882,Samoa,1096,Horses,2024,1954,I,,,,
249,887,Yemen,1096,Horses,2024,1697,I,,,,
