faostat,m49 code,Country,Item Code,Item,Year,Stocks (Head),Stocks (Head) flag,Stocks (1000 Head),Stocks (1000 Head) flag,Stocks (No),Stocks (No) flag
106,380,Italy,1110,Mules and hinnies,1961,334100,A,,,,
109,388,Jamaica,1110,Mules and hinnies,1961,12400,A,,,,
112,400,Jordan,1110,Mules and hinnies,1961,9297,A,,,,
220,780,Trinidad and Tobago,1110,Mules and hinnies,1961,2500,E,,,,
20,72,Botswana,1110,Mules and hinnies,1961,612,A,,,,
177,630,Puerto Rico,1110,Mules and hinnies,1961,3100,E,,,,
33,124,Canada,1110,Mules and hinnies,1961,4000,E,,,,
59,818,Egypt,1110,Mules and hinnies,1961,8544,A,,,,
134,470,Malta,1110,Mules and hinnies,1961,1599,A,,,,
157,558,Nicaragua,1110,Mules and hinnies,1961,40000,E,,,,
189,662,Saint Lucia,1110,Mules and hinnies,1961,1000,E,,,,
231,840,United States of America,1110,Mules and hinnies,1961,20000,E,,,,
4,12,Algeria,1110,Mules and hinnies,1961,175000,A,,,,
91,328,Guyana,1110,Mules and hinnies,1961,2000,E,,,,
28,104,Myanmar,1110,Mules and hinnies,1961,1937,A,,,,
182,638,Réunion,1110,Mules and hinnies,1961,600,A,,,,
2,4,Afghanistan,1110,Mules and hinnies,1961,20000,E,,,,
14,52,Barbados,1110,Mules and hinnies,1961,2000,E,,,,
18,64,Bhutan,1110,Mules and hinnies,1961,4300,E,,,,
48,188,Costa Rica,1110,Mules and hinnies,1961,7100,E,,,,
209,748,Eswatini,1110,Mules and hinnies,1961,509,A,,,,
103,368,Iraq,1110,Mules and hinnies,1961,104000,A,,,,
166,591,Panama,1110,Mules and hinnies,1961,4825,A,,,,
228,810,USSR,1110,Mules and hinnies,1961,4300,E,,,,
86,308,Grenada,1110,Mules and hinnies,1961,100,E,,,,
236,862,Venezuela (Bolivarian Republic of),1110,Mules and hinnies,1961,78000,E,,,,
41,156,"China, mainland",1110,Mules and hinnies,1961,1427000,A,,,,
56,214,Dominican Republic,1110,Mules and hinnies,1961,85000,E,,,,
102,364,Iran (Islamic Republic of),1110,Mules and hinnies,1961,231000,A,,,,
21,76,Brazil,1110,Mules and hinnies,1961,1388000,E,,,,
60,222,El Salvador,1110,Mules and hinnies,1961,31000,X,,,,
121,422,Lebanon,1110,Mules and hinnies,1961,5800,E,,,,
124,434,Libya,1110,Mules and hinnies,1961,960,E,,,,
169,600,Paraguay,1110,Mules and hinnies,1961,7976,A,,,,
223,792,Türkiye,1110,Mules and hinnies,1961,170200,A,,,,
248,890,Yugoslav SFR,1110,Mules and hinnies,1961,32000,A,,,,
27,100,Bulgaria,1110,Mules and hinnies,1961,32520,A,,,,
40,152,Chile,1110,Mules and hinnies,1961,29000,E,,,,
50,196,Cyprus,1110,Mules and hinnies,1961,3800,A,,,,
84,300,Greece,1110,Mules and hinnies,1961,222258,A,,,,
100,356,India,1110,Mules and hinnies,1961,52813,A,,,,
216,764,Thailand,1110,Mules and hinnies,1961,898,A,,,,
234,858,Uruguay,1110,Mules and hinnies,1961,3500,E,,,,
3,8,Albania,1110,Mules and hinnies,1961,17000,A,,,,
19,68,Bolivia (Plurinational State of),1110,Mules and hinnies,1961,56000,E,,,,
44,170,Colombia,1110,Mules and hinnies,1961,342000,X,,,,
105,376,Israel,1110,Mules and hinnies,1961,7000,X,,,,
147,516,Namibia,1110,Mules and hinnies,1961,2708,A,,,,
174,620,Portugal,1110,Mules and hinnies,1961,112000,E,,,,
203,724,Spain,1110,Mules and hinnies,1961,1158033,A,,,,
206,736,Sudan (former),1110,Mules and hinnies,1961,500,E,,,,
9,32,Argentina,1110,Mules and hinnies,1961,328000,E,,,,
23,84,Belize,1110,Mules and hinnies,1961,2000,E,,,,
49,192,Cuba,1110,Mules and hinnies,1961,30000,E,,,,
104,372,Ireland,1110,Mules and hinnies,1961,2981,E,,,,
117,410,Republic of Korea,1110,Mules and hinnies,1961,,A,,,,
137,480,Mauritius,1110,Mules and hinnies,1961,25,A,,,,
97,348,Hungary,1110,Mules and hinnies,1961,1264,A,,,,
138,484,Mexico,1110,Mules and hinnies,1961,1549112,A,,,,
15,58,Belgium-Luxembourg,1110,Mules and hinnies,1961,1390,A,,,,
35,132,Cabo Verde,1110,Mules and hinnies,1961,1029,A,,,,
58,218,Ecuador,1110,Mules and hinnies,1961,86000,X,,,,
143,504,Morocco,1110,Mules and hinnies,1961,220000,A,,,,
170,604,Peru,1110,Mules and hinnies,1961,193000,X,,,,
202,710,South Africa,1110,Mules and hinnies,1961,50000,A,,,,
68,250,France,1110,Mules and hinnies,1961,67300,A,,,,
95,340,Honduras,1110,Mules and hinnies,1961,95000,X,,,,
165,586,Pakistan,1110,Mules and hinnies,1961,25749,A,,,,
211,756,Switzerland,1110,Mules and hinnies,1961,950,A,,,,
87,312,Guadeloupe,1110,Mules and hinnies,1961,600,A,,,,
89,320,Guatemala,1110,Mules and hinnies,1961,54005,A,,,,
93,332,Haiti,1110,Mules and hinnies,1961,58700,E,,,,
193,678,Sao Tome and Principe,1110,Mules and hinnies,1961,115,A,,,,
222,788,Tunisia,1110,Mules and hinnies,1961,52000,A,,,,
181,716,Zimbabwe,1110,Mules and hinnies,1961,1030,A,,,,
62,230,Ethiopia PDR,1110,Mules and hinnies,1961,1300000,A,,,,
122,426,Lesotho,1110,Mules and hinnies,1961,4316,A,,,,
201,706,Somalia,1110,Mules and hinnies,1961,19000,E,,,,
212,760,Syrian Arab Republic,1110,Mules and hinnies,1961,72331,A,,,,
2,4,Afghanistan,1110,Mules and hinnies,1962,20460,A,,,,
166,591,Panama,1110,Mules and hinnies,1962,4700,E,,,,
174,620,Portugal,1110,Mules and hinnies,1962,110000,E,,,,
33,124,Canada,1110,Mules and hinnies,1962,4000,E,,,,
86,308,Grenada,1110,Mules and hinnies,1962,100,E,,,,
100,356,India,1110,Mules and hinnies,1962,57000,E,,,,
104,372,Ireland,1110,Mules and hinnies,1962,2921,E,,,,
201,706,Somalia,1110,Mules and hinnies,1962,19000,E,,,,
203,724,Spain,1110,Mules and hinnies,1962,1135000,A,,,,
48,188,Costa Rica,1110,Mules and hinnies,1962,7100,E,,,,
93,332,Haiti,1110,Mules and hinnies,1962,60300,E,,,,
147,516,Namibia,1110,Mules and hinnies,1962,3198,A,,,,
157,558,Nicaragua,1110,Mules and hinnies,1962,42000,E,,,,
211,756,Switzerland,1110,Mules and hinnies,1962,900,E,,,,
222,788,Tunisia,1110,Mules and hinnies,1962,48000,A,,,,
4,12,Algeria,1110,Mules and hinnies,1962,174000,A,,,,
15,58,Belgium-Luxembourg,1110,Mules and hinnies,1962,1334,A,,,,
103,368,Iraq,1110,Mules and hinnies,1962,100000,E,,,,
137,480,Mauritius,1110,Mules and hinnies,1962,25,A,,,,
212,760,Syrian Arab Republic,1110,Mules and hinnies,1962,70106,A,,,,
49,192,Cuba,1110,Mules and hinnies,1962,30000,A,,,,
95,340,Honduras,1110,Mules and hinnies,1962,99000,X,,,,
134,470,Malta,1110,Mules and hinnies,1962,1550,E,,,,
165,586,Pakistan,1110,Mules and hinnies,1962,25744,A,,,,
248,890,Yugoslav SFR,1110,Mules and hinnies,1962,30000,E,,,,
18,64,Bhutan,1110,Mules and hinnies,1962,4500,E,,,,
28,104,Myanmar,1110,Mules and hinnies,1962,1968,A,,,,
60,222,El Salvador,1110,Mules and hinnies,1962,27000,X,,,,
102,364,Iran (Islamic Republic of),1110,Mules and hinnies,1962,197000,A,,,,
112,400,Jordan,1110,Mules and hinnies,1962,8712,A,,,,
234,858,Uruguay,1110,Mules and hinnies,1962,3500,E,,,,
14,52,Barbados,1110,Mules and hinnies,1962,2000,E,,,,
109,388,Jamaica,1110,Mules and hinnies,1962,12400,A,,,,
117,410,Republic of Korea,1110,Mules and hinnies,1962,,A,,,,
122,426,Lesotho,1110,Mules and hinnies,1962,5231,A,,,,
209,748,Eswatini,1110,Mules and hinnies,1962,788,A,,,,
231,840,United States of America,1110,Mules and hinnies,1962,20000,E,,,,
23,84,Belize,1110,Mules and hinnies,1962,2000,E,,,,
91,328,Guyana,1110,Mules and hinnies,1962,2000,E,,,,
143,504,Morocco,1110,Mules and hinnies,1962,272000,A,,,,
228,810,USSR,1110,Mules and hinnies,1962,4000,E,,,,
21,76,Brazil,1110,Mules and hinnies,1962,1430000,E,,,,
58,218,Ecuador,1110,Mules and hinnies,1962,104000,X,,,,
97,348,Hungary,1110,Mules and hinnies,1962,1065,A,,,,
106,380,Italy,1110,Mules and hinnies,1962,317190,A,,,,
177,630,Puerto Rico,1110,Mules and hinnies,1962,2700,E,,,,
202,710,South Africa,1110,Mules and hinnies,1962,50000,E,,,,
206,736,Sudan (former),1110,Mules and hinnies,1962,500,E,,,,
223,792,Türkiye,1110,Mules and hinnies,1962,186900,A,,,,
41,156,"China, mainland",1110,Mules and hinnies,1962,1332000,A,,,,
138,484,Mexico,1110,Mules and hinnies,1962,2140585,A,,,,
181,716,Zimbabwe,1110,Mules and hinnies,1962,970,A,,,,
220,780,Trinidad and Tobago,1110,Mules and hinnies,1962,2400,E,,,,
27,100,Bulgaria,1110,Mules and hinnies,1962,33336,A,,,,
121,422,Lebanon,1110,Mules and hinnies,1962,5500,E,,,,
170,604,Peru,1110,Mules and hinnies,1962,196500,X,,,,
19,68,Bolivia (Plurinational State of),1110,Mules and hinnies,1962,59000,E,,,,
68,250,France,1110,Mules and hinnies,1962,59462,A,,,,
84,300,Greece,1110,Mules and hinnies,1962,226000,A,,,,
124,434,Libya,1110,Mules and hinnies,1962,1000,E,,,,
182,638,Réunion,1110,Mules and hinnies,1962,700,A,,,,
216,764,Thailand,1110,Mules and hinnies,1962,904,A,,,,
35,132,Cabo Verde,1110,Mules and hinnies,1962,2138,A,,,,
105,376,Israel,1110,Mules and hinnies,1962,6000,X,,,,
189,662,Saint Lucia,1110,Mules and hinnies,1962,1000,E,,,,
40,152,Chile,1110,Mules and hinnies,1962,27000,E,,,,
44,170,Colombia,1110,Mules and hinnies,1962,355000,E,,,,
50,196,Cyprus,1110,Mules and hinnies,1962,4000,E,,,,
56,214,Dominican Republic,1110,Mules and hinnies,1962,85500,E,,,,
59,818,Egypt,1110,Mules and hinnies,1962,9000,E,,,,
89,320,Guatemala,1110,Mules and hinnies,1962,53365,A,,,,
169,600,Paraguay,1110,Mules and hinnies,1962,12000,A,,,,
3,8,Albania,1110,Mules and hinnies,1962,17600,A,,,,
20,72,Botswana,1110,Mules and hinnies,1962,541,A,,,,
193,678,Sao Tome and Principe,1110,Mules and hinnies,1962,101,A,,,,
9,32,Argentina,1110,Mules and hinnies,1962,319000,E,,,,
62,230,Ethiopia PDR,1110,Mules and hinnies,1962,1310000,A,,,,
87,312,Guadeloupe,1110,Mules and hinnies,1962,600,A,,,,
236,862,Venezuela (Bolivarian Republic of),1110,Mules and hinnies,1962,65339,A,,,,
27,100,Bulgaria,1110,Mules and hinnies,1963,31819,A,,,,
56,214,Dominican Republic,1110,Mules and hinnies,1963,86000,E,,,,
143,504,Morocco,1110,Mules and hinnies,1963,275000,A,,,,
165,586,Pakistan,1110,Mules and hinnies,1963,25744,A,,,,
166,591,Panama,1110,Mules and hinnies,1963,4500,E,,,,
203,724,Spain,1110,Mules and hinnies,1963,1135095,A,,,,
35,132,Cabo Verde,1110,Mules and hinnies,1963,2485,A,,,,
41,156,"China, mainland",1110,Mules and hinnies,1963,1324000,A,,,,
68,250,France,1110,Mules and hinnies,1963,55700,A,,,,
105,376,Israel,1110,Mules and hinnies,1963,4000,X,,,,
134,470,Malta,1110,Mules and hinnies,1963,1498,A,,,,
2,4,Afghanistan,1110,Mules and hinnies,1963,22600,E,,,,
3,8,Albania,1110,Mules and hinnies,1963,18600,A,,,,
60,222,El Salvador,1110,Mules and hinnies,1963,27000,E,,,,
189,662,Saint Lucia,1110,Mules and hinnies,1963,1000,E,,,,
14,52,Barbados,1110,Mules and hinnies,1963,2000,E,,,,
102,364,Iran (Islamic Republic of),1110,Mules and hinnies,1963,187000,A,,,,
174,620,Portugal,1110,Mules and hinnies,1963,107000,E,,,,
104,372,Ireland,1110,Mules and hinnies,1963,2863,E,,,,
106,380,Italy,1110,Mules and hinnies,1963,298840,A,,,,
182,638,Réunion,1110,Mules and hinnies,1963,800,A,,,,
228,810,USSR,1110,Mules and hinnies,1963,3600,E,,,,
236,862,Venezuela (Bolivarian Republic of),1110,Mules and hinnies,1963,65000,X,,,,
4,12,Algeria,1110,Mules and hinnies,1963,120000,A,,,,
23,84,Belize,1110,Mules and hinnies,1963,2200,E,,,,
86,308,Grenada,1110,Mules and hinnies,1963,100,E,,,,
103,368,Iraq,1110,Mules and hinnies,1963,100000,E,,,,
124,434,Libya,1110,Mules and hinnies,1963,1000,E,,,,
170,604,Peru,1110,Mules and hinnies,1963,197000,X,,,,
44,170,Colombia,1110,Mules and hinnies,1963,360000,E,,,,
112,400,Jordan,1110,Mules and hinnies,1963,18393,A,,,,
157,558,Nicaragua,1110,Mules and hinnies,1963,43627,A,,,,
181,716,Zimbabwe,1110,Mules and hinnies,1963,1000,E,,,,
89,320,Guatemala,1110,Mules and hinnies,1963,55130,A,,,,
97,348,Hungary,1110,Mules and hinnies,1963,1109,A,,,,
231,840,United States of America,1110,Mules and hinnies,1963,20000,E,,,,
15,58,Belgium-Luxembourg,1110,Mules and hinnies,1963,1201,A,,,,
50,196,Cyprus,1110,Mules and hinnies,1963,3700,E,,,,
58,218,Ecuador,1110,Mules and hinnies,1963,103766,A,,,,
91,328,Guyana,1110,Mules and hinnies,1963,2000,A,,,,
93,332,Haiti,1110,Mules and hinnies,1963,61900,E,,,,
100,356,India,1110,Mules and hinnies,1963,61600,E,,,,
117,410,Republic of Korea,1110,Mules and hinnies,1963,,A,,,,
222,788,Tunisia,1110,Mules and hinnies,1963,54300,A,,,,
234,858,Uruguay,1110,Mules and hinnies,1963,3500,E,,,,
177,630,Puerto Rico,1110,Mules and hinnies,1963,2700,E,,,,
211,756,Switzerland,1110,Mules and hinnies,1963,900,E,,,,
216,764,Thailand,1110,Mules and hinnies,1963,1169,A,,,,
48,188,Costa Rica,1110,Mules and hinnies,1963,7000,A,,,,
49,192,Cuba,1110,Mules and hinnies,1963,30000,E,,,,
223,792,Türkiye,1110,Mules and hinnies,1963,207800,A,,,,
21,76,Brazil,1110,Mules and hinnies,1963,1503000,E,,,,
40,152,Chile,1110,Mules and hinnies,1963,25000,E,,,,
59,818,Egypt,1110,Mules and hinnies,1963,10800,A,,,,
122,426,Lesotho,1110,Mules and hinnies,1963,4440,E,,,,
206,736,Sudan (former),1110,Mules and hinnies,1963,500,E,,,,
18,64,Bhutan,1110,Mules and hinnies,1963,4700,E,,,,
19,68,Bolivia (Plurinational State of),1110,Mules and hinnies,1963,62000,E,,,,
20,72,Botswana,1110,Mules and hinnies,1963,593,A,,,,
209,748,Eswatini,1110,Mules and hinnies,1963,684,A,,,,
84,300,Greece,1110,Mules and hinnies,1963,221000,A,,,,
109,388,Jamaica,1110,Mules and hinnies,1963,12400,A,,,,
121,422,Lebanon,1110,Mules and hinnies,1963,5000,A,,,,
147,516,Namibia,1110,Mules and hinnies,1963,3907,A,,,,
193,678,Sao Tome and Principe,1110,Mules and hinnies,1963,86,A,,,,
62,230,Ethiopia PDR,1110,Mules and hinnies,1963,1320500,A,,,,
248,890,Yugoslav SFR,1110,Mules and hinnies,1963,30000,E,,,,
138,484,Mexico,1110,Mules and hinnies,1963,1660114,A,,,,
202,710,South Africa,1110,Mules and hinnies,1963,48000,E,,,,
212,760,Syrian Arab Republic,1110,Mules and hinnies,1963,67965,A,,,,
9,32,Argentina,1110,Mules and hinnies,1963,309000,E,,,,
87,312,Guadeloupe,1110,Mules and hinnies,1963,600,A,,,,
28,104,Myanmar,1110,Mules and hinnies,1963,1941,A,,,,
169,600,Paraguay,1110,Mules and hinnies,1963,12000,A,,,,
201,706,Somalia,1110,Mules and hinnies,1963,20000,E,,,,
220,780,Trinidad and Tobago,1110,Mules and hinnies,1963,2380,E,,,,
33,124,Canada,1110,Mules and hinnies,1963,4000,E,,,,
95,340,Honduras,1110,Mules and hinnies,1963,102950,A,,,,
137,480,Mauritius,1110,Mules and hinnies,1963,25,A,,,,
3,8,Albania,1110,Mules and hinnies,1964,19000,A,,,,
231,840,United States of America,1110,Mules and hinnies,1964,22000,E,,,,
14,52,Barbados,1110,Mules and hinnies,1964,2000,E,,,,
19,68,Bolivia (Plurinational State of),1110,Mules and hinnies,1964,65800,A,,,,
48,188,Costa Rica,1110,Mules and hinnies,1964,7000,E,,,,
209,748,Eswatini,1110,Mules and hinnies,1964,774,A,,,,
84,300,Greece,1110,Mules and hinnies,1964,222000,A,,,,
102,364,Iran (Islamic Republic of),1110,Mules and hinnies,1964,170000,A,,,,
109,388,Jamaica,1110,Mules and hinnies,1964,12400,A,,,,
206,736,Sudan (former),1110,Mules and hinnies,1964,500,E,,,,
97,348,Hungary,1110,Mules and hinnies,1964,870,A,,,,
117,410,Republic of Korea,1110,Mules and hinnies,1964,,A,,,,
181,716,Zimbabwe,1110,Mules and hinnies,1964,1000,A,,,,
203,724,Spain,1110,Mules and hinnies,1964,1044375,A,,,,
212,760,Syrian Arab Republic,1110,Mules and hinnies,1964,64718,A,,,,
220,780,Trinidad and Tobago,1110,Mules and hinnies,1964,2350,E,,,,
18,64,Bhutan,1110,Mules and hinnies,1964,4900,E,,,,
50,196,Cyprus,1110,Mules and hinnies,1964,3900,E,,,,
68,250,France,1110,Mules and hinnies,1964,49783,A,,,,
95,340,Honduras,1110,Mules and hinnies,1964,106038,A,,,,
165,586,Pakistan,1110,Mules and hinnies,1964,25744,A,,,,
166,591,Panama,1110,Mules and hinnies,1964,4300,E,,,,
170,604,Peru,1110,Mules and hinnies,1964,200000,X,,,,
41,156,"China, mainland",1110,Mules and hinnies,1964,1355000,A,,,,
112,400,Jordan,1110,Mules and hinnies,1964,20640,A,,,,
27,100,Bulgaria,1110,Mules and hinnies,1964,30981,A,,,,
91,328,Guyana,1110,Mules and hinnies,1964,2400,A,,,,
104,372,Ireland,1110,Mules and hinnies,1964,2806,E,,,,
134,470,Malta,1110,Mules and hinnies,1964,1411,A,,,,
137,480,Mauritius,1110,Mules and hinnies,1964,20,A,,,,
201,706,Somalia,1110,Mules and hinnies,1964,20000,E,,,,
222,788,Tunisia,1110,Mules and hinnies,1964,50000,A,,,,
236,862,Venezuela (Bolivarian Republic of),1110,Mules and hinnies,1964,68000,A,,,,
9,32,Argentina,1110,Mules and hinnies,1964,300000,X,,,,
21,76,Brazil,1110,Mules and hinnies,1964,1559000,E,,,,
106,380,Italy,1110,Mules and hinnies,1964,289000,A,,,,
211,756,Switzerland,1110,Mules and hinnies,1964,850,E,,,,
33,124,Canada,1110,Mules and hinnies,1964,4000,E,,,,
49,192,Cuba,1110,Mules and hinnies,1964,30000,E,,,,
15,58,Belgium-Luxembourg,1110,Mules and hinnies,1964,900,A,,,,
40,152,Chile,1110,Mules and hinnies,1964,23000,E,,,,
56,214,Dominican Republic,1110,Mules and hinnies,1964,88000,E,,,,
62,230,Ethiopia PDR,1110,Mules and hinnies,1964,1330600,A,,,,
189,662,Saint Lucia,1110,Mules and hinnies,1964,1000,E,,,,
28,104,Myanmar,1110,Mules and hinnies,1964,2290,A,,,,
60,222,El Salvador,1110,Mules and hinnies,1964,26000,E,,,,
122,426,Lesotho,1110,Mules and hinnies,1964,4000,A,,,,
138,484,Mexico,1110,Mules and hinnies,1964,1730505,A,,,,
174,620,Portugal,1110,Mules and hinnies,1964,104000,E,,,,
223,792,Türkiye,1110,Mules and hinnies,1964,204919,A,,,,
35,132,Cabo Verde,1110,Mules and hinnies,1964,2831,A,,,,
58,218,Ecuador,1110,Mules and hinnies,1964,104787,A,,,,
59,818,Egypt,1110,Mules and hinnies,1964,10900,A,,,,
157,558,Nicaragua,1110,Mules and hinnies,1964,44000,E,,,,
248,890,Yugoslav SFR,1110,Mules and hinnies,1964,30000,E,,,,
89,320,Guatemala,1110,Mules and hinnies,1964,53300,X,,,,
93,332,Haiti,1110,Mules and hinnies,1964,63500,E,,,,
121,422,Lebanon,1110,Mules and hinnies,1964,4334,A,,,,
124,434,Libya,1110,Mules and hinnies,1964,1050,E,,,,
234,858,Uruguay,1110,Mules and hinnies,1964,3500,E,,,,
4,12,Algeria,1110,Mules and hinnies,1964,147000,A,,,,
23,84,Belize,1110,Mules and hinnies,1964,2000,E,,,,
44,170,Colombia,1110,Mules and hinnies,1964,370000,E,,,,
105,376,Israel,1110,Mules and hinnies,1964,3000,X,,,,
147,516,Namibia,1110,Mules and hinnies,1964,3800,E,,,,
202,710,South Africa,1110,Mules and hinnies,1964,46000,E,,,,
228,810,USSR,1110,Mules and hinnies,1964,3300,E,,,,
143,504,Morocco,1110,Mules and hinnies,1964,380000,A,,,,
20,72,Botswana,1110,Mules and hinnies,1964,666,A,,,,
87,312,Guadeloupe,1110,Mules and hinnies,1964,600,A,,,,
103,368,Iraq,1110,Mules and hinnies,1964,100000,E,,,,
177,630,Puerto Rico,1110,Mules and hinnies,1964,2600,E,,,,
193,678,Sao Tome and Principe,1110,Mules and hinnies,1964,70,A,,,,
182,638,Réunion,1110,Mules and hinnies,1964,900,A,,,,
2,4,Afghanistan,1110,Mules and hinnies,1964,24700,E,,,,
86,308,Grenada,1110,Mules and hinnies,1964,100,E,,,,
100,356,India,1110,Mules and hinnies,1964,66000,E,,,,
169,600,Paraguay,1110,Mules and hinnies,1964,11876,A,,,,
216,764,Thailand,1110,Mules and hinnies,1964,1016,A,,,,
21,76,Brazil,1110,Mules and hinnies,1965,1615000,E,,,,
58,218,Ecuador,1110,Mules and hinnies,1965,105808,A,,,,
169,600,Paraguay,1110,Mules and hinnies,1965,11888,A,,,,
236,862,Venezuela (Bolivarian Republic of),1110,Mules and hinnies,1965,69600,A,,,,
84,300,Greece,1110,Mules and hinnies,1965,218000,A,,,,
103,368,Iraq,1110,Mules and hinnies,1965,72000,A,,,,
109,388,Jamaica,1110,Mules and hinnies,1965,12400,A,,,,
234,858,Uruguay,1110,Mules and hinnies,1965,3500,E,,,,
40,152,Chile,1110,Mules and hinnies,1965,20998,A,,,,
48,188,Costa Rica,1110,Mules and hinnies,1965,7000,E,,,,
97,348,Hungary,1110,Mules and hinnies,1965,860,E,,,,
4,12,Algeria,1110,Mules and hinnies,1965,151000,A,,,,
19,68,Bolivia (Plurinational State of),1110,Mules and hinnies,1965,72300,A,,,,
35,132,Cabo Verde,1110,Mules and hinnies,1965,2544,A,,,,
100,356,India,1110,Mules and hinnies,1965,70400,E,,,,
137,480,Mauritius,1110,Mules and hinnies,1965,20,A,,,,
9,32,Argentina,1110,Mules and hinnies,1965,300000,E,,,,
56,214,Dominican Republic,1110,Mules and hinnies,1965,87000,E,,,,
102,364,Iran (Islamic Republic of),1110,Mules and hinnies,1965,170000,A,,,,
122,426,Lesotho,1110,Mules and hinnies,1965,2849,A,,,,
165,586,Pakistan,1110,Mules and hinnies,1965,25744,A,,,,
23,84,Belize,1110,Mules and hinnies,1965,2000,E,,,,
18,64,Bhutan,1110,Mules and hinnies,1965,5000,E,,,,
60,222,El Salvador,1110,Mules and hinnies,1965,26000,E,,,,
95,340,Honduras,1110,Mules and hinnies,1965,110315,A,,,,
112,400,Jordan,1110,Mules and hinnies,1965,16000,E,,,,
216,764,Thailand,1110,Mules and hinnies,1965,986,A,,,,
14,52,Barbados,1110,Mules and hinnies,1965,2000,E,,,,
28,104,Myanmar,1110,Mules and hinnies,1965,2186,A,,,,
62,230,Ethiopia PDR,1110,Mules and hinnies,1965,1340200,A,,,,
182,638,Réunion,1110,Mules and hinnies,1965,600,A,,,,
104,372,Ireland,1110,Mules and hinnies,1965,2750,E,,,,
147,516,Namibia,1110,Mules and hinnies,1965,3700,E,,,,
166,591,Panama,1110,Mules and hinnies,1965,4100,E,,,,
86,308,Grenada,1110,Mules and hinnies,1965,100,E,,,,
124,434,Libya,1110,Mules and hinnies,1965,1091,A,,,,
202,710,South Africa,1110,Mules and hinnies,1965,43000,E,,,,
2,4,Afghanistan,1110,Mules and hinnies,1965,26800,E,,,,
49,192,Cuba,1110,Mules and hinnies,1965,24000,A,,,,
68,250,France,1110,Mules and hinnies,1965,45896,A,,,,
212,760,Syrian Arab Republic,1110,Mules and hinnies,1965,64007,A,,,,
27,100,Bulgaria,1110,Mules and hinnies,1965,30923,A,,,,
33,124,Canada,1110,Mules and hinnies,1965,4000,E,,,,
117,410,Republic of Korea,1110,Mules and hinnies,1965,84,A,,,,
170,604,Peru,1110,Mules and hinnies,1965,164512,X,,,,
174,620,Portugal,1110,Mules and hinnies,1965,101000,E,,,,
203,724,Spain,1110,Mules and hinnies,1965,785000,A,,,,
20,72,Botswana,1110,Mules and hinnies,1965,568,A,,,,
50,196,Cyprus,1110,Mules and hinnies,1965,4113,A,,,,
89,320,Guatemala,1110,Mules and hinnies,1965,53000,X,,,,
134,470,Malta,1110,Mules and hinnies,1965,1292,A,,,,
143,504,Morocco,1110,Mules and hinnies,1965,320000,E,,,,
222,788,Tunisia,1110,Mules and hinnies,1965,52000,A,,,,
231,840,United States of America,1110,Mules and hinnies,1965,22000,E,,,,
3,8,Albania,1110,Mules and hinnies,1965,19600,A,,,,
15,58,Belgium-Luxembourg,1110,Mules and hinnies,1965,848,A,,,,
59,818,Egypt,1110,Mules and hinnies,1965,11000,A,,,,
138,484,Mexico,1110,Mules and hinnies,1965,1817000,A,,,,
177,630,Puerto Rico,1110,Mules and hinnies,1965,2500,E,,,,
189,662,Saint Lucia,1110,Mules and hinnies,1965,1000,E,,,,
220,780,Trinidad and Tobago,1110,Mules and hinnies,1965,2300,E,,,,
41,156,"China, mainland",1110,Mules and hinnies,1965,1403000,A,,,,
44,170,Colombia,1110,Mules and hinnies,1965,380482,A,,,,
87,312,Guadeloupe,1110,Mules and hinnies,1965,150,A,,,,
193,678,Sao Tome and Principe,1110,Mules and hinnies,1965,60,A,,,,
209,748,Eswatini,1110,Mules and hinnies,1965,267,A,,,,
93,332,Haiti,1110,Mules and hinnies,1965,65200,E,,,,
105,376,Israel,1110,Mules and hinnies,1965,3000,X,,,,
201,706,Somalia,1110,Mules and hinnies,1965,20000,E,,,,
206,736,Sudan (former),1110,Mules and hinnies,1965,500,E,,,,
211,756,Switzerland,1110,Mules and hinnies,1965,800,E,,,,
223,792,Türkiye,1110,Mules and hinnies,1965,216400,A,,,,
228,810,USSR,1110,Mules and hinnies,1965,3000,A,,,,
181,716,Zimbabwe,1110,Mules and hinnies,1965,1000,E,,,,
91,328,Guyana,1110,Mules and hinnies,1965,2000,A,,,,
106,380,Italy,1110,Mules and hinnies,1965,284000,A,,,,
121,422,Lebanon,1110,Mules and hinnies,1965,4807,A,,,,
157,558,Nicaragua,1110,Mules and hinnies,1965,44000,E,,,,
248,890,Yugoslav SFR,1110,Mules and hinnies,1965,30000,E,,,,
20,72,Botswana,1110,Mules and hinnies,1966,609,A,,,,
41,156,"China, mainland",1110,Mules and hinnies,1966,1447000,A,,,,
109,388,Jamaica,1110,Mules and hinnies,1966,12400,A,,,,
134,470,Malta,1110,Mules and hinnies,1966,1312,A,,,,
3,8,Albania,1110,Mules and hinnies,1966,19500,A,,,,
28,104,Myanmar,1110,Mules and hinnies,1966,2545,A,,,,
117,410,Republic of Korea,1110,Mules and hinnies,1966,57,A,,,,
222,788,Tunisia,1110,Mules and hinnies,1966,54000,A,,,,
19,68,Bolivia (Plurinational State of),1110,Mules and hinnies,1966,73000,X,,,,
58,218,Ecuador,1110,Mules and hinnies,1966,99000,E,,,,
105,376,Israel,1110,Mules and hinnies,1966,2500,X,,,,
124,434,Libya,1110,Mules and hinnies,1966,546,A,,,,
231,840,United States of America,1110,Mules and hinnies,1966,22000,E,,,,
137,480,Mauritius,1110,Mules and hinnies,1966,20,A,,,,
147,516,Namibia,1110,Mules and hinnies,1966,3750,E,,,,
201,706,Somalia,1110,Mules and hinnies,1966,20000,E,,,,
15,58,Belgium-Luxembourg,1110,Mules and hinnies,1966,864,A,,,,
103,368,Iraq,1110,Mules and hinnies,1966,73000,E,,,,
166,591,Panama,1110,Mules and hinnies,1966,4000,E,,,,
170,604,Peru,1110,Mules and hinnies,1966,177200,X,,,,
174,620,Portugal,1110,Mules and hinnies,1966,100100,E,,,,
220,780,Trinidad and Tobago,1110,Mules and hinnies,1966,2320,E,,,,
27,100,Bulgaria,1110,Mules and hinnies,1966,28527,A,,,,
56,214,Dominican Republic,1110,Mules and hinnies,1966,89000,E,,,,
97,348,Hungary,1110,Mules and hinnies,1966,852,A,,,,
106,380,Italy,1110,Mules and hinnies,1966,254000,A,,,,
182,638,Réunion,1110,Mules and hinnies,1966,400,E,,,,
121,422,Lebanon,1110,Mules and hinnies,1966,4672,A,,,,
143,504,Morocco,1110,Mules and hinnies,1966,350000,E,,,,
228,810,USSR,1110,Mules and hinnies,1966,3000,A,,,,
59,818,Egypt,1110,Mules and hinnies,1966,11000,A,,,,
4,12,Algeria,1110,Mules and hinnies,1966,166000,A,,,,
95,340,Honduras,1110,Mules and hinnies,1966,77839,A,,,,
23,84,Belize,1110,Mules and hinnies,1966,3200,E,,,,
35,132,Cabo Verde,1110,Mules and hinnies,1966,3542,A,,,,
100,356,India,1110,Mules and hinnies,1966,74775,A,,,,
202,710,South Africa,1110,Mules and hinnies,1966,14000,E,,,,
223,792,Türkiye,1110,Mules and hinnies,1966,225000,A,,,,
181,716,Zimbabwe,1110,Mules and hinnies,1966,1000,E,,,,
216,764,Thailand,1110,Mules and hinnies,1966,840,A,,,,
14,52,Barbados,1110,Mules and hinnies,1966,2000,E,,,,
33,124,Canada,1110,Mules and hinnies,1966,4000,E,,,,
48,188,Costa Rica,1110,Mules and hinnies,1966,7000,E,,,,
169,600,Paraguay,1110,Mules and hinnies,1966,11900,A,,,,
2,4,Afghanistan,1110,Mules and hinnies,1966,23000,X,,,,
62,230,Ethiopia PDR,1110,Mules and hinnies,1966,1350400,A,,,,
84,300,Greece,1110,Mules and hinnies,1966,213416,A,,,,
89,320,Guatemala,1110,Mules and hinnies,1966,52500,E,,,,
93,332,Haiti,1110,Mules and hinnies,1966,66974,A,,,,
112,400,Jordan,1110,Mules and hinnies,1966,24123,A,,,,
206,736,Sudan (former),1110,Mules and hinnies,1966,500,E,,,,
209,748,Eswatini,1110,Mules and hinnies,1966,601,A,,,,
212,760,Syrian Arab Republic,1110,Mules and hinnies,1966,66000,A,,,,
248,890,Yugoslav SFR,1110,Mules and hinnies,1966,19300,E,,,,
18,64,Bhutan,1110,Mules and hinnies,1966,5100,E,,,,
60,222,El Salvador,1110,Mules and hinnies,1966,25000,E,,,,
68,250,France,1110,Mules and hinnies,1966,41436,A,,,,
91,328,Guyana,1110,Mules and hinnies,1966,1500,A,,,,
122,426,Lesotho,1110,Mules and hinnies,1966,3038,A,,,,
157,558,Nicaragua,1110,Mules and hinnies,1966,44000,E,,,,
193,678,Sao Tome and Principe,1110,Mules and hinnies,1966,50,A,,,,
50,196,Cyprus,1110,Mules and hinnies,1966,4500,A,,,,
87,312,Guadeloupe,1110,Mules and hinnies,1966,136,A,,,,
102,364,Iran (Islamic Republic of),1110,Mules and hinnies,1966,170000,A,,,,
234,858,Uruguay,1110,Mules and hinnies,1966,3500,E,,,,
49,192,Cuba,1110,Mules and hinnies,1966,27300,A,,,,
86,308,Grenada,1110,Mules and hinnies,1966,100,E,,,,
177,630,Puerto Rico,1110,Mules and hinnies,1966,2300,E,,,,
203,724,Spain,1110,Mules and hinnies,1966,694000,A,,,,
9,32,Argentina,1110,Mules and hinnies,1966,280000,E,,,,
40,152,Chile,1110,Mules and hinnies,1966,19000,E,,,,
165,586,Pakistan,1110,Mules and hinnies,1966,26000,E,,,,
21,76,Brazil,1110,Mules and hinnies,1966,1651000,E,,,,
44,170,Colombia,1110,Mules and hinnies,1966,355987,A,,,,
104,372,Ireland,1110,Mules and hinnies,1966,2700,E,,,,
138,484,Mexico,1110,Mules and hinnies,1966,1907881,A,,,,
189,662,Saint Lucia,1110,Mules and hinnies,1966,1000,E,,,,
211,756,Switzerland,1110,Mules and hinnies,1966,694,A,,,,
236,862,Venezuela (Bolivarian Republic of),1110,Mules and hinnies,1966,71200,A,,,,
44,170,Colombia,1110,Mules and hinnies,1967,362246,A,,,,
211,756,Switzerland,1110,Mules and hinnies,1967,680,E,,,,
209,748,Eswatini,1110,Mules and hinnies,1967,400,A,,,,
104,372,Ireland,1110,Mules and hinnies,1967,2500,E,,,,
165,586,Pakistan,1110,Mules and hinnies,1967,34000,E,,,,
177,630,Puerto Rico,1110,Mules and hinnies,1967,2300,E,,,,
48,188,Costa Rica,1110,Mules and hinnies,1967,7000,E,,,,
49,192,Cuba,1110,Mules and hinnies,1967,30000,E,,,,
89,320,Guatemala,1110,Mules and hinnies,1967,52000,E,,,,
121,422,Lebanon,1110,Mules and hinnies,1967,3487,A,,,,
193,678,Sao Tome and Principe,1110,Mules and hinnies,1967,48,A,,,,
236,862,Venezuela (Bolivarian Republic of),1110,Mules and hinnies,1967,73000,E,,,,
3,8,Albania,1110,Mules and hinnies,1967,19500,E,,,,
58,218,Ecuador,1110,Mules and hinnies,1967,98000,E,,,,
102,364,Iran (Islamic Republic of),1110,Mules and hinnies,1967,158000,A,,,,
117,410,Republic of Korea,1110,Mules and hinnies,1967,52,A,,,,
4,12,Algeria,1110,Mules and hinnies,1967,173000,A,,,,
14,52,Barbados,1110,Mules and hinnies,1967,2000,E,,,,
35,132,Cabo Verde,1110,Mules and hinnies,1967,2467,A,,,,
100,356,India,1110,Mules and hinnies,1967,75000,X,,,,
103,368,Iraq,1110,Mules and hinnies,1967,73000,E,,,,
112,400,Jordan,1110,Mules and hinnies,1967,13790,A,,,,
228,810,USSR,1110,Mules and hinnies,1967,3000,A,,,,
19,68,Bolivia (Plurinational State of),1110,Mules and hinnies,1967,75000,X,,,,
21,76,Brazil,1110,Mules and hinnies,1967,1613000,E,,,,
157,558,Nicaragua,1110,Mules and hinnies,1967,44000,E,,,,
181,716,Zimbabwe,1110,Mules and hinnies,1967,1000,E,,,,
15,58,Belgium-Luxembourg,1110,Mules and hinnies,1967,730,A,,,,
18,64,Bhutan,1110,Mules and hinnies,1967,5200,E,,,,
33,124,Canada,1110,Mules and hinnies,1967,4000,E,,,,
62,230,Ethiopia PDR,1110,Mules and hinnies,1967,1360700,A,,,,
147,516,Namibia,1110,Mules and hinnies,1967,3900,E,,,,
212,760,Syrian Arab Republic,1110,Mules and hinnies,1967,63000,A,,,,
216,764,Thailand,1110,Mules and hinnies,1967,733,A,,,,
50,196,Cyprus,1110,Mules and hinnies,1967,4600,E,,,,
134,470,Malta,1110,Mules and hinnies,1967,1204,A,,,,
234,858,Uruguay,1110,Mules and hinnies,1967,3500,E,,,,
23,84,Belize,1110,Mules and hinnies,1967,3300,E,,,,
137,480,Mauritius,1110,Mules and hinnies,1967,20,A,,,,
169,600,Paraguay,1110,Mules and hinnies,1967,12000,E,,,,
182,638,Réunion,1110,Mules and hinnies,1967,400,E,,,,
222,788,Tunisia,1110,Mules and hinnies,1967,56000,A,,,,
223,792,Türkiye,1110,Mules and hinnies,1967,238000,A,,,,
60,222,El Salvador,1110,Mules and hinnies,1967,25000,E,,,,
84,300,Greece,1110,Mules and hinnies,1967,207387,A,,,,
86,308,Grenada,1110,Mules and hinnies,1967,90,E,,,,
143,504,Morocco,1110,Mules and hinnies,1967,380000,A,,,,
170,604,Peru,1110,Mules and hinnies,1967,198500,X,,,,
27,100,Bulgaria,1110,Mules and hinnies,1967,29987,A,,,,
91,328,Guyana,1110,Mules and hinnies,1967,1000,A,,,,
2,4,Afghanistan,1110,Mules and hinnies,1967,23000,X,,,,
9,32,Argentina,1110,Mules and hinnies,1967,260000,E,,,,
105,376,Israel,1110,Mules and hinnies,1967,2500,X,,,,
109,388,Jamaica,1110,Mules and hinnies,1967,12000,E,,,,
138,484,Mexico,1110,Mules and hinnies,1967,2003000,A,,,,
189,662,Saint Lucia,1110,Mules and hinnies,1967,1000,E,,,,
206,736,Sudan (former),1110,Mules and hinnies,1967,500,E,,,,
220,780,Trinidad and Tobago,1110,Mules and hinnies,1967,2340,E,,,,
40,152,Chile,1110,Mules and hinnies,1967,18000,E,,,,
59,818,Egypt,1110,Mules and hinnies,1967,11000,A,,,,
68,250,France,1110,Mules and hinnies,1967,37730,A,,,,
87,312,Guadeloupe,1110,Mules and hinnies,1967,140,A,,,,
231,840,United States of America,1110,Mules and hinnies,1967,24000,E,,,,
248,890,Yugoslav SFR,1110,Mules and hinnies,1967,18500,E,,,,
20,72,Botswana,1110,Mules and hinnies,1967,1234,A,,,,
41,156,"China, mainland",1110,Mules and hinnies,1967,1500000,E,,,,
56,214,Dominican Republic,1110,Mules and hinnies,1967,90000,E,,,,
106,380,Italy,1110,Mules and hinnies,1967,242000,A,,,,
122,426,Lesotho,1110,Mules and hinnies,1967,2654,A,,,,
124,434,Libya,1110,Mules and hinnies,1967,249,A,,,,
28,104,Myanmar,1110,Mules and hinnies,1967,5587,A,,,,
174,620,Portugal,1110,Mules and hinnies,1967,97000,E,,,,
201,706,Somalia,1110,Mules and hinnies,1967,20000,E,,,,
202,710,South Africa,1110,Mules and hinnies,1967,30000,E,,,,
203,724,Spain,1110,Mules and hinnies,1967,686000,A,,,,
93,332,Haiti,1110,Mules and hinnies,1967,67500,E,,,,
95,340,Honduras,1110,Mules and hinnies,1967,77000,E,,,,
97,348,Hungary,1110,Mules and hinnies,1967,834,A,,,,
166,591,Panama,1110,Mules and hinnies,1967,3800,E,,,,
41,156,"China, mainland",1110,Mules and hinnies,1968,1700000,E,,,,
50,196,Cyprus,1110,Mules and hinnies,1968,4700,E,,,,
91,328,Guyana,1110,Mules and hinnies,1968,950,A,,,,
201,706,Somalia,1110,Mules and hinnies,1968,20000,E,,,,
234,858,Uruguay,1110,Mules and hinnies,1968,3500,E,,,,
62,230,Ethiopia PDR,1110,Mules and hinnies,1968,1374700,A,,,,
87,312,Guadeloupe,1110,Mules and hinnies,1968,156,A,,,,
122,426,Lesotho,1110,Mules and hinnies,1968,2938,A,,,,
166,591,Panama,1110,Mules and hinnies,1968,3600,E,,,,
231,840,United States of America,1110,Mules and hinnies,1968,24000,E,,,,
18,64,Bhutan,1110,Mules and hinnies,1968,5300,E,,,,
23,84,Belize,1110,Mules and hinnies,1968,3500,E,,,,
182,638,Réunion,1110,Mules and hinnies,1968,300,E,,,,
68,250,France,1110,Mules and hinnies,1968,37700,A,,,,
93,332,Haiti,1110,Mules and hinnies,1968,69000,E,,,,
174,620,Portugal,1110,Mules and hinnies,1968,93886,A,,,,
228,810,USSR,1110,Mules and hinnies,1968,3000,A,,,,
9,32,Argentina,1110,Mules and hinnies,1968,230000,E,,,,
95,340,Honduras,1110,Mules and hinnies,1968,76200,E,,,,
104,372,Ireland,1110,Mules and hinnies,1968,2400,E,,,,
137,480,Mauritius,1110,Mules and hinnies,1968,20,A,,,,
28,104,Myanmar,1110,Mules and hinnies,1968,6869,A,,,,
236,862,Venezuela (Bolivarian Republic of),1110,Mules and hinnies,1968,74000,E,,,,
181,716,Zimbabwe,1110,Mules and hinnies,1968,1000,E,,,,
19,68,Bolivia (Plurinational State of),1110,Mules and hinnies,1968,81000,X,,,,
27,100,Bulgaria,1110,Mules and hinnies,1968,29913,A,,,,
40,152,Chile,1110,Mules and hinnies,1968,18000,E,,,,
84,300,Greece,1110,Mules and hinnies,1968,199000,A,,,,
170,604,Peru,1110,Mules and hinnies,1968,200000,E,,,,
211,756,Switzerland,1110,Mules and hinnies,1968,650,E,,,,
220,780,Trinidad and Tobago,1110,Mules and hinnies,1968,2300,E,,,,
248,890,Yugoslav SFR,1110,Mules and hinnies,1968,18000,E,,,,
33,124,Canada,1110,Mules and hinnies,1968,4000,E,,,,
35,132,Cabo Verde,1110,Mules and hinnies,1968,2400,E,,,,
117,410,Republic of Korea,1110,Mules and hinnies,1968,109,A,,,,
169,600,Paraguay,1110,Mules and hinnies,1968,12100,E,,,,
157,558,Nicaragua,1110,Mules and hinnies,1968,44000,E,,,,
2,4,Afghanistan,1110,Mules and hinnies,1968,31000,X,,,,
21,76,Brazil,1110,Mules and hinnies,1968,1633000,E,,,,
143,504,Morocco,1110,Mules and hinnies,1968,390000,E,,,,
4,12,Algeria,1110,Mules and hinnies,1968,176130,A,,,,
58,218,Ecuador,1110,Mules and hinnies,1968,96000,E,,,,
60,222,El Salvador,1110,Mules and hinnies,1968,24000,E,,,,
112,400,Jordan,1110,Mules and hinnies,1968,967,A,,,,
124,434,Libya,1110,Mules and hinnies,1968,179,A,,,,
203,724,Spain,1110,Mules and hinnies,1968,636000,A,,,,
44,170,Colombia,1110,Mules and hinnies,1968,435548,A,,,,
56,214,Dominican Republic,1110,Mules and hinnies,1968,90100,E,,,,
59,818,Egypt,1110,Mules and hinnies,1968,7000,A,,,,
109,388,Jamaica,1110,Mules and hinnies,1968,11800,E,,,,
212,760,Syrian Arab Republic,1110,Mules and hinnies,1968,64103,A,,,,
106,380,Italy,1110,Mules and hinnies,1968,222900,A,,,,
138,484,Mexico,1110,Mules and hinnies,1968,2775439,A,,,,
147,516,Namibia,1110,Mules and hinnies,1968,4000,E,,,,
202,710,South Africa,1110,Mules and hinnies,1968,25000,E,,,,
223,792,Türkiye,1110,Mules and hinnies,1968,259000,A,,,,
97,348,Hungary,1110,Mules and hinnies,1968,820,E,,,,
100,356,India,1110,Mules and hinnies,1968,75000,X,,,,
134,470,Malta,1110,Mules and hinnies,1968,1137,A,,,,
222,788,Tunisia,1110,Mules and hinnies,1968,57000,E,,,,
102,364,Iran (Islamic Republic of),1110,Mules and hinnies,1968,158000,A,,,,
103,368,Iraq,1110,Mules and hinnies,1968,74000,E,,,,
105,376,Israel,1110,Mules and hinnies,1968,2400,X,,,,
165,586,Pakistan,1110,Mules and hinnies,1968,40000,E,,,,
177,630,Puerto Rico,1110,Mules and hinnies,1968,2300,E,,,,
209,748,Eswatini,1110,Mules and hinnies,1968,438,A,,,,
49,192,Cuba,1110,Mules and hinnies,1968,35400,A,,,,
89,320,Guatemala,1110,Mules and hinnies,1968,51000,E,,,,
121,422,Lebanon,1110,Mules and hinnies,1968,3504,A,,,,
206,736,Sudan (former),1110,Mules and hinnies,1968,500,E,,,,
15,58,Belgium-Luxembourg,1110,Mules and hinnies,1968,766,A,,,,
86,308,Grenada,1110,Mules and hinnies,1968,80,E,,,,
189,662,Saint Lucia,1110,Mules and hinnies,1968,1000,E,,,,
3,8,Albania,1110,Mules and hinnies,1968,19500,E,,,,
14,52,Barbados,1110,Mules and hinnies,1968,2000,E,,,,
20,72,Botswana,1110,Mules and hinnies,1968,700,A,,,,
48,188,Costa Rica,1110,Mules and hinnies,1968,7000,E,,,,
193,678,Sao Tome and Principe,1110,Mules and hinnies,1968,33,A,,,,
216,764,Thailand,1110,Mules and hinnies,1968,1042,A,,,,
9,32,Argentina,1110,Mules and hinnies,1969,210000,E,,,,
40,152,Chile,1110,Mules and hinnies,1969,17000,E,,,,
68,250,France,1110,Mules and hinnies,1969,34920,A,,,,
170,604,Peru,1110,Mules and hinnies,1969,210000,E,,,,
193,678,Sao Tome and Principe,1110,Mules and hinnies,1969,28,A,,,,
3,8,Albania,1110,Mules and hinnies,1969,19500,E,,,,
21,76,Brazil,1110,Mules and hinnies,1969,1642000,E,,,,
50,196,Cyprus,1110,Mules and hinnies,1969,4900,E,,,,
28,104,Myanmar,1110,Mules and hinnies,1969,7817,A,,,,
177,630,Puerto Rico,1110,Mules and hinnies,1969,2200,E,,,,
189,662,Saint Lucia,1110,Mules and hinnies,1969,1000,E,,,,
223,792,Türkiye,1110,Mules and hinnies,1969,273000,A,,,,
35,132,Cabo Verde,1110,Mules and hinnies,1969,2171,A,,,,
84,300,Greece,1110,Mules and hinnies,1969,193876,A,,,,
103,368,Iraq,1110,Mules and hinnies,1969,75000,A,,,,
134,470,Malta,1110,Mules and hinnies,1969,1165,A,,,,
4,12,Algeria,1110,Mules and hinnies,1969,187230,A,,,,
15,58,Belgium-Luxembourg,1110,Mules and hinnies,1969,684,A,,,,
102,364,Iran (Islamic Republic of),1110,Mules and hinnies,1969,155000,E,,,,
182,638,Réunion,1110,Mules and hinnies,1969,300,A,,,,
209,748,Eswatini,1110,Mules and hinnies,1969,330,A,,,,
87,312,Guadeloupe,1110,Mules and hinnies,1969,150,A,,,,
117,410,Republic of Korea,1110,Mules and hinnies,1969,144,A,,,,
216,764,Thailand,1110,Mules and hinnies,1969,1085,A,,,,
23,84,Belize,1110,Mules and hinnies,1969,3600,E,,,,
48,188,Costa Rica,1110,Mules and hinnies,1969,7000,E,,,,
49,192,Cuba,1110,Mules and hinnies,1969,34000,A,,,,
147,516,Namibia,1110,Mules and hinnies,1969,4200,E,,,,
165,586,Pakistan,1110,Mules and hinnies,1969,43000,E,,,,
18,64,Bhutan,1110,Mules and hinnies,1969,5400,E,,,,
19,68,Bolivia (Plurinational State of),1110,Mules and hinnies,1969,85000,X,,,,
41,156,"China, mainland",1110,Mules and hinnies,1969,1900000,E,,,,
86,308,Grenada,1110,Mules and hinnies,1969,70,E,,,,
122,426,Lesotho,1110,Mules and hinnies,1969,2881,A,,,,
202,710,South Africa,1110,Mules and hinnies,1969,22000,E,,,,
27,100,Bulgaria,1110,Mules and hinnies,1969,29566,A,,,,
169,600,Paraguay,1110,Mules and hinnies,1969,12100,E,,,,
2,4,Afghanistan,1110,Mules and hinnies,1969,31000,X,,,,
91,328,Guyana,1110,Mules and hinnies,1969,900,A,,,,
112,400,Jordan,1110,Mules and hinnies,1969,5987,A,,,,
181,716,Zimbabwe,1110,Mules and hinnies,1969,1000,E,,,,
201,706,Somalia,1110,Mules and hinnies,1969,20000,E,,,,
228,810,USSR,1110,Mules and hinnies,1969,3000,A,,,,
248,890,Yugoslav SFR,1110,Mules and hinnies,1969,18500,E,,,,
62,230,Ethiopia PDR,1110,Mules and hinnies,1969,1387100,A,,,,
89,320,Guatemala,1110,Mules and hinnies,1969,50000,E,,,,
105,376,Israel,1110,Mules and hinnies,1969,2300,X,,,,
203,724,Spain,1110,Mules and hinnies,1969,636411,A,,,,
59,818,Egypt,1110,Mules and hinnies,1969,7000,A,,,,
137,480,Mauritius,1110,Mules and hinnies,1969,20,E,,,,
143,504,Morocco,1110,Mules and hinnies,1969,395000,E,,,,
234,858,Uruguay,1110,Mules and hinnies,1969,3500,E,,,,
236,862,Venezuela (Bolivarian Republic of),1110,Mules and hinnies,1969,75000,E,,,,
60,222,El Salvador,1110,Mules and hinnies,1969,23000,E,,,,
104,372,Ireland,1110,Mules and hinnies,1969,2300,E,,,,
124,434,Libya,1110,Mules and hinnies,1969,150,A,,,,
212,760,Syrian Arab Republic,1110,Mules and hinnies,1969,65133,A,,,,
33,124,Canada,1110,Mules and hinnies,1969,4000,E,,,,
95,340,Honduras,1110,Mules and hinnies,1969,75400,E,,,,
121,422,Lebanon,1110,Mules and hinnies,1969,3445,A,,,,
174,620,Portugal,1110,Mules and hinnies,1969,92850,E,,,,
220,780,Trinidad and Tobago,1110,Mules and hinnies,1969,2280,E,,,,
58,218,Ecuador,1110,Mules and hinnies,1969,94000,E,,,,
222,788,Tunisia,1110,Mules and hinnies,1969,58000,E,,,,
44,170,Colombia,1110,Mules and hinnies,1969,353000,A,,,,
106,380,Italy,1110,Mules and hinnies,1969,204400,A,,,,
157,558,Nicaragua,1110,Mules and hinnies,1969,44000,E,,,,
14,52,Barbados,1110,Mules and hinnies,1969,2000,E,,,,
20,72,Botswana,1110,Mules and hinnies,1969,600,A,,,,
56,214,Dominican Republic,1110,Mules and hinnies,1969,90500,E,,,,
100,356,India,1110,Mules and hinnies,1969,75000,X,,,,
166,591,Panama,1110,Mules and hinnies,1969,3400,E,,,,
206,736,Sudan (former),1110,Mules and hinnies,1969,500,E,,,,
231,840,United States of America,1110,Mules and hinnies,1969,24000,E,,,,
93,332,Haiti,1110,Mules and hinnies,1969,70500,E,,,,
97,348,Hungary,1110,Mules and hinnies,1969,800,E,,,,
109,388,Jamaica,1110,Mules and hinnies,1969,11600,E,,,,
138,484,Mexico,1110,Mules and hinnies,1969,2745053,A,,,,
211,756,Switzerland,1110,Mules and hinnies,1969,640,E,,,,
33,124,Canada,1110,Mules and hinnies,1970,4000,E,,,,
48,188,Costa Rica,1110,Mules and hinnies,1970,7000,E,,,,
56,214,Dominican Republic,1110,Mules and hinnies,1970,92000,E,,,,
59,818,Egypt,1110,Mules and hinnies,1970,6000,A,,,,
97,348,Hungary,1110,Mules and hinnies,1970,780,E,,,,
117,410,Republic of Korea,1110,Mules and hinnies,1970,150,E,,,,
211,756,Switzerland,1110,Mules and hinnies,1970,630,E,,,,
35,132,Cabo Verde,1110,Mules and hinnies,1970,2271,A,,,,
44,170,Colombia,1110,Mules and hinnies,1970,367000,A,,,,
58,218,Ecuador,1110,Mules and hinnies,1970,92000,E,,,,
93,332,Haiti,1110,Mules and hinnies,1970,71715,A,,,,
122,426,Lesotho,1110,Mules and hinnies,1970,4100,A,,,,
124,434,Libya,1110,Mules and hinnies,1970,100,A,,,,
166,591,Panama,1110,Mules and hinnies,1970,3200,E,,,,
169,600,Paraguay,1110,Mules and hinnies,1970,11900,E,,,,
189,662,Saint Lucia,1110,Mules and hinnies,1970,1000,E,,,,
216,764,Thailand,1110,Mules and hinnies,1970,1126,A,,,,
3,8,Albania,1110,Mules and hinnies,1970,19500,E,,,,
68,250,France,1110,Mules and hinnies,1970,32747,A,,,,
228,810,USSR,1110,Mules and hinnies,1970,3000,A,,,,
49,192,Cuba,1110,Mules and hinnies,1970,34400,A,,,,
206,736,Sudan (former),1110,Mules and hinnies,1970,500,E,,,,
222,788,Tunisia,1110,Mules and hinnies,1970,59000,E,,,,
223,792,Türkiye,1110,Mules and hinnies,1970,290000,A,,,,
234,858,Uruguay,1110,Mules and hinnies,1970,3500,E,,,,
9,32,Argentina,1110,Mules and hinnies,1970,200000,E,,,,
106,380,Italy,1110,Mules and hinnies,1970,187700,A,,,,
121,422,Lebanon,1110,Mules and hinnies,1970,4481,A,,,,
157,558,Nicaragua,1110,Mules and hinnies,1970,43000,E,,,,
182,638,Réunion,1110,Mules and hinnies,1970,200,E,,,,
147,516,Namibia,1110,Mules and hinnies,1970,4300,E,,,,
193,678,Sao Tome and Principe,1110,Mules and hinnies,1970,25,A,,,,
2,4,Afghanistan,1110,Mules and hinnies,1970,35000,X,,,,
21,76,Brazil,1110,Mules and hinnies,1970,1631000,E,,,,
28,104,Myanmar,1110,Mules and hinnies,1970,7577,A,,,,
50,196,Cyprus,1110,Mules and hinnies,1970,5000,E,,,,
89,320,Guatemala,1110,Mules and hinnies,1970,50000,E,,,,
170,604,Peru,1110,Mules and hinnies,1970,220000,X,,,,
231,840,United States of America,1110,Mules and hinnies,1970,24000,E,,,,
102,364,Iran (Islamic Republic of),1110,Mules and hinnies,1970,150000,E,,,,
209,748,Eswatini,1110,Mules and hinnies,1970,370,A,,,,
220,780,Trinidad and Tobago,1110,Mules and hinnies,1970,2300,E,,,,
236,862,Venezuela (Bolivarian Republic of),1110,Mules and hinnies,1970,76000,E,,,,
19,68,Bolivia (Plurinational State of),1110,Mules and hinnies,1970,86000,E,,,,
27,100,Bulgaria,1110,Mules and hinnies,1970,29438,A,,,,
40,152,Chile,1110,Mules and hinnies,1970,17000,E,,,,
137,480,Mauritius,1110,Mules and hinnies,1970,20,E,,,,
212,760,Syrian Arab Republic,1110,Mules and hinnies,1970,65323,A,,,,
4,12,Algeria,1110,Mules and hinnies,1970,189870,A,,,,
18,64,Bhutan,1110,Mules and hinnies,1970,5500,E,,,,
202,710,South Africa,1110,Mules and hinnies,1970,19000,A,,,,
143,504,Morocco,1110,Mules and hinnies,1970,380000,E,,,,
203,724,Spain,1110,Mules and hinnies,1970,566371,A,,,,
84,300,Greece,1110,Mules and hinnies,1970,183438,A,,,,
87,312,Guadeloupe,1110,Mules and hinnies,1970,150,A,,,,
181,716,Zimbabwe,1110,Mules and hinnies,1970,1000,E,,,,
60,222,El Salvador,1110,Mules and hinnies,1970,23000,E,,,,
86,308,Grenada,1110,Mules and hinnies,1970,60,E,,,,
104,372,Ireland,1110,Mules and hinnies,1970,2200,E,,,,
248,890,Yugoslav SFR,1110,Mules and hinnies,1970,18300,E,,,,
20,72,Botswana,1110,Mules and hinnies,1970,1131,A,,,,
138,484,Mexico,1110,Mules and hinnies,1970,3173128,A,,,,
177,630,Puerto Rico,1110,Mules and hinnies,1970,2100,E,,,,
14,52,Barbados,1110,Mules and hinnies,1970,2000,E,,,,
15,58,Belgium-Luxembourg,1110,Mules and hinnies,1970,659,A,,,,
41,156,"China, mainland",1110,Mules and hinnies,1970,2100000,E,,,,
91,328,Guyana,1110,Mules and hinnies,1970,800,A,,,,
105,376,Israel,1110,Mules and hinnies,1970,2200,X,,,,
112,400,Jordan,1110,Mules and hinnies,1970,8970,A,,,,
174,620,Portugal,1110,Mules and hinnies,1970,91800,E,,,,
62,230,Ethiopia PDR,1110,Mules and hinnies,1970,1399600,A,,,,
95,340,Honduras,1110,Mules and hinnies,1970,74600,E,,,,
109,388,Jamaica,1110,Mules and hinnies,1970,11500,E,,,,
23,84,Belize,1110,Mules and hinnies,1970,3700,E,,,,
100,356,India,1110,Mules and hinnies,1970,75000,X,,,,
103,368,Iraq,1110,Mules and hinnies,1970,56000,A,,,,
134,470,Malta,1110,Mules and hinnies,1970,1080,A,,,,
165,586,Pakistan,1110,Mules and hinnies,1970,47000,E,,,,
201,706,Somalia,1110,Mules and hinnies,1970,20000,E,,,,
14,52,Barbados,1110,Mules and hinnies,1971,2000,E,,,,
44,170,Colombia,1110,Mules and hinnies,1971,381000,A,,,,
143,504,Morocco,1110,Mules and hinnies,1971,360000,A,,,,
174,620,Portugal,1110,Mules and hinnies,1971,90750,E,,,,
201,706,Somalia,1110,Mules and hinnies,1971,21000,E,,,,
248,890,Yugoslav SFR,1110,Mules and hinnies,1971,18500,E,,,,
181,716,Zimbabwe,1110,Mules and hinnies,1971,1000,E,,,,
15,58,Belgium-Luxembourg,1110,Mules and hinnies,1971,602,A,,,,
212,760,Syrian Arab Republic,1110,Mules and hinnies,1971,61849,A,,,,
41,156,"China, mainland",1110,Mules and hinnies,1971,2245000,A,,,,
49,192,Cuba,1110,Mules and hinnies,1971,28900,A,,,,
182,638,Réunion,1110,Mules and hinnies,1971,100,E,,,,
223,792,Türkiye,1110,Mules and hinnies,1971,299000,A,,,,
20,72,Botswana,1110,Mules and hinnies,1971,1213,A,,,,
27,100,Bulgaria,1110,Mules and hinnies,1971,30060,A,,,,
91,328,Guyana,1110,Mules and hinnies,1971,760,A,,,,
134,470,Malta,1110,Mules and hinnies,1971,1000,A,,,,
103,368,Iraq,1110,Mules and hinnies,1971,45000,E,,,,
138,484,Mexico,1110,Mules and hinnies,1971,3226000,A,,,,
68,250,France,1110,Mules and hinnies,1971,31700,A,,,,
169,600,Paraguay,1110,Mules and hinnies,1971,11800,A,,,,
62,230,Ethiopia PDR,1110,Mules and hinnies,1971,1412200,A,,,,
93,332,Haiti,1110,Mules and hinnies,1971,73000,E,,,,
121,422,Lebanon,1110,Mules and hinnies,1971,4511,A,,,,
157,558,Nicaragua,1110,Mules and hinnies,1971,42000,E,,,,
202,710,South Africa,1110,Mules and hinnies,1971,18000,A,,,,
206,736,Sudan (former),1110,Mules and hinnies,1971,500,E,,,,
19,68,Bolivia (Plurinational State of),1110,Mules and hinnies,1971,88000,E,,,,
23,84,Belize,1110,Mules and hinnies,1971,3900,E,,,,
33,124,Canada,1110,Mules and hinnies,1971,4000,E,,,,
86,308,Grenada,1110,Mules and hinnies,1971,50,E,,,,
177,630,Puerto Rico,1110,Mules and hinnies,1971,2000,E,,,,
35,132,Cabo Verde,1110,Mules and hinnies,1971,2236,A,,,,
59,818,Egypt,1110,Mules and hinnies,1971,5000,A,,,,
84,300,Greece,1110,Mules and hinnies,1971,178565,A,,,,
97,348,Hungary,1110,Mules and hinnies,1971,720,E,,,,
124,434,Libya,1110,Mules and hinnies,1971,,A,,,,
137,480,Mauritius,1110,Mules and hinnies,1971,20,E,,,,
165,586,Pakistan,1110,Mules and hinnies,1971,51000,E,,,,
48,188,Costa Rica,1110,Mules and hinnies,1971,7000,E,,,,
60,222,El Salvador,1110,Mules and hinnies,1971,21888,A,,,,
89,320,Guatemala,1110,Mules and hinnies,1971,48000,E,,,,
104,372,Ireland,1110,Mules and hinnies,1971,2100,E,,,,
58,218,Ecuador,1110,Mules and hinnies,1971,90000,E,,,,
100,356,India,1110,Mules and hinnies,1971,75000,X,,,,
102,364,Iran (Islamic Republic of),1110,Mules and hinnies,1971,135000,A,,,,
105,376,Israel,1110,Mules and hinnies,1971,2200,X,,,,
231,840,United States of America,1110,Mules and hinnies,1971,24000,E,,,,
18,64,Bhutan,1110,Mules and hinnies,1971,5600,E,,,,
87,312,Guadeloupe,1110,Mules and hinnies,1971,150,A,,,,
117,410,Republic of Korea,1110,Mules and hinnies,1971,166,A,,,,
189,662,Saint Lucia,1110,Mules and hinnies,1971,1000,E,,,,
220,780,Trinidad and Tobago,1110,Mules and hinnies,1971,2250,E,,,,
228,810,USSR,1110,Mules and hinnies,1971,3200,A,,,,
56,214,Dominican Republic,1110,Mules and hinnies,1971,93094,A,,,,
112,400,Jordan,1110,Mules and hinnies,1971,4006,A,,,,
147,516,Namibia,1110,Mules and hinnies,1971,4400,E,,,,
216,764,Thailand,1110,Mules and hinnies,1971,1130,E,,,,
109,388,Jamaica,1110,Mules and hinnies,1971,11300,E,,,,
222,788,Tunisia,1110,Mules and hinnies,1971,60000,E,,,,
2,4,Afghanistan,1110,Mules and hinnies,1971,35000,X,,,,
9,32,Argentina,1110,Mules and hinnies,1971,190000,E,,,,
21,76,Brazil,1110,Mules and hinnies,1971,1619340,A,,,,
50,196,Cyprus,1110,Mules and hinnies,1971,6000,E,,,,
106,380,Italy,1110,Mules and hinnies,1971,174460,A,,,,
166,591,Panama,1110,Mules and hinnies,1971,3183,A,,,,
170,604,Peru,1110,Mules and hinnies,1971,230000,X,,,,
236,862,Venezuela (Bolivarian Republic of),1110,Mules and hinnies,1971,77000,E,,,,
4,12,Algeria,1110,Mules and hinnies,1971,187520,A,,,,
209,748,Eswatini,1110,Mules and hinnies,1971,273,A,,,,
122,426,Lesotho,1110,Mules and hinnies,1971,3500,E,,,,
193,678,Sao Tome and Principe,1110,Mules and hinnies,1971,21,A,,,,
203,724,Spain,1110,Mules and hinnies,1971,480000,A,,,,
211,756,Switzerland,1110,Mules and hinnies,1971,600,E,,,,
3,8,Albania,1110,Mules and hinnies,1971,19500,E,,,,
28,104,Myanmar,1110,Mules and hinnies,1971,6467,A,,,,
40,152,Chile,1110,Mules and hinnies,1971,16000,E,,,,
95,340,Honduras,1110,Mules and hinnies,1971,73800,E,,,,
234,858,Uruguay,1110,Mules and hinnies,1971,3300,E,,,,
4,12,Algeria,1110,Mules and hinnies,1972,172340,A,,,,
106,380,Italy,1110,Mules and hinnies,1972,165030,A,,,,
236,862,Venezuela (Bolivarian Republic of),1110,Mules and hinnies,1972,78000,E,,,,
157,558,Nicaragua,1110,Mules and hinnies,1972,41000,E,,,,
201,706,Somalia,1110,Mules and hinnies,1972,21000,E,,,,
18,64,Bhutan,1110,Mules and hinnies,1972,5700,E,,,,
104,372,Ireland,1110,Mules and hinnies,1972,2000,E,,,,
9,32,Argentina,1110,Mules and hinnies,1972,180000,E,,,,
15,58,Belgium-Luxembourg,1110,Mules and hinnies,1972,495,A,,,,
182,638,Réunion,1110,Mules and hinnies,1972,50,E,,,,
202,710,South Africa,1110,Mules and hinnies,1972,17000,A,,,,
212,760,Syrian Arab Republic,1110,Mules and hinnies,1972,57297,A,,,,
19,68,Bolivia (Plurinational State of),1110,Mules and hinnies,1972,90000,E,,,,
40,152,Chile,1110,Mules and hinnies,1972,15000,E,,,,
103,368,Iraq,1110,Mules and hinnies,1972,35000,E,,,,
147,516,Namibia,1110,Mules and hinnies,1972,4500,E,,,,
234,858,Uruguay,1110,Mules and hinnies,1972,3500,E,,,,
35,132,Cabo Verde,1110,Mules and hinnies,1972,2328,A,,,,
33,124,Canada,1110,Mules and hinnies,1972,4000,E,,,,
56,214,Dominican Republic,1110,Mules and hinnies,1972,94000,E,,,,
174,620,Portugal,1110,Mules and hinnies,1972,87658,A,,,,
203,724,Spain,1110,Mules and hinnies,1972,409000,A,,,,
14,52,Barbados,1110,Mules and hinnies,1972,2000,E,,,,
91,328,Guyana,1110,Mules and hinnies,1972,300,A,,,,
93,332,Haiti,1110,Mules and hinnies,1972,74500,E,,,,
100,356,India,1110,Mules and hinnies,1972,75000,A,,,,
138,484,Mexico,1110,Mules and hinnies,1972,3258000,A,,,,
193,678,Sao Tome and Principe,1110,Mules and hinnies,1972,17,A,,,,
27,100,Bulgaria,1110,Mules and hinnies,1972,30336,A,,,,
41,156,"China, mainland",1110,Mules and hinnies,1972,2444000,A,,,,
44,170,Colombia,1110,Mules and hinnies,1972,385000,A,,,,
102,364,Iran (Islamic Republic of),1110,Mules and hinnies,1972,140000,E,,,,
211,756,Switzerland,1110,Mules and hinnies,1972,500,E,,,,
28,104,Myanmar,1110,Mules and hinnies,1972,6148,A,,,,
60,222,El Salvador,1110,Mules and hinnies,1972,21888,A,,,,
137,480,Mauritius,1110,Mules and hinnies,1972,20,E,,,,
48,188,Costa Rica,1110,Mules and hinnies,1972,7000,E,,,,
95,340,Honduras,1110,Mules and hinnies,1972,73000,E,,,,
105,376,Israel,1110,Mules and hinnies,1972,2100,X,,,,
122,426,Lesotho,1110,Mules and hinnies,1972,3000,E,,,,
124,434,Libya,1110,Mules and hinnies,1972,,A,,,,
143,504,Morocco,1110,Mules and hinnies,1972,362000,A,,,,
2,4,Afghanistan,1110,Mules and hinnies,1972,31000,X,,,,
49,192,Cuba,1110,Mules and hinnies,1972,27400,A,,,,
59,818,Egypt,1110,Mules and hinnies,1972,5000,A,,,,
86,308,Grenada,1110,Mules and hinnies,1972,50,E,,,,
109,388,Jamaica,1110,Mules and hinnies,1972,11100,E,,,,
166,591,Panama,1110,Mules and hinnies,1972,3150,E,,,,
177,630,Puerto Rico,1110,Mules and hinnies,1972,2100,E,,,,
3,8,Albania,1110,Mules and hinnies,1972,19500,E,,,,
58,218,Ecuador,1110,Mules and hinnies,1972,88000,E,,,,
87,312,Guadeloupe,1110,Mules and hinnies,1972,150,A,,,,
89,320,Guatemala,1110,Mules and hinnies,1972,45000,E,,,,
170,604,Peru,1110,Mules and hinnies,1972,228000,X,,,,
181,716,Zimbabwe,1110,Mules and hinnies,1972,1000,E,,,,
189,662,Saint Lucia,1110,Mules and hinnies,1972,1000,E,,,,
20,72,Botswana,1110,Mules and hinnies,1972,1363,A,,,,
50,196,Cyprus,1110,Mules and hinnies,1972,6000,E,,,,
209,748,Eswatini,1110,Mules and hinnies,1972,272,A,,,,
84,300,Greece,1110,Mules and hinnies,1972,170459,A,,,,
112,400,Jordan,1110,Mules and hinnies,1972,3700,A,,,,
117,410,Republic of Korea,1110,Mules and hinnies,1972,183,A,,,,
216,764,Thailand,1110,Mules and hinnies,1972,1140,E,,,,
231,840,United States of America,1110,Mules and hinnies,1972,25000,E,,,,
23,84,Belize,1110,Mules and hinnies,1972,4000,E,,,,
121,422,Lebanon,1110,Mules and hinnies,1972,4516,A,,,,
206,736,Sudan (former),1110,Mules and hinnies,1972,500,E,,,,
223,792,Türkiye,1110,Mules and hinnies,1972,301000,A,,,,
248,890,Yugoslav SFR,1110,Mules and hinnies,1972,18000,E,,,,
62,230,Ethiopia PDR,1110,Mules and hinnies,1972,1424900,A,,,,
68,250,France,1110,Mules and hinnies,1972,28000,A,,,,
21,76,Brazil,1110,Mules and hinnies,1972,1680000,E,,,,
134,470,Malta,1110,Mules and hinnies,1972,893,A,,,,
165,586,Pakistan,1110,Mules and hinnies,1972,55000,A,,,,
220,780,Trinidad and Tobago,1110,Mules and hinnies,1972,2200,E,,,,
222,788,Tunisia,1110,Mules and hinnies,1972,61000,E,,,,
97,348,Hungary,1110,Mules and hinnies,1972,447,A,,,,
169,600,Paraguay,1110,Mules and hinnies,1972,12000,A,,,,
228,810,USSR,1110,Mules and hinnies,1972,3000,A,,,,
93,332,Haiti,1110,Mules and hinnies,1973,76000,E,,,,
112,400,Jordan,1110,Mules and hinnies,1973,4400,A,,,,
138,484,Mexico,1110,Mules and hinnies,1973,3291000,A,,,,
28,104,Myanmar,1110,Mules and hinnies,1973,7000,A,,,,
165,586,Pakistan,1110,Mules and hinnies,1973,56000,A,,,,
20,72,Botswana,1110,Mules and hinnies,1973,1500,E,,,,
33,124,Canada,1110,Mules and hinnies,1973,4000,E,,,,
103,368,Iraq,1110,Mules and hinnies,1973,25000,E,,,,
206,736,Sudan (former),1110,Mules and hinnies,1973,500,E,,,,
228,810,USSR,1110,Mules and hinnies,1973,2000,A,,,,
60,222,El Salvador,1110,Mules and hinnies,1973,21888,A,,,,
95,340,Honduras,1110,Mules and hinnies,1973,72000,E,,,,
137,480,Mauritius,1110,Mules and hinnies,1973,20,E,,,,
222,788,Tunisia,1110,Mules and hinnies,1973,63000,E,,,,
41,156,"China, mainland",1110,Mules and hinnies,1973,2682000,A,,,,
106,380,Italy,1110,Mules and hinnies,1973,148700,A,,,,
201,706,Somalia,1110,Mules and hinnies,1973,21000,E,,,,
212,760,Syrian Arab Republic,1110,Mules and hinnies,1973,56254,A,,,,
2,4,Afghanistan,1110,Mules and hinnies,1973,26500,E,,,,
40,152,Chile,1110,Mules and hinnies,1973,15000,E,,,,
84,300,Greece,1110,Mules and hinnies,1973,161708,A,,,,
89,320,Guatemala,1110,Mules and hinnies,1973,45000,E,,,,
91,328,Guyana,1110,Mules and hinnies,1973,250,A,,,,
109,388,Jamaica,1110,Mules and hinnies,1973,11000,E,,,,
9,32,Argentina,1110,Mules and hinnies,1973,170000,E,,,,
56,214,Dominican Republic,1110,Mules and hinnies,1973,94000,E,,,,
193,678,Sao Tome and Principe,1110,Mules and hinnies,1973,19,A,,,,
202,710,South Africa,1110,Mules and hinnies,1973,16000,A,,,,
216,764,Thailand,1110,Mules and hinnies,1973,1145,E,,,,
44,170,Colombia,1110,Mules and hinnies,1973,420000,E,,,,
87,312,Guadeloupe,1110,Mules and hinnies,1973,150,A,,,,
102,364,Iran (Islamic Republic of),1110,Mules and hinnies,1973,156000,A,,,,
170,604,Peru,1110,Mules and hinnies,1973,211000,X,,,,
209,748,Eswatini,1110,Mules and hinnies,1973,335,A,,,,
59,818,Egypt,1110,Mules and hinnies,1973,4000,A,,,,
220,780,Trinidad and Tobago,1110,Mules and hinnies,1973,2100,E,,,,
223,792,Türkiye,1110,Mules and hinnies,1973,312000,A,,,,
62,230,Ethiopia PDR,1110,Mules and hinnies,1973,1425000,A,,,,
177,630,Puerto Rico,1110,Mules and hinnies,1973,2100,E,,,,
100,356,India,1110,Mules and hinnies,1973,77000,X,,,,
104,372,Ireland,1110,Mules and hinnies,1973,2000,E,,,,
122,426,Lesotho,1110,Mules and hinnies,1973,2500,A,,,,
182,638,Réunion,1110,Mules and hinnies,1973,30,E,,,,
203,724,Spain,1110,Mules and hinnies,1973,384622,A,,,,
248,890,Yugoslav SFR,1110,Mules and hinnies,1973,17400,E,,,,
14,52,Barbados,1110,Mules and hinnies,1973,2000,E,,,,
86,308,Grenada,1110,Mules and hinnies,1973,40,E,,,,
117,410,Republic of Korea,1110,Mules and hinnies,1973,144,A,,,,
121,422,Lebanon,1110,Mules and hinnies,1973,4213,A,,,,
49,192,Cuba,1110,Mules and hinnies,1973,25600,A,,,,
169,600,Paraguay,1110,Mules and hinnies,1973,12200,E,,,,
157,558,Nicaragua,1110,Mules and hinnies,1973,40500,E,,,,
3,8,Albania,1110,Mules and hinnies,1973,19500,E,,,,
35,132,Cabo Verde,1110,Mules and hinnies,1973,2100,E,,,,
48,188,Costa Rica,1110,Mules and hinnies,1973,5095,A,,,,
58,218,Ecuador,1110,Mules and hinnies,1973,88943,A,,,,
174,620,Portugal,1110,Mules and hinnies,1973,89063,A,,,,
211,756,Switzerland,1110,Mules and hinnies,1973,434,A,,,,
231,840,United States of America,1110,Mules and hinnies,1973,25000,E,,,,
18,64,Bhutan,1110,Mules and hinnies,1973,5800,E,,,,
23,84,Belize,1110,Mules and hinnies,1973,4000,E,,,,
234,858,Uruguay,1110,Mules and hinnies,1973,3500,E,,,,
19,68,Bolivia (Plurinational State of),1110,Mules and hinnies,1973,90000,E,,,,
27,100,Bulgaria,1110,Mules and hinnies,1973,29788,A,,,,
50,196,Cyprus,1110,Mules and hinnies,1973,4000,E,,,,
68,250,France,1110,Mules and hinnies,1973,25400,A,,,,
124,434,Libya,1110,Mules and hinnies,1973,,A,,,,
236,862,Venezuela (Bolivarian Republic of),1110,Mules and hinnies,1973,78000,E,,,,
4,12,Algeria,1110,Mules and hinnies,1973,175350,A,,,,
15,58,Belgium-Luxembourg,1110,Mules and hinnies,1973,501,A,,,,
21,76,Brazil,1110,Mules and hinnies,1973,1702000,A,,,,
97,348,Hungary,1110,Mules and hinnies,1973,400,E,,,,
105,376,Israel,1110,Mules and hinnies,1973,2000,X,,,,
134,470,Malta,1110,Mules and hinnies,1973,812,A,,,,
143,504,Morocco,1110,Mules and hinnies,1973,360000,A,,,,
147,516,Namibia,1110,Mules and hinnies,1973,4600,E,,,,
166,591,Panama,1110,Mules and hinnies,1973,3100,E,,,,
181,716,Zimbabwe,1110,Mules and hinnies,1973,1000,E,,,,
189,662,Saint Lucia,1110,Mules and hinnies,1973,1000,E,,,,
19,68,Bolivia (Plurinational State of),1110,Mules and hinnies,1974,92000,E,,,,
35,132,Cabo Verde,1110,Mules and hinnies,1974,2100,E,,,,
58,218,Ecuador,1110,Mules and hinnies,1974,88906,A,,,,
166,591,Panama,1110,Mules and hinnies,1974,3050,E,,,,
177,630,Puerto Rico,1110,Mules and hinnies,1974,2200,E,,,,
193,678,Sao Tome and Principe,1110,Mules and hinnies,1974,13,A,,,,
228,810,USSR,1110,Mules and hinnies,1974,3000,A,,,,
15,58,Belgium-Luxembourg,1110,Mules and hinnies,1974,607,A,,,,
33,124,Canada,1110,Mules and hinnies,1974,4000,E,,,,
223,792,Türkiye,1110,Mules and hinnies,1974,302000,A,,,,
2,4,Afghanistan,1110,Mules and hinnies,1974,26500,E,,,,
20,72,Botswana,1110,Mules and hinnies,1974,1700,E,,,,
84,300,Greece,1110,Mules and hinnies,1974,154572,A,,,,
102,364,Iran (Islamic Republic of),1110,Mules and hinnies,1974,177000,A,,,,
122,426,Lesotho,1110,Mules and hinnies,1974,2300,A,,,,
169,600,Paraguay,1110,Mules and hinnies,1974,12500,E,,,,
170,604,Peru,1110,Mules and hinnies,1974,212000,X,,,,
174,620,Portugal,1110,Mules and hinnies,1974,89000,E,,,,
220,780,Trinidad and Tobago,1110,Mules and hinnies,1974,2100,E,,,,
18,64,Bhutan,1110,Mules and hinnies,1974,5900,E,,,,
48,188,Costa Rica,1110,Mules and hinnies,1974,5200,X,,,,
95,340,Honduras,1110,Mules and hinnies,1974,70881,A,,,,
106,380,Italy,1110,Mules and hinnies,1974,138200,A,,,,
182,638,Réunion,1110,Mules and hinnies,1974,30,A,,,,
209,748,Eswatini,1110,Mules and hinnies,1974,399,A,,,,
222,788,Tunisia,1110,Mules and hinnies,1974,64000,E,,,,
121,422,Lebanon,1110,Mules and hinnies,1974,4000,E,,,,
117,410,Republic of Korea,1110,Mules and hinnies,1974,155,A,,,,
60,222,El Salvador,1110,Mules and hinnies,1974,21888,A,,,,
105,376,Israel,1110,Mules and hinnies,1974,1900,X,,,,
112,400,Jordan,1110,Mules and hinnies,1974,4035,A,,,,
157,558,Nicaragua,1110,Mules and hinnies,1974,40000,E,,,,
189,662,Saint Lucia,1110,Mules and hinnies,1974,1000,E,,,,
203,724,Spain,1110,Mules and hinnies,1974,352327,A,,,,
206,736,Sudan (former),1110,Mules and hinnies,1974,500,E,,,,
28,104,Myanmar,1110,Mules and hinnies,1974,8056,A,,,,
86,308,Grenada,1110,Mules and hinnies,1974,40,E,,,,
137,480,Mauritius,1110,Mules and hinnies,1974,20,E,,,,
138,484,Mexico,1110,Mules and hinnies,1974,3294000,A,,,,
14,52,Barbados,1110,Mules and hinnies,1974,2000,E,,,,
23,84,Belize,1110,Mules and hinnies,1974,4000,E,,,,
248,890,Yugoslav SFR,1110,Mules and hinnies,1974,17000,E,,,,
50,196,Cyprus,1110,Mules and hinnies,1974,2000,E,,,,
134,470,Malta,1110,Mules and hinnies,1974,750,E,,,,
41,156,"China, mainland",1110,Mules and hinnies,1974,2923000,A,,,,
44,170,Colombia,1110,Mules and hinnies,1974,483532,A,,,,
89,320,Guatemala,1110,Mules and hinnies,1974,45000,E,,,,
147,516,Namibia,1110,Mules and hinnies,1974,4700,E,,,,
201,706,Somalia,1110,Mules and hinnies,1974,20000,E,,,,
9,32,Argentina,1110,Mules and hinnies,1974,166578,A,,,,
27,100,Bulgaria,1110,Mules and hinnies,1974,30071,A,,,,
87,312,Guadeloupe,1110,Mules and hinnies,1974,150,A,,,,
165,586,Pakistan,1110,Mules and hinnies,1974,58000,A,,,,
202,710,South Africa,1110,Mules and hinnies,1974,15000,A,,,,
216,764,Thailand,1110,Mules and hinnies,1974,615,A,,,,
3,8,Albania,1110,Mules and hinnies,1974,19500,E,,,,
21,76,Brazil,1110,Mules and hinnies,1974,1755000,A,,,,
68,250,France,1110,Mules and hinnies,1974,24000,A,,,,
103,368,Iraq,1110,Mules and hinnies,1974,15131,A,,,,
211,756,Switzerland,1110,Mules and hinnies,1974,400,E,,,,
236,862,Venezuela (Bolivarian Republic of),1110,Mules and hinnies,1974,79000,E,,,,
97,348,Hungary,1110,Mules and hinnies,1974,400,E,,,,
100,356,India,1110,Mules and hinnies,1974,78600,X,,,,
104,372,Ireland,1110,Mules and hinnies,1974,2000,E,,,,
212,760,Syrian Arab Republic,1110,Mules and hinnies,1974,49439,A,,,,
234,858,Uruguay,1110,Mules and hinnies,1974,3500,E,,,,
40,152,Chile,1110,Mules and hinnies,1974,15000,E,,,,
49,192,Cuba,1110,Mules and hinnies,1974,29100,A,,,,
59,818,Egypt,1110,Mules and hinnies,1974,4000,A,,,,
62,230,Ethiopia PDR,1110,Mules and hinnies,1974,1415000,A,,,,
109,388,Jamaica,1110,Mules and hinnies,1974,10800,E,,,,
231,840,United States of America,1110,Mules and hinnies,1974,25000,E,,,,
4,12,Algeria,1110,Mules and hinnies,1974,191340,A,,,,
56,214,Dominican Republic,1110,Mules and hinnies,1974,94000,E,,,,
91,328,Guyana,1110,Mules and hinnies,1974,180,A,,,,
93,332,Haiti,1110,Mules and hinnies,1974,77000,E,,,,
124,434,Libya,1110,Mules and hinnies,1974,,A,,,,
143,504,Morocco,1110,Mules and hinnies,1974,360000,A,,,,
181,716,Zimbabwe,1110,Mules and hinnies,1974,1000,E,,,,
62,230,Ethiopia PDR,1110,Mules and hinnies,1975,1410000,A,,,,
104,372,Ireland,1110,Mules and hinnies,1975,2000,E,,,,
106,380,Italy,1110,Mules and hinnies,1975,127200,A,,,,
166,591,Panama,1110,Mules and hinnies,1975,3050,E,,,,
174,620,Portugal,1110,Mules and hinnies,1975,89000,E,,,,
223,792,Türkiye,1110,Mules and hinnies,1975,299000,A,,,,
58,218,Ecuador,1110,Mules and hinnies,1975,89000,E,,,,
147,516,Namibia,1110,Mules and hinnies,1975,4800,E,,,,
220,780,Trinidad and Tobago,1110,Mules and hinnies,1975,2000,E,,,,
236,862,Venezuela (Bolivarian Republic of),1110,Mules and hinnies,1975,78000,E,,,,
28,104,Myanmar,1110,Mules and hinnies,1975,7881,A,,,,
56,214,Dominican Republic,1110,Mules and hinnies,1975,94000,E,,,,
60,222,El Salvador,1110,Mules and hinnies,1975,21800,E,,,,
137,480,Mauritius,1110,Mules and hinnies,1975,20,E,,,,
211,756,Switzerland,1110,Mules and hinnies,1975,400,E,,,,
231,840,United States of America,1110,Mules and hinnies,1975,25000,E,,,,
14,52,Barbados,1110,Mules and hinnies,1975,2000,E,,,,
40,152,Chile,1110,Mules and hinnies,1975,14000,E,,,,
91,328,Guyana,1110,Mules and hinnies,1975,180,E,,,,
100,356,India,1110,Mules and hinnies,1975,80500,X,,,,
109,388,Jamaica,1110,Mules and hinnies,1975,10800,E,,,,
189,662,Saint Lucia,1110,Mules and hinnies,1975,1000,E,,,,
201,706,Somalia,1110,Mules and hinnies,1975,21000,E,,,,
216,764,Thailand,1110,Mules and hinnies,1975,535,A,,,,
2,4,Afghanistan,1110,Mules and hinnies,1975,26500,E,,,,
3,8,Albania,1110,Mules and hinnies,1975,19500,E,,,,
19,68,Bolivia (Plurinational State of),1110,Mules and hinnies,1975,92000,E,,,,
35,132,Cabo Verde,1110,Mules and hinnies,1975,2100,E,,,,
41,156,"China, mainland",1110,Mules and hinnies,1975,3139000,A,,,,
122,426,Lesotho,1110,Mules and hinnies,1975,1800,A,,,,
134,470,Malta,1110,Mules and hinnies,1975,688,A,,,,
143,504,Morocco,1110,Mules and hinnies,1975,380000,E,,,,
59,818,Egypt,1110,Mules and hinnies,1975,3000,A,,,,
124,434,Libya,1110,Mules and hinnies,1975,,A,,,,
234,858,Uruguay,1110,Mules and hinnies,1975,3500,E,,,,
49,192,Cuba,1110,Mules and hinnies,1975,27200,A,,,,
182,638,Réunion,1110,Mules and hinnies,1975,30,A,,,,
206,736,Sudan (former),1110,Mules and hinnies,1975,500,E,,,,
212,760,Syrian Arab Republic,1110,Mules and hinnies,1975,49182,A,,,,
86,308,Grenada,1110,Mules and hinnies,1975,36,A,,,,
87,312,Guadeloupe,1110,Mules and hinnies,1975,100,A,,,,
169,600,Paraguay,1110,Mules and hinnies,1975,13000,X,,,,
209,748,Eswatini,1110,Mules and hinnies,1975,239,A,,,,
248,890,Yugoslav SFR,1110,Mules and hinnies,1975,16600,E,,,,
48,188,Costa Rica,1110,Mules and hinnies,1975,5300,X,,,,
102,364,Iran (Islamic Republic of),1110,Mules and hinnies,1975,144000,A,,,,
138,484,Mexico,1110,Mules and hinnies,1975,3295000,A,,,,
165,586,Pakistan,1110,Mules and hinnies,1975,59000,A,,,,
170,604,Peru,1110,Mules and hinnies,1975,211000,X,,,,
23,84,Belize,1110,Mules and hinnies,1975,4100,E,,,,
203,724,Spain,1110,Mules and hinnies,1975,327474,A,,,,
9,32,Argentina,1110,Mules and hinnies,1975,165000,E,,,,
44,170,Colombia,1110,Mules and hinnies,1975,499009,A,,,,
84,300,Greece,1110,Mules and hinnies,1975,146449,A,,,,
202,710,South Africa,1110,Mules and hinnies,1975,14000,A,,,,
21,76,Brazil,1110,Mules and hinnies,1975,1822000,A,,,,
50,196,Cyprus,1110,Mules and hinnies,1975,2000,E,,,,
97,348,Hungary,1110,Mules and hinnies,1975,400,E,,,,
228,810,USSR,1110,Mules and hinnies,1975,2000,A,,,,
27,100,Bulgaria,1110,Mules and hinnies,1975,30125,A,,,,
89,320,Guatemala,1110,Mules and hinnies,1975,43696,A,,,,
117,410,Republic of Korea,1110,Mules and hinnies,1975,163,A,,,,
18,64,Bhutan,1110,Mules and hinnies,1975,6000,E,,,,
112,400,Jordan,1110,Mules and hinnies,1975,4155,A,,,,
95,340,Honduras,1110,Mules and hinnies,1975,70000,E,,,,
105,376,Israel,1110,Mules and hinnies,1975,1800,X,,,,
157,558,Nicaragua,1110,Mules and hinnies,1975,43627,X,,,,
15,58,Belgium-Luxembourg,1110,Mules and hinnies,1975,627,A,,,,
68,250,France,1110,Mules and hinnies,1975,25400,A,,,,
121,422,Lebanon,1110,Mules and hinnies,1975,4000,E,,,,
193,678,Sao Tome and Principe,1110,Mules and hinnies,1975,12,E,,,,
4,12,Algeria,1110,Mules and hinnies,1975,195480,A,,,,
20,72,Botswana,1110,Mules and hinnies,1975,2000,E,,,,
33,124,Canada,1110,Mules and hinnies,1975,4000,E,,,,
93,332,Haiti,1110,Mules and hinnies,1975,78000,E,,,,
103,368,Iraq,1110,Mules and hinnies,1975,22000,E,,,,
177,630,Puerto Rico,1110,Mules and hinnies,1975,2200,E,,,,
181,716,Zimbabwe,1110,Mules and hinnies,1975,1000,E,,,,
222,788,Tunisia,1110,Mules and hinnies,1975,65000,E,,,,
27,100,Bulgaria,1110,Mules and hinnies,1976,31111,A,,,,
44,170,Colombia,1110,Mules and hinnies,1976,514973,A,,,,
86,308,Grenada,1110,Mules and hinnies,1976,36,A,,,,
169,600,Paraguay,1110,Mules and hinnies,1976,13000,X,,,,
4,12,Algeria,1110,Mules and hinnies,1976,188590,A,,,,
56,214,Dominican Republic,1110,Mules and hinnies,1976,95000,E,,,,
122,426,Lesotho,1110,Mules and hinnies,1976,900,A,,,,
117,410,Republic of Korea,1110,Mules and hinnies,1976,298,A,,,,
33,124,Canada,1110,Mules and hinnies,1976,4000,E,,,,
59,818,Egypt,1110,Mules and hinnies,1976,2200,A,,,,
105,376,Israel,1110,Mules and hinnies,1976,1700,X,,,,
137,480,Mauritius,1110,Mules and hinnies,1976,20,E,,,,
189,662,Saint Lucia,1110,Mules and hinnies,1976,1000,E,,,,
209,748,Eswatini,1110,Mules and hinnies,1976,227,A,,,,
231,840,United States of America,1110,Mules and hinnies,1976,25000,E,,,,
41,156,"China, mainland",1110,Mules and hinnies,1976,3354000,A,,,,
28,104,Myanmar,1110,Mules and hinnies,1976,8418,A,,,,
157,558,Nicaragua,1110,Mules and hinnies,1976,44000,E,,,,
182,638,Réunion,1110,Mules and hinnies,1976,30,A,,,,
212,760,Syrian Arab Republic,1110,Mules and hinnies,1976,46677,A,,,,
40,152,Chile,1110,Mules and hinnies,1976,14000,E,,,,
68,250,France,1110,Mules and hinnies,1976,19800,A,,,,
87,312,Guadeloupe,1110,Mules and hinnies,1976,100,A,,,,
89,320,Guatemala,1110,Mules and hinnies,1976,43172,A,,,,
170,604,Peru,1110,Mules and hinnies,1976,211000,X,,,,
202,710,South Africa,1110,Mules and hinnies,1976,14000,A,,,,
216,764,Thailand,1110,Mules and hinnies,1976,450,A,,,,
58,218,Ecuador,1110,Mules and hinnies,1976,89000,E,,,,
91,328,Guyana,1110,Mules and hinnies,1976,180,E,,,,
93,332,Haiti,1110,Mules and hinnies,1976,79000,E,,,,
134,470,Malta,1110,Mules and hinnies,1976,630,E,,,,
193,678,Sao Tome and Principe,1110,Mules and hinnies,1976,12,E,,,,
206,736,Sudan (former),1110,Mules and hinnies,1976,500,E,,,,
3,8,Albania,1110,Mules and hinnies,1976,19500,E,,,,
35,132,Cabo Verde,1110,Mules and hinnies,1976,2100,E,,,,
48,188,Costa Rica,1110,Mules and hinnies,1976,5500,X,,,,
121,422,Lebanon,1110,Mules and hinnies,1976,4000,E,,,,
228,810,USSR,1110,Mules and hinnies,1976,2000,A,,,,
14,52,Barbados,1110,Mules and hinnies,1976,2000,E,,,,
20,72,Botswana,1110,Mules and hinnies,1976,2200,E,,,,
143,504,Morocco,1110,Mules and hinnies,1976,390000,E,,,,
203,724,Spain,1110,Mules and hinnies,1976,324009,A,,,,
18,64,Bhutan,1110,Mules and hinnies,1976,6100,E,,,,
103,368,Iraq,1110,Mules and hinnies,1976,27979,A,,,,
248,890,Yugoslav SFR,1110,Mules and hinnies,1976,16000,E,,,,
15,58,Belgium-Luxembourg,1110,Mules and hinnies,1976,699,A,,,,
19,68,Bolivia (Plurinational State of),1110,Mules and hinnies,1976,94000,E,,,,
112,400,Jordan,1110,Mules and hinnies,1976,3500,E,,,,
124,434,Libya,1110,Mules and hinnies,1976,,A,,,,
138,484,Mexico,1110,Mules and hinnies,1976,3302000,A,,,,
147,516,Namibia,1110,Mules and hinnies,1976,5000,E,,,,
165,586,Pakistan,1110,Mules and hinnies,1976,61000,A,,,,
174,620,Portugal,1110,Mules and hinnies,1976,88000,E,,,,
23,84,Belize,1110,Mules and hinnies,1976,4100,E,,,,
62,230,Ethiopia PDR,1110,Mules and hinnies,1976,1420000,A,,,,
97,348,Hungary,1110,Mules and hinnies,1976,400,E,,,,
102,364,Iran (Islamic Republic of),1110,Mules and hinnies,1976,155000,E,,,,
60,222,El Salvador,1110,Mules and hinnies,1976,21900,E,,,,
84,300,Greece,1110,Mules and hinnies,1976,141433,A,,,,
177,630,Puerto Rico,1110,Mules and hinnies,1976,2250,E,,,,
234,858,Uruguay,1110,Mules and hinnies,1976,3500,E,,,,
50,196,Cyprus,1110,Mules and hinnies,1976,2000,E,,,,
211,756,Switzerland,1110,Mules and hinnies,1976,400,E,,,,
2,4,Afghanistan,1110,Mules and hinnies,1976,26500,E,,,,
9,32,Argentina,1110,Mules and hinnies,1976,165000,E,,,,
21,76,Brazil,1110,Mules and hinnies,1976,1631000,A,,,,
100,356,India,1110,Mules and hinnies,1976,80400,X,,,,
106,380,Italy,1110,Mules and hinnies,1976,118900,A,,,,
109,388,Jamaica,1110,Mules and hinnies,1976,10500,E,,,,
222,788,Tunisia,1110,Mules and hinnies,1976,66000,E,,,,
95,340,Honduras,1110,Mules and hinnies,1976,69200,E,,,,
201,706,Somalia,1110,Mules and hinnies,1976,21000,E,,,,
220,780,Trinidad and Tobago,1110,Mules and hinnies,1976,2000,E,,,,
223,792,Türkiye,1110,Mules and hinnies,1976,300000,A,,,,
49,192,Cuba,1110,Mules and hinnies,1976,27300,A,,,,
104,372,Ireland,1110,Mules and hinnies,1976,2000,E,,,,
166,591,Panama,1110,Mules and hinnies,1976,3000,E,,,,
181,716,Zimbabwe,1110,Mules and hinnies,1976,1000,E,,,,
236,862,Venezuela (Bolivarian Republic of),1110,Mules and hinnies,1976,77000,E,,,,
28,104,Myanmar,1110,Mules and hinnies,1977,8554,A,,,,
228,810,USSR,1110,Mules and hinnies,1977,2000,A,,,,
21,76,Brazil,1110,Mules and hinnies,1977,1514000,A,,,,
27,100,Bulgaria,1110,Mules and hinnies,1977,31247,A,,,,
50,196,Cyprus,1110,Mules and hinnies,1977,2000,E,,,,
84,300,Greece,1110,Mules and hinnies,1977,136697,A,,,,
87,312,Guadeloupe,1110,Mules and hinnies,1977,100,A,,,,
100,356,India,1110,Mules and hinnies,1977,89000,A,,,,
193,678,Sao Tome and Principe,1110,Mules and hinnies,1977,12,E,,,,
216,764,Thailand,1110,Mules and hinnies,1977,375,A,,,,
222,788,Tunisia,1110,Mules and hinnies,1977,67000,E,,,,
2,4,Afghanistan,1110,Mules and hinnies,1977,30000,X,,,,
9,32,Argentina,1110,Mules and hinnies,1977,165000,E,,,,
60,222,El Salvador,1110,Mules and hinnies,1977,22000,E,,,,
97,348,Hungary,1110,Mules and hinnies,1977,400,E,,,,
102,364,Iran (Islamic Republic of),1110,Mules and hinnies,1977,177000,A,,,,
143,504,Morocco,1110,Mules and hinnies,1977,400000,E,,,,
166,591,Panama,1110,Mules and hinnies,1977,3000,E,,,,
40,152,Chile,1110,Mules and hinnies,1977,13000,E,,,,
44,170,Colombia,1110,Mules and hinnies,1977,531452,A,,,,
49,192,Cuba,1110,Mules and hinnies,1977,26800,A,,,,
91,328,Guyana,1110,Mules and hinnies,1977,180,E,,,,
95,340,Honduras,1110,Mules and hinnies,1977,68400,E,,,,
134,470,Malta,1110,Mules and hinnies,1977,576,A,,,,
165,586,Pakistan,1110,Mules and hinnies,1977,63000,A,,,,
174,620,Portugal,1110,Mules and hinnies,1977,86000,A,,,,
137,480,Mauritius,1110,Mules and hinnies,1977,20,E,,,,
169,600,Paraguay,1110,Mules and hinnies,1977,13000,X,,,,
223,792,Türkiye,1110,Mules and hinnies,1977,324000,A,,,,
3,8,Albania,1110,Mules and hinnies,1977,19500,E,,,,
4,12,Algeria,1110,Mules and hinnies,1977,192190,A,,,,
14,52,Barbados,1110,Mules and hinnies,1977,2000,E,,,,
41,156,"China, mainland",1110,Mules and hinnies,1977,3536000,A,,,,
209,748,Eswatini,1110,Mules and hinnies,1977,276,A,,,,
122,426,Lesotho,1110,Mules and hinnies,1977,1000,E,,,,
20,72,Botswana,1110,Mules and hinnies,1977,2400,E,,,,
56,214,Dominican Republic,1110,Mules and hinnies,1977,95000,E,,,,
189,662,Saint Lucia,1110,Mules and hinnies,1977,1000,E,,,,
48,188,Costa Rica,1110,Mules and hinnies,1977,5500,X,,,,
93,332,Haiti,1110,Mules and hinnies,1977,78000,E,,,,
106,380,Italy,1110,Mules and hinnies,1977,113700,A,,,,
138,484,Mexico,1110,Mules and hinnies,1977,3269944,A,,,,
181,716,Zimbabwe,1110,Mules and hinnies,1977,1000,E,,,,
234,858,Uruguay,1110,Mules and hinnies,1977,3500,E,,,,
33,124,Canada,1110,Mules and hinnies,1977,4000,E,,,,
58,218,Ecuador,1110,Mules and hinnies,1977,91900,A,,,,
109,388,Jamaica,1110,Mules and hinnies,1977,10500,E,,,,
112,400,Jordan,1110,Mules and hinnies,1977,2491,A,,,,
117,410,Republic of Korea,1110,Mules and hinnies,1977,200,X,,,,
212,760,Syrian Arab Republic,1110,Mules and hinnies,1977,47453,A,,,,
19,68,Bolivia (Plurinational State of),1110,Mules and hinnies,1977,96000,E,,,,
23,84,Belize,1110,Mules and hinnies,1977,4200,E,,,,
103,368,Iraq,1110,Mules and hinnies,1977,28000,E,,,,
104,372,Ireland,1110,Mules and hinnies,1977,2000,E,,,,
121,422,Lebanon,1110,Mules and hinnies,1977,4000,E,,,,
182,638,Réunion,1110,Mules and hinnies,1977,30,A,,,,
206,736,Sudan (former),1110,Mules and hinnies,1977,500,E,,,,
211,756,Switzerland,1110,Mules and hinnies,1977,350,A,,,,
248,890,Yugoslav SFR,1110,Mules and hinnies,1977,13800,E,,,,
18,64,Bhutan,1110,Mules and hinnies,1977,6200,E,,,,
105,376,Israel,1110,Mules and hinnies,1977,1700,X,,,,
220,780,Trinidad and Tobago,1110,Mules and hinnies,1977,1900,E,,,,
59,818,Egypt,1110,Mules and hinnies,1977,1400,A,,,,
170,604,Peru,1110,Mules and hinnies,1977,214000,X,,,,
231,840,United States of America,1110,Mules and hinnies,1977,26000,E,,,,
35,132,Cabo Verde,1110,Mules and hinnies,1977,2100,E,,,,
68,250,France,1110,Mules and hinnies,1977,18200,A,,,,
177,630,Puerto Rico,1110,Mules and hinnies,1977,2250,E,,,,
203,724,Spain,1110,Mules and hinnies,1977,269000,A,,,,
15,58,Belgium-Luxembourg,1110,Mules and hinnies,1977,800,A,,,,
89,320,Guatemala,1110,Mules and hinnies,1977,42644,A,,,,
201,706,Somalia,1110,Mules and hinnies,1977,21000,E,,,,
236,862,Venezuela (Bolivarian Republic of),1110,Mules and hinnies,1977,76000,E,,,,
157,558,Nicaragua,1110,Mules and hinnies,1977,44000,E,,,,
62,230,Ethiopia PDR,1110,Mules and hinnies,1977,1430000,E,,,,
86,308,Grenada,1110,Mules and hinnies,1977,50,E,,,,
124,434,Libya,1110,Mules and hinnies,1977,,A,,,,
147,516,Namibia,1110,Mules and hinnies,1977,5200,E,,,,
202,710,South Africa,1110,Mules and hinnies,1977,14000,A,,,,
19,68,Bolivia (Plurinational State of),1110,Mules and hinnies,1978,90000,E,,,,
41,156,"China, mainland",1110,Mules and hinnies,1978,3715000,A,,,,
49,192,Cuba,1110,Mules and hinnies,1978,26600,A,,,,
147,516,Namibia,1110,Mules and hinnies,1978,5400,E,,,,
189,662,Saint Lucia,1110,Mules and hinnies,1978,1000,E,,,,
202,710,South Africa,1110,Mules and hinnies,1978,14000,E,,,,
203,724,Spain,1110,Mules and hinnies,1978,224000,A,,,,
223,792,Türkiye,1110,Mules and hinnies,1978,311000,A,,,,
104,372,Ireland,1110,Mules and hinnies,1978,1900,E,,,,
170,604,Peru,1110,Mules and hinnies,1978,215000,X,,,,
206,736,Sudan (former),1110,Mules and hinnies,1978,500,E,,,,
248,890,Yugoslav SFR,1110,Mules and hinnies,1978,13400,E,,,,
68,250,France,1110,Mules and hinnies,1978,16700,A,,,,
121,422,Lebanon,1110,Mules and hinnies,1978,4000,E,,,,
137,480,Mauritius,1110,Mules and hinnies,1978,20,E,,,,
165,586,Pakistan,1110,Mules and hinnies,1978,64000,A,,,,
222,788,Tunisia,1110,Mules and hinnies,1978,68000,E,,,,
234,858,Uruguay,1110,Mules and hinnies,1978,3500,E,,,,
236,862,Venezuela (Bolivarian Republic of),1110,Mules and hinnies,1978,75000,E,,,,
3,8,Albania,1110,Mules and hinnies,1978,19500,E,,,,
40,152,Chile,1110,Mules and hinnies,1978,12000,E,,,,
48,188,Costa Rica,1110,Mules and hinnies,1978,5500,E,,,,
60,222,El Salvador,1110,Mules and hinnies,1978,22000,E,,,,
86,308,Grenada,1110,Mules and hinnies,1978,36,A,,,,
134,470,Malta,1110,Mules and hinnies,1978,576,A,,,,
220,780,Trinidad and Tobago,1110,Mules and hinnies,1978,1900,E,,,,
23,84,Belize,1110,Mules and hinnies,1978,4200,E,,,,
56,214,Dominican Republic,1110,Mules and hinnies,1978,95800,E,,,,
201,706,Somalia,1110,Mules and hinnies,1978,21000,E,,,,
216,764,Thailand,1110,Mules and hinnies,1978,315,A,,,,
4,12,Algeria,1110,Mules and hinnies,1978,190950,A,,,,
58,218,Ecuador,1110,Mules and hinnies,1978,92400,A,,,,
62,230,Ethiopia PDR,1110,Mules and hinnies,1978,1435000,E,,,,
95,340,Honduras,1110,Mules and hinnies,1978,67600,E,,,,
102,364,Iran (Islamic Republic of),1110,Mules and hinnies,1978,144000,A,,,,
157,558,Nicaragua,1110,Mules and hinnies,1978,44200,E,,,,
193,678,Sao Tome and Principe,1110,Mules and hinnies,1978,12,E,,,,
209,748,Eswatini,1110,Mules and hinnies,1978,283,A,,,,
231,840,United States of America,1110,Mules and hinnies,1978,26000,E,,,,
27,100,Bulgaria,1110,Mules and hinnies,1978,31465,A,,,,
50,196,Cyprus,1110,Mules and hinnies,1978,2000,E,,,,
84,300,Greece,1110,Mules and hinnies,1978,130686,A,,,,
91,328,Guyana,1110,Mules and hinnies,1978,170,E,,,,
117,410,Republic of Korea,1110,Mules and hinnies,1978,164,A,,,,
169,600,Paraguay,1110,Mules and hinnies,1978,13000,X,,,,
174,620,Portugal,1110,Mules and hinnies,1978,84000,A,,,,
177,630,Puerto Rico,1110,Mules and hinnies,1978,2250,E,,,,
182,638,Réunion,1110,Mules and hinnies,1978,30,A,,,,
211,756,Switzerland,1110,Mules and hinnies,1978,335,A,,,,
228,810,USSR,1110,Mules and hinnies,1978,2000,A,,,,
9,32,Argentina,1110,Mules and hinnies,1978,165000,E,,,,
35,132,Cabo Verde,1110,Mules and hinnies,1978,2100,E,,,,
44,170,Colombia,1110,Mules and hinnies,1978,548460,A,,,,
89,320,Guatemala,1110,Mules and hinnies,1978,40000,E,,,,
106,380,Italy,1110,Mules and hinnies,1978,108200,A,,,,
109,388,Jamaica,1110,Mules and hinnies,1978,10000,E,,,,
138,484,Mexico,1110,Mules and hinnies,1978,3238865,A,,,,
212,760,Syrian Arab Republic,1110,Mules and hinnies,1978,40895,A,,,,
2,4,Afghanistan,1110,Mules and hinnies,1978,30000,X,,,,
97,348,Hungary,1110,Mules and hinnies,1978,400,E,,,,
100,356,India,1110,Mules and hinnies,1978,96000,X,,,,
93,332,Haiti,1110,Mules and hinnies,1978,79000,E,,,,
166,591,Panama,1110,Mules and hinnies,1978,2950,E,,,,
20,72,Botswana,1110,Mules and hinnies,1978,2600,E,,,,
33,124,Canada,1110,Mules and hinnies,1978,4000,E,,,,
181,716,Zimbabwe,1110,Mules and hinnies,1978,1000,E,,,,
14,52,Barbados,1110,Mules and hinnies,1978,2000,E,,,,
18,64,Bhutan,1110,Mules and hinnies,1978,6300,E,,,,
21,76,Brazil,1110,Mules and hinnies,1978,1488000,A,,,,
59,818,Egypt,1110,Mules and hinnies,1978,678,A,,,,
105,376,Israel,1110,Mules and hinnies,1978,1600,X,,,,
112,400,Jordan,1110,Mules and hinnies,1978,3959,A,,,,
122,426,Lesotho,1110,Mules and hinnies,1978,1000,E,,,,
124,434,Libya,1110,Mules and hinnies,1978,,A,,,,
143,504,Morocco,1110,Mules and hinnies,1978,430000,E,,,,
15,58,Belgium-Luxembourg,1110,Mules and hinnies,1978,800,A,,,,
28,104,Myanmar,1110,Mules and hinnies,1978,8000,A,,,,
87,312,Guadeloupe,1110,Mules and hinnies,1978,100,E,,,,
103,368,Iraq,1110,Mules and hinnies,1978,28000,E,,,,
20,72,Botswana,1110,Mules and hinnies,1979,2800,E,,,,
35,132,Cabo Verde,1110,Mules and hinnies,1979,2100,E,,,,
56,214,Dominican Republic,1110,Mules and hinnies,1979,96600,E,,,,
134,470,Malta,1110,Mules and hinnies,1979,512,A,,,,
206,736,Sudan (former),1110,Mules and hinnies,1979,500,E,,,,
228,810,USSR,1110,Mules and hinnies,1979,1800,A,,,,
59,818,Egypt,1110,Mules and hinnies,1979,700,A,,,,
112,400,Jordan,1110,Mules and hinnies,1979,4000,E,,,,
165,586,Pakistan,1110,Mules and hinnies,1979,66000,A,,,,
2,4,Afghanistan,1110,Mules and hinnies,1979,30000,X,,,,
19,68,Bolivia (Plurinational State of),1110,Mules and hinnies,1979,88000,E,,,,
28,104,Myanmar,1110,Mules and hinnies,1979,7800,E,,,,
33,124,Canada,1110,Mules and hinnies,1979,4000,E,,,,
121,422,Lebanon,1110,Mules and hinnies,1979,4000,X,,,,
143,504,Morocco,1110,Mules and hinnies,1979,451804,A,,,,
170,604,Peru,1110,Mules and hinnies,1979,216000,X,,,,
193,678,Sao Tome and Principe,1110,Mules and hinnies,1979,12,E,,,,
27,100,Bulgaria,1110,Mules and hinnies,1979,31020,A,,,,
138,484,Mexico,1110,Mules and hinnies,1979,3206865,A,,,,
166,591,Panama,1110,Mules and hinnies,1979,2950,E,,,,
248,890,Yugoslav SFR,1110,Mules and hinnies,1979,13500,A,,,,
14,52,Barbados,1110,Mules and hinnies,1979,2000,E,,,,
44,170,Colombia,1110,Mules and hinnies,1979,552000,A,,,,
60,222,El Salvador,1110,Mules and hinnies,1979,22100,E,,,,
68,250,France,1110,Mules and hinnies,1979,15200,A,,,,
93,332,Haiti,1110,Mules and hinnies,1979,80000,E,,,,
124,434,Libya,1110,Mules and hinnies,1979,,A,,,,
174,620,Portugal,1110,Mules and hinnies,1979,92000,A,,,,
189,662,Saint Lucia,1110,Mules and hinnies,1979,1000,E,,,,
21,76,Brazil,1110,Mules and hinnies,1979,1586000,A,,,,
41,156,"China, mainland",1110,Mules and hinnies,1979,3868000,A,,,,
86,308,Grenada,1110,Mules and hinnies,1979,36,A,,,,
97,348,Hungary,1110,Mules and hinnies,1979,350,E,,,,
203,724,Spain,1110,Mules and hinnies,1979,217000,A,,,,
87,312,Guadeloupe,1110,Mules and hinnies,1979,100,E,,,,
234,858,Uruguay,1110,Mules and hinnies,1979,3500,E,,,,
58,218,Ecuador,1110,Mules and hinnies,1979,96790,A,,,,
62,230,Ethiopia PDR,1110,Mules and hinnies,1979,1440000,E,,,,
89,320,Guatemala,1110,Mules and hinnies,1979,39000,E,,,,
117,410,Republic of Korea,1110,Mules and hinnies,1979,184,A,,,,
220,780,Trinidad and Tobago,1110,Mules and hinnies,1979,1800,E,,,,
236,862,Venezuela (Bolivarian Republic of),1110,Mules and hinnies,1979,75000,E,,,,
3,8,Albania,1110,Mules and hinnies,1979,19500,E,,,,
40,152,Chile,1110,Mules and hinnies,1979,11000,E,,,,
212,760,Syrian Arab Republic,1110,Mules and hinnies,1979,41012,A,,,,
48,188,Costa Rica,1110,Mules and hinnies,1979,5500,E,,,,
100,356,India,1110,Mules and hinnies,1979,103000,X,,,,
109,388,Jamaica,1110,Mules and hinnies,1979,10000,E,,,,
137,480,Mauritius,1110,Mules and hinnies,1979,20,E,,,,
169,600,Paraguay,1110,Mules and hinnies,1979,13000,X,,,,
50,196,Cyprus,1110,Mules and hinnies,1979,2000,E,,,,
202,710,South Africa,1110,Mules and hinnies,1979,14000,E,,,,
18,64,Bhutan,1110,Mules and hinnies,1979,6400,E,,,,
23,84,Belize,1110,Mules and hinnies,1979,4200,E,,,,
84,300,Greece,1110,Mules and hinnies,1979,123853,A,,,,
122,426,Lesotho,1110,Mules and hinnies,1979,1000,E,,,,
177,630,Puerto Rico,1110,Mules and hinnies,1979,2300,E,,,,
4,12,Algeria,1110,Mules and hinnies,1979,206450,A,,,,
49,192,Cuba,1110,Mules and hinnies,1979,23400,A,,,,
209,748,Eswatini,1110,Mules and hinnies,1979,418,A,,,,
91,328,Guyana,1110,Mules and hinnies,1979,170,E,,,,
106,380,Italy,1110,Mules and hinnies,1979,98200,A,,,,
182,638,Réunion,1110,Mules and hinnies,1979,30,A,,,,
181,716,Zimbabwe,1110,Mules and hinnies,1979,1000,E,,,,
103,368,Iraq,1110,Mules and hinnies,1979,28000,E,,,,
104,372,Ireland,1110,Mules and hinnies,1979,1900,E,,,,
157,558,Nicaragua,1110,Mules and hinnies,1979,44400,E,,,,
231,840,United States of America,1110,Mules and hinnies,1979,26000,E,,,,
15,58,Belgium-Luxembourg,1110,Mules and hinnies,1979,770,A,,,,
102,364,Iran (Islamic Republic of),1110,Mules and hinnies,1979,142000,E,,,,
216,764,Thailand,1110,Mules and hinnies,1979,255,A,,,,
222,788,Tunisia,1110,Mules and hinnies,1979,69000,E,,,,
9,32,Argentina,1110,Mules and hinnies,1979,165000,E,,,,
211,756,Switzerland,1110,Mules and hinnies,1979,330,A,,,,
95,340,Honduras,1110,Mules and hinnies,1979,67600,E,,,,
105,376,Israel,1110,Mules and hinnies,1979,1600,E,,,,
147,516,Namibia,1110,Mules and hinnies,1979,5500,E,,,,
201,706,Somalia,1110,Mules and hinnies,1979,21500,E,,,,
223,792,Türkiye,1110,Mules and hinnies,1979,299000,A,,,,
2,4,Afghanistan,1110,Mules and hinnies,1980,30000,X,,,,
62,230,Ethiopia PDR,1110,Mules and hinnies,1980,360000,E,,,,
166,591,Panama,1110,Mules and hinnies,1980,2950,E,,,,
189,662,Saint Lucia,1110,Mules and hinnies,1980,1000,E,,,,
58,218,Ecuador,1110,Mules and hinnies,1980,98111,A,,,,
60,222,El Salvador,1110,Mules and hinnies,1980,22100,E,,,,
97,348,Hungary,1110,Mules and hinnies,1980,350,E,,,,
143,504,Morocco,1110,Mules and hinnies,1980,453004,A,,,,
147,516,Namibia,1110,Mules and hinnies,1980,5500,E,,,,
14,52,Barbados,1110,Mules and hinnies,1980,2000,E,,,,
100,356,India,1110,Mules and hinnies,1980,111000,X,,,,
216,764,Thailand,1110,Mules and hinnies,1980,200,A,,,,
248,890,Yugoslav SFR,1110,Mules and hinnies,1980,12920,A,,,,
68,250,France,1110,Mules and hinnies,1980,14940,A,,,,
134,470,Malta,1110,Mules and hinnies,1980,450,E,,,,
169,600,Paraguay,1110,Mules and hinnies,1980,13000,E,,,,
231,840,United States of America,1110,Mules and hinnies,1980,26000,E,,,,
4,12,Algeria,1110,Mules and hinnies,1980,204870,A,,,,
48,188,Costa Rica,1110,Mules and hinnies,1980,5500,A,,,,
112,400,Jordan,1110,Mules and hinnies,1980,3680,A,,,,
122,426,Lesotho,1110,Mules and hinnies,1980,1000,E,,,,
138,484,Mexico,1110,Mules and hinnies,1980,3129400,A,,,,
170,604,Peru,1110,Mules and hinnies,1980,217000,X,,,,
177,630,Puerto Rico,1110,Mules and hinnies,1980,2300,E,,,,
211,756,Switzerland,1110,Mules and hinnies,1980,330,A,,,,
35,132,Cabo Verde,1110,Mules and hinnies,1980,2100,E,,,,
86,308,Grenada,1110,Mules and hinnies,1980,40,E,,,,
106,380,Italy,1110,Mules and hinnies,1980,93550,A,,,,
174,620,Portugal,1110,Mules and hinnies,1980,93000,X,,,,
228,810,USSR,1110,Mules and hinnies,1980,1500,A,,,,
236,862,Venezuela (Bolivarian Republic of),1110,Mules and hinnies,1980,74000,E,,,,
27,100,Bulgaria,1110,Mules and hinnies,1980,30479,A,,,,
44,170,Colombia,1110,Mules and hinnies,1980,586747,A,,,,
102,364,Iran (Islamic Republic of),1110,Mules and hinnies,1980,143000,E,,,,
103,368,Iraq,1110,Mules and hinnies,1980,26000,X,,,,
222,788,Tunisia,1110,Mules and hinnies,1980,70100,E,,,,
9,32,Argentina,1110,Mules and hinnies,1980,165000,E,,,,
19,68,Bolivia (Plurinational State of),1110,Mules and hinnies,1980,86000,E,,,,
59,818,Egypt,1110,Mules and hinnies,1980,700,A,,,,
121,422,Lebanon,1110,Mules and hinnies,1980,3990,X,,,,
21,76,Brazil,1110,Mules and hinnies,1980,1605000,A,,,,
105,376,Israel,1110,Mules and hinnies,1980,1600,E,,,,
182,638,Réunion,1110,Mules and hinnies,1980,30,A,,,,
202,710,South Africa,1110,Mules and hinnies,1980,14000,E,,,,
104,372,Ireland,1110,Mules and hinnies,1980,1700,X,,,,
212,760,Syrian Arab Republic,1110,Mules and hinnies,1980,41195,A,,,,
234,858,Uruguay,1110,Mules and hinnies,1980,3500,E,,,,
20,72,Botswana,1110,Mules and hinnies,1980,3000,E,,,,
40,152,Chile,1110,Mules and hinnies,1980,10000,E,,,,
50,196,Cyprus,1110,Mules and hinnies,1980,2000,E,,,,
203,724,Spain,1110,Mules and hinnies,1980,201000,A,,,,
209,748,Eswatini,1110,Mules and hinnies,1980,238,A,,,,
23,84,Belize,1110,Mules and hinnies,1980,4300,E,,,,
137,480,Mauritius,1110,Mules and hinnies,1980,20,E,,,,
157,558,Nicaragua,1110,Mules and hinnies,1980,44500,E,,,,
220,780,Trinidad and Tobago,1110,Mules and hinnies,1980,1800,E,,,,
18,64,Bhutan,1110,Mules and hinnies,1980,6500,E,,,,
33,124,Canada,1110,Mules and hinnies,1980,4000,E,,,,
56,214,Dominican Republic,1110,Mules and hinnies,1980,97400,E,,,,
87,312,Guadeloupe,1110,Mules and hinnies,1980,100,E,,,,
165,586,Pakistan,1110,Mules and hinnies,1980,68000,A,,,,
206,736,Sudan (former),1110,Mules and hinnies,1980,500,E,,,,
28,104,Myanmar,1110,Mules and hinnies,1980,7550,E,,,,
91,328,Guyana,1110,Mules and hinnies,1980,160,E,,,,
109,388,Jamaica,1110,Mules and hinnies,1980,10000,E,,,,
124,434,Libya,1110,Mules and hinnies,1980,,A,,,,
15,58,Belgium-Luxembourg,1110,Mules and hinnies,1980,657,A,,,,
41,156,"China, mainland",1110,Mules and hinnies,1980,4023000,A,,,,
84,300,Greece,1110,Mules and hinnies,1980,115594,A,,,,
89,320,Guatemala,1110,Mules and hinnies,1980,38220,A,,,,
95,340,Honduras,1110,Mules and hinnies,1980,67700,E,,,,
3,8,Albania,1110,Mules and hinnies,1980,19500,E,,,,
193,678,Sao Tome and Principe,1110,Mules and hinnies,1980,15,E,,,,
201,706,Somalia,1110,Mules and hinnies,1980,21500,E,,,,
49,192,Cuba,1110,Mules and hinnies,1980,24100,A,,,,
93,332,Haiti,1110,Mules and hinnies,1980,80000,E,,,,
117,410,Republic of Korea,1110,Mules and hinnies,1980,142,A,,,,
181,716,Zimbabwe,1110,Mules and hinnies,1980,1000,E,,,,
223,792,Türkiye,1110,Mules and hinnies,1980,315000,A,,,,
14,52,Barbados,1110,Mules and hinnies,1981,2000,E,,,,
105,376,Israel,1110,Mules and hinnies,1981,1600,E,,,,
170,604,Peru,1110,Mules and hinnies,1981,218000,X,,,,
174,620,Portugal,1110,Mules and hinnies,1981,92000,E,,,,
181,716,Zimbabwe,1110,Mules and hinnies,1981,1000,E,,,,
2,4,Afghanistan,1110,Mules and hinnies,1981,30000,X,,,,
44,170,Colombia,1110,Mules and hinnies,1981,590000,E,,,,
93,332,Haiti,1110,Mules and hinnies,1981,81000,E,,,,
182,638,Réunion,1110,Mules and hinnies,1981,30,A,,,,
49,192,Cuba,1110,Mules and hinnies,1981,24700,A,,,,
89,320,Guatemala,1110,Mules and hinnies,1981,37860,A,,,,
104,372,Ireland,1110,Mules and hinnies,1981,1600,E,,,,
117,410,Republic of Korea,1110,Mules and hinnies,1981,94,A,,,,
157,558,Nicaragua,1110,Mules and hinnies,1981,44500,E,,,,
15,58,Belgium-Luxembourg,1110,Mules and hinnies,1981,450,A,,,,
103,368,Iraq,1110,Mules and hinnies,1981,28000,E,,,,
248,890,Yugoslav SFR,1110,Mules and hinnies,1981,10000,A,,,,
3,8,Albania,1110,Mules and hinnies,1981,19500,E,,,,
59,818,Egypt,1110,Mules and hinnies,1981,700,A,,,,
97,348,Hungary,1110,Mules and hinnies,1981,350,E,,,,
220,780,Trinidad and Tobago,1110,Mules and hinnies,1981,1800,E,,,,
48,188,Costa Rica,1110,Mules and hinnies,1981,5000,A,,,,
58,218,Ecuador,1110,Mules and hinnies,1981,99455,A,,,,
100,356,India,1110,Mules and hinnies,1981,119000,X,,,,
102,364,Iran (Islamic Republic of),1110,Mules and hinnies,1981,144000,E,,,,
206,736,Sudan (former),1110,Mules and hinnies,1981,500,E,,,,
84,300,Greece,1110,Mules and hinnies,1981,110815,A,,,,
86,308,Grenada,1110,Mules and hinnies,1981,40,E,,,,
165,586,Pakistan,1110,Mules and hinnies,1981,63000,A,,,,
177,630,Puerto Rico,1110,Mules and hinnies,1981,2300,E,,,,
228,810,USSR,1110,Mules and hinnies,1981,1700,A,,,,
33,124,Canada,1110,Mules and hinnies,1981,4000,E,,,,
50,196,Cyprus,1110,Mules and hinnies,1981,2000,E,,,,
147,516,Namibia,1110,Mules and hinnies,1981,5500,E,,,,
166,591,Panama,1110,Mules and hinnies,1981,2953,A,,,,
20,72,Botswana,1110,Mules and hinnies,1981,3200,E,,,,
28,104,Myanmar,1110,Mules and hinnies,1981,7400,E,,,,
40,152,Chile,1110,Mules and hinnies,1981,10000,E,,,,
41,156,"China, mainland",1110,Mules and hinnies,1981,4166000,A,,,,
112,400,Jordan,1110,Mules and hinnies,1981,4275,A,,,,
121,422,Lebanon,1110,Mules and hinnies,1981,3600,A,,,,
134,470,Malta,1110,Mules and hinnies,1981,372,A,,,,
138,484,Mexico,1110,Mules and hinnies,1981,3129500,A,,,,
169,600,Paraguay,1110,Mules and hinnies,1981,13000,E,,,,
189,662,Saint Lucia,1110,Mules and hinnies,1981,1000,E,,,,
18,64,Bhutan,1110,Mules and hinnies,1981,8000,E,,,,
23,84,Belize,1110,Mules and hinnies,1981,4300,E,,,,
91,328,Guyana,1110,Mules and hinnies,1981,160,E,,,,
143,504,Morocco,1110,Mules and hinnies,1981,443773,A,,,,
201,706,Somalia,1110,Mules and hinnies,1981,22000,E,,,,
202,710,South Africa,1110,Mules and hinnies,1981,14000,E,,,,
234,858,Uruguay,1110,Mules and hinnies,1981,3500,E,,,,
4,12,Algeria,1110,Mules and hinnies,1981,199010,A,,,,
60,222,El Salvador,1110,Mules and hinnies,1981,22200,E,,,,
62,230,Ethiopia PDR,1110,Mules and hinnies,1981,380000,E,,,,
109,388,Jamaica,1110,Mules and hinnies,1981,10000,E,,,,
216,764,Thailand,1110,Mules and hinnies,1981,160,A,,,,
231,840,United States of America,1110,Mules and hinnies,1981,26000,E,,,,
236,862,Venezuela (Bolivarian Republic of),1110,Mules and hinnies,1981,74000,E,,,,
35,132,Cabo Verde,1110,Mules and hinnies,1981,2100,E,,,,
106,380,Italy,1110,Mules and hinnies,1981,81600,A,,,,
209,748,Eswatini,1110,Mules and hinnies,1981,299,A,,,,
56,214,Dominican Republic,1110,Mules and hinnies,1981,98000,E,,,,
68,250,France,1110,Mules and hinnies,1981,12053,A,,,,
124,434,Libya,1110,Mules and hinnies,1981,,A,,,,
223,792,Türkiye,1110,Mules and hinnies,1981,305000,A,,,,
19,68,Bolivia (Plurinational State of),1110,Mules and hinnies,1981,85000,E,,,,
122,426,Lesotho,1110,Mules and hinnies,1981,1000,E,,,,
203,724,Spain,1110,Mules and hinnies,1981,190000,A,,,,
211,756,Switzerland,1110,Mules and hinnies,1981,330,A,,,,
212,760,Syrian Arab Republic,1110,Mules and hinnies,1981,35000,A,,,,
9,32,Argentina,1110,Mules and hinnies,1981,165000,E,,,,
87,312,Guadeloupe,1110,Mules and hinnies,1981,100,E,,,,
137,480,Mauritius,1110,Mules and hinnies,1981,20,E,,,,
193,678,Sao Tome and Principe,1110,Mules and hinnies,1981,15,E,,,,
222,788,Tunisia,1110,Mules and hinnies,1981,70200,E,,,,
27,100,Bulgaria,1110,Mules and hinnies,1981,30265,A,,,,
95,340,Honduras,1110,Mules and hinnies,1981,67800,E,,,,
21,76,Brazil,1110,Mules and hinnies,1981,1750000,A,,,,
18,64,Bhutan,1110,Mules and hinnies,1982,8100,E,,,,
86,308,Grenada,1110,Mules and hinnies,1982,40,E,,,,
203,724,Spain,1110,Mules and hinnies,1982,169000,A,,,,
216,764,Thailand,1110,Mules and hinnies,1982,125,A,,,,
14,52,Barbados,1110,Mules and hinnies,1982,2000,E,,,,
137,480,Mauritius,1110,Mules and hinnies,1982,20,E,,,,
15,58,Belgium-Luxembourg,1110,Mules and hinnies,1982,477,A,,,,
33,124,Canada,1110,Mules and hinnies,1982,4000,E,,,,
4,12,Algeria,1110,Mules and hinnies,1982,168000,X,,,,
9,32,Argentina,1110,Mules and hinnies,1982,165000,E,,,,
62,230,Ethiopia PDR,1110,Mules and hinnies,1982,400000,E,,,,
105,376,Israel,1110,Mules and hinnies,1982,1600,E,,,,
109,388,Jamaica,1110,Mules and hinnies,1982,10000,E,,,,
174,620,Portugal,1110,Mules and hinnies,1982,91000,E,,,,
201,706,Somalia,1110,Mules and hinnies,1982,22200,E,,,,
93,332,Haiti,1110,Mules and hinnies,1982,82000,E,,,,
169,600,Paraguay,1110,Mules and hinnies,1982,13000,E,,,,
19,68,Bolivia (Plurinational State of),1110,Mules and hinnies,1982,84000,E,,,,
50,196,Cyprus,1110,Mules and hinnies,1982,2000,E,,,,
209,748,Eswatini,1110,Mules and hinnies,1982,506,A,,,,
177,630,Puerto Rico,1110,Mules and hinnies,1982,2300,E,,,,
193,678,Sao Tome and Principe,1110,Mules and hinnies,1982,15,E,,,,
228,810,USSR,1110,Mules and hinnies,1982,1300,A,,,,
21,76,Brazil,1110,Mules and hinnies,1982,1829320,A,,,,
68,250,France,1110,Mules and hinnies,1982,12000,A,,,,
103,368,Iraq,1110,Mules and hinnies,1982,28000,E,,,,
231,840,United States of America,1110,Mules and hinnies,1982,26000,E,,,,
41,156,"China, mainland",1110,Mules and hinnies,1982,4325000,A,,,,
122,426,Lesotho,1110,Mules and hinnies,1982,1000,E,,,,
157,558,Nicaragua,1110,Mules and hinnies,1982,44700,E,,,,
220,780,Trinidad and Tobago,1110,Mules and hinnies,1982,1800,E,,,,
234,858,Uruguay,1110,Mules and hinnies,1982,3500,E,,,,
248,890,Yugoslav SFR,1110,Mules and hinnies,1982,8000,A,,,,
28,104,Myanmar,1110,Mules and hinnies,1982,7100,E,,,,
35,132,Cabo Verde,1110,Mules and hinnies,1982,1900,E,,,,
40,152,Chile,1110,Mules and hinnies,1982,10000,E,,,,
89,320,Guatemala,1110,Mules and hinnies,1982,37540,A,,,,
91,328,Guyana,1110,Mules and hinnies,1982,150,E,,,,
95,340,Honduras,1110,Mules and hinnies,1982,67900,E,,,,
100,356,India,1110,Mules and hinnies,1982,131000,A,,,,
106,380,Italy,1110,Mules and hinnies,1982,83700,A,,,,
20,72,Botswana,1110,Mules and hinnies,1982,3400,E,,,,
27,100,Bulgaria,1110,Mules and hinnies,1982,28862,A,,,,
48,188,Costa Rica,1110,Mules and hinnies,1982,5000,E,,,,
165,586,Pakistan,1110,Mules and hinnies,1982,63000,A,,,,
59,818,Egypt,1110,Mules and hinnies,1982,700,A,,,,
102,364,Iran (Islamic Republic of),1110,Mules and hinnies,1982,145000,X,,,,
117,410,Republic of Korea,1110,Mules and hinnies,1982,78,A,,,,
143,504,Morocco,1110,Mules and hinnies,1982,463590,A,,,,
23,84,Belize,1110,Mules and hinnies,1982,4400,E,,,,
97,348,Hungary,1110,Mules and hinnies,1982,350,E,,,,
104,372,Ireland,1110,Mules and hinnies,1982,1600,E,,,,
134,470,Malta,1110,Mules and hinnies,1982,350,E,,,,
138,484,Mexico,1110,Mules and hinnies,1982,3129600,A,,,,
170,604,Peru,1110,Mules and hinnies,1982,218000,X,,,,
181,716,Zimbabwe,1110,Mules and hinnies,1982,1000,E,,,,
212,760,Syrian Arab Republic,1110,Mules and hinnies,1982,35638,A,,,,
222,788,Tunisia,1110,Mules and hinnies,1982,70300,E,,,,
44,170,Colombia,1110,Mules and hinnies,1982,595000,E,,,,
49,192,Cuba,1110,Mules and hinnies,1982,25700,A,,,,
56,214,Dominican Republic,1110,Mules and hinnies,1982,105000,E,,,,
84,300,Greece,1110,Mules and hinnies,1982,105930,A,,,,
87,312,Guadeloupe,1110,Mules and hinnies,1982,100,E,,,,
147,516,Namibia,1110,Mules and hinnies,1982,5500,E,,,,
206,736,Sudan (former),1110,Mules and hinnies,1982,500,X,,,,
60,222,El Salvador,1110,Mules and hinnies,1982,22500,E,,,,
211,756,Switzerland,1110,Mules and hinnies,1982,330,E,,,,
223,792,Türkiye,1110,Mules and hinnies,1982,299000,A,,,,
58,218,Ecuador,1110,Mules and hinnies,1982,100808,A,,,,
121,422,Lebanon,1110,Mules and hinnies,1982,3500,A,,,,
182,638,Réunion,1110,Mules and hinnies,1982,5,A,,,,
2,4,Afghanistan,1110,Mules and hinnies,1982,30000,X,,,,
3,8,Albania,1110,Mules and hinnies,1982,19500,E,,,,
112,400,Jordan,1110,Mules and hinnies,1982,4375,A,,,,
124,434,Libya,1110,Mules and hinnies,1982,,A,,,,
166,591,Panama,1110,Mules and hinnies,1982,3000,E,,,,
189,662,Saint Lucia,1110,Mules and hinnies,1982,1000,E,,,,
202,710,South Africa,1110,Mules and hinnies,1982,14000,E,,,,
236,862,Venezuela (Bolivarian Republic of),1110,Mules and hinnies,1982,74000,E,,,,
103,368,Iraq,1110,Mules and hinnies,1983,28000,E,,,,
56,214,Dominican Republic,1110,Mules and hinnies,1983,112000,E,,,,
105,376,Israel,1110,Mules and hinnies,1983,1600,E,,,,
170,604,Peru,1110,Mules and hinnies,1983,218000,X,,,,
203,724,Spain,1110,Mules and hinnies,1983,159000,A,,,,
15,58,Belgium-Luxembourg,1110,Mules and hinnies,1983,450,A,,,,
97,348,Hungary,1110,Mules and hinnies,1983,350,E,,,,
228,810,USSR,1110,Mules and hinnies,1983,1500,A,,,,
231,840,United States of America,1110,Mules and hinnies,1983,28000,E,,,,
236,862,Venezuela (Bolivarian Republic of),1110,Mules and hinnies,1983,73000,E,,,,
14,52,Barbados,1110,Mules and hinnies,1983,2000,E,,,,
33,124,Canada,1110,Mules and hinnies,1983,4000,E,,,,
91,328,Guyana,1110,Mules and hinnies,1983,150,E,,,,
134,470,Malta,1110,Mules and hinnies,1983,299,A,,,,
211,756,Switzerland,1110,Mules and hinnies,1983,396,A,,,,
44,170,Colombia,1110,Mules and hinnies,1983,600000,E,,,,
50,196,Cyprus,1110,Mules and hinnies,1983,2000,A,,,,
58,218,Ecuador,1110,Mules and hinnies,1983,102179,A,,,,
60,222,El Salvador,1110,Mules and hinnies,1983,22600,E,,,,
93,332,Haiti,1110,Mules and hinnies,1983,83000,E,,,,
189,662,Saint Lucia,1110,Mules and hinnies,1983,1000,E,,,,
193,678,Sao Tome and Principe,1110,Mules and hinnies,1983,15,E,,,,
181,716,Zimbabwe,1110,Mules and hinnies,1983,1000,E,,,,
84,300,Greece,1110,Mules and hinnies,1983,99313,A,,,,
138,484,Mexico,1110,Mules and hinnies,1983,3129700,A,,,,
169,600,Paraguay,1110,Mules and hinnies,1983,13000,E,,,,
206,736,Sudan (former),1110,Mules and hinnies,1983,500,X,,,,
216,764,Thailand,1110,Mules and hinnies,1983,102,A,,,,
35,132,Cabo Verde,1110,Mules and hinnies,1983,1700,E,,,,
102,364,Iran (Islamic Republic of),1110,Mules and hinnies,1983,143000,E,,,,
117,410,Republic of Korea,1110,Mules and hinnies,1983,59,A,,,,
143,504,Morocco,1110,Mules and hinnies,1983,455985,A,,,,
147,516,Namibia,1110,Mules and hinnies,1983,5500,E,,,,
27,100,Bulgaria,1110,Mules and hinnies,1983,28903,A,,,,
166,591,Panama,1110,Mules and hinnies,1983,3050,E,,,,
212,760,Syrian Arab Republic,1110,Mules and hinnies,1983,35000,A,,,,
248,890,Yugoslav SFR,1110,Mules and hinnies,1983,8000,E,,,,
9,32,Argentina,1110,Mules and hinnies,1983,165000,E,,,,
104,372,Ireland,1110,Mules and hinnies,1983,1500,E,,,,
165,586,Pakistan,1110,Mules and hinnies,1983,64000,A,,,,
21,76,Brazil,1110,Mules and hinnies,1983,1835523,A,,,,
86,308,Grenada,1110,Mules and hinnies,1983,40,A,,,,
222,788,Tunisia,1110,Mules and hinnies,1983,71000,E,,,,
2,4,Afghanistan,1110,Mules and hinnies,1983,30000,E,,,,
20,72,Botswana,1110,Mules and hinnies,1983,3600,E,,,,
100,356,India,1110,Mules and hinnies,1983,138000,X,,,,
137,480,Mauritius,1110,Mules and hinnies,1983,20,E,,,,
209,748,Eswatini,1110,Mules and hinnies,1983,436,A,,,,
4,12,Algeria,1110,Mules and hinnies,1983,187000,A,,,,
28,104,Myanmar,1110,Mules and hinnies,1983,6850,E,,,,
49,192,Cuba,1110,Mules and hinnies,1983,26100,A,,,,
62,230,Ethiopia PDR,1110,Mules and hinnies,1983,450000,A,,,,
124,434,Libya,1110,Mules and hinnies,1983,,A,,,,
201,706,Somalia,1110,Mules and hinnies,1983,22400,E,,,,
41,156,"China, mainland",1110,Mules and hinnies,1983,4464000,A,,,,
87,312,Guadeloupe,1110,Mules and hinnies,1983,100,E,,,,
95,340,Honduras,1110,Mules and hinnies,1983,68000,E,,,,
182,638,Réunion,1110,Mules and hinnies,1983,5,A,,,,
18,64,Bhutan,1110,Mules and hinnies,1983,8200,E,,,,
19,68,Bolivia (Plurinational State of),1110,Mules and hinnies,1983,82000,E,,,,
23,84,Belize,1110,Mules and hinnies,1983,4400,E,,,,
68,250,France,1110,Mules and hinnies,1983,11950,A,,,,
106,380,Italy,1110,Mules and hinnies,1983,61200,A,,,,
109,388,Jamaica,1110,Mules and hinnies,1983,10000,E,,,,
174,620,Portugal,1110,Mules and hinnies,1983,90500,E,,,,
223,792,Türkiye,1110,Mules and hinnies,1983,285000,A,,,,
40,152,Chile,1110,Mules and hinnies,1983,10000,E,,,,
59,818,Egypt,1110,Mules and hinnies,1983,700,A,,,,
89,320,Guatemala,1110,Mules and hinnies,1983,37240,A,,,,
121,422,Lebanon,1110,Mules and hinnies,1983,4000,X,,,,
220,780,Trinidad and Tobago,1110,Mules and hinnies,1983,1700,E,,,,
234,858,Uruguay,1110,Mules and hinnies,1983,3500,E,,,,
3,8,Albania,1110,Mules and hinnies,1983,19500,E,,,,
48,188,Costa Rica,1110,Mules and hinnies,1983,5000,E,,,,
112,400,Jordan,1110,Mules and hinnies,1983,2560,A,,,,
157,558,Nicaragua,1110,Mules and hinnies,1983,44900,E,,,,
122,426,Lesotho,1110,Mules and hinnies,1983,1000,E,,,,
177,630,Puerto Rico,1110,Mules and hinnies,1983,2400,E,,,,
202,710,South Africa,1110,Mules and hinnies,1983,14000,E,,,,
9,32,Argentina,1110,Mules and hinnies,1984,165000,E,,,,
23,84,Belize,1110,Mules and hinnies,1984,4400,E,,,,
35,132,Cabo Verde,1110,Mules and hinnies,1984,1500,E,,,,
157,558,Nicaragua,1110,Mules and hinnies,1984,45000,E,,,,
206,736,Sudan (former),1110,Mules and hinnies,1984,500,X,,,,
21,76,Brazil,1110,Mules and hinnies,1984,1946137,A,,,,
169,600,Paraguay,1110,Mules and hinnies,1984,13000,E,,,,
170,604,Peru,1110,Mules and hinnies,1984,220000,E,,,,
49,192,Cuba,1110,Mules and hinnies,1984,27600,A,,,,
56,214,Dominican Republic,1110,Mules and hinnies,1984,120000,E,,,,
60,222,El Salvador,1110,Mules and hinnies,1984,22600,E,,,,
203,724,Spain,1110,Mules and hinnies,1984,148000,A,,,,
14,52,Barbados,1110,Mules and hinnies,1984,2000,E,,,,
44,170,Colombia,1110,Mules and hinnies,1984,600000,E,,,,
102,364,Iran (Islamic Republic of),1110,Mules and hinnies,1984,142000,E,,,,
104,372,Ireland,1110,Mules and hinnies,1984,1500,E,,,,
122,426,Lesotho,1110,Mules and hinnies,1984,1000,E,,,,
124,434,Libya,1110,Mules and hinnies,1984,,A,,,,
174,620,Portugal,1110,Mules and hinnies,1984,90000,E,,,,
202,710,South Africa,1110,Mules and hinnies,1984,14000,E,,,,
19,68,Bolivia (Plurinational State of),1110,Mules and hinnies,1984,80000,E,,,,
50,196,Cyprus,1110,Mules and hinnies,1984,2000,A,,,,
209,748,Eswatini,1110,Mules and hinnies,1984,393,A,,,,
103,368,Iraq,1110,Mules and hinnies,1984,25000,X,,,,
222,788,Tunisia,1110,Mules and hinnies,1984,72000,E,,,,
231,840,United States of America,1110,Mules and hinnies,1984,28000,E,,,,
181,716,Zimbabwe,1110,Mules and hinnies,1984,1000,E,,,,
91,328,Guyana,1110,Mules and hinnies,1984,150,E,,,,
93,332,Haiti,1110,Mules and hinnies,1984,83000,E,,,,
166,591,Panama,1110,Mules and hinnies,1984,3100,E,,,,
2,4,Afghanistan,1110,Mules and hinnies,1984,30000,E,,,,
48,188,Costa Rica,1110,Mules and hinnies,1984,5000,E,,,,
165,586,Pakistan,1110,Mules and hinnies,1984,64000,A,,,,
212,760,Syrian Arab Republic,1110,Mules and hinnies,1984,28000,A,,,,
216,764,Thailand,1110,Mules and hinnies,1984,90,E,,,,
248,890,Yugoslav SFR,1110,Mules and hinnies,1984,6000,E,,,,
20,72,Botswana,1110,Mules and hinnies,1984,3800,E,,,,
59,818,Egypt,1110,Mules and hinnies,1984,700,A,,,,
137,480,Mauritius,1110,Mules and hinnies,1984,20,E,,,,
177,630,Puerto Rico,1110,Mules and hinnies,1984,2400,E,,,,
193,678,Sao Tome and Principe,1110,Mules and hinnies,1984,17,E,,,,
220,780,Trinidad and Tobago,1110,Mules and hinnies,1984,1700,E,,,,
112,400,Jordan,1110,Mules and hinnies,1984,2580,A,,,,
138,484,Mexico,1110,Mules and hinnies,1984,3129800,A,,,,
182,638,Réunion,1110,Mules and hinnies,1984,5,A,,,,
201,706,Somalia,1110,Mules and hinnies,1984,22600,E,,,,
211,756,Switzerland,1110,Mules and hinnies,1984,380,E,,,,
27,100,Bulgaria,1110,Mules and hinnies,1984,28612,A,,,,
109,388,Jamaica,1110,Mules and hinnies,1984,10000,E,,,,
121,422,Lebanon,1110,Mules and hinnies,1984,4000,X,,,,
189,662,Saint Lucia,1110,Mules and hinnies,1984,1000,E,,,,
58,218,Ecuador,1110,Mules and hinnies,1984,103550,A,,,,
97,348,Hungary,1110,Mules and hinnies,1984,323,A,,,,
147,516,Namibia,1110,Mules and hinnies,1984,5500,E,,,,
100,356,India,1110,Mules and hinnies,1984,146000,X,,,,
28,104,Myanmar,1110,Mules and hinnies,1984,6600,E,,,,
117,410,Republic of Korea,1110,Mules and hinnies,1984,34,A,,,,
15,58,Belgium-Luxembourg,1110,Mules and hinnies,1984,500,A,,,,
33,124,Canada,1110,Mules and hinnies,1984,4000,E,,,,
40,152,Chile,1110,Mules and hinnies,1984,10000,E,,,,
95,340,Honduras,1110,Mules and hinnies,1984,68100,E,,,,
106,380,Italy,1110,Mules and hinnies,1984,59100,A,,,,
134,470,Malta,1110,Mules and hinnies,1984,300,E,,,,
234,858,Uruguay,1110,Mules and hinnies,1984,3500,E,,,,
236,862,Venezuela (Bolivarian Republic of),1110,Mules and hinnies,1984,73000,E,,,,
18,64,Bhutan,1110,Mules and hinnies,1984,8300,E,,,,
41,156,"China, mainland",1110,Mules and hinnies,1984,4593000,A,,,,
84,300,Greece,1110,Mules and hinnies,1984,94084,A,,,,
228,810,USSR,1110,Mules and hinnies,1984,1900,A,,,,
3,8,Albania,1110,Mules and hinnies,1984,19500,E,,,,
4,12,Algeria,1110,Mules and hinnies,1984,154530,A,,,,
62,230,Ethiopia PDR,1110,Mules and hinnies,1984,470000,E,,,,
68,250,France,1110,Mules and hinnies,1984,12000,A,,,,
86,308,Grenada,1110,Mules and hinnies,1984,50,E,,,,
87,312,Guadeloupe,1110,Mules and hinnies,1984,100,E,,,,
89,320,Guatemala,1110,Mules and hinnies,1984,37300,E,,,,
105,376,Israel,1110,Mules and hinnies,1984,1600,E,,,,
143,504,Morocco,1110,Mules and hinnies,1984,448835,A,,,,
223,792,Türkiye,1110,Mules and hinnies,1984,269000,A,,,,
59,818,Egypt,1110,Mules and hinnies,1985,700,A,,,,
112,400,Jordan,1110,Mules and hinnies,1985,2750,A,,,,
137,480,Mauritius,1110,Mules and hinnies,1985,20,E,,,,
143,504,Morocco,1110,Mules and hinnies,1985,474680,A,,,,
220,780,Trinidad and Tobago,1110,Mules and hinnies,1985,1700,E,,,,
14,52,Barbados,1110,Mules and hinnies,1985,2000,E,,,,
18,64,Bhutan,1110,Mules and hinnies,1985,8400,E,,,,
89,320,Guatemala,1110,Mules and hinnies,1985,37400,E,,,,
166,591,Panama,1110,Mules and hinnies,1985,3150,E,,,,
2,4,Afghanistan,1110,Mules and hinnies,1985,30000,E,,,,
23,84,Belize,1110,Mules and hinnies,1985,4400,E,,,,
60,222,El Salvador,1110,Mules and hinnies,1985,22700,E,,,,
104,372,Ireland,1110,Mules and hinnies,1985,1400,E,,,,
138,484,Mexico,1110,Mules and hinnies,1985,3130000,E,,,,
212,760,Syrian Arab Republic,1110,Mules and hinnies,1985,30000,A,,,,
222,788,Tunisia,1110,Mules and hinnies,1985,74000,E,,,,
4,12,Algeria,1110,Mules and hinnies,1985,135120,A,,,,
33,124,Canada,1110,Mules and hinnies,1985,4000,E,,,,
177,630,Puerto Rico,1110,Mules and hinnies,1985,2400,E,,,,
3,8,Albania,1110,Mules and hinnies,1985,19500,E,,,,
20,72,Botswana,1110,Mules and hinnies,1985,3500,E,,,,
50,196,Cyprus,1110,Mules and hinnies,1985,2000,A,,,,
105,376,Israel,1110,Mules and hinnies,1985,1600,E,,,,
147,516,Namibia,1110,Mules and hinnies,1985,5600,E,,,,
182,638,Réunion,1110,Mules and hinnies,1985,5,A,,,,
100,356,India,1110,Mules and hinnies,1985,154000,X,,,,
193,678,Sao Tome and Principe,1110,Mules and hinnies,1985,17,E,,,,
202,710,South Africa,1110,Mules and hinnies,1985,14000,E,,,,
228,810,USSR,1110,Mules and hinnies,1985,1100,A,,,,
41,156,"China, mainland",1110,Mules and hinnies,1985,4790000,A,,,,
49,192,Cuba,1110,Mules and hinnies,1985,28900,A,,,,
62,230,Ethiopia PDR,1110,Mules and hinnies,1985,490000,E,,,,
211,756,Switzerland,1110,Mules and hinnies,1985,360,E,,,,
103,368,Iraq,1110,Mules and hinnies,1985,25000,E,,,,
157,558,Nicaragua,1110,Mules and hinnies,1985,45100,E,,,,
165,586,Pakistan,1110,Mules and hinnies,1985,64000,A,,,,
174,620,Portugal,1110,Mules and hinnies,1985,85000,E,,,,
209,748,Eswatini,1110,Mules and hinnies,1985,186,A,,,,
234,858,Uruguay,1110,Mules and hinnies,1985,3500,E,,,,
35,132,Cabo Verde,1110,Mules and hinnies,1985,1300,E,,,,
117,410,Republic of Korea,1110,Mules and hinnies,1985,150,X,,,,
181,716,Zimbabwe,1110,Mules and hinnies,1985,1000,E,,,,
206,736,Sudan (former),1110,Mules and hinnies,1985,450,E,,,,
19,68,Bolivia (Plurinational State of),1110,Mules and hinnies,1985,80000,E,,,,
91,328,Guyana,1110,Mules and hinnies,1985,150,E,,,,
124,434,Libya,1110,Mules and hinnies,1985,,A,,,,
134,470,Malta,1110,Mules and hinnies,1985,300,E,,,,
21,76,Brazil,1110,Mules and hinnies,1985,1942983,A,,,,
44,170,Colombia,1110,Mules and hinnies,1985,600000,E,,,,
48,188,Costa Rica,1110,Mules and hinnies,1985,5000,E,,,,
189,662,Saint Lucia,1110,Mules and hinnies,1985,1000,E,,,,
28,104,Myanmar,1110,Mules and hinnies,1985,6480,E,,,,
87,312,Guadeloupe,1110,Mules and hinnies,1985,100,E,,,,
97,348,Hungary,1110,Mules and hinnies,1985,330,E,,,,
102,364,Iran (Islamic Republic of),1110,Mules and hinnies,1985,140500,E,,,,
106,380,Italy,1110,Mules and hinnies,1985,57000,A,,,,
216,764,Thailand,1110,Mules and hinnies,1985,80,E,,,,
223,792,Türkiye,1110,Mules and hinnies,1985,213000,A,,,,
236,862,Venezuela (Bolivarian Republic of),1110,Mules and hinnies,1985,72000,E,,,,
93,332,Haiti,1110,Mules and hinnies,1985,83000,E,,,,
121,422,Lebanon,1110,Mules and hinnies,1985,4500,E,,,,
84,300,Greece,1110,Mules and hinnies,1985,88749,A,,,,
109,388,Jamaica,1110,Mules and hinnies,1985,10000,E,,,,
170,604,Peru,1110,Mules and hinnies,1985,220000,E,,,,
248,890,Yugoslav SFR,1110,Mules and hinnies,1985,6000,E,,,,
9,32,Argentina,1110,Mules and hinnies,1985,165000,E,,,,
15,58,Belgium-Luxembourg,1110,Mules and hinnies,1985,500,A,,,,
56,214,Dominican Republic,1110,Mules and hinnies,1985,128000,A,,,,
68,250,France,1110,Mules and hinnies,1985,12000,E,,,,
122,426,Lesotho,1110,Mules and hinnies,1985,1000,E,,,,
169,600,Paraguay,1110,Mules and hinnies,1985,13000,E,,,,
201,706,Somalia,1110,Mules and hinnies,1985,22800,E,,,,
27,100,Bulgaria,1110,Mules and hinnies,1985,27196,A,,,,
40,152,Chile,1110,Mules and hinnies,1985,10000,E,,,,
58,218,Ecuador,1110,Mules and hinnies,1985,112200,A,,,,
86,308,Grenada,1110,Mules and hinnies,1985,50,E,,,,
231,840,United States of America,1110,Mules and hinnies,1985,28000,A,,,,
95,340,Honduras,1110,Mules and hinnies,1985,68200,E,,,,
203,724,Spain,1110,Mules and hinnies,1985,139000,A,,,,
18,64,Bhutan,1110,Mules and hinnies,1986,8500,E,,,,
50,196,Cyprus,1110,Mules and hinnies,1986,2000,A,,,,
209,748,Eswatini,1110,Mules and hinnies,1986,196,A,,,,
91,328,Guyana,1110,Mules and hinnies,1986,150,E,,,,
122,426,Lesotho,1110,Mules and hinnies,1986,1000,E,,,,
157,558,Nicaragua,1110,Mules and hinnies,1986,45200,E,,,,
202,710,South Africa,1110,Mules and hinnies,1986,14000,E,,,,
15,58,Belgium-Luxembourg,1110,Mules and hinnies,1986,,M,,,,
33,124,Canada,1110,Mules and hinnies,1986,4000,E,,,,
137,480,Mauritius,1110,Mules and hinnies,1986,20,E,,,,
201,706,Somalia,1110,Mules and hinnies,1986,23000,E,,,,
21,76,Brazil,1110,Mules and hinnies,1986,1921404,A,,,,
27,100,Bulgaria,1110,Mules and hinnies,1986,26312,A,,,,
93,332,Haiti,1110,Mules and hinnies,1986,84000,E,,,,
124,434,Libya,1110,Mules and hinnies,1986,,A,,,,
9,32,Argentina,1110,Mules and hinnies,1986,165000,E,,,,
14,52,Barbados,1110,Mules and hinnies,1986,2000,E,,,,
86,308,Grenada,1110,Mules and hinnies,1986,50,E,,,,
193,678,Sao Tome and Principe,1110,Mules and hinnies,1986,17,E,,,,
44,170,Colombia,1110,Mules and hinnies,1986,599839,A,,,,
59,818,Egypt,1110,Mules and hinnies,1986,700,A,,,,
103,368,Iraq,1110,Mules and hinnies,1986,25000,E,,,,
105,376,Israel,1110,Mules and hinnies,1986,1600,E,,,,
212,760,Syrian Arab Republic,1110,Mules and hinnies,1986,29000,A,,,,
248,890,Yugoslav SFR,1110,Mules and hinnies,1986,6000,E,,,,
49,192,Cuba,1110,Mules and hinnies,1986,30000,A,,,,
68,250,France,1110,Mules and hinnies,1986,12000,E,,,,
97,348,Hungary,1110,Mules and hinnies,1986,340,E,,,,
117,410,Republic of Korea,1110,Mules and hinnies,1986,50,E,,,,
189,662,Saint Lucia,1110,Mules and hinnies,1986,1000,E,,,,
236,862,Venezuela (Bolivarian Republic of),1110,Mules and hinnies,1986,72000,E,,,,
181,716,Zimbabwe,1110,Mules and hinnies,1986,1000,E,,,,
41,156,"China, mainland",1110,Mules and hinnies,1986,4972000,A,,,,
62,230,Ethiopia PDR,1110,Mules and hinnies,1986,510000,E,,,,
84,300,Greece,1110,Mules and hinnies,1986,84068,A,,,,
19,68,Bolivia (Plurinational State of),1110,Mules and hinnies,1986,80000,E,,,,
20,72,Botswana,1110,Mules and hinnies,1986,3000,E,,,,
60,222,El Salvador,1110,Mules and hinnies,1986,22800,E,,,,
143,504,Morocco,1110,Mules and hinnies,1986,493898,A,,,,
3,8,Albania,1110,Mules and hinnies,1986,19500,E,,,,
56,214,Dominican Republic,1110,Mules and hinnies,1986,130000,E,,,,
87,312,Guadeloupe,1110,Mules and hinnies,1986,100,E,,,,
104,372,Ireland,1110,Mules and hinnies,1986,1400,E,,,,
223,792,Türkiye,1110,Mules and hinnies,1986,206000,A,,,,
40,152,Chile,1110,Mules and hinnies,1986,10000,E,,,,
100,356,India,1110,Mules and hinnies,1986,162000,X,,,,
169,600,Paraguay,1110,Mules and hinnies,1986,13000,E,,,,
231,840,United States of America,1110,Mules and hinnies,1986,28000,E,,,,
102,364,Iran (Islamic Republic of),1110,Mules and hinnies,1986,139000,E,,,,
203,724,Spain,1110,Mules and hinnies,1986,117131,A,,,,
206,736,Sudan (former),1110,Mules and hinnies,1986,500,E,,,,
222,788,Tunisia,1110,Mules and hinnies,1986,74700,E,,,,
134,470,Malta,1110,Mules and hinnies,1986,300,E,,,,
234,858,Uruguay,1110,Mules and hinnies,1986,3550,E,,,,
106,380,Italy,1110,Mules and hinnies,1986,55500,A,,,,
4,12,Algeria,1110,Mules and hinnies,1986,131060,A,,,,
170,604,Peru,1110,Mules and hinnies,1986,220000,E,,,,
220,780,Trinidad and Tobago,1110,Mules and hinnies,1986,1700,E,,,,
58,218,Ecuador,1110,Mules and hinnies,1986,105000,A,,,,
95,340,Honduras,1110,Mules and hinnies,1986,68300,E,,,,
121,422,Lebanon,1110,Mules and hinnies,1986,5000,E,,,,
174,620,Portugal,1110,Mules and hinnies,1986,85000,E,,,,
177,630,Puerto Rico,1110,Mules and hinnies,1986,2400,E,,,,
23,84,Belize,1110,Mules and hinnies,1986,4400,E,,,,
48,188,Costa Rica,1110,Mules and hinnies,1986,5000,E,,,,
89,320,Guatemala,1110,Mules and hinnies,1986,37500,E,,,,
109,388,Jamaica,1110,Mules and hinnies,1986,10000,E,,,,
112,400,Jordan,1110,Mules and hinnies,1986,2750,E,,,,
138,484,Mexico,1110,Mules and hinnies,1986,3140000,E,,,,
28,104,Myanmar,1110,Mules and hinnies,1986,6100,E,,,,
147,516,Namibia,1110,Mules and hinnies,1986,5600,E,,,,
166,591,Panama,1110,Mules and hinnies,1986,3200,E,,,,
182,638,Réunion,1110,Mules and hinnies,1986,5,A,,,,
2,4,Afghanistan,1110,Mules and hinnies,1986,30000,X,,,,
35,132,Cabo Verde,1110,Mules and hinnies,1986,1102,A,,,,
165,586,Pakistan,1110,Mules and hinnies,1986,65000,A,,,,
211,756,Switzerland,1110,Mules and hinnies,1986,365,E,,,,
216,764,Thailand,1110,Mules and hinnies,1986,70,E,,,,
228,810,USSR,1110,Mules and hinnies,1986,1100,A,,,,
109,388,Jamaica,1110,Mules and hinnies,1987,10000,E,,,,
58,218,Ecuador,1110,Mules and hinnies,1987,113000,A,,,,
62,230,Ethiopia PDR,1110,Mules and hinnies,1987,530000,E,,,,
121,422,Lebanon,1110,Mules and hinnies,1987,5500,E,,,,
170,604,Peru,1110,Mules and hinnies,1987,220000,E,,,,
236,862,Venezuela (Bolivarian Republic of),1110,Mules and hinnies,1987,72000,E,,,,
9,32,Argentina,1110,Mules and hinnies,1987,167000,E,,,,
20,72,Botswana,1110,Mules and hinnies,1987,2500,E,,,,
91,328,Guyana,1110,Mules and hinnies,1987,150,E,,,,
104,372,Ireland,1110,Mules and hinnies,1987,1300,E,,,,
124,434,Libya,1110,Mules and hinnies,1987,,A,,,,
137,480,Mauritius,1110,Mules and hinnies,1987,20,E,,,,
166,591,Panama,1110,Mules and hinnies,1987,3300,E,,,,
182,638,Réunion,1110,Mules and hinnies,1987,5,A,,,,
49,192,Cuba,1110,Mules and hinnies,1987,31000,A,,,,
100,356,India,1110,Mules and hinnies,1987,167000,A,,,,
174,620,Portugal,1110,Mules and hinnies,1987,80000,E,,,,
56,214,Dominican Republic,1110,Mules and hinnies,1987,130000,E,,,,
89,320,Guatemala,1110,Mules and hinnies,1987,37500,E,,,,
147,516,Namibia,1110,Mules and hinnies,1987,5600,E,,,,
165,586,Pakistan,1110,Mules and hinnies,1987,65000,A,,,,
216,764,Thailand,1110,Mules and hinnies,1987,60,E,,,,
4,12,Algeria,1110,Mules and hinnies,1987,126890,A,,,,
33,124,Canada,1110,Mules and hinnies,1987,4000,E,,,,
59,818,Egypt,1110,Mules and hinnies,1987,700,E,,,,
202,710,South Africa,1110,Mules and hinnies,1987,14000,E,,,,
19,68,Bolivia (Plurinational State of),1110,Mules and hinnies,1987,80000,E,,,,
84,300,Greece,1110,Mules and hinnies,1987,88749,A,,,,
189,662,Saint Lucia,1110,Mules and hinnies,1987,1000,E,,,,
193,678,Sao Tome and Principe,1110,Mules and hinnies,1987,17,E,,,,
40,152,Chile,1110,Mules and hinnies,1987,10000,E,,,,
44,170,Colombia,1110,Mules and hinnies,1987,605800,A,,,,
112,400,Jordan,1110,Mules and hinnies,1987,2700,A,,,,
169,600,Paraguay,1110,Mules and hinnies,1987,13500,E,,,,
222,788,Tunisia,1110,Mules and hinnies,1987,75400,E,,,,
28,104,Myanmar,1110,Mules and hinnies,1987,5750,E,,,,
117,410,Republic of Korea,1110,Mules and hinnies,1987,23,A,,,,
212,760,Syrian Arab Republic,1110,Mules and hinnies,1987,28000,A,,,,
223,792,Türkiye,1110,Mules and hinnies,1987,216000,A,,,,
93,332,Haiti,1110,Mules and hinnies,1987,84000,E,,,,
143,504,Morocco,1110,Mules and hinnies,1987,523770,A,,,,
248,890,Yugoslav SFR,1110,Mules and hinnies,1987,5000,E,,,,
15,58,Belgium-Luxembourg,1110,Mules and hinnies,1987,,M,,,,
21,76,Brazil,1110,Mules and hinnies,1987,1952362,A,,,,
134,470,Malta,1110,Mules and hinnies,1987,300,E,,,,
181,716,Zimbabwe,1110,Mules and hinnies,1987,1000,E,,,,
201,706,Somalia,1110,Mules and hinnies,1987,23200,E,,,,
209,748,Eswatini,1110,Mules and hinnies,1987,156,A,,,,
2,4,Afghanistan,1110,Mules and hinnies,1987,29000,E,,,,
23,84,Belize,1110,Mules and hinnies,1987,4400,E,,,,
27,100,Bulgaria,1110,Mules and hinnies,1987,25713,A,,,,
41,156,"China, mainland",1110,Mules and hinnies,1987,5113000,A,,,,
48,188,Costa Rica,1110,Mules and hinnies,1987,5000,E,,,,
50,196,Cyprus,1110,Mules and hinnies,1987,2000,A,,,,
97,348,Hungary,1110,Mules and hinnies,1987,347,A,,,,
102,364,Iran (Islamic Republic of),1110,Mules and hinnies,1987,138000,E,,,,
177,630,Puerto Rico,1110,Mules and hinnies,1987,2400,E,,,,
206,736,Sudan (former),1110,Mules and hinnies,1987,510,E,,,,
68,250,France,1110,Mules and hinnies,1987,12000,E,,,,
87,312,Guadeloupe,1110,Mules and hinnies,1987,100,E,,,,
157,558,Nicaragua,1110,Mules and hinnies,1987,45300,E,,,,
14,52,Barbados,1110,Mules and hinnies,1987,2000,E,,,,
35,132,Cabo Verde,1110,Mules and hinnies,1987,1100,E,,,,
86,308,Grenada,1110,Mules and hinnies,1987,50,E,,,,
211,756,Switzerland,1110,Mules and hinnies,1987,350,E,,,,
3,8,Albania,1110,Mules and hinnies,1987,19500,E,,,,
60,222,El Salvador,1110,Mules and hinnies,1987,22900,E,,,,
95,340,Honduras,1110,Mules and hinnies,1987,68500,E,,,,
103,368,Iraq,1110,Mules and hinnies,1987,25000,E,,,,
106,380,Italy,1110,Mules and hinnies,1987,52000,A,,,,
138,484,Mexico,1110,Mules and hinnies,1987,3150000,E,,,,
220,780,Trinidad and Tobago,1110,Mules and hinnies,1987,1700,E,,,,
18,64,Bhutan,1110,Mules and hinnies,1987,8600,E,,,,
105,376,Israel,1110,Mules and hinnies,1987,1600,E,,,,
122,426,Lesotho,1110,Mules and hinnies,1987,1000,E,,,,
228,810,USSR,1110,Mules and hinnies,1987,1300,A,,,,
231,840,United States of America,1110,Mules and hinnies,1987,28000,E,,,,
203,724,Spain,1110,Mules and hinnies,1987,117000,A,,,,
234,858,Uruguay,1110,Mules and hinnies,1987,3550,E,,,,
40,152,Chile,1110,Mules and hinnies,1988,10000,E,,,,
174,620,Portugal,1110,Mules and hinnies,1988,80000,E,,,,
56,214,Dominican Republic,1110,Mules and hinnies,1988,132000,E,,,,
157,558,Nicaragua,1110,Mules and hinnies,1988,45000,E,,,,
222,788,Tunisia,1110,Mules and hinnies,1988,76200,E,,,,
248,890,Yugoslav SFR,1110,Mules and hinnies,1988,5000,E,,,,
181,716,Zimbabwe,1110,Mules and hinnies,1988,1000,E,,,,
86,308,Grenada,1110,Mules and hinnies,1988,50,E,,,,
95,340,Honduras,1110,Mules and hinnies,1988,68500,E,,,,
124,434,Libya,1110,Mules and hinnies,1988,,A,,,,
41,156,"China, mainland",1110,Mules and hinnies,1988,5248000,A,,,,
68,250,France,1110,Mules and hinnies,1988,12000,E,,,,
170,604,Peru,1110,Mules and hinnies,1988,220000,E,,,,
182,638,Réunion,1110,Mules and hinnies,1988,5,A,,,,
206,736,Sudan (former),1110,Mules and hinnies,1988,500,E,,,,
4,12,Algeria,1110,Mules and hinnies,1988,113130,A,,,,
87,312,Guadeloupe,1110,Mules and hinnies,1988,100,E,,,,
97,348,Hungary,1110,Mules and hinnies,1988,350,E,,,,
117,410,Republic of Korea,1110,Mules and hinnies,1988,15,A,,,,
234,858,Uruguay,1110,Mules and hinnies,1988,3550,E,,,,
58,218,Ecuador,1110,Mules and hinnies,1988,115900,A,,,,
121,422,Lebanon,1110,Mules and hinnies,1988,6000,E,,,,
143,504,Morocco,1110,Mules and hinnies,1988,511262,A,,,,
147,516,Namibia,1110,Mules and hinnies,1988,5600,E,,,,
169,600,Paraguay,1110,Mules and hinnies,1988,13500,E,,,,
212,760,Syrian Arab Republic,1110,Mules and hinnies,1988,27000,A,,,,
20,72,Botswana,1110,Mules and hinnies,1988,2000,A,,,,
48,188,Costa Rica,1110,Mules and hinnies,1988,5000,E,,,,
62,230,Ethiopia PDR,1110,Mules and hinnies,1988,550000,E,,,,
105,376,Israel,1110,Mules and hinnies,1988,1600,E,,,,
216,764,Thailand,1110,Mules and hinnies,1988,50,E,,,,
19,68,Bolivia (Plurinational State of),1110,Mules and hinnies,1988,80000,E,,,,
27,100,Bulgaria,1110,Mules and hinnies,1988,24906,A,,,,
89,320,Guatemala,1110,Mules and hinnies,1988,37600,E,,,,
91,328,Guyana,1110,Mules and hinnies,1988,150,E,,,,
193,678,Sao Tome and Principe,1110,Mules and hinnies,1988,17,E,,,,
201,706,Somalia,1110,Mules and hinnies,1988,23400,E,,,,
231,840,United States of America,1110,Mules and hinnies,1988,28000,E,,,,
2,4,Afghanistan,1110,Mules and hinnies,1988,28000,E,,,,
14,52,Barbados,1110,Mules and hinnies,1988,2000,E,,,,
33,124,Canada,1110,Mules and hinnies,1988,4000,E,,,,
35,132,Cabo Verde,1110,Mules and hinnies,1988,1230,A,,,,
44,170,Colombia,1110,Mules and hinnies,1988,611890,A,,,,
109,388,Jamaica,1110,Mules and hinnies,1988,10000,E,,,,
228,810,USSR,1110,Mules and hinnies,1988,1300,E,,,,
84,300,Greece,1110,Mules and hinnies,1988,74944,A,,,,
134,470,Malta,1110,Mules and hinnies,1988,300,E,,,,
137,480,Mauritius,1110,Mules and hinnies,1988,20,E,,,,
177,630,Puerto Rico,1110,Mules and hinnies,1988,2450,E,,,,
202,710,South Africa,1110,Mules and hinnies,1988,14000,E,,,,
209,748,Eswatini,1110,Mules and hinnies,1988,156,A,,,,
220,780,Trinidad and Tobago,1110,Mules and hinnies,1988,1700,E,,,,
93,332,Haiti,1110,Mules and hinnies,1988,85000,E,,,,
106,380,Italy,1110,Mules and hinnies,1988,50400,A,,,,
189,662,Saint Lucia,1110,Mules and hinnies,1988,1000,E,,,,
60,222,El Salvador,1110,Mules and hinnies,1988,23000,E,,,,
102,364,Iran (Islamic Republic of),1110,Mules and hinnies,1988,137000,E,,,,
122,426,Lesotho,1110,Mules and hinnies,1988,1000,E,,,,
23,84,Belize,1110,Mules and hinnies,1988,4400,E,,,,
49,192,Cuba,1110,Mules and hinnies,1988,32000,A,,,,
50,196,Cyprus,1110,Mules and hinnies,1988,1800,A,,,,
100,356,India,1110,Mules and hinnies,1988,176000,X,,,,
103,368,Iraq,1110,Mules and hinnies,1988,25500,E,,,,
104,372,Ireland,1110,Mules and hinnies,1988,1300,E,,,,
166,591,Panama,1110,Mules and hinnies,1988,3400,E,,,,
223,792,Türkiye,1110,Mules and hinnies,1988,205000,A,,,,
236,862,Venezuela (Bolivarian Republic of),1110,Mules and hinnies,1988,72000,E,,,,
3,8,Albania,1110,Mules and hinnies,1988,19500,E,,,,
15,58,Belgium-Luxembourg,1110,Mules and hinnies,1988,,M,,,,
21,76,Brazil,1110,Mules and hinnies,1988,1983720,A,,,,
112,400,Jordan,1110,Mules and hinnies,1988,2700,A,,,,
9,32,Argentina,1110,Mules and hinnies,1988,168000,E,,,,
59,818,Egypt,1110,Mules and hinnies,1988,720,E,,,,
138,484,Mexico,1110,Mules and hinnies,1988,3160000,E,,,,
165,586,Pakistan,1110,Mules and hinnies,1988,71000,A,,,,
203,724,Spain,1110,Mules and hinnies,1988,117000,A,,,,
18,64,Bhutan,1110,Mules and hinnies,1988,8900,E,,,,
28,104,Myanmar,1110,Mules and hinnies,1988,5200,E,,,,
211,756,Switzerland,1110,Mules and hinnies,1988,349,A,,,,
56,214,Dominican Republic,1110,Mules and hinnies,1989,132000,E,,,,
62,230,Ethiopia PDR,1110,Mules and hinnies,1989,570000,E,,,,
97,348,Hungary,1110,Mules and hinnies,1989,350,E,,,,
169,600,Paraguay,1110,Mules and hinnies,1989,14000,E,,,,
182,638,Réunion,1110,Mules and hinnies,1989,5,A,,,,
212,760,Syrian Arab Republic,1110,Mules and hinnies,1989,27000,A,,,,
220,780,Trinidad and Tobago,1110,Mules and hinnies,1989,1700,E,,,,
9,32,Argentina,1110,Mules and hinnies,1989,170000,E,,,,
23,84,Belize,1110,Mules and hinnies,1989,4400,E,,,,
48,188,Costa Rica,1110,Mules and hinnies,1989,5000,E,,,,
102,364,Iran (Islamic Republic of),1110,Mules and hinnies,1989,136000,X,,,,
165,586,Pakistan,1110,Mules and hinnies,1989,72000,A,,,,
91,328,Guyana,1110,Mules and hinnies,1989,150,E,,,,
109,388,Jamaica,1110,Mules and hinnies,1989,10000,E,,,,
89,320,Guatemala,1110,Mules and hinnies,1989,37600,E,,,,
189,662,Saint Lucia,1110,Mules and hinnies,1989,1000,E,,,,
21,76,Brazil,1110,Mules and hinnies,1989,2009343,A,,,,
84,300,Greece,1110,Mules and hinnies,1989,70468,A,,,,
15,58,Belgium-Luxembourg,1110,Mules and hinnies,1989,,M,,,,
157,558,Nicaragua,1110,Mules and hinnies,1989,45000,E,,,,
216,764,Thailand,1110,Mules and hinnies,1989,40,E,,,,
20,72,Botswana,1110,Mules and hinnies,1989,2250,A,,,,
28,104,Myanmar,1110,Mules and hinnies,1989,5320,E,,,,
93,332,Haiti,1110,Mules and hinnies,1989,85000,E,,,,
166,591,Panama,1110,Mules and hinnies,1989,3500,E,,,,
201,706,Somalia,1110,Mules and hinnies,1989,23600,E,,,,
222,788,Tunisia,1110,Mules and hinnies,1989,77100,E,,,,
50,196,Cyprus,1110,Mules and hinnies,1989,1500,A,,,,
58,218,Ecuador,1110,Mules and hinnies,1989,124200,A,,,,
143,504,Morocco,1110,Mules and hinnies,1989,515122,A,,,,
174,620,Portugal,1110,Mules and hinnies,1989,80000,E,,,,
223,792,Türkiye,1110,Mules and hinnies,1989,208000,A,,,,
234,858,Uruguay,1110,Mules and hinnies,1989,3550,E,,,,
4,12,Algeria,1110,Mules and hinnies,1989,101150,A,,,,
86,308,Grenada,1110,Mules and hinnies,1989,50,E,,,,
104,372,Ireland,1110,Mules and hinnies,1989,1300,E,,,,
121,422,Lebanon,1110,Mules and hinnies,1989,6500,E,,,,
134,470,Malta,1110,Mules and hinnies,1989,300,A,,,,
202,710,South Africa,1110,Mules and hinnies,1989,14000,E,,,,
19,68,Bolivia (Plurinational State of),1110,Mules and hinnies,1989,80000,E,,,,
27,100,Bulgaria,1110,Mules and hinnies,1989,24128,A,,,,
33,124,Canada,1110,Mules and hinnies,1989,4000,E,,,,
49,192,Cuba,1110,Mules and hinnies,1989,30500,A,,,,
103,368,Iraq,1110,Mules and hinnies,1989,26000,E,,,,
105,376,Israel,1110,Mules and hinnies,1989,1600,E,,,,
112,400,Jordan,1110,Mules and hinnies,1989,2700,A,,,,
137,480,Mauritius,1110,Mules and hinnies,1989,20,E,,,,
181,716,Zimbabwe,1110,Mules and hinnies,1989,1000,E,,,,
209,748,Eswatini,1110,Mules and hinnies,1989,152,A,,,,
35,132,Cabo Verde,1110,Mules and hinnies,1989,1700,A,,,,
60,222,El Salvador,1110,Mules and hinnies,1989,23100,E,,,,
147,516,Namibia,1110,Mules and hinnies,1989,5600,E,,,,
40,152,Chile,1110,Mules and hinnies,1989,10000,E,,,,
68,250,France,1110,Mules and hinnies,1989,12000,E,,,,
203,724,Spain,1110,Mules and hinnies,1989,117000,A,,,,
44,170,Colombia,1110,Mules and hinnies,1989,618000,A,,,,
100,356,India,1110,Mules and hinnies,1989,181000,X,,,,
177,630,Puerto Rico,1110,Mules and hinnies,1989,2500,E,,,,
211,756,Switzerland,1110,Mules and hinnies,1989,350,E,,,,
248,890,Yugoslav SFR,1110,Mules and hinnies,1989,5000,E,,,,
41,156,"China, mainland",1110,Mules and hinnies,1989,5366000,A,,,,
117,410,Republic of Korea,1110,Mules and hinnies,1989,17,A,,,,
122,426,Lesotho,1110,Mules and hinnies,1989,1000,E,,,,
138,484,Mexico,1110,Mules and hinnies,1989,3170000,E,,,,
170,604,Peru,1110,Mules and hinnies,1989,220000,E,,,,
193,678,Sao Tome and Principe,1110,Mules and hinnies,1989,20,E,,,,
206,736,Sudan (former),1110,Mules and hinnies,1989,520,E,,,,
228,810,USSR,1110,Mules and hinnies,1989,1300,E,,,,
231,840,United States of America,1110,Mules and hinnies,1989,28000,E,,,,
236,862,Venezuela (Bolivarian Republic of),1110,Mules and hinnies,1989,72000,E,,,,
18,64,Bhutan,1110,Mules and hinnies,1989,9100,E,,,,
124,434,Libya,1110,Mules and hinnies,1989,,A,,,,
2,4,Afghanistan,1110,Mules and hinnies,1989,27000,E,,,,
3,8,Albania,1110,Mules and hinnies,1989,19500,E,,,,
14,52,Barbados,1110,Mules and hinnies,1989,2000,E,,,,
59,818,Egypt,1110,Mules and hinnies,1989,730,E,,,,
87,312,Guadeloupe,1110,Mules and hinnies,1989,100,E,,,,
95,340,Honduras,1110,Mules and hinnies,1989,68600,E,,,,
106,380,Italy,1110,Mules and hinnies,1989,47000,A,,,,
84,300,Greece,1110,Mules and hinnies,1990,65015,A,,,,
105,376,Israel,1110,Mules and hinnies,1990,1600,E,,,,
121,422,Lebanon,1110,Mules and hinnies,1990,7000,E,,,,
147,516,Namibia,1110,Mules and hinnies,1990,5600,E,,,,
182,638,Réunion,1110,Mules and hinnies,1990,5,A,,,,
4,12,Algeria,1110,Mules and hinnies,1990,100180,A,,,,
58,218,Ecuador,1110,Mules and hinnies,1990,131490,A,,,,
62,230,Ethiopia PDR,1110,Mules and hinnies,1990,590000,E,,,,
122,426,Lesotho,1110,Mules and hinnies,1990,1000,E,,,,
169,600,Paraguay,1110,Mules and hinnies,1990,14000,E,,,,
203,724,Spain,1110,Mules and hinnies,1990,117000,A,,,,
18,64,Bhutan,1110,Mules and hinnies,1990,9300,E,,,,
20,72,Botswana,1110,Mules and hinnies,1990,2500,E,,,,
93,332,Haiti,1110,Mules and hinnies,1990,83000,E,,,,
112,400,Jordan,1110,Mules and hinnies,1990,2700,E,,,,
222,788,Tunisia,1110,Mules and hinnies,1990,78100,E,,,,
234,858,Uruguay,1110,Mules and hinnies,1990,3600,E,,,,
9,32,Argentina,1110,Mules and hinnies,1990,172000,E,,,,
14,52,Barbados,1110,Mules and hinnies,1990,2000,E,,,,
59,818,Egypt,1110,Mules and hinnies,1990,735,E,,,,
68,250,France,1110,Mules and hinnies,1990,12973,A,,,,
138,484,Mexico,1110,Mules and hinnies,1990,3180000,E,,,,
143,504,Morocco,1110,Mules and hinnies,1990,522831,A,,,,
181,716,Zimbabwe,1110,Mules and hinnies,1990,1000,E,,,,
44,170,Colombia,1110,Mules and hinnies,1990,618000,E,,,,
48,188,Costa Rica,1110,Mules and hinnies,1990,5000,E,,,,
170,604,Peru,1110,Mules and hinnies,1990,222000,E,,,,
228,810,USSR,1110,Mules and hinnies,1990,1300,E,,,,
231,840,United States of America,1110,Mules and hinnies,1990,28000,E,,,,
19,68,Bolivia (Plurinational State of),1110,Mules and hinnies,1990,80000,E,,,,
23,84,Belize,1110,Mules and hinnies,1990,4400,E,,,,
40,152,Chile,1110,Mules and hinnies,1990,10000,E,,,,
102,364,Iran (Islamic Republic of),1110,Mules and hinnies,1990,136000,E,,,,
166,591,Panama,1110,Mules and hinnies,1990,3600,E,,,,
193,678,Sao Tome and Principe,1110,Mules and hinnies,1990,20,E,,,,
206,736,Sudan (former),1110,Mules and hinnies,1990,530,E,,,,
87,312,Guadeloupe,1110,Mules and hinnies,1990,100,E,,,,
91,328,Guyana,1110,Mules and hinnies,1990,150,E,,,,
109,388,Jamaica,1110,Mules and hinnies,1990,10000,E,,,,
137,480,Mauritius,1110,Mules and hinnies,1990,20,E,,,,
248,890,Yugoslav SFR,1110,Mules and hinnies,1990,4000,E,,,,
15,58,Belgium-Luxembourg,1110,Mules and hinnies,1990,,M,,,,
117,410,Republic of Korea,1110,Mules and hinnies,1990,6,A,,,,
49,192,Cuba,1110,Mules and hinnies,1990,31200,A,,,,
97,348,Hungary,1110,Mules and hinnies,1990,300,E,,,,
106,380,Italy,1110,Mules and hinnies,1990,43100,A,,,,
202,710,South Africa,1110,Mules and hinnies,1990,14000,E,,,,
220,780,Trinidad and Tobago,1110,Mules and hinnies,1990,1700,E,,,,
33,124,Canada,1110,Mules and hinnies,1990,4000,E,,,,
35,132,Cabo Verde,1110,Mules and hinnies,1990,1600,E,,,,
103,368,Iraq,1110,Mules and hinnies,1990,26500,E,,,,
104,372,Ireland,1110,Mules and hinnies,1990,1200,E,,,,
3,8,Albania,1110,Mules and hinnies,1990,19600,A,,,,
157,558,Nicaragua,1110,Mules and hinnies,1990,45100,E,,,,
177,630,Puerto Rico,1110,Mules and hinnies,1990,2500,E,,,,
209,748,Eswatini,1110,Mules and hinnies,1990,46,A,,,,
211,756,Switzerland,1110,Mules and hinnies,1990,350,E,,,,
41,156,"China, mainland",1110,Mules and hinnies,1990,5391000,A,,,,
50,196,Cyprus,1110,Mules and hinnies,1990,1500,E,,,,
28,104,Myanmar,1110,Mules and hinnies,1990,5000,E,,,,
201,706,Somalia,1110,Mules and hinnies,1990,23000,E,,,,
216,764,Thailand,1110,Mules and hinnies,1990,30,E,,,,
223,792,Türkiye,1110,Mules and hinnies,1990,210000,A,,,,
60,222,El Salvador,1110,Mules and hinnies,1990,23200,E,,,,
86,308,Grenada,1110,Mules and hinnies,1990,50,E,,,,
189,662,Saint Lucia,1110,Mules and hinnies,1990,1000,E,,,,
27,100,Bulgaria,1110,Mules and hinnies,1990,21751,A,,,,
100,356,India,1110,Mules and hinnies,1990,187000,X,,,,
124,434,Libya,1110,Mules and hinnies,1990,,A,,,,
89,320,Guatemala,1110,Mules and hinnies,1990,37700,E,,,,
236,862,Venezuela (Bolivarian Republic of),1110,Mules and hinnies,1990,72000,E,,,,
2,4,Afghanistan,1110,Mules and hinnies,1990,26000,E,,,,
21,76,Brazil,1110,Mules and hinnies,1990,2032924,A,,,,
56,214,Dominican Republic,1110,Mules and hinnies,1990,133000,E,,,,
95,340,Honduras,1110,Mules and hinnies,1990,68700,E,,,,
134,470,Malta,1110,Mules and hinnies,1990,300,E,,,,
165,586,Pakistan,1110,Mules and hinnies,1990,72000,A,,,,
174,620,Portugal,1110,Mules and hinnies,1990,22695,I,,,,
212,760,Syrian Arab Republic,1110,Mules and hinnies,1990,26000,A,,,,
48,188,Costa Rica,1110,Mules and hinnies,1991,5000,E,,,,
95,340,Honduras,1110,Mules and hinnies,1991,68800,E,,,,
166,591,Panama,1110,Mules and hinnies,1991,3680,A,,,,
44,170,Colombia,1110,Mules and hinnies,1991,620000,E,,,,
50,196,Cyprus,1110,Mules and hinnies,1991,1500,E,,,,
58,218,Ecuador,1110,Mules and hinnies,1991,141000,A,,,,
103,368,Iraq,1110,Mules and hinnies,1991,10000,E,,,,
169,600,Paraguay,1110,Mules and hinnies,1991,14000,E,,,,
206,736,Sudan (former),1110,Mules and hinnies,1991,550,E,,,,
234,858,Uruguay,1110,Mules and hinnies,1991,3600,E,,,,
9,32,Argentina,1110,Mules and hinnies,1991,172000,E,,,,
33,124,Canada,1110,Mules and hinnies,1991,4000,E,,,,
89,320,Guatemala,1110,Mules and hinnies,1991,37800,E,,,,
93,332,Haiti,1110,Mules and hinnies,1991,82000,E,,,,
104,372,Ireland,1110,Mules and hinnies,1991,1000,X,,,,
112,400,Jordan,1110,Mules and hinnies,1991,2700,E,,,,
174,620,Portugal,1110,Mules and hinnies,1991,21911,I,,,,
3,8,Albania,1110,Mules and hinnies,1991,19500,A,,,,
4,12,Algeria,1110,Mules and hinnies,1991,101010,A,,,,
41,156,"China, mainland",1110,Mules and hinnies,1991,5494000,A,,,,
62,230,Ethiopia PDR,1110,Mules and hinnies,1991,610000,E,,,,
143,504,Morocco,1110,Mules and hinnies,1991,529100,A,,,,
157,558,Nicaragua,1110,Mules and hinnies,1991,45200,E,,,,
211,756,Switzerland,1110,Mules and hinnies,1991,300,E,,,,
2,4,Afghanistan,1110,Mules and hinnies,1991,25000,E,,,,
97,348,Hungary,1110,Mules and hinnies,1991,222,A,,,,
106,380,Italy,1110,Mules and hinnies,1991,32970,A,,,,
109,388,Jamaica,1110,Mules and hinnies,1991,10000,E,,,,
202,710,South Africa,1110,Mules and hinnies,1991,14000,E,,,,
216,764,Thailand,1110,Mules and hinnies,1991,30,E,,,,
165,586,Pakistan,1110,Mules and hinnies,1991,74000,A,,,,
68,250,France,1110,Mules and hinnies,1991,12662,A,,,,
84,300,Greece,1110,Mules and hinnies,1991,59631,A,,,,
86,308,Grenada,1110,Mules and hinnies,1991,50,E,,,,
124,434,Libya,1110,Mules and hinnies,1991,,A,,,,
248,890,Yugoslav SFR,1110,Mules and hinnies,1991,4000,E,,,,
117,410,Republic of Korea,1110,Mules and hinnies,1991,2,A,,,,
182,638,Réunion,1110,Mules and hinnies,1991,5,A,,,,
193,678,Sao Tome and Principe,1110,Mules and hinnies,1991,20,E,,,,
14,52,Barbados,1110,Mules and hinnies,1991,2000,E,,,,
91,328,Guyana,1110,Mules and hinnies,1991,150,E,,,,
28,104,Myanmar,1110,Mules and hinnies,1991,4500,E,,,,
40,152,Chile,1110,Mules and hinnies,1991,10000,E,,,,
49,192,Cuba,1110,Mules and hinnies,1991,32000,A,,,,
56,214,Dominican Republic,1110,Mules and hinnies,1991,133000,E,,,,
102,364,Iran (Islamic Republic of),1110,Mules and hinnies,1991,136000,E,,,,
27,100,Bulgaria,1110,Mules and hinnies,1991,19456,A,,,,
122,426,Lesotho,1110,Mules and hinnies,1991,1000,E,,,,
212,760,Syrian Arab Republic,1110,Mules and hinnies,1991,25000,A,,,,
222,788,Tunisia,1110,Mules and hinnies,1991,79100,E,,,,
223,792,Türkiye,1110,Mules and hinnies,1991,191850,A,,,,
228,810,USSR,1110,Mules and hinnies,1991,1300,E,,,,
20,72,Botswana,1110,Mules and hinnies,1991,2500,E,,,,
100,356,India,1110,Mules and hinnies,1991,194000,X,,,,
134,470,Malta,1110,Mules and hinnies,1991,300,E,,,,
137,480,Mauritius,1110,Mules and hinnies,1991,20,E,,,,
220,780,Trinidad and Tobago,1110,Mules and hinnies,1991,1700,E,,,,
18,64,Bhutan,1110,Mules and hinnies,1991,9400,E,,,,
35,132,Cabo Verde,1110,Mules and hinnies,1991,1554,A,,,,
60,222,El Salvador,1110,Mules and hinnies,1991,23300,E,,,,
121,422,Lebanon,1110,Mules and hinnies,1991,7971,A,,,,
138,484,Mexico,1110,Mules and hinnies,1991,3190000,E,,,,
170,604,Peru,1110,Mules and hinnies,1991,222000,E,,,,
177,630,Puerto Rico,1110,Mules and hinnies,1991,2500,E,,,,
236,862,Venezuela (Bolivarian Republic of),1110,Mules and hinnies,1991,72000,E,,,,
19,68,Bolivia (Plurinational State of),1110,Mules and hinnies,1991,80000,E,,,,
59,818,Egypt,1110,Mules and hinnies,1991,220,A,,,,
105,376,Israel,1110,Mules and hinnies,1991,1600,E,,,,
181,716,Zimbabwe,1110,Mules and hinnies,1991,1000,E,,,,
203,724,Spain,1110,Mules and hinnies,1991,117000,A,,,,
23,84,Belize,1110,Mules and hinnies,1991,4400,E,,,,
87,312,Guadeloupe,1110,Mules and hinnies,1991,100,E,,,,
147,516,Namibia,1110,Mules and hinnies,1991,5600,E,,,,
201,706,Somalia,1110,Mules and hinnies,1991,20000,E,,,,
21,76,Brazil,1110,Mules and hinnies,1991,2035039,A,,,,
189,662,Saint Lucia,1110,Mules and hinnies,1991,1000,E,,,,
209,748,Eswatini,1110,Mules and hinnies,1991,124,A,,,,
231,840,United States of America,1110,Mules and hinnies,1991,28000,E,,,,
2,4,Afghanistan,1110,Mules and hinnies,1992,24000,E,,,,
202,710,South Africa,1110,Mules and hinnies,1992,14000,E,,,,
87,312,Guadeloupe,1110,Mules and hinnies,1992,100,E,,,,
203,724,Spain,1110,Mules and hinnies,1992,117000,A,,,,
231,840,United States of America,1110,Mules and hinnies,1992,28000,E,,,,
49,192,Cuba,1110,Mules and hinnies,1992,32700,A,,,,
59,818,Egypt,1110,Mules and hinnies,1992,220,A,,,,
102,364,Iran (Islamic Republic of),1110,Mules and hinnies,1992,136000,E,,,,
181,716,Zimbabwe,1110,Mules and hinnies,1992,1000,E,,,,
9,32,Argentina,1110,Mules and hinnies,1992,173000,E,,,,
56,214,Dominican Republic,1110,Mules and hinnies,1992,133000,E,,,,
97,348,Hungary,1110,Mules and hinnies,1992,220,E,,,,
134,470,Malta,1110,Mules and hinnies,1992,300,E,,,,
165,586,Pakistan,1110,Mules and hinnies,1992,75000,A,,,,
212,760,Syrian Arab Republic,1110,Mules and hinnies,1992,26629,A,,,,
4,12,Algeria,1110,Mules and hinnies,1992,91780,A,,,,
112,400,Jordan,1110,Mules and hinnies,1992,2700,E,,,,
182,638,Réunion,1110,Mules and hinnies,1992,5,A,,,,
201,706,Somalia,1110,Mules and hinnies,1992,17000,E,,,,
206,736,Sudan (former),1110,Mules and hinnies,1992,555,E,,,,
40,152,Chile,1110,Mules and hinnies,1992,10000,E,,,,
73,268,Georgia,1110,Mules and hinnies,1992,200,E,,,,
170,604,Peru,1110,Mules and hinnies,1992,224000,E,,,,
222,788,Tunisia,1110,Mules and hinnies,1992,80000,E,,,,
95,340,Honduras,1110,Mules and hinnies,1992,68900,E,,,,
169,600,Paraguay,1110,Mules and hinnies,1992,14000,E,,,,
185,643,Russian Federation,1110,Mules and hinnies,1992,100,A,,,,
18,64,Bhutan,1110,Mules and hinnies,1992,9600,E,,,,
105,376,Israel,1110,Mules and hinnies,1992,1600,E,,,,
117,410,Republic of Korea,1110,Mules and hinnies,1992,2,E,,,,
143,504,Morocco,1110,Mules and hinnies,1992,528426,A,,,,
209,748,Eswatini,1110,Mules and hinnies,1992,71,A,,,,
216,764,Thailand,1110,Mules and hinnies,1992,30,E,,,,
236,862,Venezuela (Bolivarian Republic of),1110,Mules and hinnies,1992,72000,E,,,,
106,380,Italy,1110,Mules and hinnies,1992,19000,A,,,,
113,417,Kyrgyzstan,1110,Mules and hinnies,1992,480,E,,,,
174,620,Portugal,1110,Mules and hinnies,1992,21127,I,,,,
177,630,Puerto Rico,1110,Mules and hinnies,1992,2500,E,,,,
189,662,Saint Lucia,1110,Mules and hinnies,1992,1000,E,,,,
223,792,Türkiye,1110,Mules and hinnies,1992,180840,A,,,,
21,76,Brazil,1110,Mules and hinnies,1992,2046367,A,,,,
35,132,Cabo Verde,1110,Mules and hinnies,1992,1700,E,,,,
50,196,Cyprus,1110,Mules and hinnies,1992,1500,E,,,,
84,300,Greece,1110,Mules and hinnies,1992,54478,A,,,,
147,516,Namibia,1110,Mules and hinnies,1992,6711,X,,,,
28,104,Myanmar,1110,Mules and hinnies,1992,4000,E,,,,
68,250,France,1110,Mules and hinnies,1992,12404,A,,,,
122,426,Lesotho,1110,Mules and hinnies,1992,1000,E,,,,
33,124,Canada,1110,Mules and hinnies,1992,4000,E,,,,
91,328,Guyana,1110,Mules and hinnies,1992,150,E,,,,
93,332,Haiti,1110,Mules and hinnies,1992,81000,E,,,,
166,591,Panama,1110,Mules and hinnies,1992,3700,E,,,,
3,8,Albania,1110,Mules and hinnies,1992,20400,A,,,,
14,52,Barbados,1110,Mules and hinnies,1992,2000,E,,,,
23,84,Belize,1110,Mules and hinnies,1992,4400,E,,,,
48,188,Costa Rica,1110,Mules and hinnies,1992,5000,E,,,,
89,320,Guatemala,1110,Mules and hinnies,1992,37900,E,,,,
138,484,Mexico,1110,Mules and hinnies,1992,3200000,E,,,,
157,558,Nicaragua,1110,Mules and hinnies,1992,45300,E,,,,
193,678,Sao Tome and Principe,1110,Mules and hinnies,1992,23,E,,,,
211,756,Switzerland,1110,Mules and hinnies,1992,300,E,,,,
19,68,Bolivia (Plurinational State of),1110,Mules and hinnies,1992,81000,E,,,,
60,222,El Salvador,1110,Mules and hinnies,1992,23400,E,,,,
62,230,Ethiopia PDR,1110,Mules and hinnies,1992,630000,E,,,,
100,356,India,1110,Mules and hinnies,1992,193000,A,,,,
103,368,Iraq,1110,Mules and hinnies,1992,12000,E,,,,
121,422,Lebanon,1110,Mules and hinnies,1992,6960,I,,,,
220,780,Trinidad and Tobago,1110,Mules and hinnies,1992,1700,E,,,,
20,72,Botswana,1110,Mules and hinnies,1992,2500,E,,,,
52,31,Azerbaijan,1110,Mules and hinnies,1992,300,A,,,,
124,434,Libya,1110,Mules and hinnies,1992,,A,,,,
234,858,Uruguay,1110,Mules and hinnies,1992,3600,E,,,,
1,51,Armenia,1110,Mules and hinnies,1992,186,A,,,,
27,100,Bulgaria,1110,Mules and hinnies,1992,17405,A,,,,
41,156,"China, mainland",1110,Mules and hinnies,1992,5606000,A,,,,
44,170,Colombia,1110,Mules and hinnies,1992,620000,E,,,,
58,218,Ecuador,1110,Mules and hinnies,1992,151000,A,,,,
86,308,Grenada,1110,Mules and hinnies,1992,50,E,,,,
104,372,Ireland,1110,Mules and hinnies,1992,1000,X,,,,
109,388,Jamaica,1110,Mules and hinnies,1992,10000,E,,,,
137,480,Mauritius,1110,Mules and hinnies,1992,20,E,,,,
3,8,Albania,1110,Mules and hinnies,1993,25600,A,,,,
49,192,Cuba,1110,Mules and hinnies,1993,32900,A,,,,
166,591,Panama,1110,Mules and hinnies,1993,3800,E,,,,
68,250,France,1110,Mules and hinnies,1993,11934,A,,,,
87,312,Guadeloupe,1110,Mules and hinnies,1993,100,E,,,,
95,340,Honduras,1110,Mules and hinnies,1993,69000,E,,,,
100,356,India,1110,Mules and hinnies,1993,200000,E,,,,
41,156,"China, mainland",1110,Mules and hinnies,1993,5610000,A,,,,
138,484,Mexico,1110,Mules and hinnies,1993,3210000,E,,,,
181,716,Zimbabwe,1110,Mules and hinnies,1993,1000,E,,,,
220,780,Trinidad and Tobago,1110,Mules and hinnies,1993,1700,E,,,,
223,792,Türkiye,1110,Mules and hinnies,1993,172000,A,,,,
86,308,Grenada,1110,Mules and hinnies,1993,50,E,,,,
91,328,Guyana,1110,Mules and hinnies,1993,150,E,,,,
106,380,Italy,1110,Mules and hinnies,1993,18098,A,,,,
165,586,Pakistan,1110,Mules and hinnies,1993,76000,A,,,,
33,124,Canada,1110,Mules and hinnies,1993,4000,E,,,,
40,152,Chile,1110,Mules and hinnies,1993,10000,E,,,,
56,214,Dominican Republic,1110,Mules and hinnies,1993,135000,E,,,,
124,434,Libya,1110,Mules and hinnies,1993,,M,,,,
189,662,Saint Lucia,1110,Mules and hinnies,1993,1000,E,,,,
202,710,South Africa,1110,Mules and hinnies,1993,14000,E,,,,
58,218,Ecuador,1110,Mules and hinnies,1993,152000,E,,,,
28,104,Myanmar,1110,Mules and hinnies,1993,3200,E,,,,
48,188,Costa Rica,1110,Mules and hinnies,1993,5000,E,,,,
112,400,Jordan,1110,Mules and hinnies,1993,2700,E,,,,
117,410,Republic of Korea,1110,Mules and hinnies,1993,2,E,,,,
113,417,Kyrgyzstan,1110,Mules and hinnies,1993,500,E,,,,
147,516,Namibia,1110,Mules and hinnies,1993,6800,E,,,,
170,604,Peru,1110,Mules and hinnies,1993,224000,E,,,,
211,756,Switzerland,1110,Mules and hinnies,1993,300,E,,,,
21,76,Brazil,1110,Mules and hinnies,1993,1992934,A,,,,
50,196,Cyprus,1110,Mules and hinnies,1993,1500,E,,,,
59,818,Egypt,1110,Mules and hinnies,1993,110,A,,,,
60,222,El Salvador,1110,Mules and hinnies,1993,23500,E,,,,
89,320,Guatemala,1110,Mules and hinnies,1993,38000,E,,,,
137,480,Mauritius,1110,Mules and hinnies,1993,20,E,,,,
203,724,Spain,1110,Mules and hinnies,1993,117000,A,,,,
206,736,Sudan (former),1110,Mules and hinnies,1993,560,E,,,,
97,348,Hungary,1110,Mules and hinnies,1993,220,E,,,,
102,364,Iran (Islamic Republic of),1110,Mules and hinnies,1993,137150,X,,,,
185,643,Russian Federation,1110,Mules and hinnies,1993,100,A,,,,
193,678,Sao Tome and Principe,1110,Mules and hinnies,1993,23,E,,,,
238,231,Ethiopia,1110,Mules and hinnies,1993,630000,E,,,,
182,638,Réunion,1110,Mules and hinnies,1993,5,A,,,,
212,760,Syrian Arab Republic,1110,Mules and hinnies,1993,21000,A,,,,
234,858,Uruguay,1110,Mules and hinnies,1993,3700,E,,,,
18,64,Bhutan,1110,Mules and hinnies,1993,9800,E,,,,
23,84,Belize,1110,Mules and hinnies,1993,4400,E,,,,
122,426,Lesotho,1110,Mules and hinnies,1993,800,E,,,,
169,600,Paraguay,1110,Mules and hinnies,1993,14200,E,,,,
209,748,Eswatini,1110,Mules and hinnies,1993,72,A,,,,
236,862,Venezuela (Bolivarian Republic of),1110,Mules and hinnies,1993,72000,E,,,,
19,68,Bolivia (Plurinational State of),1110,Mules and hinnies,1993,81000,E,,,,
44,170,Colombia,1110,Mules and hinnies,1993,622000,E,,,,
222,788,Tunisia,1110,Mules and hinnies,1993,81000,E,,,,
4,12,Algeria,1110,Mules and hinnies,1993,88140,A,,,,
14,52,Barbados,1110,Mules and hinnies,1993,2000,E,,,,
35,132,Cabo Verde,1110,Mules and hinnies,1993,1750,E,,,,
103,368,Iraq,1110,Mules and hinnies,1993,12000,E,,,,
201,706,Somalia,1110,Mules and hinnies,1993,18000,E,,,,
52,31,Azerbaijan,1110,Mules and hinnies,1993,200,A,,,,
104,372,Ireland,1110,Mules and hinnies,1993,1100,E,,,,
134,470,Malta,1110,Mules and hinnies,1993,300,E,,,,
177,630,Puerto Rico,1110,Mules and hinnies,1993,2500,E,,,,
1,51,Armenia,1110,Mules and hinnies,1993,184,A,,,,
2,4,Afghanistan,1110,Mules and hinnies,1993,23000,E,,,,
20,72,Botswana,1110,Mules and hinnies,1993,2500,E,,,,
93,332,Haiti,1110,Mules and hinnies,1993,80000,E,,,,
157,558,Nicaragua,1110,Mules and hinnies,1993,45400,E,,,,
216,764,Thailand,1110,Mules and hinnies,1993,25,E,,,,
231,840,United States of America,1110,Mules and hinnies,1993,28000,E,,,,
27,100,Bulgaria,1110,Mules and hinnies,1993,20803,A,,,,
84,300,Greece,1110,Mules and hinnies,1993,47444,A,,,,
105,376,Israel,1110,Mules and hinnies,1993,1600,E,,,,
109,388,Jamaica,1110,Mules and hinnies,1993,10000,E,,,,
121,422,Lebanon,1110,Mules and hinnies,1993,6622,I,,,,
9,32,Argentina,1110,Mules and hinnies,1993,174000,E,,,,
73,268,Georgia,1110,Mules and hinnies,1993,200,E,,,,
143,504,Morocco,1110,Mules and hinnies,1993,525900,A,,,,
174,620,Portugal,1110,Mules and hinnies,1993,20343,I,,,,
52,31,Azerbaijan,1110,Mules and hinnies,1994,100,A,,,,
206,736,Sudan (former),1110,Mules and hinnies,1994,560,E,,,,
2,4,Afghanistan,1110,Mules and hinnies,1994,23000,E,,,,
73,268,Georgia,1110,Mules and hinnies,1994,200,E,,,,
87,312,Guadeloupe,1110,Mules and hinnies,1994,100,E,,,,
143,504,Morocco,1110,Mules and hinnies,1994,527000,A,,,,
236,862,Venezuela (Bolivarian Republic of),1110,Mules and hinnies,1994,72000,E,,,,
19,68,Bolivia (Plurinational State of),1110,Mules and hinnies,1994,81000,E,,,,
170,604,Peru,1110,Mules and hinnies,1994,224000,E,,,,
174,620,Portugal,1110,Mules and hinnies,1994,19559,I,,,,
33,124,Canada,1110,Mules and hinnies,1994,4000,E,,,,
100,356,India,1110,Mules and hinnies,1994,200000,E,,,,
106,380,Italy,1110,Mules and hinnies,1994,16597,A,,,,
113,417,Kyrgyzstan,1110,Mules and hinnies,1994,500,E,,,,
223,792,Türkiye,1110,Mules and hinnies,1994,169000,A,,,,
48,188,Costa Rica,1110,Mules and hinnies,1994,5000,E,,,,
49,192,Cuba,1110,Mules and hinnies,1994,32500,A,,,,
50,196,Cyprus,1110,Mules and hinnies,1994,1500,E,,,,
60,222,El Salvador,1110,Mules and hinnies,1994,23600,E,,,,
91,328,Guyana,1110,Mules and hinnies,1994,150,E,,,,
97,348,Hungary,1110,Mules and hinnies,1994,210,E,,,,
121,422,Lebanon,1110,Mules and hinnies,1994,6285,I,,,,
124,434,Libya,1110,Mules and hinnies,1994,,M,,,,
201,706,Somalia,1110,Mules and hinnies,1994,18500,E,,,,
1,51,Armenia,1110,Mules and hinnies,1994,150,A,,,,
28,104,Myanmar,1110,Mules and hinnies,1994,2900,E,,,,
147,516,Namibia,1110,Mules and hinnies,1994,6900,E,,,,
117,410,Republic of Korea,1110,Mules and hinnies,1994,,A,,,,
189,662,Saint Lucia,1110,Mules and hinnies,1994,1000,E,,,,
238,231,Ethiopia,1110,Mules and hinnies,1994,630000,E,,,,
103,368,Iraq,1110,Mules and hinnies,1994,11800,E,,,,
202,710,South Africa,1110,Mules and hinnies,1994,14000,E,,,,
109,388,Jamaica,1110,Mules and hinnies,1994,10000,E,,,,
122,426,Lesotho,1110,Mules and hinnies,1994,900,E,,,,
138,484,Mexico,1110,Mules and hinnies,1994,3220000,E,,,,
165,586,Pakistan,1110,Mules and hinnies,1994,77000,A,,,,
166,591,Panama,1110,Mules and hinnies,1994,3800,X,,,,
177,630,Puerto Rico,1110,Mules and hinnies,1994,2500,E,,,,
193,678,Sao Tome and Principe,1110,Mules and hinnies,1994,23,E,,,,
222,788,Tunisia,1110,Mules and hinnies,1994,81000,E,,,,
18,64,Bhutan,1110,Mules and hinnies,1994,9900,E,,,,
44,170,Colombia,1110,Mules and hinnies,1994,622000,E,,,,
181,716,Zimbabwe,1110,Mules and hinnies,1994,1000,E,,,,
20,72,Botswana,1110,Mules and hinnies,1994,2500,E,,,,
56,214,Dominican Republic,1110,Mules and hinnies,1994,135000,E,,,,
134,470,Malta,1110,Mules and hinnies,1994,300,E,,,,
59,818,Egypt,1110,Mules and hinnies,1994,600,A,,,,
234,858,Uruguay,1110,Mules and hinnies,1994,3700,E,,,,
182,638,Réunion,1110,Mules and hinnies,1994,5,E,,,,
209,748,Eswatini,1110,Mules and hinnies,1994,72,A,,,,
216,764,Thailand,1110,Mules and hinnies,1994,25,E,,,,
14,52,Barbados,1110,Mules and hinnies,1994,2000,E,,,,
27,100,Bulgaria,1110,Mules and hinnies,1994,23067,A,,,,
137,480,Mauritius,1110,Mules and hinnies,1994,20,E,,,,
157,558,Nicaragua,1110,Mules and hinnies,1994,45500,E,,,,
3,8,Albania,1110,Mules and hinnies,1994,25000,E,,,,
95,340,Honduras,1110,Mules and hinnies,1994,69100,E,,,,
105,376,Israel,1110,Mules and hinnies,1994,1600,E,,,,
40,152,Chile,1110,Mules and hinnies,1994,10000,E,,,,
58,218,Ecuador,1110,Mules and hinnies,1994,154000,A,,,,
84,300,Greece,1110,Mules and hinnies,1994,44262,A,,,,
169,600,Paraguay,1110,Mules and hinnies,1994,14200,E,,,,
203,724,Spain,1110,Mules and hinnies,1994,117000,A,,,,
4,12,Algeria,1110,Mules and hinnies,1994,81440,A,,,,
35,132,Cabo Verde,1110,Mules and hinnies,1994,1800,E,,,,
41,156,"China, mainland",1110,Mules and hinnies,1994,5498000,A,,,,
89,320,Guatemala,1110,Mules and hinnies,1994,38100,E,,,,
212,760,Syrian Arab Republic,1110,Mules and hinnies,1994,18284,A,,,,
220,780,Trinidad and Tobago,1110,Mules and hinnies,1994,1700,E,,,,
231,840,United States of America,1110,Mules and hinnies,1994,28000,E,,,,
23,84,Belize,1110,Mules and hinnies,1994,4400,E,,,,
68,250,France,1110,Mules and hinnies,1994,12684,A,,,,
86,308,Grenada,1110,Mules and hinnies,1994,50,E,,,,
112,400,Jordan,1110,Mules and hinnies,1994,2700,E,,,,
185,643,Russian Federation,1110,Mules and hinnies,1994,100,A,,,,
9,32,Argentina,1110,Mules and hinnies,1994,175000,E,,,,
21,76,Brazil,1110,Mules and hinnies,1994,1987220,A,,,,
93,332,Haiti,1110,Mules and hinnies,1994,80000,E,,,,
102,364,Iran (Islamic Republic of),1110,Mules and hinnies,1994,137150,X,,,,
104,372,Ireland,1110,Mules and hinnies,1994,1000,X,,,,
211,756,Switzerland,1110,Mules and hinnies,1994,300,E,,,,
21,76,Brazil,1110,Mules and hinnies,1995,1990110,A,,,,
33,124,Canada,1110,Mules and hinnies,1995,4000,E,,,,
105,376,Israel,1110,Mules and hinnies,1995,1600,E,,,,
40,152,Chile,1110,Mules and hinnies,1995,10000,E,,,,
143,504,Morocco,1110,Mules and hinnies,1995,539700,A,,,,
189,662,Saint Lucia,1110,Mules and hinnies,1995,1000,E,,,,
9,32,Argentina,1110,Mules and hinnies,1995,175000,E,,,,
49,192,Cuba,1110,Mules and hinnies,1995,31800,A,,,,
169,600,Paraguay,1110,Mules and hinnies,1995,14200,E,,,,
4,12,Algeria,1110,Mules and hinnies,1995,80080,A,,,,
84,300,Greece,1110,Mules and hinnies,1995,41319,A,,,,
87,312,Guadeloupe,1110,Mules and hinnies,1995,100,E,,,,
97,348,Hungary,1110,Mules and hinnies,1995,200,E,,,,
103,368,Iraq,1110,Mules and hinnies,1995,11600,E,,,,
174,620,Portugal,1110,Mules and hinnies,1995,18775,I,,,,
206,736,Sudan (former),1110,Mules and hinnies,1995,565,E,,,,
20,72,Botswana,1110,Mules and hinnies,1995,2500,E,,,,
95,340,Honduras,1110,Mules and hinnies,1995,69200,E,,,,
157,558,Nicaragua,1110,Mules and hinnies,1995,45600,E,,,,
234,858,Uruguay,1110,Mules and hinnies,1995,3700,E,,,,
28,104,Myanmar,1110,Mules and hinnies,1995,2300,E,,,,
177,630,Puerto Rico,1110,Mules and hinnies,1995,2500,E,,,,
185,643,Russian Federation,1110,Mules and hinnies,1995,100,E,,,,
203,724,Spain,1110,Mules and hinnies,1995,117000,A,,,,
220,780,Trinidad and Tobago,1110,Mules and hinnies,1995,1700,E,,,,
222,788,Tunisia,1110,Mules and hinnies,1995,81000,E,,,,
19,68,Bolivia (Plurinational State of),1110,Mules and hinnies,1995,81000,E,,,,
117,410,Republic of Korea,1110,Mules and hinnies,1995,,A,,,,
138,484,Mexico,1110,Mules and hinnies,1995,3250000,E,,,,
182,638,Réunion,1110,Mules and hinnies,1995,5,E,,,,
193,678,Sao Tome and Principe,1110,Mules and hinnies,1995,25,E,,,,
59,818,Egypt,1110,Mules and hinnies,1995,300,A,,,,
1,51,Armenia,1110,Mules and hinnies,1995,126,A,,,,
35,132,Cabo Verde,1110,Mules and hinnies,1995,1750,E,,,,
102,364,Iran (Islamic Republic of),1110,Mules and hinnies,1995,137150,X,,,,
124,434,Libya,1110,Mules and hinnies,1995,,M,,,,
209,748,Eswatini,1110,Mules and hinnies,1995,75,E,,,,
14,52,Barbados,1110,Mules and hinnies,1995,2000,E,,,,
18,64,Bhutan,1110,Mules and hinnies,1995,9751,I,,,,
27,100,Bulgaria,1110,Mules and hinnies,1995,15855,A,,,,
60,222,El Salvador,1110,Mules and hinnies,1995,23700,E,,,,
201,706,Somalia,1110,Mules and hinnies,1995,19000,E,,,,
50,196,Cyprus,1110,Mules and hinnies,1995,1500,E,,,,
89,320,Guatemala,1110,Mules and hinnies,1995,38200,E,,,,
165,586,Pakistan,1110,Mules and hinnies,1995,78000,A,,,,
170,604,Peru,1110,Mules and hinnies,1995,224000,E,,,,
202,710,South Africa,1110,Mules and hinnies,1995,14000,E,,,,
211,756,Switzerland,1110,Mules and hinnies,1995,300,E,,,,
231,840,United States of America,1110,Mules and hinnies,1995,28000,E,,,,
3,8,Albania,1110,Mules and hinnies,1995,25000,E,,,,
58,218,Ecuador,1110,Mules and hinnies,1995,147000,A,,,,
134,470,Malta,1110,Mules and hinnies,1995,300,E,,,,
137,480,Mauritius,1110,Mules and hinnies,1995,20,E,,,,
73,268,Georgia,1110,Mules and hinnies,1995,200,E,,,,
223,792,Türkiye,1110,Mules and hinnies,1995,169000,A,,,,
86,308,Grenada,1110,Mules and hinnies,1995,50,E,,,,
112,400,Jordan,1110,Mules and hinnies,1995,2700,E,,,,
121,422,Lebanon,1110,Mules and hinnies,1995,5948,I,,,,
48,188,Costa Rica,1110,Mules and hinnies,1995,5000,E,,,,
91,328,Guyana,1110,Mules and hinnies,1995,150,E,,,,
113,417,Kyrgyzstan,1110,Mules and hinnies,1995,500,E,,,,
52,31,Azerbaijan,1110,Mules and hinnies,1995,100,A,,,,
93,332,Haiti,1110,Mules and hinnies,1995,80000,E,,,,
104,372,Ireland,1110,Mules and hinnies,1995,1000,X,,,,
122,426,Lesotho,1110,Mules and hinnies,1995,1000,E,,,,
147,516,Namibia,1110,Mules and hinnies,1995,6800,E,,,,
166,591,Panama,1110,Mules and hinnies,1995,4000,E,,,,
212,760,Syrian Arab Republic,1110,Mules and hinnies,1995,16626,A,,,,
216,764,Thailand,1110,Mules and hinnies,1995,25,E,,,,
23,84,Belize,1110,Mules and hinnies,1995,4400,E,,,,
56,214,Dominican Republic,1110,Mules and hinnies,1995,135000,E,,,,
238,231,Ethiopia,1110,Mules and hinnies,1995,230000,E,,,,
100,356,India,1110,Mules and hinnies,1995,200000,E,,,,
106,380,Italy,1110,Mules and hinnies,1995,15770,A,,,,
109,388,Jamaica,1110,Mules and hinnies,1995,10000,E,,,,
236,862,Venezuela (Bolivarian Republic of),1110,Mules and hinnies,1995,72000,E,,,,
2,4,Afghanistan,1110,Mules and hinnies,1995,23000,E,,,,
41,156,"China, mainland",1110,Mules and hinnies,1995,5552000,A,,,,
44,170,Colombia,1110,Mules and hinnies,1995,586384,A,,,,
68,250,France,1110,Mules and hinnies,1995,12729,A,,,,
181,716,Zimbabwe,1110,Mules and hinnies,1995,1000,E,,,,
41,156,"China, mainland",1110,Mules and hinnies,1996,5389000,A,,,,
89,320,Guatemala,1110,Mules and hinnies,1996,38300,E,,,,
193,678,Sao Tome and Principe,1110,Mules and hinnies,1996,25,E,,,,
203,724,Spain,1110,Mules and hinnies,1996,117000,A,,,,
14,52,Barbados,1110,Mules and hinnies,1996,2000,E,,,,
48,188,Costa Rica,1110,Mules and hinnies,1996,5000,E,,,,
134,470,Malta,1110,Mules and hinnies,1996,300,E,,,,
182,638,Réunion,1110,Mules and hinnies,1996,5,E,,,,
222,788,Tunisia,1110,Mules and hinnies,1996,81000,E,,,,
104,372,Ireland,1110,Mules and hinnies,1996,1000,X,,,,
189,662,Saint Lucia,1110,Mules and hinnies,1996,1000,E,,,,
40,152,Chile,1110,Mules and hinnies,1996,10000,E,,,,
93,332,Haiti,1110,Mules and hinnies,1996,80000,E,,,,
109,388,Jamaica,1110,Mules and hinnies,1996,10000,E,,,,
68,250,France,1110,Mules and hinnies,1996,13684,A,,,,
73,268,Georgia,1110,Mules and hinnies,1996,200,E,,,,
157,558,Nicaragua,1110,Mules and hinnies,1996,45600,E,,,,
185,643,Russian Federation,1110,Mules and hinnies,1996,100,E,,,,
21,76,Brazil,1110,Mules and hinnies,1996,1285628,A,,,,
100,356,India,1110,Mules and hinnies,1996,250000,E,,,,
102,364,Iran (Islamic Republic of),1110,Mules and hinnies,1996,137150,X,,,,
147,516,Namibia,1110,Mules and hinnies,1996,6700,E,,,,
202,710,South Africa,1110,Mules and hinnies,1996,14000,E,,,,
52,31,Azerbaijan,1110,Mules and hinnies,1996,100,A,,,,
60,222,El Salvador,1110,Mules and hinnies,1996,23700,E,,,,
177,630,Puerto Rico,1110,Mules and hinnies,1996,2500,E,,,,
181,716,Zimbabwe,1110,Mules and hinnies,1996,1000,E,,,,
206,736,Sudan (former),1110,Mules and hinnies,1996,570,E,,,,
209,748,Eswatini,1110,Mules and hinnies,1996,80,E,,,,
3,8,Albania,1110,Mules and hinnies,1996,25000,E,,,,
20,72,Botswana,1110,Mules and hinnies,1996,2500,E,,,,
33,124,Canada,1110,Mules and hinnies,1996,4000,E,,,,
97,348,Hungary,1110,Mules and hinnies,1996,200,E,,,,
103,368,Iraq,1110,Mules and hinnies,1996,11500,E,,,,
143,504,Morocco,1110,Mules and hinnies,1996,522800,A,,,,
174,620,Portugal,1110,Mules and hinnies,1996,17990,I,,,,
9,32,Argentina,1110,Mules and hinnies,1996,175000,E,,,,
18,64,Bhutan,1110,Mules and hinnies,1996,9891,I,,,,
91,328,Guyana,1110,Mules and hinnies,1996,150,E,,,,
95,340,Honduras,1110,Mules and hinnies,1996,69300,E,,,,
165,586,Pakistan,1110,Mules and hinnies,1996,132000,A,,,,
236,862,Venezuela (Bolivarian Republic of),1110,Mules and hinnies,1996,72000,E,,,,
86,308,Grenada,1110,Mules and hinnies,1996,50,E,,,,
138,484,Mexico,1110,Mules and hinnies,1996,3270000,E,,,,
1,51,Armenia,1110,Mules and hinnies,1996,102,A,,,,
27,100,Bulgaria,1110,Mules and hinnies,1996,16645,A,,,,
84,300,Greece,1110,Mules and hinnies,1996,38638,A,,,,
113,417,Kyrgyzstan,1110,Mules and hinnies,1996,500,E,,,,
122,426,Lesotho,1110,Mules and hinnies,1996,1100,E,,,,
216,764,Thailand,1110,Mules and hinnies,1996,20,E,,,,
234,858,Uruguay,1110,Mules and hinnies,1996,3700,E,,,,
19,68,Bolivia (Plurinational State of),1110,Mules and hinnies,1996,81000,E,,,,
23,84,Belize,1110,Mules and hinnies,1996,4400,E,,,,
166,591,Panama,1110,Mules and hinnies,1996,4000,E,,,,
170,604,Peru,1110,Mules and hinnies,1996,224000,E,,,,
212,760,Syrian Arab Republic,1110,Mules and hinnies,1996,17892,A,,,,
238,231,Ethiopia,1110,Mules and hinnies,1996,230000,E,,,,
124,434,Libya,1110,Mules and hinnies,1996,,M,,,,
117,410,Republic of Korea,1110,Mules and hinnies,1996,,A,,,,
223,792,Türkiye,1110,Mules and hinnies,1996,154000,A,,,,
2,4,Afghanistan,1110,Mules and hinnies,1996,24000,E,,,,
44,170,Colombia,1110,Mules and hinnies,1996,575000,E,,,,
49,192,Cuba,1110,Mules and hinnies,1996,29900,A,,,,
56,214,Dominican Republic,1110,Mules and hinnies,1996,135000,E,,,,
59,818,Egypt,1110,Mules and hinnies,1996,1500,A,,,,
105,376,Israel,1110,Mules and hinnies,1996,1600,E,,,,
112,400,Jordan,1110,Mules and hinnies,1996,2700,E,,,,
137,480,Mauritius,1110,Mules and hinnies,1996,20,E,,,,
58,218,Ecuador,1110,Mules and hinnies,1996,155000,E,,,,
87,312,Guadeloupe,1110,Mules and hinnies,1996,100,E,,,,
106,380,Italy,1110,Mules and hinnies,1996,12000,A,,,,
121,422,Lebanon,1110,Mules and hinnies,1996,5175,A,,,,
201,706,Somalia,1110,Mules and hinnies,1996,19500,E,,,,
220,780,Trinidad and Tobago,1110,Mules and hinnies,1996,1700,E,,,,
4,12,Algeria,1110,Mules and hinnies,1996,75500,A,,,,
35,132,Cabo Verde,1110,Mules and hinnies,1996,1750,E,,,,
50,196,Cyprus,1110,Mules and hinnies,1996,1500,E,,,,
169,600,Paraguay,1110,Mules and hinnies,1996,14300,E,,,,
211,756,Switzerland,1110,Mules and hinnies,1996,300,E,,,,
28,104,Myanmar,1110,Mules and hinnies,1996,1900,E,,,,
231,840,United States of America,1110,Mules and hinnies,1996,28000,E,,,,
3,8,Albania,1110,Mules and hinnies,1997,23000,E,,,,
19,68,Bolivia (Plurinational State of),1110,Mules and hinnies,1997,81000,E,,,,
238,231,Ethiopia,1110,Mules and hinnies,1997,240000,E,,,,
95,340,Honduras,1110,Mules and hinnies,1997,69400,E,,,,
104,372,Ireland,1110,Mules and hinnies,1997,1000,X,,,,
106,380,Italy,1110,Mules and hinnies,1997,11500,E,,,,
121,422,Lebanon,1110,Mules and hinnies,1997,5386,I,,,,
166,591,Panama,1110,Mules and hinnies,1997,4000,E,,,,
202,710,South Africa,1110,Mules and hinnies,1997,14000,E,,,,
220,780,Trinidad and Tobago,1110,Mules and hinnies,1997,1700,E,,,,
2,4,Afghanistan,1110,Mules and hinnies,1997,26000,E,,,,
58,218,Ecuador,1110,Mules and hinnies,1997,156000,E,,,,
73,268,Georgia,1110,Mules and hinnies,1997,200,E,,,,
20,72,Botswana,1110,Mules and hinnies,1997,2500,E,,,,
48,188,Costa Rica,1110,Mules and hinnies,1997,5000,E,,,,
49,192,Cuba,1110,Mules and hinnies,1997,27500,A,,,,
59,818,Egypt,1110,Mules and hinnies,1997,1300,A,,,,
97,348,Hungary,1110,Mules and hinnies,1997,200,E,,,,
113,417,Kyrgyzstan,1110,Mules and hinnies,1997,520,E,,,,
124,434,Libya,1110,Mules and hinnies,1997,,M,,,,
157,558,Nicaragua,1110,Mules and hinnies,1997,45700,E,,,,
206,736,Sudan (former),1110,Mules and hinnies,1997,580,E,,,,
236,862,Venezuela (Bolivarian Republic of),1110,Mules and hinnies,1997,72000,E,,,,
18,64,Bhutan,1110,Mules and hinnies,1997,10069,I,,,,
41,156,"China, mainland",1110,Mules and hinnies,1997,4780000,A,,,,
93,332,Haiti,1110,Mules and hinnies,1997,80000,E,,,,
147,516,Namibia,1110,Mules and hinnies,1997,6800,E,,,,
174,620,Portugal,1110,Mules and hinnies,1997,18448,I,,,,
117,410,Republic of Korea,1110,Mules and hinnies,1997,,M,,,,
189,662,Saint Lucia,1110,Mules and hinnies,1997,1000,E,,,,
223,792,Türkiye,1110,Mules and hinnies,1997,142000,A,,,,
52,31,Azerbaijan,1110,Mules and hinnies,1997,200,A,,,,
14,52,Barbados,1110,Mules and hinnies,1997,2000,E,,,,
50,196,Cyprus,1110,Mules and hinnies,1997,1500,E,,,,
102,364,Iran (Islamic Republic of),1110,Mules and hinnies,1997,147150,X,,,,
134,470,Malta,1110,Mules and hinnies,1997,300,E,,,,
28,104,Myanmar,1110,Mules and hinnies,1997,1500,E,,,,
68,250,France,1110,Mules and hinnies,1997,14070,A,,,,
100,356,India,1110,Mules and hinnies,1997,221000,A,,,,
201,706,Somalia,1110,Mules and hinnies,1997,20000,E,,,,
234,858,Uruguay,1110,Mules and hinnies,1997,3700,E,,,,
40,152,Chile,1110,Mules and hinnies,1997,10000,E,,,,
60,222,El Salvador,1110,Mules and hinnies,1997,23800,E,,,,
91,328,Guyana,1110,Mules and hinnies,1997,150,E,,,,
138,484,Mexico,1110,Mules and hinnies,1997,3270000,E,,,,
169,600,Paraguay,1110,Mules and hinnies,1997,14300,E,,,,
193,678,Sao Tome and Principe,1110,Mules and hinnies,1997,25,E,,,,
211,756,Switzerland,1110,Mules and hinnies,1997,300,E,,,,
4,12,Algeria,1110,Mules and hinnies,1997,68740,A,,,,
9,32,Argentina,1110,Mules and hinnies,1997,175000,E,,,,
56,214,Dominican Republic,1110,Mules and hinnies,1997,135000,E,,,,
185,643,Russian Federation,1110,Mules and hinnies,1997,100,E,,,,
33,124,Canada,1110,Mules and hinnies,1997,4000,E,,,,
105,376,Israel,1110,Mules and hinnies,1997,1600,E,,,,
1,51,Armenia,1110,Mules and hinnies,1997,200,A,,,,
21,76,Brazil,1110,Mules and hinnies,1997,1294507,A,,,,
109,388,Jamaica,1110,Mules and hinnies,1997,10000,E,,,,
143,504,Morocco,1110,Mules and hinnies,1997,515900,A,,,,
84,300,Greece,1110,Mules and hinnies,1997,36973,A,,,,
122,426,Lesotho,1110,Mules and hinnies,1997,1200,E,,,,
165,586,Pakistan,1110,Mules and hinnies,1997,142000,A,,,,
89,320,Guatemala,1110,Mules and hinnies,1997,38400,E,,,,
182,638,Réunion,1110,Mules and hinnies,1997,5,E,,,,
222,788,Tunisia,1110,Mules and hinnies,1997,81000,E,,,,
23,84,Belize,1110,Mules and hinnies,1997,4400,E,,,,
35,132,Cabo Verde,1110,Mules and hinnies,1997,1750,E,,,,
103,368,Iraq,1110,Mules and hinnies,1997,12000,E,,,,
137,480,Mauritius,1110,Mules and hinnies,1997,20,E,,,,
170,604,Peru,1110,Mules and hinnies,1997,224000,E,,,,
181,716,Zimbabwe,1110,Mules and hinnies,1997,900,E,,,,
212,760,Syrian Arab Republic,1110,Mules and hinnies,1997,18000,A,,,,
86,308,Grenada,1110,Mules and hinnies,1997,50,E,,,,
87,312,Guadeloupe,1110,Mules and hinnies,1997,100,E,,,,
27,100,Bulgaria,1110,Mules and hinnies,1997,17432,A,,,,
209,748,Eswatini,1110,Mules and hinnies,1997,85,E,,,,
112,400,Jordan,1110,Mules and hinnies,1997,2700,E,,,,
216,764,Thailand,1110,Mules and hinnies,1997,20,E,,,,
44,170,Colombia,1110,Mules and hinnies,1997,550000,E,,,,
177,630,Puerto Rico,1110,Mules and hinnies,1997,2500,E,,,,
203,724,Spain,1110,Mules and hinnies,1997,117000,A,,,,
231,840,United States of America,1110,Mules and hinnies,1997,28000,E,,,,
59,818,Egypt,1110,Mules and hinnies,1998,1500,A,,,,
84,300,Greece,1110,Mules and hinnies,1998,34497,A,,,,
220,780,Trinidad and Tobago,1110,Mules and hinnies,1998,1700,E,,,,
9,32,Argentina,1110,Mules and hinnies,1998,175000,E,,,,
27,100,Bulgaria,1110,Mules and hinnies,1998,16789,A,,,,
103,368,Iraq,1110,Mules and hinnies,1998,12500,E,,,,
157,558,Nicaragua,1110,Mules and hinnies,1998,45600,E,,,,
28,104,Myanmar,1110,Mules and hinnies,1998,1380,E,,,,
87,312,Guadeloupe,1110,Mules and hinnies,1998,100,E,,,,
203,724,Spain,1110,Mules and hinnies,1998,117000,A,,,,
212,760,Syrian Arab Republic,1110,Mules and hinnies,1998,12412,A,,,,
44,170,Colombia,1110,Mules and hinnies,1998,525000,E,,,,
68,250,France,1110,Mules and hinnies,1998,14060,A,,,,
93,332,Haiti,1110,Mules and hinnies,1998,80000,E,,,,
165,586,Pakistan,1110,Mules and hinnies,1998,151000,A,,,,
49,192,Cuba,1110,Mules and hinnies,1998,24300,A,,,,
58,218,Ecuador,1110,Mules and hinnies,1998,157000,E,,,,
238,231,Ethiopia,1110,Mules and hinnies,1998,263110,A,,,,
105,376,Israel,1110,Mules and hinnies,1998,1600,E,,,,
138,484,Mexico,1110,Mules and hinnies,1998,3270000,E,,,,
185,643,Russian Federation,1110,Mules and hinnies,1998,95,E,,,,
234,858,Uruguay,1110,Mules and hinnies,1998,3700,E,,,,
50,196,Cyprus,1110,Mules and hinnies,1998,1500,E,,,,
60,222,El Salvador,1110,Mules and hinnies,1998,23800,E,,,,
73,268,Georgia,1110,Mules and hinnies,1998,150,E,,,,
97,348,Hungary,1110,Mules and hinnies,1998,200,E,,,,
104,372,Ireland,1110,Mules and hinnies,1998,1000,X,,,,
193,678,Sao Tome and Principe,1110,Mules and hinnies,1998,25,E,,,,
2,4,Afghanistan,1110,Mules and hinnies,1998,28000,E,,,,
3,8,Albania,1110,Mules and hinnies,1998,20000,X,,,,
20,72,Botswana,1110,Mules and hinnies,1998,2500,E,,,,
86,308,Grenada,1110,Mules and hinnies,1998,50,E,,,,
117,410,Republic of Korea,1110,Mules and hinnies,1998,,M,,,,
170,604,Peru,1110,Mules and hinnies,1998,224000,E,,,,
174,620,Portugal,1110,Mules and hinnies,1998,17500,I,,,,
211,756,Switzerland,1110,Mules and hinnies,1998,351,A,,,,
231,840,United States of America,1110,Mules and hinnies,1998,28000,E,,,,
18,64,Bhutan,1110,Mules and hinnies,1998,10224,I,,,,
23,84,Belize,1110,Mules and hinnies,1998,4400,E,,,,
147,516,Namibia,1110,Mules and hinnies,1998,6500,E,,,,
182,638,Réunion,1110,Mules and hinnies,1998,5,E,,,,
206,736,Sudan (former),1110,Mules and hinnies,1998,600,E,,,,
14,52,Barbados,1110,Mules and hinnies,1998,2000,E,,,,
40,152,Chile,1110,Mules and hinnies,1998,10000,E,,,,
52,31,Azerbaijan,1110,Mules and hinnies,1998,200,A,,,,
121,422,Lebanon,1110,Mules and hinnies,1998,5161,I,,,,
124,434,Libya,1110,Mules and hinnies,1998,,M,,,,
166,591,Panama,1110,Mules and hinnies,1998,4000,E,,,,
56,214,Dominican Republic,1110,Mules and hinnies,1998,135000,E,,,,
91,328,Guyana,1110,Mules and hinnies,1998,150,E,,,,
169,600,Paraguay,1110,Mules and hinnies,1998,14300,E,,,,
209,748,Eswatini,1110,Mules and hinnies,1998,80,E,,,,
236,862,Venezuela (Bolivarian Republic of),1110,Mules and hinnies,1998,72000,E,,,,
4,12,Algeria,1110,Mules and hinnies,1998,49690,A,,,,
100,356,India,1110,Mules and hinnies,1998,213000,A,,,,
106,380,Italy,1110,Mules and hinnies,1998,10500,E,,,,
177,630,Puerto Rico,1110,Mules and hinnies,1998,2500,E,,,,
189,662,Saint Lucia,1110,Mules and hinnies,1998,1000,E,,,,
216,764,Thailand,1110,Mules and hinnies,1998,20,E,,,,
33,124,Canada,1110,Mules and hinnies,1998,4000,E,,,,
134,470,Malta,1110,Mules and hinnies,1998,300,E,,,,
1,51,Armenia,1110,Mules and hinnies,1998,200,A,,,,
41,156,"China, mainland",1110,Mules and hinnies,1998,4806000,A,,,,
113,417,Kyrgyzstan,1110,Mules and hinnies,1998,520,E,,,,
19,68,Bolivia (Plurinational State of),1110,Mules and hinnies,1998,81000,E,,,,
21,76,Brazil,1110,Mules and hinnies,1998,1292412,A,,,,
95,340,Honduras,1110,Mules and hinnies,1998,69400,E,,,,
109,388,Jamaica,1110,Mules and hinnies,1998,10000,E,,,,
122,426,Lesotho,1110,Mules and hinnies,1998,1000,E,,,,
143,504,Morocco,1110,Mules and hinnies,1998,523900,A,,,,
201,706,Somalia,1110,Mules and hinnies,1998,18000,E,,,,
202,710,South Africa,1110,Mules and hinnies,1998,14000,E,,,,
181,716,Zimbabwe,1110,Mules and hinnies,1998,1000,E,,,,
35,132,Cabo Verde,1110,Mules and hinnies,1998,1750,E,,,,
48,188,Costa Rica,1110,Mules and hinnies,1998,5000,E,,,,
89,320,Guatemala,1110,Mules and hinnies,1998,38400,E,,,,
102,364,Iran (Islamic Republic of),1110,Mules and hinnies,1998,137150,X,,,,
112,400,Jordan,1110,Mules and hinnies,1998,2700,E,,,,
137,480,Mauritius,1110,Mules and hinnies,1998,20,E,,,,
222,788,Tunisia,1110,Mules and hinnies,1998,81000,E,,,,
223,792,Türkiye,1110,Mules and hinnies,1998,133000,A,,,,
33,124,Canada,1110,Mules and hinnies,1999,4000,E,,,,
122,426,Lesotho,1110,Mules and hinnies,1999,900,E,,,,
174,620,Portugal,1110,Mules and hinnies,1999,17244,A,,,,
231,840,United States of America,1110,Mules and hinnies,1999,28000,E,,,,
68,250,France,1110,Mules and hinnies,1999,14456,A,,,,
121,422,Lebanon,1110,Mules and hinnies,1999,4938,I,,,,
169,600,Paraguay,1110,Mules and hinnies,1999,14300,E,,,,
182,638,Réunion,1110,Mules and hinnies,1999,5,E,,,,
20,72,Botswana,1110,Mules and hinnies,1999,2500,E,,,,
40,152,Chile,1110,Mules and hinnies,1999,9000,E,,,,
102,364,Iran (Islamic Republic of),1110,Mules and hinnies,1999,173100,X,,,,
117,410,Republic of Korea,1110,Mules and hinnies,1999,,M,,,,
165,586,Pakistan,1110,Mules and hinnies,1999,163000,A,,,,
203,724,Spain,1110,Mules and hinnies,1999,117000,A,,,,
28,104,Myanmar,1110,Mules and hinnies,1999,1300,E,,,,
60,222,El Salvador,1110,Mules and hinnies,1999,23800,E,,,,
104,372,Ireland,1110,Mules and hinnies,1999,800,X,,,,
177,630,Puerto Rico,1110,Mules and hinnies,1999,2500,E,,,,
185,643,Russian Federation,1110,Mules and hinnies,1999,90,E,,,,
3,8,Albania,1110,Mules and hinnies,1999,22000,X,,,,
56,214,Dominican Republic,1110,Mules and hinnies,1999,138000,E,,,,
19,68,Bolivia (Plurinational State of),1110,Mules and hinnies,1999,81000,E,,,,
238,231,Ethiopia,1110,Mules and hinnies,1999,236980,A,,,,
137,480,Mauritius,1110,Mules and hinnies,1999,20,E,,,,
48,188,Costa Rica,1110,Mules and hinnies,1999,5000,E,,,,
49,192,Cuba,1110,Mules and hinnies,1999,24200,A,,,,
87,312,Guadeloupe,1110,Mules and hinnies,1999,100,E,,,,
134,470,Malta,1110,Mules and hinnies,1999,300,E,,,,
166,591,Panama,1110,Mules and hinnies,1999,4000,E,,,,
234,858,Uruguay,1110,Mules and hinnies,1999,3700,E,,,,
4,12,Algeria,1110,Mules and hinnies,1999,48900,A,,,,
35,132,Cabo Verde,1110,Mules and hinnies,1999,1750,E,,,,
93,332,Haiti,1110,Mules and hinnies,1999,80000,E,,,,
206,736,Sudan (former),1110,Mules and hinnies,1999,620,E,,,,
58,218,Ecuador,1110,Mules and hinnies,1999,157000,E,,,,
97,348,Hungary,1110,Mules and hinnies,1999,200,E,,,,
106,380,Italy,1110,Mules and hinnies,1999,10000,E,,,,
147,516,Namibia,1110,Mules and hinnies,1999,6600,E,,,,
170,604,Peru,1110,Mules and hinnies,1999,235000,E,,,,
14,52,Barbados,1110,Mules and hinnies,1999,2000,E,,,,
189,662,Saint Lucia,1110,Mules and hinnies,1999,1000,E,,,,
59,818,Egypt,1110,Mules and hinnies,1999,1700,A,,,,
73,268,Georgia,1110,Mules and hinnies,1999,140,E,,,,
95,340,Honduras,1110,Mules and hinnies,1999,69500,E,,,,
105,376,Israel,1110,Mules and hinnies,1999,1600,E,,,,
124,434,Libya,1110,Mules and hinnies,1999,,M,,,,
143,504,Morocco,1110,Mules and hinnies,1999,526600,A,,,,
181,716,Zimbabwe,1110,Mules and hinnies,1999,1100,E,,,,
212,760,Syrian Arab Republic,1110,Mules and hinnies,1999,13989,A,,,,
236,862,Venezuela (Bolivarian Republic of),1110,Mules and hinnies,1999,72000,E,,,,
44,170,Colombia,1110,Mules and hinnies,1999,505000,E,,,,
89,320,Guatemala,1110,Mules and hinnies,1999,38500,E,,,,
201,706,Somalia,1110,Mules and hinnies,1999,18000,E,,,,
211,756,Switzerland,1110,Mules and hinnies,1999,439,A,,,,
2,4,Afghanistan,1110,Mules and hinnies,1999,30000,E,,,,
23,84,Belize,1110,Mules and hinnies,1999,4400,E,,,,
18,64,Bhutan,1110,Mules and hinnies,1999,10251,I,,,,
27,100,Bulgaria,1110,Mules and hinnies,1999,16478,A,,,,
41,156,"China, mainland",1110,Mules and hinnies,1999,4739000,A,,,,
91,328,Guyana,1110,Mules and hinnies,1999,150,E,,,,
109,388,Jamaica,1110,Mules and hinnies,1999,10000,E,,,,
220,780,Trinidad and Tobago,1110,Mules and hinnies,1999,1700,E,,,,
1,51,Armenia,1110,Mules and hinnies,1999,200,A,,,,
84,300,Greece,1110,Mules and hinnies,1999,32732,A,,,,
100,356,India,1110,Mules and hinnies,1999,205000,A,,,,
103,368,Iraq,1110,Mules and hinnies,1999,11000,E,,,,
9,32,Argentina,1110,Mules and hinnies,1999,180000,E,,,,
50,196,Cyprus,1110,Mules and hinnies,1999,1500,E,,,,
202,710,South Africa,1110,Mules and hinnies,1999,14000,E,,,,
52,31,Azerbaijan,1110,Mules and hinnies,1999,100,A,,,,
112,400,Jordan,1110,Mules and hinnies,1999,1900,E,,,,
113,417,Kyrgyzstan,1110,Mules and hinnies,1999,520,E,,,,
193,678,Sao Tome and Principe,1110,Mules and hinnies,1999,25,E,,,,
216,764,Thailand,1110,Mules and hinnies,1999,25,E,,,,
222,788,Tunisia,1110,Mules and hinnies,1999,81000,E,,,,
223,792,Türkiye,1110,Mules and hinnies,1999,125000,A,,,,
21,76,Brazil,1110,Mules and hinnies,1999,1335771,A,,,,
86,308,Grenada,1110,Mules and hinnies,1999,50,E,,,,
138,484,Mexico,1110,Mules and hinnies,1999,3280000,E,,,,
157,558,Nicaragua,1110,Mules and hinnies,1999,45700,E,,,,
209,748,Eswatini,1110,Mules and hinnies,1999,85,E,,,,
41,156,"China, mainland",1110,Mules and hinnies,2000,4673000,A,,,,
113,417,Kyrgyzstan,1110,Mules and hinnies,2000,525,E,,,,
124,434,Libya,1110,Mules and hinnies,2000,,M,,,,
166,591,Panama,1110,Mules and hinnies,2000,4000,E,,,,
189,662,Saint Lucia,1110,Mules and hinnies,2000,1000,E,,,,
201,706,Somalia,1110,Mules and hinnies,2000,19000,E,,,,
223,792,Türkiye,1110,Mules and hinnies,2000,99000,A,,,,
89,320,Guatemala,1110,Mules and hinnies,2000,38600,E,,,,
91,328,Guyana,1110,Mules and hinnies,2000,150,E,,,,
121,422,Lebanon,1110,Mules and hinnies,2000,4780,X,,,,
28,104,Myanmar,1110,Mules and hinnies,2000,1250,E,,,,
203,724,Spain,1110,Mules and hinnies,2000,117000,A,,,,
21,76,Brazil,1110,Mules and hinnies,2000,1347855,A,,,,
33,124,Canada,1110,Mules and hinnies,2000,4000,E,,,,
40,152,Chile,1110,Mules and hinnies,2000,8500,E,,,,
58,218,Ecuador,1110,Mules and hinnies,2000,130091,A,,,,
84,300,Greece,1110,Mules and hinnies,2000,31532,A,,,,
103,368,Iraq,1110,Mules and hinnies,2000,11200,E,,,,
165,586,Pakistan,1110,Mules and hinnies,2000,175000,A,,,,
59,818,Egypt,1110,Mules and hinnies,2000,1400,A,,,,
234,858,Uruguay,1110,Mules and hinnies,2000,3700,E,,,,
73,268,Georgia,1110,Mules and hinnies,2000,120,E,,,,
97,348,Hungary,1110,Mules and hinnies,2000,180,E,,,,
170,604,Peru,1110,Mules and hinnies,2000,250000,E,,,,
212,760,Syrian Arab Republic,1110,Mules and hinnies,2000,12854,A,,,,
49,192,Cuba,1110,Mules and hinnies,2000,23300,A,,,,
86,308,Grenada,1110,Mules and hinnies,2000,50,E,,,,
104,372,Ireland,1110,Mules and hinnies,2000,600,X,,,,
122,426,Lesotho,1110,Mules and hinnies,2000,800,E,,,,
185,643,Russian Federation,1110,Mules and hinnies,2000,80,E,,,,
23,84,Belize,1110,Mules and hinnies,2000,4400,E,,,,
35,132,Cabo Verde,1110,Mules and hinnies,2000,1750,E,,,,
50,196,Cyprus,1110,Mules and hinnies,2000,1500,E,,,,
93,332,Haiti,1110,Mules and hinnies,2000,82000,E,,,,
109,388,Jamaica,1110,Mules and hinnies,2000,10000,E,,,,
181,716,Zimbabwe,1110,Mules and hinnies,2000,1200,E,,,,
220,780,Trinidad and Tobago,1110,Mules and hinnies,2000,1700,E,,,,
52,31,Azerbaijan,1110,Mules and hinnies,2000,200,A,,,,
105,376,Israel,1110,Mules and hinnies,2000,1600,E,,,,
143,504,Morocco,1110,Mules and hinnies,2000,510500,A,,,,
169,600,Paraguay,1110,Mules and hinnies,2000,14300,E,,,,
193,678,Sao Tome and Principe,1110,Mules and hinnies,2000,27,E,,,,
18,64,Bhutan,1110,Mules and hinnies,2000,12971,I,,,,
27,100,Bulgaria,1110,Mules and hinnies,2000,15539,A,,,,
68,250,France,1110,Mules and hinnies,2000,15017,A,,,,
87,312,Guadeloupe,1110,Mules and hinnies,2000,100,E,,,,
100,356,India,1110,Mules and hinnies,2000,197000,A,,,,
177,630,Puerto Rico,1110,Mules and hinnies,2000,2500,E,,,,
211,756,Switzerland,1110,Mules and hinnies,2000,391,A,,,,
231,840,United States of America,1110,Mules and hinnies,2000,28000,E,,,,
238,231,Ethiopia,1110,Mules and hinnies,2000,217580,A,,,,
106,380,Italy,1110,Mules and hinnies,2000,10000,E,,,,
112,400,Jordan,1110,Mules and hinnies,2000,2000,E,,,,
137,480,Mauritius,1110,Mules and hinnies,2000,20,E,,,,
147,516,Namibia,1110,Mules and hinnies,2000,6500,E,,,,
3,8,Albania,1110,Mules and hinnies,2000,21000,X,,,,
4,12,Algeria,1110,Mules and hinnies,2000,42780,A,,,,
20,72,Botswana,1110,Mules and hinnies,2000,2500,E,,,,
14,52,Barbados,1110,Mules and hinnies,2000,2000,E,,,,
102,364,Iran (Islamic Republic of),1110,Mules and hinnies,2000,175000,E,,,,
134,470,Malta,1110,Mules and hinnies,2000,300,E,,,,
157,558,Nicaragua,1110,Mules and hinnies,2000,45700,E,,,,
174,620,Portugal,1110,Mules and hinnies,2000,15276,I,,,,
182,638,Réunion,1110,Mules and hinnies,2000,5,E,,,,
2,4,Afghanistan,1110,Mules and hinnies,2000,30000,E,,,,
95,340,Honduras,1110,Mules and hinnies,2000,69600,E,,,,
138,484,Mexico,1110,Mules and hinnies,2000,3280000,E,,,,
117,410,Republic of Korea,1110,Mules and hinnies,2000,,M,,,,
222,788,Tunisia,1110,Mules and hinnies,2000,81000,E,,,,
19,68,Bolivia (Plurinational State of),1110,Mules and hinnies,2000,81000,E,,,,
56,214,Dominican Republic,1110,Mules and hinnies,2000,138000,E,,,,
216,764,Thailand,1110,Mules and hinnies,2000,25,E,,,,
48,188,Costa Rica,1110,Mules and hinnies,2000,5000,E,,,,
202,710,South Africa,1110,Mules and hinnies,2000,14000,E,,,,
206,736,Sudan (former),1110,Mules and hinnies,2000,625,E,,,,
236,862,Venezuela (Bolivarian Republic of),1110,Mules and hinnies,2000,72000,E,,,,
1,51,Armenia,1110,Mules and hinnies,2000,200,A,,,,
44,170,Colombia,1110,Mules and hinnies,2000,475000,E,,,,
209,748,Eswatini,1110,Mules and hinnies,2000,90,E,,,,
9,32,Argentina,1110,Mules and hinnies,2000,180000,E,,,,
60,222,El Salvador,1110,Mules and hinnies,2000,24000,E,,,,
49,192,Cuba,1110,Mules and hinnies,2001,23500,A,,,,
209,748,Eswatini,1110,Mules and hinnies,2001,90,E,,,,
100,356,India,1110,Mules and hinnies,2001,190000,A,,,,
157,558,Nicaragua,1110,Mules and hinnies,2001,46000,E,,,,
166,591,Panama,1110,Mules and hinnies,2001,3254,A,,,,
220,780,Trinidad and Tobago,1110,Mules and hinnies,2001,1700,E,,,,
19,68,Bolivia (Plurinational State of),1110,Mules and hinnies,2001,81000,E,,,,
27,100,Bulgaria,1110,Mules and hinnies,2001,13313,A,,,,
97,348,Hungary,1110,Mules and hinnies,2001,180,E,,,,
189,662,Saint Lucia,1110,Mules and hinnies,2001,1000,E,,,,
212,760,Syrian Arab Republic,1110,Mules and hinnies,2001,10000,A,,,,
14,52,Barbados,1110,Mules and hinnies,2001,2000,E,,,,
40,152,Chile,1110,Mules and hinnies,2001,9500,E,,,,
238,231,Ethiopia,1110,Mules and hinnies,2001,256490,A,,,,
89,320,Guatemala,1110,Mules and hinnies,2001,38600,E,,,,
91,328,Guyana,1110,Mules and hinnies,2001,150,E,,,,
48,188,Costa Rica,1110,Mules and hinnies,2001,5000,E,,,,
60,222,El Salvador,1110,Mules and hinnies,2001,24000,E,,,,
182,638,Réunion,1110,Mules and hinnies,2001,5,E,,,,
21,76,Brazil,1110,Mules and hinnies,2001,1345656,A,,,,
102,364,Iran (Islamic Republic of),1110,Mules and hinnies,2001,175000,E,,,,
138,484,Mexico,1110,Mules and hinnies,2001,3280000,E,,,,
165,586,Pakistan,1110,Mules and hinnies,2001,190000,A,,,,
169,600,Paraguay,1110,Mules and hinnies,2001,14500,E,,,,
185,643,Russian Federation,1110,Mules and hinnies,2001,211,A,,,,
202,710,South Africa,1110,Mules and hinnies,2001,14000,E,,,,
84,300,Greece,1110,Mules and hinnies,2001,29262,A,,,,
87,312,Guadeloupe,1110,Mules and hinnies,2001,100,E,,,,
117,410,Republic of Korea,1110,Mules and hinnies,2001,,M,,,,
122,426,Lesotho,1110,Mules and hinnies,2001,1000,E,,,,
147,516,Namibia,1110,Mules and hinnies,2001,6600,E,,,,
216,764,Thailand,1110,Mules and hinnies,2001,22,E,,,,
222,788,Tunisia,1110,Mules and hinnies,2001,82000,E,,,,
234,858,Uruguay,1110,Mules and hinnies,2001,3750,E,,,,
3,8,Albania,1110,Mules and hinnies,2001,22000,X,,,,
68,250,France,1110,Mules and hinnies,2001,15000,E,,,,
93,332,Haiti,1110,Mules and hinnies,2001,82000,E,,,,
193,678,Sao Tome and Principe,1110,Mules and hinnies,2001,27,E,,,,
203,724,Spain,1110,Mules and hinnies,2001,115000,E,,,,
103,368,Iraq,1110,Mules and hinnies,2001,11200,E,,,,
106,380,Italy,1110,Mules and hinnies,2001,10000,E,,,,
113,417,Kyrgyzstan,1110,Mules and hinnies,2001,500,E,,,,
134,470,Malta,1110,Mules and hinnies,2001,300,E,,,,
231,840,United States of America,1110,Mules and hinnies,2001,28000,E,,,,
4,12,Algeria,1110,Mules and hinnies,2001,43720,A,,,,
137,480,Mauritius,1110,Mules and hinnies,2001,20,E,,,,
201,706,Somalia,1110,Mules and hinnies,2001,19000,E,,,,
1,51,Armenia,1110,Mules and hinnies,2001,200,A,,,,
2,4,Afghanistan,1110,Mules and hinnies,2001,25000,A,,,,
44,170,Colombia,1110,Mules and hinnies,2001,450000,E,,,,
52,31,Azerbaijan,1110,Mules and hinnies,2001,200,A,,,,
59,818,Egypt,1110,Mules and hinnies,2001,1900,A,,,,
104,372,Ireland,1110,Mules and hinnies,2001,600,X,,,,
121,422,Lebanon,1110,Mules and hinnies,2001,4780,X,,,,
177,630,Puerto Rico,1110,Mules and hinnies,2001,2500,E,,,,
181,716,Zimbabwe,1110,Mules and hinnies,2001,1200,E,,,,
211,756,Switzerland,1110,Mules and hinnies,2001,438,A,,,,
9,32,Argentina,1110,Mules and hinnies,2001,180000,E,,,,
58,218,Ecuador,1110,Mules and hinnies,2001,158000,E,,,,
86,308,Grenada,1110,Mules and hinnies,2001,50,E,,,,
112,400,Jordan,1110,Mules and hinnies,2001,1990,E,,,,
124,434,Libya,1110,Mules and hinnies,2001,,M,,,,
23,84,Belize,1110,Mules and hinnies,2001,4450,E,,,,
41,156,"China, mainland",1110,Mules and hinnies,2001,4530000,A,,,,
95,340,Honduras,1110,Mules and hinnies,2001,69600,E,,,,
170,604,Peru,1110,Mules and hinnies,2001,260000,E,,,,
18,64,Bhutan,1110,Mules and hinnies,2001,11757,I,,,,
33,124,Canada,1110,Mules and hinnies,2001,4000,E,,,,
35,132,Cabo Verde,1110,Mules and hinnies,2001,1800,E,,,,
50,196,Cyprus,1110,Mules and hinnies,2001,1500,E,,,,
223,792,Türkiye,1110,Mules and hinnies,2001,97000,A,,,,
56,214,Dominican Republic,1110,Mules and hinnies,2001,140000,E,,,,
105,376,Israel,1110,Mules and hinnies,2001,1600,E,,,,
109,388,Jamaica,1110,Mules and hinnies,2001,10000,E,,,,
143,504,Morocco,1110,Mules and hinnies,2001,508900,A,,,,
236,862,Venezuela (Bolivarian Republic of),1110,Mules and hinnies,2001,72000,E,,,,
20,72,Botswana,1110,Mules and hinnies,2001,2500,E,,,,
28,104,Myanmar,1110,Mules and hinnies,2001,1220,E,,,,
73,268,Georgia,1110,Mules and hinnies,2001,81,A,,,,
174,620,Portugal,1110,Mules and hinnies,2001,14177,I,,,,
206,736,Sudan (former),1110,Mules and hinnies,2001,630,E,,,,
103,368,Iraq,1110,Mules and hinnies,2002,11200,E,,,,
113,417,Kyrgyzstan,1110,Mules and hinnies,2002,450,E,,,,
137,480,Mauritius,1110,Mules and hinnies,2002,20,E,,,,
169,600,Paraguay,1110,Mules and hinnies,2002,14500,E,,,,
177,630,Puerto Rico,1110,Mules and hinnies,2002,2500,E,,,,
193,678,Sao Tome and Principe,1110,Mules and hinnies,2002,28,E,,,,
201,706,Somalia,1110,Mules and hinnies,2002,20000,E,,,,
202,710,South Africa,1110,Mules and hinnies,2002,14000,E,,,,
185,643,Russian Federation,1110,Mules and hinnies,2002,213,A,,,,
189,662,Saint Lucia,1110,Mules and hinnies,2002,1000,E,,,,
220,780,Trinidad and Tobago,1110,Mules and hinnies,2002,1800,E,,,,
27,100,Bulgaria,1110,Mules and hinnies,2002,12000,E,,,,
106,380,Italy,1110,Mules and hinnies,2002,10000,E,,,,
238,231,Ethiopia,1110,Mules and hinnies,2002,349330,A,,,,
4,12,Algeria,1110,Mules and hinnies,2002,45120,A,,,,
68,250,France,1110,Mules and hinnies,2002,15000,E,,,,
216,764,Thailand,1110,Mules and hinnies,2002,25,E,,,,
14,52,Barbados,1110,Mules and hinnies,2002,2000,E,,,,
23,84,Belize,1110,Mules and hinnies,2002,4500,E,,,,
33,124,Canada,1110,Mules and hinnies,2002,4000,E,,,,
59,818,Egypt,1110,Mules and hinnies,2002,1400,A,,,,
87,312,Guadeloupe,1110,Mules and hinnies,2002,100,E,,,,
100,356,India,1110,Mules and hinnies,2002,183000,A,,,,
203,724,Spain,1110,Mules and hinnies,2002,110000,E,,,,
234,858,Uruguay,1110,Mules and hinnies,2002,3750,E,,,,
21,76,Brazil,1110,Mules and hinnies,2002,1339161,A,,,,
48,188,Costa Rica,1110,Mules and hinnies,2002,5000,E,,,,
28,104,Myanmar,1110,Mules and hinnies,2002,1200,E,,,,
52,31,Azerbaijan,1110,Mules and hinnies,2002,200,A,,,,
102,364,Iran (Islamic Republic of),1110,Mules and hinnies,2002,175000,E,,,,
143,504,Morocco,1110,Mules and hinnies,2002,510800,A,,,,
182,638,Réunion,1110,Mules and hinnies,2002,5,E,,,,
212,760,Syrian Arab Republic,1110,Mules and hinnies,2002,7000,A,,,,
223,792,Türkiye,1110,Mules and hinnies,2002,94924,A,,,,
18,64,Bhutan,1110,Mules and hinnies,2002,11007,I,,,,
91,328,Guyana,1110,Mules and hinnies,2002,150,E,,,,
147,516,Namibia,1110,Mules and hinnies,2002,6600,E,,,,
9,32,Argentina,1110,Mules and hinnies,2002,180000,E,,,,
40,152,Chile,1110,Mules and hinnies,2002,10000,E,,,,
41,156,"China, mainland",1110,Mules and hinnies,2002,4362000,A,,,,
95,340,Honduras,1110,Mules and hinnies,2002,69600,E,,,,
122,426,Lesotho,1110,Mules and hinnies,2002,1400,E,,,,
138,484,Mexico,1110,Mules and hinnies,2002,3280000,E,,,,
174,620,Portugal,1110,Mules and hinnies,2002,13120,I,,,,
89,320,Guatemala,1110,Mules and hinnies,2002,38700,E,,,,
109,388,Jamaica,1110,Mules and hinnies,2002,10000,E,,,,
134,470,Malta,1110,Mules and hinnies,2002,300,E,,,,
166,591,Panama,1110,Mules and hinnies,2002,4100,E,,,,
211,756,Switzerland,1110,Mules and hinnies,2002,456,A,,,,
60,222,El Salvador,1110,Mules and hinnies,2002,24000,E,,,,
209,748,Eswatini,1110,Mules and hinnies,2002,90,E,,,,
231,840,United States of America,1110,Mules and hinnies,2002,28000,E,,,,
35,132,Cabo Verde,1110,Mules and hinnies,2002,1800,E,,,,
73,268,Georgia,1110,Mules and hinnies,2002,80,E,,,,
97,348,Hungary,1110,Mules and hinnies,2002,180,E,,,,
124,434,Libya,1110,Mules and hinnies,2002,,M,,,,
236,862,Venezuela (Bolivarian Republic of),1110,Mules and hinnies,2002,72000,E,,,,
20,72,Botswana,1110,Mules and hinnies,2002,2500,E,,,,
84,300,Greece,1110,Mules and hinnies,2002,27963,A,,,,
2,4,Afghanistan,1110,Mules and hinnies,2002,25000,A,,,,
104,372,Ireland,1110,Mules and hinnies,2002,600,X,,,,
105,376,Israel,1110,Mules and hinnies,2002,1600,E,,,,
206,736,Sudan (former),1110,Mules and hinnies,2002,630,E,,,,
1,51,Armenia,1110,Mules and hinnies,2002,200,A,,,,
19,68,Bolivia (Plurinational State of),1110,Mules and hinnies,2002,81500,E,,,,
44,170,Colombia,1110,Mules and hinnies,2002,430000,E,,,,
49,192,Cuba,1110,Mules and hinnies,2002,23200,A,,,,
58,218,Ecuador,1110,Mules and hinnies,2002,137124,A,,,,
93,332,Haiti,1110,Mules and hinnies,2002,82000,E,,,,
112,400,Jordan,1110,Mules and hinnies,2002,2700,E,,,,
121,422,Lebanon,1110,Mules and hinnies,2002,4780,X,,,,
165,586,Pakistan,1110,Mules and hinnies,2002,202000,A,,,,
3,8,Albania,1110,Mules and hinnies,2002,20000,X,,,,
56,214,Dominican Republic,1110,Mules and hinnies,2002,140000,E,,,,
117,410,Republic of Korea,1110,Mules and hinnies,2002,,M,,,,
181,716,Zimbabwe,1110,Mules and hinnies,2002,1200,E,,,,
50,196,Cyprus,1110,Mules and hinnies,2002,1500,E,,,,
86,308,Grenada,1110,Mules and hinnies,2002,50,E,,,,
157,558,Nicaragua,1110,Mules and hinnies,2002,46500,E,,,,
170,604,Peru,1110,Mules and hinnies,2002,270000,E,,,,
222,788,Tunisia,1110,Mules and hinnies,2002,82000,E,,,,
50,196,Cyprus,1110,Mules and hinnies,2003,1500,E,,,,
106,380,Italy,1110,Mules and hinnies,2003,10000,E,,,,
112,400,Jordan,1110,Mules and hinnies,2003,1900,E,,,,
174,620,Portugal,1110,Mules and hinnies,2003,12103,I,,,,
9,32,Argentina,1110,Mules and hinnies,2003,185000,E,,,,
59,818,Egypt,1110,Mules and hinnies,2003,2000,A,,,,
238,231,Ethiopia,1110,Mules and hinnies,2003,250000,E,,,,
103,368,Iraq,1110,Mules and hinnies,2003,11000,X,,,,
138,484,Mexico,1110,Mules and hinnies,2003,3280000,E,,,,
169,600,Paraguay,1110,Mules and hinnies,2003,14550,E,,,,
95,340,Honduras,1110,Mules and hinnies,2003,69600,E,,,,
102,364,Iran (Islamic Republic of),1110,Mules and hinnies,2003,175000,E,,,,
21,76,Brazil,1110,Mules and hinnies,2003,1345389,A,,,,
48,188,Costa Rica,1110,Mules and hinnies,2003,5000,E,,,,
157,558,Nicaragua,1110,Mules and hinnies,2003,47000,E,,,,
3,8,Albania,1110,Mules and hinnies,2003,19000,X,,,,
18,64,Bhutan,1110,Mules and hinnies,2003,10090,I,,,,
19,68,Bolivia (Plurinational State of),1110,Mules and hinnies,2003,82000,E,,,,
20,72,Botswana,1110,Mules and hinnies,2003,2500,E,,,,
41,156,"China, mainland",1110,Mules and hinnies,2003,4194000,A,,,,
60,222,El Salvador,1110,Mules and hinnies,2003,24000,E,,,,
189,662,Saint Lucia,1110,Mules and hinnies,2003,1000,E,,,,
216,764,Thailand,1110,Mules and hinnies,2003,50,E,,,,
223,792,Türkiye,1110,Mules and hinnies,2003,92012,A,,,,
236,862,Venezuela (Bolivarian Republic of),1110,Mules and hinnies,2003,72000,E,,,,
44,170,Colombia,1110,Mules and hinnies,2003,400000,E,,,,
209,748,Eswatini,1110,Mules and hinnies,2003,90,E,,,,
109,388,Jamaica,1110,Mules and hinnies,2003,10000,E,,,,
234,858,Uruguay,1110,Mules and hinnies,2003,3800,E,,,,
2,4,Afghanistan,1110,Mules and hinnies,2003,25000,A,,,,
14,52,Barbados,1110,Mules and hinnies,2003,2000,E,,,,
28,104,Myanmar,1110,Mules and hinnies,2003,1150,E,,,,
40,152,Chile,1110,Mules and hinnies,2003,10500,E,,,,
170,604,Peru,1110,Mules and hinnies,2003,280000,E,,,,
201,706,Somalia,1110,Mules and hinnies,2003,20000,E,,,,
220,780,Trinidad and Tobago,1110,Mules and hinnies,2003,1850,E,,,,
86,308,Grenada,1110,Mules and hinnies,2003,50,E,,,,
100,356,India,1110,Mules and hinnies,2003,176000,A,,,,
134,470,Malta,1110,Mules and hinnies,2003,300,E,,,,
165,586,Pakistan,1110,Mules and hinnies,2003,218000,A,,,,
35,132,Cabo Verde,1110,Mules and hinnies,2003,1800,E,,,,
89,320,Guatemala,1110,Mules and hinnies,2003,38700,E,,,,
105,376,Israel,1110,Mules and hinnies,2003,1600,E,,,,
222,788,Tunisia,1110,Mules and hinnies,2003,82000,E,,,,
33,124,Canada,1110,Mules and hinnies,2003,4000,E,,,,
49,192,Cuba,1110,Mules and hinnies,2003,23000,A,,,,
68,250,France,1110,Mules and hinnies,2003,15000,E,,,,
113,417,Kyrgyzstan,1110,Mules and hinnies,2003,423,X,,,,
122,426,Lesotho,1110,Mules and hinnies,2003,1500,E,,,,
185,643,Russian Federation,1110,Mules and hinnies,2003,193,A,,,,
181,716,Zimbabwe,1110,Mules and hinnies,2003,1210,E,,,,
206,736,Sudan (former),1110,Mules and hinnies,2003,630,E,,,,
56,214,Dominican Republic,1110,Mules and hinnies,2003,140500,E,,,,
84,300,Greece,1110,Mules and hinnies,2003,26291,A,,,,
147,516,Namibia,1110,Mules and hinnies,2003,6700,E,,,,
231,840,United States of America,1110,Mules and hinnies,2003,28000,E,,,,
73,268,Georgia,1110,Mules and hinnies,2003,100,E,,,,
177,630,Puerto Rico,1110,Mules and hinnies,2003,2500,E,,,,
193,678,Sao Tome and Principe,1110,Mules and hinnies,2003,28,E,,,,
203,724,Spain,1110,Mules and hinnies,2003,110000,E,,,,
1,51,Armenia,1110,Mules and hinnies,2003,200,A,,,,
4,12,Algeria,1110,Mules and hinnies,2003,48810,A,,,,
87,312,Guadeloupe,1110,Mules and hinnies,2003,100,E,,,,
137,480,Mauritius,1110,Mules and hinnies,2003,20,E,,,,
211,756,Switzerland,1110,Mules and hinnies,2003,507,A,,,,
58,218,Ecuador,1110,Mules and hinnies,2003,125620,A,,,,
93,332,Haiti,1110,Mules and hinnies,2003,82500,E,,,,
124,434,Libya,1110,Mules and hinnies,2003,,M,,,,
202,710,South Africa,1110,Mules and hinnies,2003,14000,E,,,,
23,84,Belize,1110,Mules and hinnies,2003,4500,E,,,,
143,504,Morocco,1110,Mules and hinnies,2003,545300,A,,,,
117,410,Republic of Korea,1110,Mules and hinnies,2003,,M,,,,
182,638,Réunion,1110,Mules and hinnies,2003,5,E,,,,
212,760,Syrian Arab Republic,1110,Mules and hinnies,2003,7000,A,,,,
27,100,Bulgaria,1110,Mules and hinnies,2003,7950,A,,,,
52,31,Azerbaijan,1110,Mules and hinnies,2003,100,A,,,,
91,328,Guyana,1110,Mules and hinnies,2003,150,E,,,,
97,348,Hungary,1110,Mules and hinnies,2003,180,E,,,,
104,372,Ireland,1110,Mules and hinnies,2003,600,X,,,,
121,422,Lebanon,1110,Mules and hinnies,2003,4780,X,,,,
166,591,Panama,1110,Mules and hinnies,2003,4150,E,,,,
86,308,Grenada,1110,Mules and hinnies,2004,50,E,,,,
97,348,Hungary,1110,Mules and hinnies,2004,180,E,,,,
157,558,Nicaragua,1110,Mules and hinnies,2004,48000,E,,,,
189,662,Saint Lucia,1110,Mules and hinnies,2004,1000,E,,,,
203,724,Spain,1110,Mules and hinnies,2004,110000,E,,,,
19,68,Bolivia (Plurinational State of),1110,Mules and hinnies,2004,82000,E,,,,
91,328,Guyana,1110,Mules and hinnies,2004,150,E,,,,
93,332,Haiti,1110,Mules and hinnies,2004,80000,E,,,,
95,340,Honduras,1110,Mules and hinnies,2004,69600,E,,,,
3,8,Albania,1110,Mules and hinnies,2004,17000,X,,,,
44,170,Colombia,1110,Mules and hinnies,2004,372594,E,,,,
169,600,Paraguay,1110,Mules and hinnies,2004,14550,E,,,,
41,156,"China, mainland",1110,Mules and hinnies,2004,3957000,A,,,,
48,188,Costa Rica,1110,Mules and hinnies,2004,5000,E,,,,
104,372,Ireland,1110,Mules and hinnies,2004,600,A,,,,
113,417,Kyrgyzstan,1110,Mules and hinnies,2004,562,X,,,,
165,586,Pakistan,1110,Mules and hinnies,2004,234000,A,,,,
23,84,Belize,1110,Mules and hinnies,2004,4550,E,,,,
21,76,Brazil,1110,Mules and hinnies,2004,1358419,A,,,,
60,222,El Salvador,1110,Mules and hinnies,2004,24000,E,,,,
134,470,Malta,1110,Mules and hinnies,2004,300,E,,,,
28,104,Myanmar,1110,Mules and hinnies,2004,1100,E,,,,
182,638,Réunion,1110,Mules and hinnies,2004,5,E,,,,
14,52,Barbados,1110,Mules and hinnies,2004,2000,E,,,,
143,504,Morocco,1110,Mules and hinnies,2004,557400,A,,,,
147,516,Namibia,1110,Mules and hinnies,2004,6700,E,,,,
236,862,Venezuela (Bolivarian Republic of),1110,Mules and hinnies,2004,72000,E,,,,
181,716,Zimbabwe,1110,Mules and hinnies,2004,1210,E,,,,
9,32,Argentina,1110,Mules and hinnies,2004,185000,E,,,,
174,620,Portugal,1110,Mules and hinnies,2004,11125,I,,,,
201,706,Somalia,1110,Mules and hinnies,2004,22000,E,,,,
234,858,Uruguay,1110,Mules and hinnies,2004,3800,E,,,,
33,124,Canada,1110,Mules and hinnies,2004,4000,E,,,,
56,214,Dominican Republic,1110,Mules and hinnies,2004,140500,E,,,,
20,72,Botswana,1110,Mules and hinnies,2004,2500,E,,,,
35,132,Cabo Verde,1110,Mules and hinnies,2004,1850,E,,,,
102,364,Iran (Islamic Republic of),1110,Mules and hinnies,2004,175000,E,,,,
105,376,Israel,1110,Mules and hinnies,2004,1600,E,,,,
202,710,South Africa,1110,Mules and hinnies,2004,14000,E,,,,
211,756,Switzerland,1110,Mules and hinnies,2004,486,A,,,,
27,100,Bulgaria,1110,Mules and hinnies,2004,10500,E,,,,
50,196,Cyprus,1110,Mules and hinnies,2004,1500,E,,,,
58,218,Ecuador,1110,Mules and hinnies,2004,129476,A,,,,
100,356,India,1110,Mules and hinnies,2004,164000,A,,,,
121,422,Lebanon,1110,Mules and hinnies,2004,4780,X,,,,
122,426,Lesotho,1110,Mules and hinnies,2004,1650,E,,,,
170,604,Peru,1110,Mules and hinnies,2004,285000,E,,,,
222,788,Tunisia,1110,Mules and hinnies,2004,82000,E,,,,
2,4,Afghanistan,1110,Mules and hinnies,2004,27000,A,,,,
89,320,Guatemala,1110,Mules and hinnies,2004,38700,E,,,,
103,368,Iraq,1110,Mules and hinnies,2004,11000,E,,,,
112,400,Jordan,1110,Mules and hinnies,2004,1860,E,,,,
124,434,Libya,1110,Mules and hinnies,2004,,M,,,,
212,760,Syrian Arab Republic,1110,Mules and hinnies,2004,5000,A,,,,
220,780,Trinidad and Tobago,1110,Mules and hinnies,2004,1900,E,,,,
18,64,Bhutan,1110,Mules and hinnies,2004,9900,E,,,,
49,192,Cuba,1110,Mules and hinnies,2004,22500,A,,,,
59,818,Egypt,1110,Mules and hinnies,2004,1800,A,,,,
177,630,Puerto Rico,1110,Mules and hinnies,2004,2500,E,,,,
117,410,Republic of Korea,1110,Mules and hinnies,2004,,M,,,,
193,678,Sao Tome and Principe,1110,Mules and hinnies,2004,29,E,,,,
206,736,Sudan (former),1110,Mules and hinnies,2004,630,E,,,,
216,764,Thailand,1110,Mules and hinnies,2004,50,E,,,,
238,231,Ethiopia,1110,Mules and hinnies,2004,280000,E,,,,
73,268,Georgia,1110,Mules and hinnies,2004,100,E,,,,
87,312,Guadeloupe,1110,Mules and hinnies,2004,100,E,,,,
137,480,Mauritius,1110,Mules and hinnies,2004,20,E,,,,
138,484,Mexico,1110,Mules and hinnies,2004,3280000,E,,,,
4,12,Algeria,1110,Mules and hinnies,2004,40350,A,,,,
52,31,Azerbaijan,1110,Mules and hinnies,2004,100,A,,,,
209,748,Eswatini,1110,Mules and hinnies,2004,90,E,,,,
84,300,Greece,1110,Mules and hinnies,2004,24151,A,,,,
106,380,Italy,1110,Mules and hinnies,2004,8900,X,,,,
109,388,Jamaica,1110,Mules and hinnies,2004,10000,E,,,,
166,591,Panama,1110,Mules and hinnies,2004,4200,E,,,,
223,792,Türkiye,1110,Mules and hinnies,2004,83867,A,,,,
231,840,United States of America,1110,Mules and hinnies,2004,28000,E,,,,
1,51,Armenia,1110,Mules and hinnies,2004,200,A,,,,
40,152,Chile,1110,Mules and hinnies,2004,10800,E,,,,
68,250,France,1110,Mules and hinnies,2004,15000,X,,,,
185,643,Russian Federation,1110,Mules and hinnies,2004,222,A,,,,
1,51,Armenia,1110,Mules and hinnies,2005,200,A,,,,
84,300,Greece,1110,Mules and hinnies,2005,23180,A,,,,
91,328,Guyana,1110,Mules and hinnies,2005,150,E,,,,
201,706,Somalia,1110,Mules and hinnies,2005,22000,E,,,,
56,214,Dominican Republic,1110,Mules and hinnies,2005,140500,E,,,,
59,818,Egypt,1110,Mules and hinnies,2005,2200,A,,,,
165,586,Pakistan,1110,Mules and hinnies,2005,251000,A,,,,
3,8,Albania,1110,Mules and hinnies,2005,18500,X,,,,
48,188,Costa Rica,1110,Mules and hinnies,2005,5000,E,,,,
143,504,Morocco,1110,Mules and hinnies,2005,533700,A,,,,
236,862,Venezuela (Bolivarian Republic of),1110,Mules and hinnies,2005,72000,E,,,,
28,104,Myanmar,1110,Mules and hinnies,2005,1080,E,,,,
50,196,Cyprus,1110,Mules and hinnies,2005,1500,E,,,,
73,268,Georgia,1110,Mules and hinnies,2005,100,E,,,,
122,426,Lesotho,1110,Mules and hinnies,2005,1700,E,,,,
211,756,Switzerland,1110,Mules and hinnies,2005,501,A,,,,
220,780,Trinidad and Tobago,1110,Mules and hinnies,2005,1900,E,,,,
121,422,Lebanon,1110,Mules and hinnies,2005,4780,X,,,,
169,600,Paraguay,1110,Mules and hinnies,2005,14600,E,,,,
23,84,Belize,1110,Mules and hinnies,2005,4550,E,,,,
44,170,Colombia,1110,Mules and hinnies,2005,320749,E,,,,
182,638,Réunion,1110,Mules and hinnies,2005,5,E,,,,
189,662,Saint Lucia,1110,Mules and hinnies,2005,1000,E,,,,
14,52,Barbados,1110,Mules and hinnies,2005,2000,E,,,,
27,100,Bulgaria,1110,Mules and hinnies,2005,9500,E,,,,
89,320,Guatemala,1110,Mules and hinnies,2005,38700,E,,,,
95,340,Honduras,1110,Mules and hinnies,2005,69600,E,,,,
185,643,Russian Federation,1110,Mules and hinnies,2005,215,A,,,,
193,678,Sao Tome and Principe,1110,Mules and hinnies,2005,29,E,,,,
212,760,Syrian Arab Republic,1110,Mules and hinnies,2005,5000,A,,,,
4,12,Algeria,1110,Mules and hinnies,2005,41620,A,,,,
104,372,Ireland,1110,Mules and hinnies,2005,923,A,,,,
113,417,Kyrgyzstan,1110,Mules and hinnies,2005,513,X,,,,
124,434,Libya,1110,Mules and hinnies,2005,,M,,,,
134,470,Malta,1110,Mules and hinnies,2005,300,E,,,,
222,788,Tunisia,1110,Mules and hinnies,2005,82000,E,,,,
238,231,Ethiopia,1110,Mules and hinnies,2005,300000,E,,,,
58,218,Ecuador,1110,Mules and hinnies,2005,124066,A,,,,
60,222,El Salvador,1110,Mules and hinnies,2005,24000,E,,,,
109,388,Jamaica,1110,Mules and hinnies,2005,10000,E,,,,
157,558,Nicaragua,1110,Mules and hinnies,2005,48000,E,,,,
216,764,Thailand,1110,Mules and hinnies,2005,50,E,,,,
234,858,Uruguay,1110,Mules and hinnies,2005,3800,E,,,,
112,400,Jordan,1110,Mules and hinnies,2005,1800,E,,,,
137,480,Mauritius,1110,Mules and hinnies,2005,20,E,,,,
223,792,Türkiye,1110,Mules and hinnies,2005,81678,A,,,,
18,64,Bhutan,1110,Mules and hinnies,2005,7000,E,,,,
174,620,Portugal,1110,Mules and hinnies,2005,10188,I,,,,
20,72,Botswana,1110,Mules and hinnies,2005,2500,E,,,,
33,124,Canada,1110,Mules and hinnies,2005,4000,E,,,,
41,156,"China, mainland",1110,Mules and hinnies,2005,3739500,A,,,,
170,604,Peru,1110,Mules and hinnies,2005,290000,E,,,,
2,4,Afghanistan,1110,Mules and hinnies,2005,29000,A,,,,
68,250,France,1110,Mules and hinnies,2005,16000,E,,,,
177,630,Puerto Rico,1110,Mules and hinnies,2005,2500,E,,,,
117,410,Republic of Korea,1110,Mules and hinnies,2005,,M,,,,
52,31,Azerbaijan,1110,Mules and hinnies,2005,100,A,,,,
86,308,Grenada,1110,Mules and hinnies,2005,50,E,,,,
106,380,Italy,1110,Mules and hinnies,2005,9000,E,,,,
147,516,Namibia,1110,Mules and hinnies,2005,6700,E,,,,
181,716,Zimbabwe,1110,Mules and hinnies,2005,1220,E,,,,
209,748,Eswatini,1110,Mules and hinnies,2005,90,E,,,,
19,68,Bolivia (Plurinational State of),1110,Mules and hinnies,2005,82000,E,,,,
21,76,Brazil,1110,Mules and hinnies,2005,1388665,A,,,,
40,152,Chile,1110,Mules and hinnies,2005,11000,E,,,,
49,192,Cuba,1110,Mules and hinnies,2005,21600,A,,,,
93,332,Haiti,1110,Mules and hinnies,2005,80000,E,,,,
102,364,Iran (Islamic Republic of),1110,Mules and hinnies,2005,175000,E,,,,
103,368,Iraq,1110,Mules and hinnies,2005,11000,E,,,,
105,376,Israel,1110,Mules and hinnies,2005,1600,E,,,,
166,591,Panama,1110,Mules and hinnies,2005,4200,E,,,,
202,710,South Africa,1110,Mules and hinnies,2005,14000,E,,,,
203,724,Spain,1110,Mules and hinnies,2005,110000,E,,,,
206,736,Sudan (former),1110,Mules and hinnies,2005,630,E,,,,
9,32,Argentina,1110,Mules and hinnies,2005,185000,E,,,,
87,312,Guadeloupe,1110,Mules and hinnies,2005,100,E,,,,
138,484,Mexico,1110,Mules and hinnies,2005,3280000,E,,,,
231,840,United States of America,1110,Mules and hinnies,2005,28000,E,,,,
35,132,Cabo Verde,1110,Mules and hinnies,2005,1850,E,,,,
97,348,Hungary,1110,Mules and hinnies,2005,180,E,,,,
100,356,India,1110,Mules and hinnies,2005,154000,A,,,,
2,4,Afghanistan,1110,Mules and hinnies,2006,23000,A,,,,
170,604,Peru,1110,Mules and hinnies,2006,290000,E,,,,
19,68,Bolivia (Plurinational State of),1110,Mules and hinnies,2006,82000,E,,,,
50,196,Cyprus,1110,Mules and hinnies,2006,1500,E,,,,
86,308,Grenada,1110,Mules and hinnies,2006,50,E,,,,
113,417,Kyrgyzstan,1110,Mules and hinnies,2006,500,E,,,,
138,484,Mexico,1110,Mules and hinnies,2006,3280000,E,,,,
201,706,Somalia,1110,Mules and hinnies,2006,22000,E,,,,
206,736,Sudan (former),1110,Mules and hinnies,2006,630,E,,,,
105,376,Israel,1110,Mules and hinnies,2006,1600,E,,,,
209,748,Eswatini,1110,Mules and hinnies,2006,90,E,,,,
3,8,Albania,1110,Mules and hinnies,2006,13000,X,,,,
112,400,Jordan,1110,Mules and hinnies,2006,1500,E,,,,
193,678,Sao Tome and Principe,1110,Mules and hinnies,2006,29,E,,,,
21,76,Brazil,1110,Mules and hinnies,2006,1386015,A,,,,
35,132,Cabo Verde,1110,Mules and hinnies,2006,1850,E,,,,
40,152,Chile,1110,Mules and hinnies,2006,10000,E,,,,
91,328,Guyana,1110,Mules and hinnies,2006,150,E,,,,
104,372,Ireland,1110,Mules and hinnies,2006,1120,X,,,,
109,388,Jamaica,1110,Mules and hinnies,2006,10000,E,,,,
117,410,Republic of Korea,1110,Mules and hinnies,2006,,M,,,,
41,156,"China, mainland",1110,Mules and hinnies,2006,3604000,A,,,,
44,170,Colombia,1110,Mules and hinnies,2006,435034,A,,,,
56,214,Dominican Republic,1110,Mules and hinnies,2006,140500,E,,,,
59,818,Egypt,1110,Mules and hinnies,2006,2000,A,,,,
93,332,Haiti,1110,Mules and hinnies,2006,80000,E,,,,
134,470,Malta,1110,Mules and hinnies,2006,300,E,,,,
147,516,Namibia,1110,Mules and hinnies,2006,6700,E,,,,
165,586,Pakistan,1110,Mules and hinnies,2006,156000,A,,,,
212,760,Syrian Arab Republic,1110,Mules and hinnies,2006,5000,A,,,,
1,51,Armenia,1110,Mules and hinnies,2006,125,A,,,,
60,222,El Salvador,1110,Mules and hinnies,2006,24000,E,,,,
103,368,Iraq,1110,Mules and hinnies,2006,11000,E,,,,
177,630,Puerto Rico,1110,Mules and hinnies,2006,2500,E,,,,
189,662,Saint Lucia,1110,Mules and hinnies,2006,1000,E,,,,
223,792,Türkiye,1110,Mules and hinnies,2006,75018,A,,,,
33,124,Canada,1110,Mules and hinnies,2006,4000,E,,,,
49,192,Cuba,1110,Mules and hinnies,2006,21000,A,,,,
121,422,Lebanon,1110,Mules and hinnies,2006,4780,X,,,,
211,756,Switzerland,1110,Mules and hinnies,2006,501,E,,,,
216,764,Thailand,1110,Mules and hinnies,2006,50,E,,,,
220,780,Trinidad and Tobago,1110,Mules and hinnies,2006,1900,E,,,,
23,84,Belize,1110,Mules and hinnies,2006,4550,E,,,,
97,348,Hungary,1110,Mules and hinnies,2006,180,E,,,,
100,356,India,1110,Mules and hinnies,2006,143000,A,,,,
106,380,Italy,1110,Mules and hinnies,2006,9000,E,,,,
157,558,Nicaragua,1110,Mules and hinnies,2006,48000,E,,,,
48,188,Costa Rica,1110,Mules and hinnies,2006,5000,E,,,,
58,218,Ecuador,1110,Mules and hinnies,2006,134233,A,,,,
9,32,Argentina,1110,Mules and hinnies,2006,185000,E,,,,
84,300,Greece,1110,Mules and hinnies,2006,21530,A,,,,
95,340,Honduras,1110,Mules and hinnies,2006,69600,E,,,,
122,426,Lesotho,1110,Mules and hinnies,2006,1800,E,,,,
169,600,Paraguay,1110,Mules and hinnies,2006,14650,E,,,,
174,620,Portugal,1110,Mules and hinnies,2006,9293,I,,,,
203,724,Spain,1110,Mules and hinnies,2006,110000,E,,,,
222,788,Tunisia,1110,Mules and hinnies,2006,82000,E,,,,
231,840,United States of America,1110,Mules and hinnies,2006,,E,,,,
236,862,Venezuela (Bolivarian Republic of),1110,Mules and hinnies,2006,72000,E,,,,
4,12,Algeria,1110,Mules and hinnies,2006,40080,A,,,,
238,231,Ethiopia,1110,Mules and hinnies,2006,325700,A,,,,
124,434,Libya,1110,Mules and hinnies,2006,,M,,,,
143,504,Morocco,1110,Mules and hinnies,2006,526000,A,,,,
28,104,Myanmar,1110,Mules and hinnies,2006,1020,E,,,,
20,72,Botswana,1110,Mules and hinnies,2006,2500,E,,,,
89,320,Guatemala,1110,Mules and hinnies,2006,38700,E,,,,
185,643,Russian Federation,1110,Mules and hinnies,2006,203,A,,,,
234,858,Uruguay,1110,Mules and hinnies,2006,3800,E,,,,
18,64,Bhutan,1110,Mules and hinnies,2006,6500,E,,,,
73,268,Georgia,1110,Mules and hinnies,2006,100,E,,,,
137,480,Mauritius,1110,Mules and hinnies,2006,20,E,,,,
202,710,South Africa,1110,Mules and hinnies,2006,14050,E,,,,
14,52,Barbados,1110,Mules and hinnies,2006,2000,E,,,,
27,100,Bulgaria,1110,Mules and hinnies,2006,8500,E,,,,
87,312,Guadeloupe,1110,Mules and hinnies,2006,100,E,,,,
102,364,Iran (Islamic Republic of),1110,Mules and hinnies,2006,175000,E,,,,
182,638,Réunion,1110,Mules and hinnies,2006,5,E,,,,
52,31,Azerbaijan,1110,Mules and hinnies,2006,100,A,,,,
68,250,France,1110,Mules and hinnies,2006,18000,E,,,,
166,591,Panama,1110,Mules and hinnies,2006,4200,E,,,,
181,716,Zimbabwe,1110,Mules and hinnies,2006,1220,E,,,,
41,156,"China, mainland",1110,Mules and hinnies,2007,3451000,A,,,,
93,332,Haiti,1110,Mules and hinnies,2007,80000,E,,,,
138,484,Mexico,1110,Mules and hinnies,2007,3280000,E,,,,
19,68,Bolivia (Plurinational State of),1110,Mules and hinnies,2007,82000,E,,,,
59,818,Egypt,1110,Mules and hinnies,2007,2500,A,,,,
102,364,Iran (Islamic Republic of),1110,Mules and hinnies,2007,175000,E,,,,
103,368,Iraq,1110,Mules and hinnies,2007,11000,E,,,,
122,426,Lesotho,1110,Mules and hinnies,2007,2099,A,,,,
23,84,Belize,1110,Mules and hinnies,2007,4550,E,,,,
40,152,Chile,1110,Mules and hinnies,2007,6667,A,,,,
73,268,Georgia,1110,Mules and hinnies,2007,100,E,,,,
95,340,Honduras,1110,Mules and hinnies,2007,69600,E,,,,
216,764,Thailand,1110,Mules and hinnies,2007,50,E,,,,
234,858,Uruguay,1110,Mules and hinnies,2007,3800,E,,,,
84,300,Greece,1110,Mules and hinnies,2007,20151,A,,,,
124,434,Libya,1110,Mules and hinnies,2007,,M,,,,
169,600,Paraguay,1110,Mules and hinnies,2007,14700,E,,,,
58,218,Ecuador,1110,Mules and hinnies,2007,119214,A,,,,
60,222,El Salvador,1110,Mules and hinnies,2007,24000,E,,,,
238,231,Ethiopia,1110,Mules and hinnies,2007,376075,A,,,,
117,410,Republic of Korea,1110,Mules and hinnies,2007,,M,,,,
100,356,India,1110,Mules and hinnies,2007,137000,A,,,,
177,630,Puerto Rico,1110,Mules and hinnies,2007,2500,E,,,,
202,710,South Africa,1110,Mules and hinnies,2007,14100,E,,,,
209,748,Eswatini,1110,Mules and hinnies,2007,90,E,,,,
220,780,Trinidad and Tobago,1110,Mules and hinnies,2007,1900,E,,,,
3,8,Albania,1110,Mules and hinnies,2007,12000,X,,,,
4,12,Algeria,1110,Mules and hinnies,2007,39160,A,,,,
157,558,Nicaragua,1110,Mules and hinnies,2007,48000,E,,,,
223,792,Türkiye,1110,Mules and hinnies,2007,68199,A,,,,
2,4,Afghanistan,1110,Mules and hinnies,2007,24000,A,,,,
18,64,Bhutan,1110,Mules and hinnies,2007,6000,E,,,,
48,188,Costa Rica,1110,Mules and hinnies,2007,5000,E,,,,
49,192,Cuba,1110,Mules and hinnies,2007,20700,A,,,,
104,372,Ireland,1110,Mules and hinnies,2007,1152,X,,,,
174,620,Portugal,1110,Mules and hinnies,2007,8441,I,,,,
193,678,Sao Tome and Principe,1110,Mules and hinnies,2007,29,E,,,,
203,724,Spain,1110,Mules and hinnies,2007,110000,E,,,,
52,31,Azerbaijan,1110,Mules and hinnies,2007,102,A,,,,
9,32,Argentina,1110,Mules and hinnies,2007,185000,E,,,,
106,380,Italy,1110,Mules and hinnies,2007,9000,E,,,,
137,480,Mauritius,1110,Mules and hinnies,2007,20,E,,,,
109,388,Jamaica,1110,Mules and hinnies,2007,10000,E,,,,
201,706,Somalia,1110,Mules and hinnies,2007,22000,E,,,,
1,51,Armenia,1110,Mules and hinnies,2007,131,A,,,,
91,328,Guyana,1110,Mules and hinnies,2007,150,E,,,,
166,591,Panama,1110,Mules and hinnies,2007,4200,E,,,,
212,760,Syrian Arab Republic,1110,Mules and hinnies,2007,5000,A,,,,
231,840,United States of America,1110,Mules and hinnies,2007,,E,,,,
21,76,Brazil,1110,Mules and hinnies,2007,1343279,A,,,,
50,196,Cyprus,1110,Mules and hinnies,2007,1500,E,,,,
56,214,Dominican Republic,1110,Mules and hinnies,2007,140500,E,,,,
121,422,Lebanon,1110,Mules and hinnies,2007,4780,X,,,,
143,504,Morocco,1110,Mules and hinnies,2007,513900,A,,,,
28,104,Myanmar,1110,Mules and hinnies,2007,1000,E,,,,
147,516,Namibia,1110,Mules and hinnies,2007,6700,E,,,,
181,716,Zimbabwe,1110,Mules and hinnies,2007,1225,E,,,,
86,308,Grenada,1110,Mules and hinnies,2007,50,E,,,,
89,320,Guatemala,1110,Mules and hinnies,2007,38700,E,,,,
170,604,Peru,1110,Mules and hinnies,2007,295000,E,,,,
222,788,Tunisia,1110,Mules and hinnies,2007,82000,E,,,,
14,52,Barbados,1110,Mules and hinnies,2007,2000,E,,,,
27,100,Bulgaria,1110,Mules and hinnies,2007,7500,E,,,,
33,124,Canada,1110,Mules and hinnies,2007,4000,E,,,,
35,132,Cabo Verde,1110,Mules and hinnies,2007,1850,E,,,,
105,376,Israel,1110,Mules and hinnies,2007,1600,E,,,,
211,756,Switzerland,1110,Mules and hinnies,2007,488,A,,,,
20,72,Botswana,1110,Mules and hinnies,2007,2500,E,,,,
112,400,Jordan,1110,Mules and hinnies,2007,1500,E,,,,
113,417,Kyrgyzstan,1110,Mules and hinnies,2007,500,E,,,,
165,586,Pakistan,1110,Mules and hinnies,2007,159000,A,,,,
236,862,Venezuela (Bolivarian Republic of),1110,Mules and hinnies,2007,72000,E,,,,
44,170,Colombia,1110,Mules and hinnies,2007,471370,A,,,,
68,250,France,1110,Mules and hinnies,2007,22000,E,,,,
97,348,Hungary,1110,Mules and hinnies,2007,180,E,,,,
134,470,Malta,1110,Mules and hinnies,2007,300,E,,,,
185,643,Russian Federation,1110,Mules and hinnies,2007,202,A,,,,
189,662,Saint Lucia,1110,Mules and hinnies,2007,1100,E,,,,
206,736,Sudan (former),1110,Mules and hinnies,2007,630,E,,,,
103,368,Iraq,1110,Mules and hinnies,2008,11000,E,,,,
122,426,Lesotho,1110,Mules and hinnies,2008,980,X,,,,
1,51,Armenia,1110,Mules and hinnies,2008,99,A,,,,
49,192,Cuba,1110,Mules and hinnies,2008,20500,A,,,,
121,422,Lebanon,1110,Mules and hinnies,2008,4607,I,,,,
170,604,Peru,1110,Mules and hinnies,2008,295000,E,,,,
19,68,Bolivia (Plurinational State of),1110,Mules and hinnies,2008,82000,E,,,,
40,152,Chile,1110,Mules and hinnies,2008,7000,E,,,,
60,222,El Salvador,1110,Mules and hinnies,2008,24100,E,,,,
86,308,Grenada,1110,Mules and hinnies,2008,50,E,,,,
109,388,Jamaica,1110,Mules and hinnies,2008,10000,E,,,,
209,748,Eswatini,1110,Mules and hinnies,2008,95,E,,,,
50,196,Cyprus,1110,Mules and hinnies,2008,1500,E,,,,
100,356,India,1110,Mules and hinnies,2008,149000,X,,,,
41,156,"China, mainland",1110,Mules and hinnies,2008,2985000,A,,,,
68,250,France,1110,Mules and hinnies,2008,26000,E,,,,
84,300,Greece,1110,Mules and hinnies,2008,19097,A,,,,
91,328,Guyana,1110,Mules and hinnies,2008,150,E,,,,
97,348,Hungary,1110,Mules and hinnies,2008,180,E,,,,
220,780,Trinidad and Tobago,1110,Mules and hinnies,2008,2000,E,,,,
9,32,Argentina,1110,Mules and hinnies,2008,185000,E,,,,
23,84,Belize,1110,Mules and hinnies,2008,4600,E,,,,
73,268,Georgia,1110,Mules and hinnies,2008,100,E,,,,
89,320,Guatemala,1110,Mules and hinnies,2008,38750,E,,,,
112,400,Jordan,1110,Mules and hinnies,2008,1500,E,,,,
124,434,Libya,1110,Mules and hinnies,2008,,M,,,,
212,760,Syrian Arab Republic,1110,Mules and hinnies,2008,4009,A,,,,
14,52,Barbados,1110,Mules and hinnies,2008,2000,E,,,,
56,214,Dominican Republic,1110,Mules and hinnies,2008,140500,E,,,,
102,364,Iran (Islamic Republic of),1110,Mules and hinnies,2008,175000,E,,,,
157,558,Nicaragua,1110,Mules and hinnies,2008,48000,E,,,,
181,716,Zimbabwe,1110,Mules and hinnies,2008,1225,E,,,,
185,643,Russian Federation,1110,Mules and hinnies,2008,133,A,,,,
238,231,Ethiopia,1110,Mules and hinnies,2008,373519,X,,,,
44,170,Colombia,1110,Mules and hinnies,2008,430087,A,,,,
174,620,Portugal,1110,Mules and hinnies,2008,7634,I,,,,
193,678,Sao Tome and Principe,1110,Mules and hinnies,2008,29,E,,,,
206,736,Sudan (former),1110,Mules and hinnies,2008,635,E,,,,
216,764,Thailand,1110,Mules and hinnies,2008,50,E,,,,
35,132,Cabo Verde,1110,Mules and hinnies,2008,1850,E,,,,
93,332,Haiti,1110,Mules and hinnies,2008,80000,E,,,,
138,484,Mexico,1110,Mules and hinnies,2008,3281000,E,,,,
222,788,Tunisia,1110,Mules and hinnies,2008,82000,E,,,,
59,818,Egypt,1110,Mules and hinnies,2008,2500,A,,,,
4,12,Algeria,1110,Mules and hinnies,2008,37830,X,,,,
165,586,Pakistan,1110,Mules and hinnies,2008,162000,A,,,,
201,706,Somalia,1110,Mules and hinnies,2008,22000,E,,,,
223,792,Türkiye,1110,Mules and hinnies,2008,62248,A,,,,
231,840,United States of America,1110,Mules and hinnies,2008,,E,,,,
18,64,Bhutan,1110,Mules and hinnies,2008,5600,E,,,,
27,100,Bulgaria,1110,Mules and hinnies,2008,6300,E,,,,
33,124,Canada,1110,Mules and hinnies,2008,4000,E,,,,
48,188,Costa Rica,1110,Mules and hinnies,2008,5000,E,,,,
104,372,Ireland,1110,Mules and hinnies,2008,1200,E,,,,
147,516,Namibia,1110,Mules and hinnies,2008,6700,E,,,,
203,724,Spain,1110,Mules and hinnies,2008,110000,E,,,,
3,8,Albania,1110,Mules and hinnies,2008,10000,X,,,,
105,376,Israel,1110,Mules and hinnies,2008,1600,E,,,,
166,591,Panama,1110,Mules and hinnies,2008,3750,E,,,,
169,600,Paraguay,1110,Mules and hinnies,2008,10700,A,,,,
177,630,Puerto Rico,1110,Mules and hinnies,2008,2600,E,,,,
117,410,Republic of Korea,1110,Mules and hinnies,2008,,M,,,,
236,862,Venezuela (Bolivarian Republic of),1110,Mules and hinnies,2008,72000,E,,,,
106,380,Italy,1110,Mules and hinnies,2008,9000,E,,,,
137,480,Mauritius,1110,Mules and hinnies,2008,20,E,,,,
202,710,South Africa,1110,Mules and hinnies,2008,14200,E,,,,
21,76,Brazil,1110,Mules and hinnies,2008,1313563,A,,,,
28,104,Myanmar,1110,Mules and hinnies,2008,950,E,,,,
52,31,Azerbaijan,1110,Mules and hinnies,2008,84,A,,,,
143,504,Morocco,1110,Mules and hinnies,2008,515300,A,,,,
58,218,Ecuador,1110,Mules and hinnies,2008,119929,A,,,,
95,340,Honduras,1110,Mules and hinnies,2008,69600,E,,,,
113,417,Kyrgyzstan,1110,Mules and hinnies,2008,500,E,,,,
134,470,Malta,1110,Mules and hinnies,2008,300,E,,,,
234,858,Uruguay,1110,Mules and hinnies,2008,4000,E,,,,
2,4,Afghanistan,1110,Mules and hinnies,2008,24000,A,,,,
20,72,Botswana,1110,Mules and hinnies,2008,3000,E,,,,
189,662,Saint Lucia,1110,Mules and hinnies,2008,1100,E,,,,
211,756,Switzerland,1110,Mules and hinnies,2008,460,A,,,,
19,68,Bolivia (Plurinational State of),1110,Mules and hinnies,2009,82000,E,,,,
238,231,Ethiopia,1110,Mules and hinnies,2009,365584,A,,,,
68,250,France,1110,Mules and hinnies,2009,31586,A,,,,
122,426,Lesotho,1110,Mules and hinnies,2009,661,A,,,,
203,724,Spain,1110,Mules and hinnies,2009,110000,E,,,,
41,156,"China, mainland",1110,Mules and hinnies,2009,2196700,A,,,,
49,192,Cuba,1110,Mules and hinnies,2009,20300,A,,,,
59,818,Egypt,1110,Mules and hinnies,2009,2800,A,,,,
209,748,Eswatini,1110,Mules and hinnies,2009,95,E,,,,
124,434,Libya,1110,Mules and hinnies,2009,,M,,,,
18,64,Bhutan,1110,Mules and hinnies,2009,4898,A,,,,
27,100,Bulgaria,1110,Mules and hinnies,2009,5500,E,,,,
35,132,Cabo Verde,1110,Mules and hinnies,2009,1850,E,,,,
48,188,Costa Rica,1110,Mules and hinnies,2009,5200,E,,,,
60,222,El Salvador,1110,Mules and hinnies,2009,24100,E,,,,
117,410,Republic of Korea,1110,Mules and hinnies,2009,,M,,,,
174,620,Portugal,1110,Mules and hinnies,2009,5798,A,,,,
222,788,Tunisia,1110,Mules and hinnies,2009,82000,E,,,,
40,152,Chile,1110,Mules and hinnies,2009,7000,E,,,,
84,300,Greece,1110,Mules and hinnies,2009,17633,A,,,,
147,516,Namibia,1110,Mules and hinnies,2009,6700,E,,,,
166,591,Panama,1110,Mules and hinnies,2009,3300,E,,,,
185,643,Russian Federation,1110,Mules and hinnies,2009,144,A,,,,
231,840,United States of America,1110,Mules and hinnies,2009,,E,,,,
2,4,Afghanistan,1110,Mules and hinnies,2009,26000,A,,,,
4,12,Algeria,1110,Mules and hinnies,2009,40000,E,,,,
20,72,Botswana,1110,Mules and hinnies,2009,3200,E,,,,
73,268,Georgia,1110,Mules and hinnies,2009,100,E,,,,
89,320,Guatemala,1110,Mules and hinnies,2009,38750,E,,,,
100,356,India,1110,Mules and hinnies,2009,162000,X,,,,
169,600,Paraguay,1110,Mules and hinnies,2009,10700,E,,,,
170,604,Peru,1110,Mules and hinnies,2009,300000,E,,,,
52,31,Azerbaijan,1110,Mules and hinnies,2009,88,A,,,,
28,104,Myanmar,1110,Mules and hinnies,2009,1093,A,,,,
157,558,Nicaragua,1110,Mules and hinnies,2009,48000,E,,,,
181,716,Zimbabwe,1110,Mules and hinnies,2009,1225,E,,,,
56,214,Dominican Republic,1110,Mules and hinnies,2009,140500,E,,,,
103,368,Iraq,1110,Mules and hinnies,2009,11000,E,,,,
220,780,Trinidad and Tobago,1110,Mules and hinnies,2009,2000,E,,,,
58,218,Ecuador,1110,Mules and hinnies,2009,119654,A,,,,
86,308,Grenada,1110,Mules and hinnies,2009,50,E,,,,
95,340,Honduras,1110,Mules and hinnies,2009,69700,E,,,,
113,417,Kyrgyzstan,1110,Mules and hinnies,2009,500,E,,,,
137,480,Mauritius,1110,Mules and hinnies,2009,20,E,,,,
177,630,Puerto Rico,1110,Mules and hinnies,2009,2600,E,,,,
193,678,Sao Tome and Principe,1110,Mules and hinnies,2009,30,E,,,,
202,710,South Africa,1110,Mules and hinnies,2009,14300,E,,,,
206,736,Sudan (former),1110,Mules and hinnies,2009,635,E,,,,
236,862,Venezuela (Bolivarian Republic of),1110,Mules and hinnies,2009,72000,E,,,,
97,348,Hungary,1110,Mules and hinnies,2009,180,E,,,,
109,388,Jamaica,1110,Mules and hinnies,2009,10000,E,,,,
134,470,Malta,1110,Mules and hinnies,2009,300,E,,,,
104,372,Ireland,1110,Mules and hinnies,2009,1200,E,,,,
21,76,Brazil,1110,Mules and hinnies,2009,1275639,A,,,,
50,196,Cyprus,1110,Mules and hinnies,2009,1500,E,,,,
91,328,Guyana,1110,Mules and hinnies,2009,150,E,,,,
105,376,Israel,1110,Mules and hinnies,2009,1600,E,,,,
121,422,Lebanon,1110,Mules and hinnies,2009,4567,I,,,,
189,662,Saint Lucia,1110,Mules and hinnies,2009,1100,E,,,,
3,8,Albania,1110,Mules and hinnies,2009,8000,X,,,,
9,32,Argentina,1110,Mules and hinnies,2009,185000,E,,,,
165,586,Pakistan,1110,Mules and hinnies,2009,165000,A,,,,
201,706,Somalia,1110,Mules and hinnies,2009,22000,E,,,,
33,124,Canada,1110,Mules and hinnies,2009,4000,E,,,,
102,364,Iran (Islamic Republic of),1110,Mules and hinnies,2009,175000,E,,,,
211,756,Switzerland,1110,Mules and hinnies,2009,815,A,,,,
44,170,Colombia,1110,Mules and hinnies,2009,432977,A,,,,
106,380,Italy,1110,Mules and hinnies,2009,9000,E,,,,
1,51,Armenia,1110,Mules and hinnies,2009,74,A,,,,
14,52,Barbados,1110,Mules and hinnies,2009,2000,E,,,,
143,504,Morocco,1110,Mules and hinnies,2009,505200,A,,,,
23,84,Belize,1110,Mules and hinnies,2009,4600,E,,,,
216,764,Thailand,1110,Mules and hinnies,2009,50,E,,,,
234,858,Uruguay,1110,Mules and hinnies,2009,4000,E,,,,
93,332,Haiti,1110,Mules and hinnies,2009,80000,E,,,,
112,400,Jordan,1110,Mules and hinnies,2009,1500,E,,,,
138,484,Mexico,1110,Mules and hinnies,2009,3281000,E,,,,
212,760,Syrian Arab Republic,1110,Mules and hinnies,2009,4000,A,,,,
223,792,Türkiye,1110,Mules and hinnies,2009,51548,A,,,,
3,8,Albania,1110,Mules and hinnies,2010,8000,X,,,,
112,400,Jordan,1110,Mules and hinnies,2010,1300,E,,,,
138,484,Mexico,1110,Mules and hinnies,2010,3280000,E,,,,
143,504,Morocco,1110,Mules and hinnies,2010,148780,A,,,,
193,678,Sao Tome and Principe,1110,Mules and hinnies,2010,30,E,,,,
212,760,Syrian Arab Republic,1110,Mules and hinnies,2010,2275,A,,,,
21,76,Brazil,1110,Mules and hinnies,2010,1277419,A,,,,
41,156,"China, mainland",1110,Mules and hinnies,2010,1915200,A,,,,
166,591,Panama,1110,Mules and hinnies,2010,2850,E,,,,
174,620,Portugal,1110,Mules and hinnies,2010,6273,I,,,,
60,222,El Salvador,1110,Mules and hinnies,2010,24000,E,,,,
86,308,Grenada,1110,Mules and hinnies,2010,50,E,,,,
202,710,South Africa,1110,Mules and hinnies,2010,14300,E,,,,
223,792,Türkiye,1110,Mules and hinnies,2010,48076,A,,,,
84,300,Greece,1110,Mules and hinnies,2010,17086,A,,,,
121,422,Lebanon,1110,Mules and hinnies,2010,4613,I,,,,
59,818,Egypt,1110,Mules and hinnies,2010,2700,A,,,,
103,368,Iraq,1110,Mules and hinnies,2010,11000,E,,,,
33,124,Canada,1110,Mules and hinnies,2010,4000,E,,,,
40,152,Chile,1110,Mules and hinnies,2010,7000,E,,,,
113,417,Kyrgyzstan,1110,Mules and hinnies,2010,500,E,,,,
181,716,Zimbabwe,1110,Mules and hinnies,2010,1225,E,,,,
73,268,Georgia,1110,Mules and hinnies,2010,100,E,,,,
89,320,Guatemala,1110,Mules and hinnies,2010,38700,E,,,,
95,340,Honduras,1110,Mules and hinnies,2010,69700,E,,,,
23,84,Belize,1110,Mules and hinnies,2010,4650,E,,,,
68,250,France,1110,Mules and hinnies,2010,32566,A,,,,
91,328,Guyana,1110,Mules and hinnies,2010,155,E,,,,
97,348,Hungary,1110,Mules and hinnies,2010,180,E,,,,
134,470,Malta,1110,Mules and hinnies,2010,290,E,,,,
157,558,Nicaragua,1110,Mules and hinnies,2010,48100,E,,,,
170,604,Peru,1110,Mules and hinnies,2010,305000,E,,,,
185,643,Russian Federation,1110,Mules and hinnies,2010,151,A,,,,
206,736,Sudan (former),1110,Mules and hinnies,2010,636,E,,,,
2,4,Afghanistan,1110,Mules and hinnies,2010,24000,A,,,,
18,64,Bhutan,1110,Mules and hinnies,2010,5265,A,,,,
20,72,Botswana,1110,Mules and hinnies,2010,3000,E,,,,
105,376,Israel,1110,Mules and hinnies,2010,1600,E,,,,
169,600,Paraguay,1110,Mules and hinnies,2010,10700,E,,,,
216,764,Thailand,1110,Mules and hinnies,2010,50,E,,,,
231,840,United States of America,1110,Mules and hinnies,2010,,E,,,,
48,188,Costa Rica,1110,Mules and hinnies,2010,5200,E,,,,
106,380,Italy,1110,Mules and hinnies,2010,9000,E,,,,
236,862,Venezuela (Bolivarian Republic of),1110,Mules and hinnies,2010,72000,E,,,,
4,12,Algeria,1110,Mules and hinnies,2010,35120,A,,,,
9,32,Argentina,1110,Mules and hinnies,2010,185000,E,,,,
14,52,Barbados,1110,Mules and hinnies,2010,2000,E,,,,
49,192,Cuba,1110,Mules and hinnies,2010,20300,A,,,,
58,218,Ecuador,1110,Mules and hinnies,2010,125157,A,,,,
109,388,Jamaica,1110,Mules and hinnies,2010,10000,E,,,,
117,410,Republic of Korea,1110,Mules and hinnies,2010,,M,,,,
177,630,Puerto Rico,1110,Mules and hinnies,2010,2600,E,,,,
201,706,Somalia,1110,Mules and hinnies,2010,22000,E,,,,
220,780,Trinidad and Tobago,1110,Mules and hinnies,2010,2000,E,,,,
222,788,Tunisia,1110,Mules and hinnies,2010,82100,E,,,,
52,31,Azerbaijan,1110,Mules and hinnies,2010,109,A,,,,
238,231,Ethiopia,1110,Mules and hinnies,2010,385374,A,,,,
147,516,Namibia,1110,Mules and hinnies,2010,6700,E,,,,
165,586,Pakistan,1110,Mules and hinnies,2010,167000,A,,,,
1,51,Armenia,1110,Mules and hinnies,2010,66,A,,,,
19,68,Bolivia (Plurinational State of),1110,Mules and hinnies,2010,82000,E,,,,
28,104,Myanmar,1110,Mules and hinnies,2010,1052,A,,,,
50,196,Cyprus,1110,Mules and hinnies,2010,1500,E,,,,
56,214,Dominican Republic,1110,Mules and hinnies,2010,140500,E,,,,
189,662,Saint Lucia,1110,Mules and hinnies,2010,1100,E,,,,
203,724,Spain,1110,Mules and hinnies,2010,110000,E,,,,
211,756,Switzerland,1110,Mules and hinnies,2010,966,A,,,,
27,100,Bulgaria,1110,Mules and hinnies,2010,3069,A,,,,
44,170,Colombia,1110,Mules and hinnies,2010,310310,A,,,,
93,332,Haiti,1110,Mules and hinnies,2010,80000,E,,,,
122,426,Lesotho,1110,Mules and hinnies,2010,2398,A,,,,
137,480,Mauritius,1110,Mules and hinnies,2010,20,E,,,,
234,858,Uruguay,1110,Mules and hinnies,2010,4000,E,,,,
209,748,Eswatini,1110,Mules and hinnies,2010,100,E,,,,
102,364,Iran (Islamic Republic of),1110,Mules and hinnies,2010,175000,E,,,,
35,132,Cabo Verde,1110,Mules and hinnies,2010,1850,E,,,,
100,356,India,1110,Mules and hinnies,2010,175000,X,,,,
104,372,Ireland,1110,Mules and hinnies,2010,1000,X,,,,
124,434,Libya,1110,Mules and hinnies,2010,,M,,,,
100,356,India,1110,Mules and hinnies,2011,191000,X,,,,
105,376,Israel,1110,Mules and hinnies,2011,1600,E,,,,
106,380,Italy,1110,Mules and hinnies,2011,9000,E,,,,
147,516,Namibia,1110,Mules and hinnies,2011,6700,E,,,,
166,591,Panama,1110,Mules and hinnies,2011,2396,A,,,,
202,710,South Africa,1110,Mules and hinnies,2011,14500,E,,,,
14,52,Barbados,1110,Mules and hinnies,2011,2000,E,,,,
18,64,Bhutan,1110,Mules and hinnies,2011,5550,A,,,,
84,300,Greece,1110,Mules and hinnies,2011,16407,A,,,,
231,840,United States of America,1110,Mules and hinnies,2011,,E,,,,
21,76,Brazil,1110,Mules and hinnies,2011,1269403,A,,,,
58,218,Ecuador,1110,Mules and hinnies,2011,118864,A,,,,
169,600,Paraguay,1110,Mules and hinnies,2011,10700,E,,,,
234,858,Uruguay,1110,Mules and hinnies,2011,4000,E,,,,
50,196,Cyprus,1110,Mules and hinnies,2011,1500,E,,,,
109,388,Jamaica,1110,Mules and hinnies,2011,10000,E,,,,
189,662,Saint Lucia,1110,Mules and hinnies,2011,1100,E,,,,
212,760,Syrian Arab Republic,1110,Mules and hinnies,2011,2811,A,,,,
3,8,Albania,1110,Mules and hinnies,2011,7000,X,,,,
35,132,Cabo Verde,1110,Mules and hinnies,2011,1860,E,,,,
68,250,France,1110,Mules and hinnies,2011,32783,A,,,,
95,340,Honduras,1110,Mules and hinnies,2011,69750,E,,,,
97,348,Hungary,1110,Mules and hinnies,2011,180,E,,,,
124,434,Libya,1110,Mules and hinnies,2011,,M,,,,
137,480,Mauritius,1110,Mules and hinnies,2011,20,E,,,,
165,586,Pakistan,1110,Mules and hinnies,2011,170000,A,,,,
170,604,Peru,1110,Mules and hinnies,2011,305000,E,,,,
177,630,Puerto Rico,1110,Mules and hinnies,2011,2600,E,,,,
117,410,Republic of Korea,1110,Mules and hinnies,2011,,M,,,,
206,736,Sudan (former),1110,Mules and hinnies,2011,636,E,,,,
86,308,Grenada,1110,Mules and hinnies,2011,50,E,,,,
103,368,Iraq,1110,Mules and hinnies,2011,11000,E,,,,
122,426,Lesotho,1110,Mules and hinnies,2011,2400,E,,,,
157,558,Nicaragua,1110,Mules and hinnies,2011,48100,E,,,,
220,780,Trinidad and Tobago,1110,Mules and hinnies,2011,2000,E,,,,
4,12,Algeria,1110,Mules and hinnies,2011,34255,A,,,,
112,400,Jordan,1110,Mules and hinnies,2011,1200,E,,,,
181,716,Zimbabwe,1110,Mules and hinnies,2011,1225,E,,,,
203,724,Spain,1110,Mules and hinnies,2011,110000,E,,,,
20,72,Botswana,1110,Mules and hinnies,2011,3100,E,,,,
28,104,Myanmar,1110,Mules and hinnies,2011,1000,E,,,,
44,170,Colombia,1110,Mules and hinnies,2011,147088,A,,,,
52,31,Azerbaijan,1110,Mules and hinnies,2011,117,A,,,,
134,470,Malta,1110,Mules and hinnies,2011,280,E,,,,
185,643,Russian Federation,1110,Mules and hinnies,2011,169,A,,,,
193,678,Sao Tome and Principe,1110,Mules and hinnies,2011,30,E,,,,
19,68,Bolivia (Plurinational State of),1110,Mules and hinnies,2011,82000,E,,,,
89,320,Guatemala,1110,Mules and hinnies,2011,38700,E,,,,
236,862,Venezuela (Bolivarian Republic of),1110,Mules and hinnies,2011,72000,E,,,,
9,32,Argentina,1110,Mules and hinnies,2011,185000,E,,,,
56,214,Dominican Republic,1110,Mules and hinnies,2011,140500,E,,,,
60,222,El Salvador,1110,Mules and hinnies,2011,24000,E,,,,
143,504,Morocco,1110,Mules and hinnies,2011,465240,A,,,,
209,748,Eswatini,1110,Mules and hinnies,2011,100,E,,,,
48,188,Costa Rica,1110,Mules and hinnies,2011,5250,E,,,,
201,706,Somalia,1110,Mules and hinnies,2011,22000,E,,,,
1,51,Armenia,1110,Mules and hinnies,2011,45,A,,,,
33,124,Canada,1110,Mules and hinnies,2011,4000,E,,,,
49,192,Cuba,1110,Mules and hinnies,2011,20000,A,,,,
113,417,Kyrgyzstan,1110,Mules and hinnies,2011,500,E,,,,
211,756,Switzerland,1110,Mules and hinnies,2011,794,A,,,,
73,268,Georgia,1110,Mules and hinnies,2011,100,E,,,,
102,364,Iran (Islamic Republic of),1110,Mules and hinnies,2011,175000,E,,,,
223,792,Türkiye,1110,Mules and hinnies,2011,48249,A,,,,
2,4,Afghanistan,1110,Mules and hinnies,2011,25000,A,,,,
40,152,Chile,1110,Mules and hinnies,2011,7000,E,,,,
93,332,Haiti,1110,Mules and hinnies,2011,80000,E,,,,
138,484,Mexico,1110,Mules and hinnies,2011,3280000,E,,,,
238,231,Ethiopia,1110,Mules and hinnies,2011,368781,A,,,,
27,100,Bulgaria,1110,Mules and hinnies,2011,3074,A,,,,
41,156,"China, mainland",1110,Mules and hinnies,2011,1710700,A,,,,
59,818,Egypt,1110,Mules and hinnies,2011,2800,A,,,,
104,372,Ireland,1110,Mules and hinnies,2011,1000,X,,,,
174,620,Portugal,1110,Mules and hinnies,2011,5715,I,,,,
23,84,Belize,1110,Mules and hinnies,2011,4650,E,,,,
91,328,Guyana,1110,Mules and hinnies,2011,155,E,,,,
121,422,Lebanon,1110,Mules and hinnies,2011,4574,I,,,,
216,764,Thailand,1110,Mules and hinnies,2011,50,E,,,,
222,788,Tunisia,1110,Mules and hinnies,2011,82100,E,,,,
103,368,Iraq,1110,Mules and hinnies,2012,11000,E,,,,
137,480,Mauritius,1110,Mules and hinnies,2012,20,E,,,,
203,724,Spain,1110,Mules and hinnies,2012,110000,E,,,,
220,780,Trinidad and Tobago,1110,Mules and hinnies,2012,2000,E,,,,
20,72,Botswana,1110,Mules and hinnies,2012,3200,E,,,,
209,748,Eswatini,1110,Mules and hinnies,2012,105,E,,,,
97,348,Hungary,1110,Mules and hinnies,2012,180,E,,,,
33,124,Canada,1110,Mules and hinnies,2012,4000,E,,,,
104,372,Ireland,1110,Mules and hinnies,2012,1200,E,,,,
121,422,Lebanon,1110,Mules and hinnies,2012,4535,I,,,,
189,662,Saint Lucia,1110,Mules and hinnies,2012,1100,E,,,,
211,756,Switzerland,1110,Mules and hinnies,2012,853,A,,,,
18,64,Bhutan,1110,Mules and hinnies,2012,5388,A,,,,
35,132,Cabo Verde,1110,Mules and hinnies,2012,1860,E,,,,
44,170,Colombia,1110,Mules and hinnies,2012,182900,A,,,,
86,308,Grenada,1110,Mules and hinnies,2012,50,E,,,,
147,516,Namibia,1110,Mules and hinnies,2012,6700,E,,,,
236,862,Venezuela (Bolivarian Republic of),1110,Mules and hinnies,2012,72000,E,,,,
41,156,"China, mainland",1110,Mules and hinnies,2012,1589600,A,,,,
49,192,Cuba,1110,Mules and hinnies,2012,20300,A,,,,
73,268,Georgia,1110,Mules and hinnies,2012,100,E,,,,
165,586,Pakistan,1110,Mules and hinnies,2012,173000,A,,,,
166,591,Panama,1110,Mules and hinnies,2012,2400,E,,,,
134,470,Malta,1110,Mules and hinnies,2012,290,E,,,,
157,558,Nicaragua,1110,Mules and hinnies,2012,48000,E,,,,
202,710,South Africa,1110,Mules and hinnies,2012,14500,E,,,,
3,8,Albania,1110,Mules and hinnies,2012,7000,X,,,,
27,100,Bulgaria,1110,Mules and hinnies,2012,3000,E,,,,
124,434,Libya,1110,Mules and hinnies,2012,,M,,,,
185,643,Russian Federation,1110,Mules and hinnies,2012,164,A,,,,
231,840,United States of America,1110,Mules and hinnies,2012,,E,,,,
14,52,Barbados,1110,Mules and hinnies,2012,2000,E,,,,
91,328,Guyana,1110,Mules and hinnies,2012,160,E,,,,
102,364,Iran (Islamic Republic of),1110,Mules and hinnies,2012,175000,E,,,,
117,410,Republic of Korea,1110,Mules and hinnies,2012,,M,,,,
193,678,Sao Tome and Principe,1110,Mules and hinnies,2012,30,E,,,,
1,51,Armenia,1110,Mules and hinnies,2012,58,A,,,,
9,32,Argentina,1110,Mules and hinnies,2012,185000,E,,,,
48,188,Costa Rica,1110,Mules and hinnies,2012,5250,E,,,,
68,250,France,1110,Mules and hinnies,2012,31082,A,,,,
84,300,Greece,1110,Mules and hinnies,2012,15373,A,,,,
106,380,Italy,1110,Mules and hinnies,2012,9000,E,,,,
138,484,Mexico,1110,Mules and hinnies,2012,3285000,E,,,,
174,620,Portugal,1110,Mules and hinnies,2012,5192,I,,,,
238,231,Ethiopia,1110,Mules and hinnies,2012,350026,A,,,,
23,84,Belize,1110,Mules and hinnies,2012,4650,E,,,,
105,376,Israel,1110,Mules and hinnies,2012,1600,E,,,,
60,222,El Salvador,1110,Mules and hinnies,2012,24100,E,,,,
234,858,Uruguay,1110,Mules and hinnies,2012,4000,E,,,,
40,152,Chile,1110,Mules and hinnies,2012,7000,E,,,,
52,31,Azerbaijan,1110,Mules and hinnies,2012,82,A,,,,
58,218,Ecuador,1110,Mules and hinnies,2012,119529,A,,,,
59,818,Egypt,1110,Mules and hinnies,2012,2800,A,,,,
89,320,Guatemala,1110,Mules and hinnies,2012,39000,E,,,,
93,332,Haiti,1110,Mules and hinnies,2012,80000,E,,,,
122,426,Lesotho,1110,Mules and hinnies,2012,2450,E,,,,
201,706,Somalia,1110,Mules and hinnies,2012,22000,E,,,,
19,68,Bolivia (Plurinational State of),1110,Mules and hinnies,2012,82000,E,,,,
112,400,Jordan,1110,Mules and hinnies,2012,1200,E,,,,
276,729,Sudan,1110,Mules and hinnies,2012,637,E,,,,
212,760,Syrian Arab Republic,1110,Mules and hinnies,2012,2803,A,,,,
113,417,Kyrgyzstan,1110,Mules and hinnies,2012,500,E,,,,
216,764,Thailand,1110,Mules and hinnies,2012,50,E,,,,
50,196,Cyprus,1110,Mules and hinnies,2012,1500,E,,,,
56,214,Dominican Republic,1110,Mules and hinnies,2012,142000,E,,,,
95,340,Honduras,1110,Mules and hinnies,2012,70000,E,,,,
143,504,Morocco,1110,Mules and hinnies,2012,456880,A,,,,
170,604,Peru,1110,Mules and hinnies,2012,307000,E,,,,
181,716,Zimbabwe,1110,Mules and hinnies,2012,1225,E,,,,
2,4,Afghanistan,1110,Mules and hinnies,2012,24000,A,,,,
4,12,Algeria,1110,Mules and hinnies,2012,33000,A,,,,
100,356,India,1110,Mules and hinnies,2012,196378,A,,,,
21,76,Brazil,1110,Mules and hinnies,2012,1221756,A,,,,
28,104,Myanmar,1110,Mules and hinnies,2012,1000,E,,,,
109,388,Jamaica,1110,Mules and hinnies,2012,10000,E,,,,
169,600,Paraguay,1110,Mules and hinnies,2012,10700,E,,,,
177,630,Puerto Rico,1110,Mules and hinnies,2012,2600,E,,,,
222,788,Tunisia,1110,Mules and hinnies,2012,82200,E,,,,
223,792,Türkiye,1110,Mules and hinnies,2012,47205,A,,,,
20,72,Botswana,1110,Mules and hinnies,2013,3200,E,,,,
27,100,Bulgaria,1110,Mules and hinnies,2013,3000,E,,,,
60,222,El Salvador,1110,Mules and hinnies,2013,24100,E,,,,
209,748,Eswatini,1110,Mules and hinnies,2013,110,E,,,,
238,231,Ethiopia,1110,Mules and hinnies,2013,356087,A,,,,
113,417,Kyrgyzstan,1110,Mules and hinnies,2013,500,E,,,,
138,484,Mexico,1110,Mules and hinnies,2013,3285000,E,,,,
157,558,Nicaragua,1110,Mules and hinnies,2013,48000,E,,,,
165,586,Pakistan,1110,Mules and hinnies,2013,176000,A,,,,
211,756,Switzerland,1110,Mules and hinnies,2013,706,A,,,,
21,76,Brazil,1110,Mules and hinnies,2013,1239000,E,,,,
41,156,"China, mainland",1110,Mules and hinnies,2013,1380400,A,,,,
102,364,Iran (Islamic Republic of),1110,Mules and hinnies,2013,175000,E,,,,
106,380,Italy,1110,Mules and hinnies,2013,9000,E,,,,
185,643,Russian Federation,1110,Mules and hinnies,2013,224,A,,,,
231,840,United States of America,1110,Mules and hinnies,2013,,E,,,,
40,152,Chile,1110,Mules and hinnies,2013,7000,E,,,,
50,196,Cyprus,1110,Mules and hinnies,2013,1500,E,,,,
181,716,Zimbabwe,1110,Mules and hinnies,2013,1225,E,,,,
212,760,Syrian Arab Republic,1110,Mules and hinnies,2013,2748,A,,,,
52,31,Azerbaijan,1110,Mules and hinnies,2013,88,A,,,,
86,308,Grenada,1110,Mules and hinnies,2013,50,E,,,,
100,356,India,1110,Mules and hinnies,2013,200000,E,,,,
147,516,Namibia,1110,Mules and hinnies,2013,6700,E,,,,
33,124,Canada,1110,Mules and hinnies,2013,4000,E,,,,
73,268,Georgia,1110,Mules and hinnies,2013,100,E,,,,
137,480,Mauritius,1110,Mules and hinnies,2013,20,E,,,,
117,410,Republic of Korea,1110,Mules and hinnies,2013,,M,,,,
9,32,Argentina,1110,Mules and hinnies,2013,185000,E,,,,
18,64,Bhutan,1110,Mules and hinnies,2013,5474,A,,,,
44,170,Colombia,1110,Mules and hinnies,2013,150702,A,,,,
104,372,Ireland,1110,Mules and hinnies,2013,1200,E,,,,
134,470,Malta,1110,Mules and hinnies,2013,300,E,,,,
28,104,Myanmar,1110,Mules and hinnies,2013,1020,E,,,,
56,214,Dominican Republic,1110,Mules and hinnies,2013,145000,E,,,,
59,818,Egypt,1110,Mules and hinnies,2013,2700,A,,,,
93,332,Haiti,1110,Mules and hinnies,2013,80000,E,,,,
174,620,Portugal,1110,Mules and hinnies,2013,5012,A,,,,
216,764,Thailand,1110,Mules and hinnies,2013,50,E,,,,
223,792,Türkiye,1110,Mules and hinnies,2013,45762,A,,,,
236,862,Venezuela (Bolivarian Republic of),1110,Mules and hinnies,2013,72000,E,,,,
35,132,Cabo Verde,1110,Mules and hinnies,2013,1860,E,,,,
84,300,Greece,1110,Mules and hinnies,2013,13667,A,,,,
89,320,Guatemala,1110,Mules and hinnies,2013,39000,E,,,,
105,376,Israel,1110,Mules and hinnies,2013,1600,E,,,,
58,218,Ecuador,1110,Mules and hinnies,2013,118462,A,,,,
124,434,Libya,1110,Mules and hinnies,2013,,M,,,,
143,504,Morocco,1110,Mules and hinnies,2013,453330,A,,,,
177,630,Puerto Rico,1110,Mules and hinnies,2013,2600,E,,,,
2,4,Afghanistan,1110,Mules and hinnies,2013,21000,A,,,,
19,68,Bolivia (Plurinational State of),1110,Mules and hinnies,2013,82000,E,,,,
23,84,Belize,1110,Mules and hinnies,2013,4650,E,,,,
91,328,Guyana,1110,Mules and hinnies,2013,160,E,,,,
109,388,Jamaica,1110,Mules and hinnies,2013,10000,E,,,,
202,710,South Africa,1110,Mules and hinnies,2013,15000,E,,,,
203,724,Spain,1110,Mules and hinnies,2013,110000,E,,,,
97,348,Hungary,1110,Mules and hinnies,2013,200,E,,,,
193,678,Sao Tome and Principe,1110,Mules and hinnies,2013,30,E,,,,
3,8,Albania,1110,Mules and hinnies,2013,5000,X,,,,
14,52,Barbados,1110,Mules and hinnies,2013,2000,E,,,,
112,400,Jordan,1110,Mules and hinnies,2013,1200,E,,,,
276,729,Sudan,1110,Mules and hinnies,2013,637,E,,,,
234,858,Uruguay,1110,Mules and hinnies,2013,4000,E,,,,
48,188,Costa Rica,1110,Mules and hinnies,2013,5260,E,,,,
68,250,France,1110,Mules and hinnies,2013,30968,A,,,,
95,340,Honduras,1110,Mules and hinnies,2013,70000,E,,,,
103,368,Iraq,1110,Mules and hinnies,2013,11500,E,,,,
121,422,Lebanon,1110,Mules and hinnies,2013,4495,I,,,,
122,426,Lesotho,1110,Mules and hinnies,2013,2500,E,,,,
222,788,Tunisia,1110,Mules and hinnies,2013,82200,E,,,,
166,591,Panama,1110,Mules and hinnies,2013,2400,E,,,,
170,604,Peru,1110,Mules and hinnies,2013,307000,E,,,,
189,662,Saint Lucia,1110,Mules and hinnies,2013,1100,E,,,,
220,780,Trinidad and Tobago,1110,Mules and hinnies,2013,2000,E,,,,
1,51,Armenia,1110,Mules and hinnies,2013,76,A,,,,
4,12,Algeria,1110,Mules and hinnies,2013,31410,A,,,,
49,192,Cuba,1110,Mules and hinnies,2013,20600,A,,,,
169,600,Paraguay,1110,Mules and hinnies,2013,10700,E,,,,
201,706,Somalia,1110,Mules and hinnies,2013,22000,E,,,,
27,100,Bulgaria,1110,Mules and hinnies,2014,1963,A,,,,
201,706,Somalia,1110,Mules and hinnies,2014,22000,E,,,,
18,64,Bhutan,1110,Mules and hinnies,2014,5500,E,,,,
19,68,Bolivia (Plurinational State of),1110,Mules and hinnies,2014,83000,E,,,,
73,268,Georgia,1110,Mules and hinnies,2014,100,E,,,,
143,504,Morocco,1110,Mules and hinnies,2014,446000,A,,,,
100,356,India,1110,Mules and hinnies,2014,200000,E,,,,
169,600,Paraguay,1110,Mules and hinnies,2014,10700,E,,,,
170,604,Peru,1110,Mules and hinnies,2014,307000,E,,,,
222,788,Tunisia,1110,Mules and hinnies,2014,82100,E,,,,
1,51,Armenia,1110,Mules and hinnies,2014,77,A,,,,
33,124,Canada,1110,Mules and hinnies,2014,4000,E,,,,
193,678,Sao Tome and Principe,1110,Mules and hinnies,2014,30,E,,,,
209,748,Eswatini,1110,Mules and hinnies,2014,110,E,,,,
4,12,Algeria,1110,Mules and hinnies,2014,30190,A,,,,
49,192,Cuba,1110,Mules and hinnies,2014,21100,A,,,,
103,368,Iraq,1110,Mules and hinnies,2014,12000,X,,,,
122,426,Lesotho,1110,Mules and hinnies,2014,2500,E,,,,
124,434,Libya,1110,Mules and hinnies,2014,29000,A,,,,
3,8,Albania,1110,Mules and hinnies,2014,5500,X,,,,
21,76,Brazil,1110,Mules and hinnies,2014,1256000,E,,,,
56,214,Dominican Republic,1110,Mules and hinnies,2014,145000,E,,,,
59,818,Egypt,1110,Mules and hinnies,2014,2716,A,,,,
97,348,Hungary,1110,Mules and hinnies,2014,200,E,,,,
28,104,Myanmar,1110,Mules and hinnies,2014,1030,E,,,,
236,862,Venezuela (Bolivarian Republic of),1110,Mules and hinnies,2014,72000,E,,,,
23,84,Belize,1110,Mules and hinnies,2014,4600,E,,,,
105,376,Israel,1110,Mules and hinnies,2014,1600,E,,,,
109,388,Jamaica,1110,Mules and hinnies,2014,10000,E,,,,
121,422,Lebanon,1110,Mules and hinnies,2014,4456,I,,,,
157,558,Nicaragua,1110,Mules and hinnies,2014,48100,E,,,,
276,729,Sudan,1110,Mules and hinnies,2014,638,E,,,,
44,170,Colombia,1110,Mules and hinnies,2014,166329,A,,,,
165,586,Pakistan,1110,Mules and hinnies,2014,179000,A,,,,
185,643,Russian Federation,1110,Mules and hinnies,2014,208,A,,,,
202,710,South Africa,1110,Mules and hinnies,2014,15000,E,,,,
50,196,Cyprus,1110,Mules and hinnies,2014,1500,E,,,,
104,372,Ireland,1110,Mules and hinnies,2014,1200,E,,,,
113,417,Kyrgyzstan,1110,Mules and hinnies,2014,500,E,,,,
174,620,Portugal,1110,Mules and hinnies,2014,4486,I,,,,
203,724,Spain,1110,Mules and hinnies,2014,110000,E,,,,
220,780,Trinidad and Tobago,1110,Mules and hinnies,2014,2000,E,,,,
48,188,Costa Rica,1110,Mules and hinnies,2014,2730,A,,,,
86,308,Grenada,1110,Mules and hinnies,2014,50,E,,,,
102,364,Iran (Islamic Republic of),1110,Mules and hinnies,2014,175000,E,,,,
181,716,Zimbabwe,1110,Mules and hinnies,2014,1230,E,,,,
211,756,Switzerland,1110,Mules and hinnies,2014,693,A,,,,
84,300,Greece,1110,Mules and hinnies,2014,12201,I,,,,
40,152,Chile,1110,Mules and hinnies,2014,7000,E,,,,
58,218,Ecuador,1110,Mules and hinnies,2014,98259,A,,,,
60,222,El Salvador,1110,Mules and hinnies,2014,24000,E,,,,
117,410,Republic of Korea,1110,Mules and hinnies,2014,,M,,,,
216,764,Thailand,1110,Mules and hinnies,2014,50,E,,,,
234,858,Uruguay,1110,Mules and hinnies,2014,4000,E,,,,
9,32,Argentina,1110,Mules and hinnies,2014,185000,E,,,,
138,484,Mexico,1110,Mules and hinnies,2014,3286000,E,,,,
177,630,Puerto Rico,1110,Mules and hinnies,2014,2600,E,,,,
52,31,Azerbaijan,1110,Mules and hinnies,2014,82,A,,,,
91,328,Guyana,1110,Mules and hinnies,2014,155,E,,,,
231,840,United States of America,1110,Mules and hinnies,2014,,E,,,,
2,4,Afghanistan,1110,Mules and hinnies,2014,24000,A,,,,
41,156,"China, mainland",1110,Mules and hinnies,2014,1380400,A,,,,
93,332,Haiti,1110,Mules and hinnies,2014,84591,I,,,,
95,340,Honduras,1110,Mules and hinnies,2014,70000,E,,,,
112,400,Jordan,1110,Mules and hinnies,2014,1200,E,,,,
134,470,Malta,1110,Mules and hinnies,2014,300,E,,,,
137,480,Mauritius,1110,Mules and hinnies,2014,20,E,,,,
147,516,Namibia,1110,Mules and hinnies,2014,6700,E,,,,
212,760,Syrian Arab Republic,1110,Mules and hinnies,2014,2454,A,,,,
35,132,Cabo Verde,1110,Mules and hinnies,2014,1870,E,,,,
238,231,Ethiopia,1110,Mules and hinnies,2014,400329,A,,,,
68,250,France,1110,Mules and hinnies,2014,29461,A,,,,
89,320,Guatemala,1110,Mules and hinnies,2014,38700,E,,,,
14,52,Barbados,1110,Mules and hinnies,2014,2000,E,,,,
20,72,Botswana,1110,Mules and hinnies,2014,3200,E,,,,
106,380,Italy,1110,Mules and hinnies,2014,9000,E,,,,
166,591,Panama,1110,Mules and hinnies,2014,2450,E,,,,
189,662,Saint Lucia,1110,Mules and hinnies,2014,1100,E,,,,
223,792,Türkiye,1110,Mules and hinnies,2014,41397,A,,,,
1,51,Armenia,1110,Mules and hinnies,2015,74,A,,,,
40,152,Chile,1110,Mules and hinnies,2015,6984,I,,,,
44,170,Colombia,1110,Mules and hinnies,2015,169638,A,,,,
56,214,Dominican Republic,1110,Mules and hinnies,2015,144972,I,,,,
59,818,Egypt,1110,Mules and hinnies,2015,2452,A,,,,
209,748,Eswatini,1110,Mules and hinnies,2015,106,I,,,,
68,250,France,1110,Mules and hinnies,2015,28868,A,,,,
106,380,Italy,1110,Mules and hinnies,2015,8959,I,,,,
73,268,Georgia,1110,Mules and hinnies,2015,99,I,,,,
122,426,Lesotho,1110,Mules and hinnies,2015,291,A,,,,
201,706,Somalia,1110,Mules and hinnies,2015,22015,I,,,,
33,124,Canada,1110,Mules and hinnies,2015,4000,I,,,,
35,132,Cabo Verde,1110,Mules and hinnies,2015,1883,I,,,,
103,368,Iraq,1110,Mules and hinnies,2015,10759,I,,,,
134,470,Malta,1110,Mules and hinnies,2015,298,I,,,,
138,484,Mexico,1110,Mules and hinnies,2015,3287011,I,,,,
166,591,Panama,1110,Mules and hinnies,2015,2413,I,,,,
220,780,Trinidad and Tobago,1110,Mules and hinnies,2015,2004,I,,,,
223,792,Türkiye,1110,Mules and hinnies,2015,42523,A,,,,
3,8,Albania,1110,Mules and hinnies,2015,,M,,,,
86,308,Grenada,1110,Mules and hinnies,2015,50,I,,,,
100,356,India,1110,Mules and hinnies,2015,192343,I,,,,
234,858,Uruguay,1110,Mules and hinnies,2015,4019,I,,,,
52,31,Azerbaijan,1110,Mules and hinnies,2015,103,A,,,,
97,348,Hungary,1110,Mules and hinnies,2015,186,I,,,,
169,600,Paraguay,1110,Mules and hinnies,2015,10650,E,,,,
216,764,Thailand,1110,Mules and hinnies,2015,50,I,,,,
112,400,Jordan,1110,Mules and hinnies,2015,1083,I,,,,
124,434,Libya,1110,Mules and hinnies,2015,28950,A,,,,
143,504,Morocco,1110,Mules and hinnies,2015,420000,A,,,,
165,586,Pakistan,1110,Mules and hinnies,2015,182000,A,,,,
117,410,Republic of Korea,1110,Mules and hinnies,2015,,M,,,,
41,156,"China, mainland",1110,Mules and hinnies,2015,1173500,A,,,,
89,320,Guatemala,1110,Mules and hinnies,2015,38499,I,,,,
93,332,Haiti,1110,Mules and hinnies,2015,87607,I,,,,
104,372,Ireland,1110,Mules and hinnies,2015,1200,X,,,,
105,376,Israel,1110,Mules and hinnies,2015,1600,I,,,,
28,104,Myanmar,1110,Mules and hinnies,2015,1043,I,,,,
58,218,Ecuador,1110,Mules and hinnies,2015,88123,A,,,,
60,222,El Salvador,1110,Mules and hinnies,2015,23960,I,,,,
91,328,Guyana,1110,Mules and hinnies,2015,153,I,,,,
121,422,Lebanon,1110,Mules and hinnies,2015,4417,I,,,,
189,662,Saint Lucia,1110,Mules and hinnies,2015,1103,I,,,,
20,72,Botswana,1110,Mules and hinnies,2015,3219,I,,,,
27,100,Bulgaria,1110,Mules and hinnies,2015,1534,I,,,,
147,516,Namibia,1110,Mules and hinnies,2015,6736,I,,,,
202,710,South Africa,1110,Mules and hinnies,2015,15065,I,,,,
212,760,Syrian Arab Republic,1110,Mules and hinnies,2015,2328,A,,,,
236,862,Venezuela (Bolivarian Republic of),1110,Mules and hinnies,2015,72000,I,,,,
109,388,Jamaica,1110,Mules and hinnies,2015,10000,I,,,,
231,840,United States of America,1110,Mules and hinnies,2015,,E,,,,
21,76,Brazil,1110,Mules and hinnies,2015,1258881,I,,,,
137,480,Mauritius,1110,Mules and hinnies,2015,20,I,,,,
157,558,Nicaragua,1110,Mules and hinnies,2015,48163,I,,,,
170,604,Peru,1110,Mules and hinnies,2015,307098,I,,,,
222,788,Tunisia,1110,Mules and hinnies,2015,82028,I,,,,
23,84,Belize,1110,Mules and hinnies,2015,4588,I,,,,
238,231,Ethiopia,1110,Mules and hinnies,2015,405950,A,,,,
193,678,Sao Tome and Principe,1110,Mules and hinnies,2015,30,I,,,,
181,716,Zimbabwe,1110,Mules and hinnies,2015,1230,I,,,,
9,32,Argentina,1110,Mules and hinnies,2015,138782,I,,,,
14,52,Barbados,1110,Mules and hinnies,2015,2000,I,,,,
95,340,Honduras,1110,Mules and hinnies,2015,70011,I,,,,
113,417,Kyrgyzstan,1110,Mules and hinnies,2015,500,I,,,,
177,630,Puerto Rico,1110,Mules and hinnies,2015,2603,I,,,,
211,756,Switzerland,1110,Mules and hinnies,2015,672,A,,,,
276,729,Sudan,1110,Mules and hinnies,2015,638,I,,,,
18,64,Bhutan,1110,Mules and hinnies,2015,5455,A,,,,
48,188,Costa Rica,1110,Mules and hinnies,2015,5270,I,,,,
50,196,Cyprus,1110,Mules and hinnies,2015,1500,I,,,,
84,300,Greece,1110,Mules and hinnies,2015,10949,I,,,,
102,364,Iran (Islamic Republic of),1110,Mules and hinnies,2015,176501,I,,,,
4,12,Algeria,1110,Mules and hinnies,2015,20913,A,,,,
19,68,Bolivia (Plurinational State of),1110,Mules and hinnies,2015,82913,I,,,,
203,724,Spain,1110,Mules and hinnies,2015,109930,I,,,,
2,4,Afghanistan,1110,Mules and hinnies,2015,24500,A,,,,
49,192,Cuba,1110,Mules and hinnies,2015,21200,A,,,,
174,620,Portugal,1110,Mules and hinnies,2015,4000,E,,,,
185,643,Russian Federation,1110,Mules and hinnies,2015,208,A,,,,
1,51,Armenia,1110,Mules and hinnies,2016,56,A,,,,
93,332,Haiti,1110,Mules and hinnies,2016,101093,A,,,,
113,417,Kyrgyzstan,1110,Mules and hinnies,2016,500,I,,,,
212,760,Syrian Arab Republic,1110,Mules and hinnies,2016,2368,A,,,,
19,68,Bolivia (Plurinational State of),1110,Mules and hinnies,2016,82904,I,,,,
177,630,Puerto Rico,1110,Mules and hinnies,2016,2606,I,,,,
86,308,Grenada,1110,Mules and hinnies,2016,50,I,,,,
143,504,Morocco,1110,Mules and hinnies,2016,385000,A,,,,
147,516,Namibia,1110,Mules and hinnies,2016,6763,I,,,,
209,748,Eswatini,1110,Mules and hinnies,2016,105,I,,,,
18,64,Bhutan,1110,Mules and hinnies,2016,4766,A,,,,
35,132,Cabo Verde,1110,Mules and hinnies,2016,1892,I,,,,
73,268,Georgia,1110,Mules and hinnies,2016,98,I,,,,
95,340,Honduras,1110,Mules and hinnies,2016,70030,I,,,,
109,388,Jamaica,1110,Mules and hinnies,2016,10000,I,,,,
166,591,Panama,1110,Mules and hinnies,2016,2377,I,,,,
169,600,Paraguay,1110,Mules and hinnies,2016,10700,E,,,,
174,620,Portugal,1110,Mules and hinnies,2016,3800,E,,,,
23,84,Belize,1110,Mules and hinnies,2016,4583,I,,,,
27,100,Bulgaria,1110,Mules and hinnies,2016,1200,E,,,,
58,218,Ecuador,1110,Mules and hinnies,2016,79287,A,,,,
59,818,Egypt,1110,Mules and hinnies,2016,2741,I,,,,
117,410,Republic of Korea,1110,Mules and hinnies,2016,,M,,,,
185,643,Russian Federation,1110,Mules and hinnies,2016,194,A,,,,
14,52,Barbados,1110,Mules and hinnies,2016,2000,I,,,,
97,348,Hungary,1110,Mules and hinnies,2016,176,I,,,,
138,484,Mexico,1110,Mules and hinnies,2016,3287818,I,,,,
170,604,Peru,1110,Mules and hinnies,2016,307164,I,,,,
222,788,Tunisia,1110,Mules and hinnies,2016,81967,I,,,,
102,364,Iran (Islamic Republic of),1110,Mules and hinnies,2016,178523,I,,,,
124,434,Libya,1110,Mules and hinnies,2016,18753,A,,,,
157,558,Nicaragua,1110,Mules and hinnies,2016,48220,I,,,,
60,222,El Salvador,1110,Mules and hinnies,2016,23941,I,,,,
202,710,South Africa,1110,Mules and hinnies,2016,15162,I,,,,
103,368,Iraq,1110,Mules and hinnies,2016,11420,E,,,,
122,426,Lesotho,1110,Mules and hinnies,2016,140,A,,,,
137,480,Mauritius,1110,Mules and hinnies,2016,20,E,,,,
193,678,Sao Tome and Principe,1110,Mules and hinnies,2016,31,I,,,,
211,756,Switzerland,1110,Mules and hinnies,2016,715,A,,,,
223,792,Türkiye,1110,Mules and hinnies,2016,38229,A,,,,
33,124,Canada,1110,Mules and hinnies,2016,4000,I,,,,
40,152,Chile,1110,Mules and hinnies,2016,6950,E,,,,
106,380,Italy,1110,Mules and hinnies,2016,7040,I,,,,
220,780,Trinidad and Tobago,1110,Mules and hinnies,2016,2009,I,,,,
236,862,Venezuela (Bolivarian Republic of),1110,Mules and hinnies,2016,72000,I,,,,
9,32,Argentina,1110,Mules and hinnies,2016,86283,I,,,,
20,72,Botswana,1110,Mules and hinnies,2016,3239,I,,,,
41,156,"China, mainland",1110,Mules and hinnies,2016,1040900,A,,,,
48,188,Costa Rica,1110,Mules and hinnies,2016,5278,I,,,,
91,328,Guyana,1110,Mules and hinnies,2016,151,I,,,,
181,716,Zimbabwe,1110,Mules and hinnies,2016,1230,I,,,,
203,724,Spain,1110,Mules and hinnies,2016,109374,I,,,,
238,231,Ethiopia,1110,Mules and hinnies,2016,409877,A,,,,
4,12,Algeria,1110,Mules and hinnies,2016,19983,A,,,,
121,422,Lebanon,1110,Mules and hinnies,2016,4378,I,,,,
134,470,Malta,1110,Mules and hinnies,2016,294,I,,,,
234,858,Uruguay,1110,Mules and hinnies,2016,4040,I,,,,
21,76,Brazil,1110,Mules and hinnies,2016,1256877,I,,,,
2,4,Afghanistan,1110,Mules and hinnies,2016,24900,A,,,,
44,170,Colombia,1110,Mules and hinnies,2016,228765,A,,,,
49,192,Cuba,1110,Mules and hinnies,2016,21400,A,,,,
89,320,Guatemala,1110,Mules and hinnies,2016,38353,I,,,,
104,372,Ireland,1110,Mules and hinnies,2016,1200,X,,,,
165,586,Pakistan,1110,Mules and hinnies,2016,186000,A,,,,
276,729,Sudan,1110,Mules and hinnies,2016,639,I,,,,
84,300,Greece,1110,Mules and hinnies,2016,8582,I,,,,
100,356,India,1110,Mules and hinnies,2016,184568,I,,,,
201,706,Somalia,1110,Mules and hinnies,2016,22055,I,,,,
216,764,Thailand,1110,Mules and hinnies,2016,51,I,,,,
231,840,United States of America,1110,Mules and hinnies,2016,,E,,,,
3,8,Albania,1110,Mules and hinnies,2016,,M,,,,
52,31,Azerbaijan,1110,Mules and hinnies,2016,79,A,,,,
50,196,Cyprus,1110,Mules and hinnies,2016,1500,I,,,,
56,214,Dominican Republic,1110,Mules and hinnies,2016,144956,I,,,,
68,250,France,1110,Mules and hinnies,2016,27915,A,,,,
105,376,Israel,1110,Mules and hinnies,2016,1600,I,,,,
112,400,Jordan,1110,Mules and hinnies,2016,1161,E,,,,
28,104,Myanmar,1110,Mules and hinnies,2016,1055,I,,,,
189,662,Saint Lucia,1110,Mules and hinnies,2016,1106,I,,,,
2,4,Afghanistan,1110,Mules and hinnies,2017,24000,A,,,,
33,124,Canada,1110,Mules and hinnies,2017,4000,I,,,,
60,222,El Salvador,1110,Mules and hinnies,2017,23938,I,,,,
103,368,Iraq,1110,Mules and hinnies,2017,10695,I,,,,
216,764,Thailand,1110,Mules and hinnies,2017,51,I,,,,
234,858,Uruguay,1110,Mules and hinnies,2017,4054,I,,,,
9,32,Argentina,1110,Mules and hinnies,2017,45243,A,,,,
236,862,Venezuela (Bolivarian Republic of),1110,Mules and hinnies,2017,72000,I,,,,
84,300,Greece,1110,Mules and hinnies,2017,7196,I,,,,
86,308,Grenada,1110,Mules and hinnies,2017,50,I,,,,
97,348,Hungary,1110,Mules and hinnies,2017,177,I,,,,
177,630,Puerto Rico,1110,Mules and hinnies,2017,2607,I,,,,
181,716,Zimbabwe,1110,Mules and hinnies,2017,1231,I,,,,
68,250,France,1110,Mules and hinnies,2017,27001,I,,,,
89,320,Guatemala,1110,Mules and hinnies,2017,38218,I,,,,
134,470,Malta,1110,Mules and hinnies,2017,294,I,,,,
137,480,Mauritius,1110,Mules and hinnies,2017,20,I,,,,
20,72,Botswana,1110,Mules and hinnies,2017,3255,I,,,,
48,188,Costa Rica,1110,Mules and hinnies,2017,5040,I,,,,
165,586,Pakistan,1110,Mules and hinnies,2017,189000,A,,,,
166,591,Panama,1110,Mules and hinnies,2017,2340,I,,,,
185,643,Russian Federation,1110,Mules and hinnies,2017,154,A,,,,
211,756,Switzerland,1110,Mules and hinnies,2017,702,A,,,,
56,214,Dominican Republic,1110,Mules and hinnies,2017,145060,I,,,,
59,818,Egypt,1110,Mules and hinnies,2017,2886,I,,,,
147,516,Namibia,1110,Mules and hinnies,2017,6785,I,,,,
3,8,Albania,1110,Mules and hinnies,2017,,M,,,,
28,104,Myanmar,1110,Mules and hinnies,2017,1067,I,,,,
35,132,Cabo Verde,1110,Mules and hinnies,2017,1900,I,,,,
40,152,Chile,1110,Mules and hinnies,2017,7000,E,,,,
73,268,Georgia,1110,Mules and hinnies,2017,97,I,,,,
117,410,Republic of Korea,1110,Mules and hinnies,2017,,M,,,,
138,484,Mexico,1110,Mules and hinnies,2017,3288586,I,,,,
202,710,South Africa,1110,Mules and hinnies,2017,15279,I,,,,
41,156,"China, mainland",1110,Mules and hinnies,2017,811158,A,,,,
104,372,Ireland,1110,Mules and hinnies,2017,1187,I,,,,
170,604,Peru,1110,Mules and hinnies,2017,307285,I,,,,
193,678,Sao Tome and Principe,1110,Mules and hinnies,2017,31,I,,,,
93,332,Haiti,1110,Mules and hinnies,2017,107323,I,,,,
231,840,United States of America,1110,Mules and hinnies,2017,,E,,,,
50,196,Cyprus,1110,Mules and hinnies,2017,1500,I,,,,
105,376,Israel,1110,Mules and hinnies,2017,1600,I,,,,
113,417,Kyrgyzstan,1110,Mules and hinnies,2017,500,I,,,,
157,558,Nicaragua,1110,Mules and hinnies,2017,48264,I,,,,
169,600,Paraguay,1110,Mules and hinnies,2017,10680,E,,,,
203,724,Spain,1110,Mules and hinnies,2017,109394,I,,,,
209,748,Eswatini,1110,Mules and hinnies,2017,107,I,,,,
223,792,Türkiye,1110,Mules and hinnies,2017,34360,A,,,,
27,100,Bulgaria,1110,Mules and hinnies,2017,1500,E,,,,
49,192,Cuba,1110,Mules and hinnies,2017,21600,A,,,,
100,356,India,1110,Mules and hinnies,2017,174210,I,,,,
106,380,Italy,1110,Mules and hinnies,2017,6981,I,,,,
143,504,Morocco,1110,Mules and hinnies,2017,392000,A,,,,
1,51,Armenia,1110,Mules and hinnies,2017,36,A,,,,
23,84,Belize,1110,Mules and hinnies,2017,4582,I,,,,
18,64,Bhutan,1110,Mules and hinnies,2017,4751,A,,,,
238,231,Ethiopia,1110,Mules and hinnies,2017,461665,A,,,,
124,434,Libya,1110,Mules and hinnies,2017,26980,A,,,,
201,706,Somalia,1110,Mules and hinnies,2017,22111,I,,,,
212,760,Syrian Arab Republic,1110,Mules and hinnies,2017,2307,A,,,,
52,31,Azerbaijan,1110,Mules and hinnies,2017,62,A,,,,
112,400,Jordan,1110,Mules and hinnies,2017,1008,I,,,,
122,426,Lesotho,1110,Mules and hinnies,2017,309,A,,,,
222,788,Tunisia,1110,Mules and hinnies,2017,81918,I,,,,
276,729,Sudan,1110,Mules and hinnies,2017,639,I,,,,
44,170,Colombia,1110,Mules and hinnies,2017,191430,A,,,,
58,218,Ecuador,1110,Mules and hinnies,2017,80111,A,,,,
91,328,Guyana,1110,Mules and hinnies,2017,151,I,,,,
95,340,Honduras,1110,Mules and hinnies,2017,70057,I,,,,
121,422,Lebanon,1110,Mules and hinnies,2017,4338,I,,,,
174,620,Portugal,1110,Mules and hinnies,2017,3500,E,,,,
14,52,Barbados,1110,Mules and hinnies,2017,2000,I,,,,
19,68,Bolivia (Plurinational State of),1110,Mules and hinnies,2017,82838,I,,,,
102,364,Iran (Islamic Republic of),1110,Mules and hinnies,2017,180322,I,,,,
109,388,Jamaica,1110,Mules and hinnies,2017,10000,I,,,,
220,780,Trinidad and Tobago,1110,Mules and hinnies,2017,2012,I,,,,
4,12,Algeria,1110,Mules and hinnies,2017,19247,A,,,,
21,76,Brazil,1110,Mules and hinnies,2017,1245352,I,,,,
189,662,Saint Lucia,1110,Mules and hinnies,2017,1107,I,,,,
59,818,Egypt,1110,Mules and hinnies,2018,2973,I,,,,
137,480,Mauritius,1110,Mules and hinnies,2018,20,I,,,,
185,643,Russian Federation,1110,Mules and hinnies,2018,161,A,,,,
52,31,Azerbaijan,1110,Mules and hinnies,2018,53,A,,,,
95,340,Honduras,1110,Mules and hinnies,2018,70090,I,,,,
122,426,Lesotho,1110,Mules and hinnies,2018,1940,A,,,,
28,104,Myanmar,1110,Mules and hinnies,2018,1077,I,,,,
231,840,United States of America,1110,Mules and hinnies,2018,,M,,,,
1,51,Armenia,1110,Mules and hinnies,2018,25,A,,,,
84,300,Greece,1110,Mules and hinnies,2018,3060,A,,,,
86,308,Grenada,1110,Mules and hinnies,2018,50,I,,,,
193,678,Sao Tome and Principe,1110,Mules and hinnies,2018,31,I,,,,
117,410,Republic of Korea,1110,Mules and hinnies,2018,,M,,,,
138,484,Mexico,1110,Mules and hinnies,2018,3289326,I,,,,
157,558,Nicaragua,1110,Mules and hinnies,2018,48292,I,,,,
238,231,Ethiopia,1110,Mules and hinnies,2018,370552,A,,,,
35,132,Cabo Verde,1110,Mules and hinnies,2018,1907,I,,,,
121,422,Lebanon,1110,Mules and hinnies,2018,4299,I,,,,
124,434,Libya,1110,Mules and hinnies,2018,29750,A,,,,
19,68,Bolivia (Plurinational State of),1110,Mules and hinnies,2018,82823,I,,,,
33,124,Canada,1110,Mules and hinnies,2018,4000,I,,,,
49,192,Cuba,1110,Mules and hinnies,2018,21700,A,,,,
105,376,Israel,1110,Mules and hinnies,2018,1600,I,,,,
169,600,Paraguay,1110,Mules and hinnies,2018,10619,I,,,,
89,320,Guatemala,1110,Mules and hinnies,2018,38101,I,,,,
170,604,Peru,1110,Mules and hinnies,2018,307432,I,,,,
223,792,Türkiye,1110,Mules and hinnies,2018,30837,A,,,,
41,156,"China, mainland",1110,Mules and hinnies,2018,757876,A,,,,
109,388,Jamaica,1110,Mules and hinnies,2018,10000,I,,,,
113,417,Kyrgyzstan,1110,Mules and hinnies,2018,500,I,,,,
147,516,Namibia,1110,Mules and hinnies,2018,6797,I,,,,
189,662,Saint Lucia,1110,Mules and hinnies,2018,1107,I,,,,
216,764,Thailand,1110,Mules and hinnies,2018,52,I,,,,
276,729,Sudan,1110,Mules and hinnies,2018,639,I,,,,
23,84,Belize,1110,Mules and hinnies,2018,4584,I,,,,
48,188,Costa Rica,1110,Mules and hinnies,2018,4928,I,,,,
177,630,Puerto Rico,1110,Mules and hinnies,2018,2608,I,,,,
181,716,Zimbabwe,1110,Mules and hinnies,2018,1231,I,,,,
202,710,South Africa,1110,Mules and hinnies,2018,15382,I,,,,
18,64,Bhutan,1110,Mules and hinnies,2018,4734,I,,,,
56,214,Dominican Republic,1110,Mules and hinnies,2018,145477,I,,,,
91,328,Guyana,1110,Mules and hinnies,2018,151,I,,,,
143,504,Morocco,1110,Mules and hinnies,2018,390000,A,,,,
2,4,Afghanistan,1110,Mules and hinnies,2018,23769,I,,,,
14,52,Barbados,1110,Mules and hinnies,2018,2000,I,,,,
21,76,Brazil,1110,Mules and hinnies,2018,1223729,I,,,,
211,756,Switzerland,1110,Mules and hinnies,2018,713,I,,,,
236,862,Venezuela (Bolivarian Republic of),1110,Mules and hinnies,2018,72000,I,,,,
102,364,Iran (Islamic Republic of),1110,Mules and hinnies,2018,181356,I,,,,
234,858,Uruguay,1110,Mules and hinnies,2018,4067,I,,,,
9,32,Argentina,1110,Mules and hinnies,2018,45648,A,,,,
44,170,Colombia,1110,Mules and hinnies,2018,175828,A,,,,
4,12,Algeria,1110,Mules and hinnies,2018,16808,A,,,,
100,356,India,1110,Mules and hinnies,2018,146234,I,,,,
166,591,Panama,1110,Mules and hinnies,2018,2302,I,,,,
201,706,Somalia,1110,Mules and hinnies,2018,22185,I,,,,
220,780,Trinidad and Tobago,1110,Mules and hinnies,2018,2015,I,,,,
3,8,Albania,1110,Mules and hinnies,2018,,M,,,,
40,152,Chile,1110,Mules and hinnies,2018,7004,I,,,,
58,218,Ecuador,1110,Mules and hinnies,2018,73681,A,,,,
209,748,Eswatini,1110,Mules and hinnies,2018,108,I,,,,
112,400,Jordan,1110,Mules and hinnies,2018,884,I,,,,
222,788,Tunisia,1110,Mules and hinnies,2018,81881,I,,,,
20,72,Botswana,1110,Mules and hinnies,2018,3270,I,,,,
60,222,El Salvador,1110,Mules and hinnies,2018,23940,I,,,,
73,268,Georgia,1110,Mules and hinnies,2018,95,I,,,,
93,332,Haiti,1110,Mules and hinnies,2018,115649,I,,,,
103,368,Iraq,1110,Mules and hinnies,2018,10379,I,,,,
165,586,Pakistan,1110,Mules and hinnies,2018,192000,A,,,,
212,760,Syrian Arab Republic,1110,Mules and hinnies,2018,2373,A,,,,
102,364,Iran (Islamic Republic of),1110,Mules and hinnies,2019,181617,I,,,,
201,706,Somalia,1110,Mules and hinnies,2019,22258,I,,,,
212,760,Syrian Arab Republic,1110,Mules and hinnies,2019,2294,A,,,,
234,858,Uruguay,1110,Mules and hinnies,2019,4079,I,,,,
86,308,Grenada,1110,Mules and hinnies,2019,50,I,,,,
95,340,Honduras,1110,Mules and hinnies,2019,70126,I,,,,
236,862,Venezuela (Bolivarian Republic of),1110,Mules and hinnies,2019,72000,I,,,,
19,68,Bolivia (Plurinational State of),1110,Mules and hinnies,2019,82881,I,,,,
28,104,Myanmar,1110,Mules and hinnies,2019,1087,I,,,,
58,218,Ecuador,1110,Mules and hinnies,2019,83008,A,,,,
122,426,Lesotho,1110,Mules and hinnies,2019,2370,I,,,,
231,840,United States of America,1110,Mules and hinnies,2019,,M,,,,
3,8,Albania,1110,Mules and hinnies,2019,,M,,,,
4,12,Algeria,1110,Mules and hinnies,2019,15997,A,,,,
209,748,Eswatini,1110,Mules and hinnies,2019,109,I,,,,
220,780,Trinidad and Tobago,1110,Mules and hinnies,2019,2015,I,,,,
222,788,Tunisia,1110,Mules and hinnies,2019,81852,I,,,,
48,188,Costa Rica,1110,Mules and hinnies,2019,4909,I,,,,
238,231,Ethiopia,1110,Mules and hinnies,2019,357603,A,,,,
202,710,South Africa,1110,Mules and hinnies,2019,15470,I,,,,
41,156,"China, mainland",1110,Mules and hinnies,2019,714494,A,,,,
59,818,Egypt,1110,Mules and hinnies,2019,3009,I,,,,
113,417,Kyrgyzstan,1110,Mules and hinnies,2019,500,I,,,,
147,516,Namibia,1110,Mules and hinnies,2019,6802,I,,,,
124,434,Libya,1110,Mules and hinnies,2019,30000,A,,,,
166,591,Panama,1110,Mules and hinnies,2019,2264,I,,,,
211,756,Switzerland,1110,Mules and hinnies,2019,728,I,,,,
1,51,Armenia,1110,Mules and hinnies,2019,38,A,,,,
35,132,Cabo Verde,1110,Mules and hinnies,2019,1912,I,,,,
157,558,Nicaragua,1110,Mules and hinnies,2019,48310,I,,,,
2,4,Afghanistan,1110,Mules and hinnies,2019,23832,I,,,,
14,52,Barbados,1110,Mules and hinnies,2019,2000,I,,,,
20,72,Botswana,1110,Mules and hinnies,2019,3284,I,,,,
21,76,Brazil,1110,Mules and hinnies,2019,1206941,I,,,,
52,31,Azerbaijan,1110,Mules and hinnies,2019,53,A,,,,
137,480,Mauritius,1110,Mules and hinnies,2019,20,I,,,,
177,630,Puerto Rico,1110,Mules and hinnies,2019,2607,I,,,,
185,643,Russian Federation,1110,Mules and hinnies,2019,159,A,,,,
9,32,Argentina,1110,Mules and hinnies,2019,46593,A,,,,
23,84,Belize,1110,Mules and hinnies,2019,4587,I,,,,
56,214,Dominican Republic,1110,Mules and hinnies,2019,145934,I,,,,
91,328,Guyana,1110,Mules and hinnies,2019,151,I,,,,
109,388,Jamaica,1110,Mules and hinnies,2019,10000,I,,,,
165,586,Pakistan,1110,Mules and hinnies,2019,196000,A,,,,
49,192,Cuba,1110,Mules and hinnies,2019,21900,A,,,,
100,356,India,1110,Mules and hinnies,2019,84261,A,,,,
105,376,Israel,1110,Mules and hinnies,2019,1600,I,,,,
138,484,Mexico,1110,Mules and hinnies,2019,3290081,I,,,,
216,764,Thailand,1110,Mules and hinnies,2019,53,I,,,,
60,222,El Salvador,1110,Mules and hinnies,2019,23951,I,,,,
84,300,Greece,1110,Mules and hinnies,2019,2830,A,,,,
93,332,Haiti,1110,Mules and hinnies,2019,123597,I,,,,
112,400,Jordan,1110,Mules and hinnies,2019,817,I,,,,
143,504,Morocco,1110,Mules and hinnies,2019,385000,A,,,,
18,64,Bhutan,1110,Mules and hinnies,2019,4680,I,,,,
40,152,Chile,1110,Mules and hinnies,2019,6973,I,,,,
170,604,Peru,1110,Mules and hinnies,2019,307577,I,,,,
276,729,Sudan,1110,Mules and hinnies,2019,640,I,,,,
33,124,Canada,1110,Mules and hinnies,2019,4000,I,,,,
44,170,Colombia,1110,Mules and hinnies,2019,202300,A,,,,
117,410,Republic of Korea,1110,Mules and hinnies,2019,,M,,,,
193,678,Sao Tome and Principe,1110,Mules and hinnies,2019,31,I,,,,
121,422,Lebanon,1110,Mules and hinnies,2019,4260,I,,,,
169,600,Paraguay,1110,Mules and hinnies,2019,10546,I,,,,
223,792,Türkiye,1110,Mules and hinnies,2019,29452,A,,,,
73,268,Georgia,1110,Mules and hinnies,2019,94,I,,,,
189,662,Saint Lucia,1110,Mules and hinnies,2019,1107,I,,,,
89,320,Guatemala,1110,Mules and hinnies,2019,37987,I,,,,
103,368,Iraq,1110,Mules and hinnies,2019,10400,I,,,,
181,716,Zimbabwe,1110,Mules and hinnies,2019,1229,I,,,,
23,84,Belize,1110,Mules and hinnies,2020,4586,I,,,,
211,756,Switzerland,1110,Mules and hinnies,2020,749,I,,,,
19,68,Bolivia (Plurinational State of),1110,Mules and hinnies,2020,82958,I,,,,
21,76,Brazil,1110,Mules and hinnies,2020,1183524,I,,,,
231,840,United States of America,1110,Mules and hinnies,2020,,M,,,,
33,124,Canada,1110,Mules and hinnies,2020,4000,I,,,,
60,222,El Salvador,1110,Mules and hinnies,2020,23961,I,,,,
91,328,Guyana,1110,Mules and hinnies,2020,151,I,,,,
112,400,Jordan,1110,Mules and hinnies,2020,746,I,,,,
113,417,Kyrgyzstan,1110,Mules and hinnies,2020,500,I,,,,
165,586,Pakistan,1110,Mules and hinnies,2020,199000,A,,,,
4,12,Algeria,1110,Mules and hinnies,2020,17305,A,,,,
86,308,Grenada,1110,Mules and hinnies,2020,50,I,,,,
95,340,Honduras,1110,Mules and hinnies,2020,70159,I,,,,
276,729,Sudan,1110,Mules and hinnies,2020,640,I,,,,
3,8,Albania,1110,Mules and hinnies,2020,,M,,,,
41,156,"China, mainland",1110,Mules and hinnies,2020,622800,A,,,,
189,662,Saint Lucia,1110,Mules and hinnies,2020,1107,I,,,,
1,51,Armenia,1110,Mules and hinnies,2020,24,A,,,,
48,188,Costa Rica,1110,Mules and hinnies,2020,4916,I,,,,
59,818,Egypt,1110,Mules and hinnies,2020,3036,I,,,,
89,320,Guatemala,1110,Mules and hinnies,2020,37874,I,,,,
137,480,Mauritius,1110,Mules and hinnies,2020,20,I,,,,
147,516,Namibia,1110,Mules and hinnies,2020,6801,I,,,,
52,31,Azerbaijan,1110,Mules and hinnies,2020,57,A,,,,
9,32,Argentina,1110,Mules and hinnies,2020,47182,A,,,,
103,368,Iraq,1110,Mules and hinnies,2020,10366,I,,,,
209,748,Eswatini,1110,Mules and hinnies,2020,111,I,,,,
58,218,Ecuador,1110,Mules and hinnies,2020,63013,A,,,,
102,364,Iran (Islamic Republic of),1110,Mules and hinnies,2020,182632,I,,,,
181,716,Zimbabwe,1110,Mules and hinnies,2020,1228,I,,,,
193,678,Sao Tome and Principe,1110,Mules and hinnies,2020,31,I,,,,
238,231,Ethiopia,1110,Mules and hinnies,2020,382784,A,,,,
73,268,Georgia,1110,Mules and hinnies,2020,92,I,,,,
109,388,Jamaica,1110,Mules and hinnies,2020,10000,I,,,,
121,422,Lebanon,1110,Mules and hinnies,2020,4154,I,,,,
49,192,Cuba,1110,Mules and hinnies,2020,26000,A,,,,
100,356,India,1110,Mules and hinnies,2020,42960,I,,,,
40,152,Chile,1110,Mules and hinnies,2020,6909,I,,,,
117,410,Republic of Korea,1110,Mules and hinnies,2020,,M,,,,
124,434,Libya,1110,Mules and hinnies,2020,30270,A,,,,
143,504,Morocco,1110,Mules and hinnies,2020,387000,A,,,,
169,600,Paraguay,1110,Mules and hinnies,2020,10482,I,,,,
222,788,Tunisia,1110,Mules and hinnies,2020,81831,I,,,,
2,4,Afghanistan,1110,Mules and hinnies,2020,23854,I,,,,
20,72,Botswana,1110,Mules and hinnies,2020,3294,I,,,,
105,376,Israel,1110,Mules and hinnies,2020,1600,I,,,,
220,780,Trinidad and Tobago,1110,Mules and hinnies,2020,2017,I,,,,
223,792,Türkiye,1110,Mules and hinnies,2020,25119,A,,,,
236,862,Venezuela (Bolivarian Republic of),1110,Mules and hinnies,2020,72000,I,,,,
44,170,Colombia,1110,Mules and hinnies,2020,209827,I,,,,
56,214,Dominican Republic,1110,Mules and hinnies,2020,146457,I,,,,
84,300,Greece,1110,Mules and hinnies,2020,3400,A,,,,
93,332,Haiti,1110,Mules and hinnies,2020,131376,I,,,,
122,426,Lesotho,1110,Mules and hinnies,2020,2323,I,,,,
138,484,Mexico,1110,Mules and hinnies,2020,3290683,I,,,,
170,604,Peru,1110,Mules and hinnies,2020,307736,I,,,,
18,64,Bhutan,1110,Mules and hinnies,2020,4629,I,,,,
35,132,Cabo Verde,1110,Mules and hinnies,2020,1919,I,,,,
166,591,Panama,1110,Mules and hinnies,2020,2254,I,,,,
201,706,Somalia,1110,Mules and hinnies,2020,22330,I,,,,
212,760,Syrian Arab Republic,1110,Mules and hinnies,2020,2123,A,,,,
234,858,Uruguay,1110,Mules and hinnies,2020,4090,I,,,,
28,104,Myanmar,1110,Mules and hinnies,2020,1093,I,,,,
14,52,Barbados,1110,Mules and hinnies,2020,2000,I,,,,
157,558,Nicaragua,1110,Mules and hinnies,2020,48320,I,,,,
177,630,Puerto Rico,1110,Mules and hinnies,2020,2609,I,,,,
185,643,Russian Federation,1110,Mules and hinnies,2020,157,A,,,,
202,710,South Africa,1110,Mules and hinnies,2020,15534,I,,,,
216,764,Thailand,1110,Mules and hinnies,2020,53,I,,,,
3,8,Albania,1110,Mules and hinnies,2021,,M,,,,
113,417,Kyrgyzstan,1110,Mules and hinnies,2021,500,I,,,,
124,434,Libya,1110,Mules and hinnies,2021,27240,A,,,,
212,760,Syrian Arab Republic,1110,Mules and hinnies,2021,2089,A,,,,
234,858,Uruguay,1110,Mules and hinnies,2021,4104,I,,,,
52,31,Azerbaijan,1110,Mules and hinnies,2021,55,A,,,,
48,188,Costa Rica,1110,Mules and hinnies,2021,4920,I,,,,
84,300,Greece,1110,Mules and hinnies,2021,2615,A,,,,
95,340,Honduras,1110,Mules and hinnies,2021,70160,I,,,,
56,214,Dominican Republic,1110,Mules and hinnies,2021,146883,I,,,,
58,218,Ecuador,1110,Mules and hinnies,2021,66913,A,,,,
109,388,Jamaica,1110,Mules and hinnies,2021,10000,I,,,,
165,586,Pakistan,1110,Mules and hinnies,2021,203000,A,,,,
177,630,Puerto Rico,1110,Mules and hinnies,2021,2616,I,,,,
220,780,Trinidad and Tobago,1110,Mules and hinnies,2021,2029,I,,,,
14,52,Barbados,1110,Mules and hinnies,2021,2000,I,,,,
137,480,Mauritius,1110,Mules and hinnies,2021,20,I,,,,
157,558,Nicaragua,1110,Mules and hinnies,2021,48406,I,,,,
201,706,Somalia,1110,Mules and hinnies,2021,22505,I,,,,
223,792,Türkiye,1110,Mules and hinnies,2021,22164,A,,,,
2,4,Afghanistan,1110,Mules and hinnies,2021,24008,I,,,,
41,156,"China, mainland",1110,Mules and hinnies,2021,541700,A,,,,
236,862,Venezuela (Bolivarian Republic of),1110,Mules and hinnies,2021,72000,I,,,,
4,12,Algeria,1110,Mules and hinnies,2021,17518,A,,,,
216,764,Thailand,1110,Mules and hinnies,2021,53,I,,,,
60,222,El Salvador,1110,Mules and hinnies,2021,23882,I,,,,
100,356,India,1110,Mules and hinnies,2021,99358,I,,,,
121,422,Lebanon,1110,Mules and hinnies,2021,4108,I,,,,
170,604,Peru,1110,Mules and hinnies,2021,310018,I,,,,
185,643,Russian Federation,1110,Mules and hinnies,2021,139,A,,,,
20,72,Botswana,1110,Mules and hinnies,2021,3272,I,,,,
23,84,Belize,1110,Mules and hinnies,2021,4561,I,,,,
91,328,Guyana,1110,Mules and hinnies,2021,148,I,,,,
143,504,Morocco,1110,Mules and hinnies,2021,381990,A,,,,
202,710,South Africa,1110,Mules and hinnies,2021,15721,I,,,,
33,124,Canada,1110,Mules and hinnies,2021,4000,I,,,,
89,320,Guatemala,1110,Mules and hinnies,2021,37774,I,,,,
9,32,Argentina,1110,Mules and hinnies,2021,44305,A,,,,
28,104,Myanmar,1110,Mules and hinnies,2021,1039,I,,,,
44,170,Colombia,1110,Mules and hinnies,2021,176605,I,,,,
238,231,Ethiopia,1110,Mules and hinnies,2021,378155,I,,,,
73,268,Georgia,1110,Mules and hinnies,2021,91,I,,,,
117,410,Republic of Korea,1110,Mules and hinnies,2021,,M,,,,
211,756,Switzerland,1110,Mules and hinnies,2021,771,I,,,,
169,600,Paraguay,1110,Mules and hinnies,2021,10666,I,,,,
138,484,Mexico,1110,Mules and hinnies,2021,3290757,I,,,,
19,68,Bolivia (Plurinational State of),1110,Mules and hinnies,2021,83048,I,,,,
276,729,Sudan,1110,Mules and hinnies,2021,641,I,,,,
21,76,Brazil,1110,Mules and hinnies,2021,1170827,I,,,,
49,192,Cuba,1110,Mules and hinnies,2021,19300,A,,,,
93,332,Haiti,1110,Mules and hinnies,2021,130636,I,,,,
40,152,Chile,1110,Mules and hinnies,2021,6781,I,,,,
59,818,Egypt,1110,Mules and hinnies,2021,3166,I,,,,
105,376,Israel,1110,Mules and hinnies,2021,1600,I,,,,
112,400,Jordan,1110,Mules and hinnies,2021,690,I,,,,
166,591,Panama,1110,Mules and hinnies,2021,2323,I,,,,
189,662,Saint Lucia,1110,Mules and hinnies,2021,1109,I,,,,
209,748,Eswatini,1110,Mules and hinnies,2021,112,I,,,,
222,788,Tunisia,1110,Mules and hinnies,2021,82312,I,,,,
1,51,Armenia,1110,Mules and hinnies,2021,25,A,,,,
35,132,Cabo Verde,1110,Mules and hinnies,2021,1936,I,,,,
122,426,Lesotho,1110,Mules and hinnies,2021,1463,I,,,,
231,840,United States of America,1110,Mules and hinnies,2021,,M,,,,
181,716,Zimbabwe,1110,Mules and hinnies,2021,1243,I,,,,
18,64,Bhutan,1110,Mules and hinnies,2021,4648,I,,,,
86,308,Grenada,1110,Mules and hinnies,2021,50,I,,,,
102,364,Iran (Islamic Republic of),1110,Mules and hinnies,2021,184617,I,,,,
103,368,Iraq,1110,Mules and hinnies,2021,10405,I,,,,
147,516,Namibia,1110,Mules and hinnies,2021,6801,I,,,,
193,678,Sao Tome and Principe,1110,Mules and hinnies,2021,32,I,,,,
59,818,Egypt,1110,Mules and hinnies,2022,3187,I,,,,
73,268,Georgia,1110,Mules and hinnies,2022,91,I,,,,
100,356,India,1110,Mules and hinnies,2022,95560,I,,,,
202,710,South Africa,1110,Mules and hinnies,2022,15838,I,,,,
220,780,Trinidad and Tobago,1110,Mules and hinnies,2022,2029,I,,,,
23,84,Belize,1110,Mules and hinnies,2022,4550,I,,,,
56,214,Dominican Republic,1110,Mules and hinnies,2022,147135,I,,,,
209,748,Eswatini,1110,Mules and hinnies,2022,112,I,,,,
84,300,Greece,1110,Mules and hinnies,2022,1728,A,,,,
91,328,Guyana,1110,Mules and hinnies,2022,146,I,,,,
143,504,Morocco,1110,Mules and hinnies,2022,381990,A,,,,
2,4,Afghanistan,1110,Mules and hinnies,2022,23922,I,,,,
19,68,Bolivia (Plurinational State of),1110,Mules and hinnies,2022,83064,I,,,,
102,364,Iran (Islamic Republic of),1110,Mules and hinnies,2022,184263,I,,,,
112,400,Jordan,1110,Mules and hinnies,2022,596,I,,,,
177,630,Puerto Rico,1110,Mules and hinnies,2022,2617,I,,,,
276,729,Sudan,1110,Mules and hinnies,2022,641,I,,,,
41,156,"China, mainland",1110,Mules and hinnies,2022,488000,A,,,,
121,422,Lebanon,1110,Mules and hinnies,2022,4082,I,,,,
212,760,Syrian Arab Republic,1110,Mules and hinnies,2022,1770,A,,,,
222,788,Tunisia,1110,Mules and hinnies,2022,82229,I,,,,
4,12,Algeria,1110,Mules and hinnies,2022,16518,I,,,,
58,218,Ecuador,1110,Mules and hinnies,2022,61914,A,,,,
60,222,El Salvador,1110,Mules and hinnies,2022,23857,I,,,,
193,678,Sao Tome and Principe,1110,Mules and hinnies,2022,32,I,,,,
201,706,Somalia,1110,Mules and hinnies,2022,22444,I,,,,
9,32,Argentina,1110,Mules and hinnies,2022,41930,A,,,,
1,51,Armenia,1110,Mules and hinnies,2022,17,A,,,,
52,31,Azerbaijan,1110,Mules and hinnies,2022,54,A,,,,
35,132,Cabo Verde,1110,Mules and hinnies,2022,1938,I,,,,
86,308,Grenada,1110,Mules and hinnies,2022,50,I,,,,
157,558,Nicaragua,1110,Mules and hinnies,2022,48399,I,,,,
165,586,Pakistan,1110,Mules and hinnies,2022,206000,A,,,,
170,604,Peru,1110,Mules and hinnies,2022,310434,I,,,,
231,840,United States of America,1110,Mules and hinnies,2022,,M,,,,
33,124,Canada,1110,Mules and hinnies,2022,4000,I,,,,
48,188,Costa Rica,1110,Mules and hinnies,2022,4937,I,,,,
122,426,Lesotho,1110,Mules and hinnies,2022,1489,I,,,,
169,600,Paraguay,1110,Mules and hinnies,2022,10718,I,,,,
181,716,Zimbabwe,1110,Mules and hinnies,2022,1238,I,,,,
211,756,Switzerland,1110,Mules and hinnies,2022,752,I,,,,
40,152,Chile,1110,Mules and hinnies,2022,6781,I,,,,
105,376,Israel,1110,Mules and hinnies,2022,1600,I,,,,
49,192,Cuba,1110,Mules and hinnies,2022,21600,A,,,,
117,410,Republic of Korea,1110,Mules and hinnies,2022,,M,,,,
109,388,Jamaica,1110,Mules and hinnies,2022,10000,I,,,,
124,434,Libya,1110,Mules and hinnies,2022,31161,I,,,,
21,76,Brazil,1110,Mules and hinnies,2022,1170602,I,,,,
93,332,Haiti,1110,Mules and hinnies,2022,137643,I,,,,
137,480,Mauritius,1110,Mules and hinnies,2022,20,I,,,,
14,52,Barbados,1110,Mules and hinnies,2022,2000,I,,,,
18,64,Bhutan,1110,Mules and hinnies,2022,4628,I,,,,
89,320,Guatemala,1110,Mules and hinnies,2022,37613,I,,,,
95,340,Honduras,1110,Mules and hinnies,2022,70176,I,,,,
44,170,Colombia,1110,Mules and hinnies,2022,175609,I,,,,
103,368,Iraq,1110,Mules and hinnies,2022,10418,I,,,,
216,764,Thailand,1110,Mules and hinnies,2022,53,I,,,,
238,231,Ethiopia,1110,Mules and hinnies,2022,357743,A,,,,
113,417,Kyrgyzstan,1110,Mules and hinnies,2022,500,I,,,,
28,104,Myanmar,1110,Mules and hinnies,2022,1048,I,,,,
166,591,Panama,1110,Mules and hinnies,2022,2321,I,,,,
189,662,Saint Lucia,1110,Mules and hinnies,2022,1108,I,,,,
223,792,Türkiye,1110,Mules and hinnies,2022,19018,A,,,,
3,8,Albania,1110,Mules and hinnies,2022,,M,,,,
20,72,Botswana,1110,Mules and hinnies,2022,3270,I,,,,
138,484,Mexico,1110,Mules and hinnies,2022,3291288,I,,,,
147,516,Namibia,1110,Mules and hinnies,2022,6784,I,,,,
185,643,Russian Federation,1110,Mules and hinnies,2022,152,A,,,,
234,858,Uruguay,1110,Mules and hinnies,2022,4106,I,,,,
236,862,Venezuela (Bolivarian Republic of),1110,Mules and hinnies,2022,72000,I,,,,
2,4,Afghanistan,1110,Mules and hinnies,2023,23852,I,,,,
4,12,Algeria,1110,Mules and hinnies,2023,12880,I,,,,
84,300,Greece,1110,Mules and hinnies,2023,1667,A,,,,
102,364,Iran (Islamic Republic of),1110,Mules and hinnies,2023,184845,I,,,,
169,600,Paraguay,1110,Mules and hinnies,2023,10733,I,,,,
109,388,Jamaica,1110,Mules and hinnies,2023,10000,I,,,,
122,426,Lesotho,1110,Mules and hinnies,2023,1504,I,,,,
137,480,Mauritius,1110,Mules and hinnies,2023,20,I,,,,
9,32,Argentina,1110,Mules and hinnies,2023,43440,A,,,,
18,64,Bhutan,1110,Mules and hinnies,2023,4595,I,,,,
33,124,Canada,1110,Mules and hinnies,2023,4000,I,,,,
91,328,Guyana,1110,Mules and hinnies,2023,145,I,,,,
201,706,Somalia,1110,Mules and hinnies,2023,22496,I,,,,
41,156,"China, mainland",1110,Mules and hinnies,2023,438100,A,,,,
89,320,Guatemala,1110,Mules and hinnies,2023,37481,I,,,,
166,591,Panama,1110,Mules and hinnies,2023,2319,I,,,,
220,780,Trinidad and Tobago,1110,Mules and hinnies,2023,2032,I,,,,
3,8,Albania,1110,Mules and hinnies,2023,,M,,,,
14,52,Barbados,1110,Mules and hinnies,2023,2000,I,,,,
86,308,Grenada,1110,Mules and hinnies,2023,50,I,,,,
236,862,Venezuela (Bolivarian Republic of),1110,Mules and hinnies,2023,72000,I,,,,
35,132,Cabo Verde,1110,Mules and hinnies,2023,1944,I,,,,
103,368,Iraq,1110,Mules and hinnies,2023,10352,I,,,,
124,434,Libya,1110,Mules and hinnies,2023,32258,I,,,,
143,504,Morocco,1110,Mules and hinnies,2023,326780,A,,,,
193,678,Sao Tome and Principe,1110,Mules and hinnies,2023,32,I,,,,
238,231,Ethiopia,1110,Mules and hinnies,2023,357399,I,,,,
100,356,India,1110,Mules and hinnies,2023,94130,I,,,,
113,417,Kyrgyzstan,1110,Mules and hinnies,2023,500,I,,,,
138,484,Mexico,1110,Mules and hinnies,2023,3291971,I,,,,
165,586,Pakistan,1110,Mules and hinnies,2023,210000,A,,,,
170,604,Peru,1110,Mules and hinnies,2023,310958,I,,,,
23,84,Belize,1110,Mules and hinnies,2023,4542,I,,,,
73,268,Georgia,1110,Mules and hinnies,2023,90,I,,,,
121,422,Lebanon,1110,Mules and hinnies,2023,4040,I,,,,
231,840,United States of America,1110,Mules and hinnies,2023,,M,,,,
21,76,Brazil,1110,Mules and hinnies,2023,1163189,I,,,,
56,214,Dominican Republic,1110,Mules and hinnies,2023,147471,I,,,,
40,152,Chile,1110,Mules and hinnies,2023,6741,I,,,,
147,516,Namibia,1110,Mules and hinnies,2023,6791,I,,,,
185,643,Russian Federation,1110,Mules and hinnies,2023,160,I,,,,
209,748,Eswatini,1110,Mules and hinnies,2023,113,I,,,,
216,764,Thailand,1110,Mules and hinnies,2023,53,I,,,,
234,858,Uruguay,1110,Mules and hinnies,2023,4116,I,,,,
1,51,Armenia,1110,Mules and hinnies,2023,13,A,,,,
211,756,Switzerland,1110,Mules and hinnies,2023,755,I,,,,
48,188,Costa Rica,1110,Mules and hinnies,2023,4935,I,,,,
58,218,Ecuador,1110,Mules and hinnies,2023,54067,A,,,,
60,222,El Salvador,1110,Mules and hinnies,2023,23836,I,,,,
93,332,Haiti,1110,Mules and hinnies,2023,143829,I,,,,
112,400,Jordan,1110,Mules and hinnies,2023,531,I,,,,
222,788,Tunisia,1110,Mules and hinnies,2023,82253,I,,,,
105,376,Israel,1110,Mules and hinnies,2023,1600,I,,,,
177,630,Puerto Rico,1110,Mules and hinnies,2023,2620,I,,,,
189,662,Saint Lucia,1110,Mules and hinnies,2023,1108,I,,,,
49,192,Cuba,1110,Mules and hinnies,2023,20200,A,,,,
95,340,Honduras,1110,Mules and hinnies,2023,70195,I,,,,
223,792,Türkiye,1110,Mules and hinnies,2023,16313,A,,,,
276,729,Sudan,1110,Mules and hinnies,2023,641,I,,,,
20,72,Botswana,1110,Mules and hinnies,2023,3272,I,,,,
52,31,Azerbaijan,1110,Mules and hinnies,2023,38,A,,,,
157,558,Nicaragua,1110,Mules and hinnies,2023,48417,I,,,,
202,710,South Africa,1110,Mules and hinnies,2023,15953,I,,,,
212,760,Syrian Arab Republic,1110,Mules and hinnies,2023,1884,A,,,,
19,68,Bolivia (Plurinational State of),1110,Mules and hinnies,2023,83121,I,,,,
59,818,Egypt,1110,Mules and hinnies,2023,3232,I,,,,
28,104,Myanmar,1110,Mules and hinnies,2023,1052,I,,,,
117,410,Republic of Korea,1110,Mules and hinnies,2023,,M,,,,
181,716,Zimbabwe,1110,Mules and hinnies,2023,1239,I,,,,
44,170,Colombia,1110,Mules and hinnies,2023,172863,I,,,,
102,364,Iran (Islamic Republic of),1110,Mules and hinnies,2024,185430,I,,,,
19,68,Bolivia (Plurinational State of),1110,Mules and hinnies,2024,83178,I,,,,
93,332,Haiti,1110,Mules and hinnies,2024,150015,I,,,,
95,340,Honduras,1110,Mules and hinnies,2024,70215,I,,,,
33,124,Canada,1110,Mules and hinnies,2024,4000,I,,,,
35,132,Cabo Verde,1110,Mules and hinnies,2024,1950,I,,,,
52,31,Azerbaijan,1110,Mules and hinnies,2024,40,I,,,,
109,388,Jamaica,1110,Mules and hinnies,2024,10000,I,,,,
223,792,Türkiye,1110,Mules and hinnies,2024,13856,A,,,,
3,8,Albania,1110,Mules and hinnies,2024,,M,,,,
58,218,Ecuador,1110,Mules and hinnies,2024,54076,A,,,,
91,328,Guyana,1110,Mules and hinnies,2024,144,I,,,,
137,480,Mauritius,1110,Mules and hinnies,2024,20,I,,,,
4,12,Algeria,1110,Mules and hinnies,2024,11232,I,,,,
121,422,Lebanon,1110,Mules and hinnies,2024,3997,I,,,,
122,426,Lesotho,1110,Mules and hinnies,2024,1519,I,,,,
14,52,Barbados,1110,Mules and hinnies,2024,2000,I,,,,
41,156,"China, mainland",1110,Mules and hinnies,2024,410000,A,,,,
44,170,Colombia,1110,Mules and hinnies,2024,170116,I,,,,
117,410,Republic of Korea,1110,Mules and hinnies,2024,,M,,,,
185,643,Russian Federation,1110,Mules and hinnies,2024,154,I,,,,
193,678,Sao Tome and Principe,1110,Mules and hinnies,2024,32,I,,,,
138,484,Mexico,1110,Mules and hinnies,2024,3292654,I,,,,
49,192,Cuba,1110,Mules and hinnies,2024,20051,I,,,,
100,356,India,1110,Mules and hinnies,2024,92700,I,,,,
103,368,Iraq,1110,Mules and hinnies,2024,10286,I,,,,
60,222,El Salvador,1110,Mules and hinnies,2024,23816,I,,,,
147,516,Namibia,1110,Mules and hinnies,2024,6799,I,,,,
169,600,Paraguay,1110,Mules and hinnies,2024,10748,I,,,,
189,662,Saint Lucia,1110,Mules and hinnies,2024,1109,I,,,,
236,862,Venezuela (Bolivarian Republic of),1110,Mules and hinnies,2024,72000,I,,,,
9,32,Argentina,1110,Mules and hinnies,2024,44630,A,,,,
56,214,Dominican Republic,1110,Mules and hinnies,2024,147806,I,,,,
220,780,Trinidad and Tobago,1110,Mules and hinnies,2024,2035,I,,,,
48,188,Costa Rica,1110,Mules and hinnies,2024,4933,I,,,,
89,320,Guatemala,1110,Mules and hinnies,2024,37350,I,,,,
105,376,Israel,1110,Mules and hinnies,2024,1600,I,,,,
177,630,Puerto Rico,1110,Mules and hinnies,2024,2622,I,,,,
234,858,Uruguay,1110,Mules and hinnies,2024,4125,I,,,,
73,268,Georgia,1110,Mules and hinnies,2024,90,I,,,,
112,400,Jordan,1110,Mules and hinnies,2024,466,I,,,,
165,586,Pakistan,1110,Mules and hinnies,2024,214000,A,,,,
238,231,Ethiopia,1110,Mules and hinnies,2024,391103,I,,,,
18,64,Bhutan,1110,Mules and hinnies,2024,4561,I,,,,
209,748,Eswatini,1110,Mules and hinnies,2024,114,I,,,,
143,504,Morocco,1110,Mules and hinnies,2024,291023,A,,,,
231,840,United States of America,1110,Mules and hinnies,2024,,M,,,,
2,4,Afghanistan,1110,Mules and hinnies,2024,23784,I,,,,
20,72,Botswana,1110,Mules and hinnies,2024,3275,I,,,,
86,308,Grenada,1110,Mules and hinnies,2024,50,I,,,,
113,417,Kyrgyzstan,1110,Mules and hinnies,2024,500,I,,,,
166,591,Panama,1110,Mules and hinnies,2024,2317,I,,,,
202,710,South Africa,1110,Mules and hinnies,2024,16068,I,,,,
216,764,Thailand,1110,Mules and hinnies,2024,53,I,,,,
276,729,Sudan,1110,Mules and hinnies,2024,642,I,,,,
1,51,Armenia,1110,Mules and hinnies,2024,19,A,,,,
23,84,Belize,1110,Mules and hinnies,2024,4534,I,,,,
59,818,Egypt,1110,Mules and hinnies,2024,3279,I,,,,
170,604,Peru,1110,Mules and hinnies,2024,311479,I,,,,
181,716,Zimbabwe,1110,Mules and hinnies,2024,1240,I,,,,
211,756,Switzerland,1110,Mules and hinnies,2024,758,I,,,,
21,76,Brazil,1110,Mules and hinnies,2024,1155776,I,,,,
124,434,Libya,1110,Mules and hinnies,2024,33119,I,,,,
28,104,Myanmar,1110,Mules and hinnies,2024,1057,I,,,,
40,152,Chile,1110,Mules and hinnies,2024,6701,I,,,,
201,706,Somalia,1110,Mules and hinnies,2024,22548,I,,,,
212,760,Syrian Arab Republic,1110,Mules and hinnies,2024,1915,A,,,,
222,788,Tunisia,1110,Mules and hinnies,2024,82277,I,,,,
